Held_Out_Borough,N_Train,N_Test,RMSE,R2,PSI_Coef
Staten Island,636,114,0.7595144686967407,-2.413098251082309,0.011211863240555139
Queens,563,187,0.37462133149888005,0.4378182213556552,0.05332318194654747
Manhattan,577,173,1.2725590941520735,0.30948645910625827,0.07133961296462607
Brooklyn,714,36,1.204517663824636,-0.12597381717405698,-0.001243401639487269
Bronx,510,240,0.7473875406881835,-0.3246212795010017,-0.03779631341152227
