Model,R²,AIC,PSI_Coefficient,PSI_P_Value,Spatial_Param
OLS,0.5643402135135457,1529.2375649663625,-0.0003837922433957567,0.9880500773745247,
SEM,0.4788913687381335,654.3599897625595,-0.09034232002293036,,0.9465958521811061
SAR,0.8890428737071142,684.5210859839585,-0.06873697776722193,,0.933129404209986
