Variable,VIF
psi_z,1.0874896116019808
median_income_z,1.0068839946527284
pct_bachelors_z,1.003566458379384
pct_renters_z,1.0069051357236996
pct_age_18_34_z,1.0056646805630094
dist_to_cbd_z,1.096652603019155
pop_density_z,1.0069089294861906
