tony_id,show_title,opening_date,ceremony_year,category,nominated,won
1541,Brigadoon (Chicago),2014-06-27,1947,Best Choreography,1,1
1542,Finian's Rainbow,,1947,Best Choreography,1,1
1291,Street Scene,,1947,Best Original Score,1,1
1543,High,2011-04-19,1948,Best Choreography,1,1
333,Mister Roberts,,1948,Best Play,1,1
1061,"Kiss Me, Kate",2019-03-14,1949,Best Book of a Musical,1,1
1544,Lend an Ear,,1949,Best Choreography,1,1
51,"Kiss Me, Kate",2019-03-14,1949,Best Musical,1,1
1292,"Kiss Me, Kate",2019-03-14,1949,Best Original Score,1,1
334,Death of a Salesman †,,1949,Best Play,1,1
1062,South Pacific,2008-04-03,1950,Best Book of a Musical,1,1
1545,Touch and Go,,1950,Best Choreography,1,1
1828,South Pacific,2008-04-03,1950,Best Direction of a Musical,1,1
52,South Pacific,2008-04-03,1950,Best Musical,1,1
1293,South Pacific,2008-04-03,1950,Best Original Score,1,1
335,The Cocktail Party,,1950,Best Play,1,1
1546,guys and dolls,1970-01-01,1951,Best Choreography,1,1
1829,guys and dolls,1970-01-01,1951,Best Direction of a Musical,1,1
53,guys and dolls,1970-01-01,1951,Best Musical,1,1
1294,Call Me Madam,,1951,Best Original Score,1,1
336,The Rose Tattoo,,1951,Best Play,1,1
1547,pal joey,1970-01-01,1952,Best Choreography,1,1
54,The King and I Book &,,1952,Best Musical,1,1
337,The Fourposter,,1952,Best Play,1,1
1548,Wonderful Town,2003-11-23,1953,Best Choreography,1,1
55,Wonderful Town,2003-11-23,1953,Best Musical,1,1
338,The Crucible,,1953,Best Play,1,1
1549,Can-Can,,1954,Best Choreography,1,1
56,Kismet,,1954,Best Musical,1,1
339,The Teahouse of the August Moon †,,1954,Best Play,1,1
1550,The Pajama Game,2006-02-23,1955,Best Choreography,1,1
57,The Pajama Game,2006-02-23,1955,Best Musical,1,1
340,The Desperate Hours,,1955,Best Play,1,1
1551,Damn Yankees,2010-07-08,1956,Best Choreography,1,1
1552,Phoenix,2014-08-07,1956,Best Choreography,1,0
1553,Red Roses for Me,,1956,Best Choreography,1,0
1554,The Vamp,,1956,Best Choreography,1,0
58,Damn Yankees,2010-07-08,1956,Best Musical,1,1
59,Pipe Dream,2012-03-28,1956,Best Musical,1,0
341,The Diary of Anne Frank †,,1956,Best Play,1,1
342,Bus Stop,,1956,Best Play,1,0
343,Cat on a Hot Tin Roof †,,1956,Best Play,1,0
344,The Chalk Garden,,1956,Best Play,1,0
345,Tiger at the Gates,,1956,Best Play,1,0
1555,Li'l Abner,,1957,Best Choreography,1,1
1556,Bells Are Ringing,2001-04-12,1957,Best Choreography,1,0
1557,The Most Happy Fella,2014-04-02,1957,Best Choreography,1,0
1558,My Fair Lady,,1957,Best Choreography,1,0
60,My Fair Lady Book &,,1957,Best Musical,1,1
61,Bells Are Ringing,2001-04-12,1957,Best Musical,1,0
62,Candida,2010-03-08,1957,Best Musical,1,0
63,The Most Happy Fella,2014-04-02,1957,Best Musical,1,0
346,Long Day's Journey into Night †,,1957,Best Play,1,1
347,The Potting Shed,,1957,Best Play,1,0
348,Separate Tables,,1957,Best Play,1,0
349,The Waltz of the Toreadors,,1957,Best Play,1,0
1559,West Side Story,,1958,Best Choreography,1,1
1560,The Music Man,2022-02-10,1958,Best Choreography,1,0
1561,New Girl In Town,2012-07-26,1958,Best Choreography,1,0
1830,My Fair Lady,,1958,Best Direction of a Musical,1,1
64,The Music Man,2022-02-10,1958,Best Musical,1,1
65,Jamaica,,1958,Best Musical,1,0
66,New Girl In Town,2012-07-26,1958,Best Musical,1,0
67,"Oh, Captain!",,1958,Best Musical,1,0
68,West Side Story,,1958,Best Musical,1,0
350,Sunrise at Campobello,,1958,Best Play,1,1
351,The Dark at the Top of the Stairs,,1958,Best Play,1,0
352,Look Back in Anger,2012-02-02,1958,Best Play,1,0
353,"Look Homeward, Angel †",,1958,Best Play,1,0
354,& Juliet,2022-11-17,1958,Best Play,1,0
355,The Rope Dancers,,1958,Best Play,1,0
356,Time Remembered,,1958,Best Play,1,0
357,Two for the Seesaw,,1958,Best Play,1,0
1562,Redhead,,1959,Best Choreography,1,1
1563,Flower Drum Song,2002-10-17,1959,Best Choreography,1,0
1564,Goldilocks,,1959,Best Choreography,1,0
1565,Whoop-Up,,1959,Best Choreography,1,0
69,Redhead,,1959,Best Musical,1,1
70,Flower Drum Song,2002-10-17,1959,Best Musical,1,0
71,La Plume de Ma Tante,,1959,Best Musical,1,0
358,J.B. †,,1959,Best Play,1,1
359,Disenchanted!,2014-12-04,1959,Best Play,1,0
360,Epitaph for George Dillon,,1959,Best Play,1,0
361,A Touch of the Poet,2005-12-08,1959,Best Play,1,0
362,The Visit,,1959,Best Play,1,0
1566,Destry Rides Again,,1960,Best Choreography,1,1
1567,Fiorello!,,1960,Best Choreography,1,0
1568,Greenwillow,,1960,Best Choreography,1,0
1569,Happy Town,,1960,Best Choreography,1,0
1570,Take Me Along,,1960,Best Choreography,1,0
1831,Fiorello!,,1960,Best Direction of a Musical,1,1
1832,Destry Rides Again,,1960,Best Direction of a Musical,1,0
1833,Gypsy,,1960,Best Direction of a Musical,1,0
1834,The Sound of Music,,1960,Best Direction of a Musical,1,0
1835,Take Me Along,,1960,Best Direction of a Musical,1,0
2099,The Miracle Worker,2010-03-03,1960,Best Direction of a Play,1,1
2100,The Best Man,2012-04-01,1960,Best Direction of a Play,1,0
2101,A Raisin in the Sun,,1960,Best Direction of a Play,1,0
2102,Sweet Bird of Youth,2012-09-15,1960,Best Direction of a Play,1,0
2103,The Tenth Man,,1960,Best Direction of a Play,1,0
72,Fiorello!,2013-01-30,1960,Best Musical,1,1
73,The Sound of Music (TIE),,1960,Best Musical,1,1
74,Gypsy,,1960,Best Musical,1,0
75,Once Upon a Mattress,,1960,Best Musical,1,0
76,Take Me Along,,1960,Best Musical,1,0
363,The Miracle Worker,2010-03-03,1960,Best Play,1,1
364,The Best Man,2012-04-01,1960,Best Play,1,0
365,A Raisin in the Sun,,1960,Best Play,1,0
366,The Tenth Man,,1960,Best Play,1,0
367,Toys in the Attic,,1960,Best Play,1,0
1571,Bye Bye Birdie,2009-10-15,1961,Best Choreography,1,1
1572,Irma La Douce,,1961,Best Choreography,1,0
1836,Bye Bye Birdie,2009-10-15,1961,Best Direction of a Musical,1,1
1837,Do Re Mi,,1961,Best Direction of a Musical,1,0
1838,Irma La Douce,,1961,Best Direction of a Musical,1,0
2104,Big Fish,2013-10-06,1961,Best Direction of a Play,1,1
2105,All the Way Home,,1961,Best Direction of a Play,1,0
2106,The Hostage,,1961,Best Direction of a Play,1,0
2107,Rhinoceros,,1961,Best Direction of a Play,1,0
77,Bye Bye Birdie,2009-10-15,1961,Best Musical,1,1
78,Do Re Mi,,1961,Best Musical,1,0
79,Irma La Douce Book &,,1961,Best Musical,1,0
368,Becket,,1961,Best Play,1,1
369,All the Way Home †,,1961,Best Play,1,0
370,The Devil's Advocate,,1961,Best Play,1,0
371,The Hostage,,1961,Best Play,1,0
1063,How to Succeed in Business Without Really Trying,,1962,Best Book of a Musical,1,1
1064,Carnival!,,1962,Best Book of a Musical,1,0
1573,Kwamina (TIE),,1962,Best Choreography,1,1
1574,No Strings (TIE),,1962,Best Choreography,1,1
1575,The Happiest Girl in the World,,1962,Best Choreography,1,0
1576,Subways Are for Sleeping,,1962,Best Choreography,1,0
1839,How to Succeed in Business Without Really Trying,,1962,Best Direction of a Musical,1,1
1840,All American,,1962,Best Direction of a Musical,1,0
1841,Carnival!,,1962,Best Direction of a Musical,1,0
1842,No Strings,,1962,Best Direction of a Musical,1,0
2108,A Man For All Seasons,2008-10-07,1962,Best Direction of a Play,1,1
2109,The Caretaker,,1962,Best Direction of a Play,1,0
2110,Gideon,,1962,Best Direction of a Play,1,0
2111,Great Day in the Morning,,1962,Best Direction of a Play,1,0
80,How to Succeed in Business Without Really Trying,,1962,Best Musical,1,1
81,Carnival!,,1962,Best Musical,1,0
82,Milk and Honey,,1962,Best Musical,1,0
83,No Strings,,1962,Best Musical,1,0
1295,No Strings,,1962,Best Original Score,1,1
1296,How to Succeed in Business Without Really Trying,,1962,Best Original Score,1,0
1297,Kwamina,,1962,Best Original Score,1,0
1298,Milk and Honey,,1962,Best Original Score,1,0
372,A Man For All Seasons,2008-10-07,1962,Best Play,1,1
373,The Caretaker,,1962,Best Play,1,0
374,Gideon,,1962,Best Play,1,0
375,The Night of the Iguana,,1962,Best Play,1,0
1065,A Funny Thing Happened on the Way to the Forum,,1963,Best Book of a Musical,1,1
1066,Little Me,,1963,Best Book of a Musical,1,0
1067,Oliver Parker!,2010-05-17,1963,Best Book of a Musical,1,0
1068,Stop the World – I Want to Get Off,,1963,Best Book of a Musical,1,0
1577,Little Me,,1963,Best Choreography,1,1
1578,Bravo Giovanni,,1963,Best Choreography,1,0
1843,A Funny Thing Happened on the Way to the Forum,,1963,Best Direction of a Musical,1,1
1844,Brigadoon (Chicago),2014-06-27,1963,Best Direction of a Musical,1,0
1845,Little Me,,1963,Best Direction of a Musical,1,0
1846,Oliver Parker!,2010-05-17,1963,Best Direction of a Musical,1,0
2112,Who's Afraid of Virginia Woolf?,,1963,Best Direction of a Play,1,1
2113,Never Too Late,,1963,Best Direction of a Play,1,0
2114,The School for Scandal,,1963,Best Direction of a Play,1,0
2115,Tchin-Tchin,,1963,Best Direction of a Play,1,0
84,A Funny Thing Happened on the Way to the Forum,,1963,Best Musical,1,1
85,Little Me,,1963,Best Musical,1,0
86,"Oliver! Book, Music, &",,1963,Best Musical,1,0
87,"Stop the World – I Want to Get Off Book, Music &",,1963,Best Musical,1,0
1299,Oliver Parker!,2010-05-17,1963,Best Original Score,1,1
1300,Bravo Giovanni,,1963,Best Original Score,1,0
1301,Little Me,,1963,Best Original Score,1,0
1302,Stop the World – I Want to Get Off,,1963,Best Original Score,1,0
376,Who's Afraid of Virginia Woolf?,,1963,Best Play,1,1
377,Mother Courage and Her Children,,1963,Best Play,1,0
378,Tchin-Tchin,,1963,Best Play,1,0
379,A Thousand Clowns,2001-07-11,1963,Best Play,1,0
1069,"Hello, Dolly!",2017-04-20,1964,Best Book of a Musical,1,1
1070,The Girl Who Came to Supper,,1964,Best Book of a Musical,1,0
1071,High,2011-04-19,1964,Best Book of a Musical,1,0
1072,She Loves Me,2016-03-17,1964,Best Book of a Musical,1,0
1579,"Hello, Dolly!",2017-04-20,1964,Best Choreography,1,1
1580,Anyone Can Whistle,2010-04-08,1964,Best Choreography,1,0
1581,Funny Girl,,1964,Best Choreography,1,0
1582,High,2011-04-19,1964,Best Choreography,1,0
1847,"Hello, Dolly!",2017-04-20,1964,Best Direction of a Musical,1,1
1848,110 in the Shade,2007-05-09,1964,Best Direction of a Musical,1,0
1849,High,2011-04-19,1964,Best Direction of a Musical,1,0
1850,She Loves Me,2016-03-17,1964,Best Direction of a Musical,1,0
2116,Barefoot in the Park,2006-02-16,1964,Best Direction of a Play,1,1
2117,The Ballad of the Sad Café,,1964,Best Direction of a Play,1,0
2118,The Deputy,,1964,Best Direction of a Play,1,0
2119,Marathon '33,,1964,Best Direction of a Play,1,0
88,"Hello, Dolly!",2017-04-20,1964,Best Musical,1,1
89,Funny Girl,,1964,Best Musical,1,0
90,High,2011-04-19,1964,Best Musical,1,0
91,She Loves Me,2016-03-17,1964,Best Musical,1,0
1303,"Hello, Dolly!",2017-04-20,1964,Best Original Score,1,1
1304,Funny Girl,,1964,Best Original Score,1,0
1305,High,2011-04-19,1964,Best Original Score,1,0
1306,110 in the Shade,2007-05-09,1964,Best Original Score,1,0
380,Luther,,1964,Best Play,1,1
381,The Ballad of the Sad Cafe,,1964,Best Play,1,0
382,Barefoot in the Park,2006-02-16,1964,Best Play,1,0
383,Dylan,,1964,Best Play,1,0
1073,Fiddler on the Roof,,1965,Best Book of a Musical,1,1
1074,Baker Street,,1965,Best Book of a Musical,1,0
1075,Ben Franklin in Paris,,1965,Best Book of a Musical,1,0
1076,_______ A,2017-09-11,1965,Best Book of a Musical,1,0
1583,Fiddler on the Roof,,1965,Best Choreography,1,1
1584,Bajour,,1965,Best Choreography,1,0
1585,Golden Boy,,1965,Best Choreography,1,0
1586,_______ A,2017-09-11,1965,Best Choreography,1,0
1851,Fiddler on the Roof,,1965,Best Direction of a Musical,1,1
1852,_______ A,2017-09-11,1965,Best Direction of a Musical,1,0
1853,"Oh, What a Lovely War!",,1965,Best Direction of a Musical,1,0
1854,The Roar of the Greasepaint – The Smell of the Crowd,,1965,Best Direction of a Musical,1,0
2120,The Art of Luv (Part 1),2016-01-08,1965,Best Direction of a Play,1,1
2121,The Subject Was Roses,,1965,Best Direction of a Play,1,0
2122,Tartuffe,2003-01-09,1965,Best Direction of a Play,1,0
2123,Tiny Alice,,1965,Best Direction of a Play,1,0
92,Fiddler on the Roof,,1965,Best Musical,1,1
93,Golden Boy,,1965,Best Musical,1,0
94,_______ A,2017-09-11,1965,Best Musical,1,0
95,"Oh, What a Lovely War!",,1965,Best Musical,1,0
1307,Fiddler on the Roof,,1965,Best Original Score,1,1
1308,_______ A,2017-09-11,1965,Best Original Score,1,0
1309,_______ A,2017-09-11,1965,Best Original Score,1,0
1310,The Roar of the Greasepaint – The Smell of the Crowd,,1965,Best Original Score,1,0
384,The Subject Was Roses †,,1965,Best Play,1,1
385,The Art of Luv (Part 1),2016-01-08,1965,Best Play,1,0
386,The Odd Couple,2005-10-27,1965,Best Play,1,0
387,Tiny Alice,,1965,Best Play,1,0
1587,Sweet Charity,,1966,Best Choreography,1,1
1588,Mame,,1966,Best Choreography,1,0
1589,Man of La Mancha,2002-12-05,1966,Best Choreography,1,0
1590,Skyscraper,,1966,Best Choreography,1,0
1855,Man of La Mancha,2002-12-05,1966,Best Direction of a Musical,1,1
1856,Mame,,1966,Best Direction of a Musical,1,0
1857,Skyscraper,,1966,Best Direction of a Musical,1,0
1858,Sweet Charity,,1966,Best Direction of a Musical,1,0
2124,Marat/Sade,,1966,Best Direction of a Play,1,1
2125,The Lion,2015-02-03,1966,Best Direction of a Play,1,0
2126,"Philadelphia, Here I Come!",,1966,Best Direction of a Play,1,0
2127,You Can’t Take It With You,2014-09-28,1966,Best Direction of a Play,1,0
96,Man of La Mancha,2002-12-05,1966,Best Musical,1,1
97,Mame,,1966,Best Musical,1,0
98,Skyscraper,,1966,Best Musical,1,0
99,Sweet Charity,,1966,Best Musical,1,0
1311,Man of La Mancha,2002-12-05,1966,Best Original Score,1,1
1312,Mame,,1966,Best Original Score,1,0
1313,On a Clear Day You Can See Forever,,1966,Best Original Score,1,0
1314,Sweet Charity,,1966,Best Original Score,1,0
388,Marat/Sade,,1966,Best Play,1,1
389,Inadmissible Evidence,,1966,Best Play,1,0
390,"Philadelphia, Here I Come!",,1966,Best Play,1,0
391,The Right Honourable Gentleman,,1966,Best Play,1,0
1591,Cabaret,,1967,Best Choreography,1,1
1592,Annie,2012-11-08,1967,Best Choreography,1,0
1593,The Apple Tree,2006-12-14,1967,Best Choreography,1,0
1594,A Joyful Noise,,1967,Best Choreography,1,0
1595,Walking Happy,,1967,Best Choreography,1,0
1859,Cabaret,,1967,Best Direction of a Musical,1,1
1860,Annie,2012-11-08,1967,Best Direction of a Musical,1,0
1861,The Apple Tree,2006-12-14,1967,Best Direction of a Musical,1,0
1862,I Do! I Do!,,1967,Best Direction of a Musical,1,0
2128,The Homecoming,2007-12-16,1967,Best Direction of a Play,1,1
2129,Black Comedy,,1967,Best Direction of a Play,1,0
2130,A Delicate Balance,,1967,Best Direction of a Play,1,0
2131,Marat/Sade,,1967,Best Direction of a Play,1,0
100,Cabaret,,1967,Best Musical,1,1
101,I Do! I Do! Book &,,1967,Best Musical,1,0
102,The Apple Tree,2006-12-14,1967,Best Musical,1,0
103,Walking Happy,,1967,Best Musical,1,0
1315,Cabaret,,1967,Best Original Score,1,1
1316,The Apple Tree,2006-12-14,1967,Best Original Score,1,0
1317,I Do! I Do!,,1967,Best Original Score,1,0
1318,Walking Happy,,1967,Best Original Score,1,0
392,The Homecoming,2007-12-16,1967,Best Play,1,1
393,Black Comedy,,1967,Best Play,1,0
394,A Delicate Balance †,,1967,Best Play,1,0
395,The Killing of Sister George,,1967,Best Play,1,0
1596,The Happy Time,,1968,Best Choreography,1,1
1597,"Hallelujah, Baby!",,1968,Best Choreography,1,0
1598,"Henry, Sweet Henry",,1968,Best Choreography,1,0
1599,Illya Darling,,1968,Best Choreography,1,0
1863,The Happy Time,,1968,Best Direction of a Musical,1,1
1864,"Hallelujah, Baby!",,1968,Best Direction of a Musical,1,0
1865,"How Now, Dow Jones",,1968,Best Direction of a Musical,1,0
1866,Illya Darling,,1968,Best Direction of a Musical,1,0
2132,Plaza Suite,2022-03-28,1968,Best Direction of a Play,1,1
2133,A Day in the Death of Joe Egg,2003-04-03,1968,Best Direction of a Play,1,0
2134,Rosencrantz and Guildenstern Are Dead,2014-01-28,1968,Best Direction of a Play,1,0
2135,You Know I Can't Hear You When the Water's Running,,1968,Best Direction of a Play,1,0
104,"Hallelujah, Baby!",,1968,Best Musical,1,1
105,The Happy Time,,1968,Best Musical,1,0
106,Illya Darling,,1968,Best Musical,1,0
1319,"Hallelujah, Baby!",,1968,Best Original Score,1,1
1320,The Happy Time,,1968,Best Original Score,1,0
1321,"How Now, Dow Jones",,1968,Best Original Score,1,0
1322,Illya Darling,,1968,Best Original Score,1,0
396,Rosencrantz and Guildenstern Are Dead,2014-01-28,1968,Best Play,1,1
397,A Day in the Death of Joe Egg,2003-04-03,1968,Best Play,1,0
398,Plaza Suite,2022-03-28,1968,Best Play,1,0
399,Arthur Miller's The Price,2017-03-16,1968,Best Play,1,0
1600,George M!,,1969,Best Choreography,1,1
1601,Canterbury Tales,,1969,Best Choreography,1,0
1602,"Promises, Promises",2010-04-25,1969,Best Choreography,1,0
1603,Zorba!,2015-05-06,1969,Best Choreography,1,0
1867,Jaja's African Hair Braiding,1970-01-01,1969,Best Direction of a Musical,1,0
1868,"Promises, Promises",2010-04-25,1969,Best Direction of a Musical,1,0
1869,Zorba!,2015-05-06,1969,Best Direction of a Musical,1,0
2136,Hadrian VII,,1969,Best Direction of a Play,1,1
2137,_______ A,2017-09-11,1969,Best Direction of a Play,1,0
2138,The Man in the Glass Booth,,1969,Best Direction of a Play,1,0
2139,"Play It Again, Sam",,1969,Best Direction of a Play,1,0
107,Jaja's African Hair Braiding,1970-01-01,1969,Best Musical,1,0
108,"Promises, Promises",2010-04-25,1969,Best Musical,1,0
109,Zorba!,2015-05-06,1969,Best Musical,1,0
400,The Great White Hope †,,1969,Best Play,1,1
401,Hadrian VII,,1969,Best Play,1,0
402,Lovers,,1969,Best Play,1,0
403,The Man in the Glass Booth,,1969,Best Play,1,0
1604,Applause,,1970,Best Choreography,1,1
1605,Billy,,1970,Best Choreography,1,0
1606,Coco,,1970,Best Choreography,1,0
1607,Purlie Victorious: A Non-Confederate Romp Through the Cotton Patch,2023-09-27,1970,Best Choreography,1,0
1870,Applause,,1970,Best Direction of a Musical,1,1
1871,Coco,,1970,Best Direction of a Musical,1,0
1872,Purlie Victorious: A Non-Confederate Romp Through the Cotton Patch,2023-09-27,1970,Best Direction of a Musical,1,0
2140,Child's Play,,1970,Best Direction of a Play,1,1
2141,Boy,2016-03-10,1970,Best Direction of a Play,1,0
2142,Butterflies Are Free,,1970,Best Direction of a Play,1,0
2143,Last of the Red Hot Lovers,,1970,Best Direction of a Play,1,0
110,Applause,,1970,Best Musical,1,1
111,Coco Book &,,1970,Best Musical,1,0
112,Purlie Victorious: A Non-Confederate Romp Through the Cotton Patch,2023-09-27,1970,Best Musical,1,0
404,Boy,2016-03-10,1970,Best Play,1,1
405,Child's Play,,1970,Best Play,1,0
406,Indians,,1970,Best Play,1,0
407,The Last of the Red Hot Lovers,,1970,Best Play,1,0
1077,Company,,1971,Best Book of a Musical,1,1
1078,The Me Nobody Knows,,1971,Best Book of a Musical,1,0
1079,The Rothschilds,,1971,Best Book of a Musical,1,0
1608,"No, No, Nanette",,1971,Best Choreography,1,1
1609,Company,,1971,Best Choreography,1,0
1610,The Rothschilds,,1971,Best Choreography,1,0
1873,Company,,1971,Best Direction of a Musical,1,1
1874,The Me Nobody Knows,,1971,Best Direction of a Musical,1,0
1875,"No, No, Nanette",,1971,Best Direction of a Musical,1,0
1876,The Rothschilds,,1971,Best Direction of a Musical,1,0
2144,A Midsummer Night's Dream,,1971,Best Direction of a Play,1,1
2145,Home,,1971,Best Direction of a Play,1,0
2146,The School for Lies,2011-05-01,1971,Best Direction of a Play,1,0
2147,Sleuth,,1971,Best Direction of a Play,1,0
113,Company,,1971,Best Musical,1,1
114,The Me Nobody Knows,,1971,Best Musical,1,0
115,The Rothschilds,,1971,Best Musical,1,0
1323,Company,,1971,Best Original Score,1,1
1324,The Me Nobody Knows,,1971,Best Original Score,1,0
1325,The Rothschilds,,1971,Best Original Score,1,0
408,Sleuth,,1971,Best Play,1,1
409,Home,,1971,Best Play,1,0
410,the philanthropist,1970-01-01,1971,Best Play,1,0
411,Story Theatre,,1971,Best Play,1,0
1080,Two Gentlemen of Verona,2015-04-24,1972,Best Book of a Musical,1,1
1081,_______ A,2017-09-11,1972,Best Book of a Musical,1,0
1082,Follies,,1972,Best Book of a Musical,1,0
1083,Grease,2007-08-19,1972,Best Book of a Musical,1,0
1611,Follies,,1972,Best Choreography,1,1
1612,Grease,2007-08-19,1972,Best Choreography,1,0
1613,Two Gentlemen of Verona,2015-04-24,1972,Best Choreography,1,0
1877,Follies,,1972,Best Direction of a Musical,1,1
1878,_______ A,2017-09-11,1972,Best Direction of a Musical,1,0
1879,A Funny Thing Happened on the Way to the Forum,,1972,Best Direction of a Musical,1,0
1880,Two Gentlemen of Verona,2015-04-24,1972,Best Direction of a Musical,1,0
2148,Avenue Q,2009-10-21,1972,Best Direction of a Play,1,1
2149,Old Times,2015-10-06,1972,Best Direction of a Play,1,0
2150,Sticks and Bones,2014-11-06,1972,Best Direction of a Play,1,0
2151,Nine,2003-04-10,1972,Best Direction of a Play,1,0
116,Two Gentlemen of Verona,2015-04-24,1972,Best Musical,1,1
117,_______ A,2017-09-11,1972,Best Musical,1,0
118,Follies,,1972,Best Musical,1,0
119,Grease,2007-08-19,1972,Best Musical,1,0
1326,Follies,,1972,Best Original Score,1,1
1327,_______ A,2017-09-11,1972,Best Original Score,1,0
1328,Jesus Christ Superstar,,1972,Best Original Score,1,0
1329,Two Gentlemen of Verona,2015-04-24,1972,Best Original Score,1,0
412,Sticks and Bones,2014-11-06,1972,Best Play,1,1
413,Old Times,2015-10-06,1972,Best Play,1,0
414,Avenue Q,2009-10-21,1972,Best Play,1,0
415,Vivat! Vivat Regina!,,1972,Best Play,1,0
1084,A Little Night Music,2009-12-13,1973,Best Book of a Musical,1,1
1085,"Don't Bother Me, I Can't Cope",,1973,Best Book of a Musical,1,0
1086,Us,2012-09-05,1973,Best Book of a Musical,1,0
1087,Pippin,,1973,Best Book of a Musical,1,0
1614,Pippin,,1973,Best Choreography,1,1
1615,Irene,,1973,Best Choreography,1,0
1616,Much Ado About Nothing,2014-06-16,1973,Best Choreography,1,0
1617,Sugar,,1973,Best Choreography,1,0
1881,Pippin,,1973,Best Direction of a Musical,1,1
1882,"Don't Bother Me, I Can't Cope",,1973,Best Direction of a Musical,1,0
1883,A Little Night Music,2009-12-13,1973,Best Direction of a Musical,1,0
1884,Sugar,,1973,Best Direction of a Musical,1,0
2152,That Championship Season,2011-03-06,1973,Best Direction of a Play,1,1
2153,The Changing Room,,1973,Best Direction of a Play,1,0
2154,Much Ado About Nothing,2014-06-16,1973,Best Direction of a Play,1,0
2155,The Sunshine Boys,,1973,Best Direction of a Play,1,0
120,A Little Night Music,2009-12-13,1973,Best Musical,1,1
121,"Don't Bother Me, I Can't Cope Book, Music, &",,1973,Best Musical,1,0
122,Pippin,,1973,Best Musical,1,0
123,Sugar,,1973,Best Musical,1,0
1330,A Little Night Music,2009-12-13,1973,Best Original Score,1,1
1331,"Don't Bother Me, I Can't Cope",,1973,Best Original Score,1,0
1332,Much Ado About Nothing,2014-06-16,1973,Best Original Score,1,0
1333,Pippin,,1973,Best Original Score,1,0
416,That Championship Season,2011-03-06,1973,Best Play,1,1
417,Butley,2006-10-25,1973,Best Play,1,0
418,The Changing Room,,1973,Best Play,1,0
419,The Sunshine Boys,,1973,Best Play,1,0
1088,Candida,2010-03-08,1974,Best Book of a Musical,1,1
1089,Raisin,,1974,Best Book of a Musical,1,0
1090,Seesaw,,1974,Best Book of a Musical,1,0
1618,Seesaw,,1974,Best Choreography,1,1
1619,Over Here!,,1974,Best Choreography,1,0
1620,Raisin,,1974,Best Choreography,1,0
1885,Candida,2010-03-08,1974,Best Direction of a Musical,1,1
1886,Over Here!,,1974,Best Direction of a Musical,1,0
1887,Raisin,,1974,Best Direction of a Musical,1,0
1888,Seesaw,,1974,Best Direction of a Musical,1,0
2156,A Moon for the Misbegotten,,1974,Best Direction of a Play,1,1
2157,Chemin de Fer,,1974,Best Direction of a Play,1,0
2158,Find Your Way Home,,1974,Best Direction of a Play,1,0
2159,Ulysses in Nighttown,,1974,Best Direction of a Play,1,0
2160,Uncle Vanya,,1974,Best Direction of a Play,1,0
124,Raisin,,1974,Best Musical,1,1
125,Over Here!,,1974,Best Musical,1,0
126,Seesaw,,1974,Best Musical,1,0
1334,Gigi,,1974,Best Original Score,1,1
1335,The Good Doctor,,1974,Best Original Score,1,0
1336,Raisin,,1974,Best Original Score,1,0
1337,Seesaw,,1974,Best Original Score,1,0
420,The River,2014-11-16,1974,Best Play,1,1
421,The Au Pair Man,,1974,Best Play,1,0
422,In the Boom Boom Room,,1974,Best Play,1,0
423,Ulysses in Nighttown,,1974,Best Play,1,0
1091,Shenandoah,,1975,Best Book of a Musical,1,1
1092,Lieutenant of Inishmore,2006-05-03,1975,Best Book of a Musical,1,0
1093,Mack and Mabel,,1975,Best Book of a Musical,1,0
1094,The Wiz,2024-04-17,1975,Best Book of a Musical,1,0
1621,The Wiz,2024-04-17,1975,Best Choreography,1,1
1622,Dance with Me,,1975,Best Choreography,1,0
1623,Doctor Jazz,,1975,Best Choreography,1,0
1624,Mack and Mabel,,1975,Best Choreography,1,0
1625,Shenandoah,,1975,Best Choreography,1,0
1626,Where's Charley?,2011-03-17,1975,Best Choreography,1,0
1889,The Wiz,2024-04-17,1975,Best Direction of a Musical,1,1
1890,Gypsy,,1975,Best Direction of a Musical,1,0
1891,Mack & Mabel,,1975,Best Direction of a Musical,1,0
1892,The Magic Show,,1975,Best Direction of a Musical,1,0
2161,Equus,2010-03-12,1975,Best Direction of a Play,1,1
2162,London Assurance,,1975,Best Direction of a Play,1,0
2163,The National Health,,1975,Best Direction of a Play,1,0
2164,"Same Time, Next Year",,1975,Best Direction of a Play,1,0
2165,Scapino,,1975,Best Direction of a Play,1,0
2166,Sizwe Banzi Is Dead and The Island,,1975,Best Direction of a Play,1,0
127,The Wiz,2024-04-17,1975,Best Musical,1,1
128,Mack and Mabel,,1975,Best Musical,1,0
129,"The Lieutenant Book, Music &",,1975,Best Musical,1,0
130,Shenandoah,,1975,Best Musical,1,0
1338,The Wiz,2024-04-17,1975,Best Original Score,1,1
1339,A Letter for Queen Victoria,,1975,Best Original Score,1,0
1340,Lieutenant of Inishmore,2006-05-03,1975,Best Original Score,1,0
1341,Shenandoah,,1975,Best Original Score,1,0
424,Equus,2010-03-12,1975,Best Play,1,1
425,The National Health,,1975,Best Play,1,0
426,"Same Time, Next Year",,1975,Best Play,1,0
427,Seascape,2005-11-21,1975,Best Play,1,0
428,Short Eyes,,1975,Best Play,1,0
429,Sizwe Banzi Is Dead / The Island,,1975,Best Play,1,0
1095,a chorus line,1970-01-01,1976,Best Book of a Musical,1,1
1096,Chicago,,1976,Best Book of a Musical,1,0
1097,Pacific Overtures,,1976,Best Book of a Musical,1,0
1098,The Robber Bridegroom,2016-03-13,1976,Best Book of a Musical,1,0
1627,a chorus line,1970-01-01,1976,Best Choreography,1,1
1628,Bubbling Brown Sugar,,1976,Best Choreography,1,0
1629,Chicago,,1976,Best Choreography,1,0
1630,Pacific Overtures,,1976,Best Choreography,1,0
1893,a chorus line,1970-01-01,1976,Best Direction of a Musical,1,1
1894,Chicago,,1976,Best Direction of a Musical,1,0
1895,Pacific Overtures,,1976,Best Direction of a Musical,1,0
1896,Very Good Eddie,,1976,Best Direction of a Musical,1,0
2167,The Royal Family,2009-10-08,1976,Best Direction of a Play,1,1
2168,"Ah, Wilderness!",,1976,Best Direction of a Play,1,0
2169,Knock Me A Kiss,2010-11-21,1976,Best Direction of a Play,1,0
2170,Travesties,2018-04-24,1976,Best Direction of a Play,1,0
131,a chorus line,1970-01-01,1976,Best Musical,1,1
132,Bubbling Brown Sugar,,1976,Best Musical,1,0
133,Chicago,,1976,Best Musical,1,0
134,Pacific Overtures,,1976,Best Musical,1,0
1342,a chorus line,1970-01-01,1976,Best Original Score,1,1
1343,Chicago,,1976,Best Original Score,1,0
1344,Pacific Overtures,,1976,Best Original Score,1,0
1345,Treemonisha,,1976,Best Original Score,1,0
430,Travesties,2018-04-24,1976,Best Play,1,1
431,The First Breeze of Summer,2008-08-22,1976,Best Play,1,0
432,Knock Me A Kiss,2010-11-21,1976,Best Play,1,0
433,Lamppost Reunion,,1976,Best Play,1,0
1099,Annie,2012-11-08,1977,Best Book of a Musical,1,1
1100,A Happy End,2015-02-27,1977,Best Book of a Musical,1,0
1101,I Love My Wife,,1977,Best Book of a Musical,1,0
1102,Your Arms Too Short to Box with God,,1977,Best Book of a Musical,1,0
1631,Annie,2012-11-08,1977,Best Choreography,1,1
1632,I Love My Wife,,1977,Best Choreography,1,0
1633,Music Is,,1977,Best Choreography,1,0
1634,Your Arms Too Short to Box with God,,1977,Best Choreography,1,0
1897,I Love My Wife,,1977,Best Direction of a Musical,1,1
1898,Annie,2012-11-08,1977,Best Direction of a Musical,1,0
1899,Porgy and Bess,,1977,Best Direction of a Musical,1,0
1900,Your Arms Too Short to Box with God,,1977,Best Direction of a Musical,1,0
2171,The Shadow Box,,1977,Best Direction of a Play,1,1
2172,American Buffalo,,1977,Best Direction of a Play,1,0
2173,Comedians,,1977,Best Direction of a Play,1,0
135,Annie,2012-11-08,1977,Best Musical,1,1
136,A Happy End,2015-02-27,1977,Best Musical,1,0
137,I Love My Wife Book &,,1977,Best Musical,1,0
138,Side by Side by Sondheim Music &,,1977,Best Musical,1,0
1346,Annie,2012-11-08,1977,Best Original Score,1,1
1347,Godspell,2011-11-07,1977,Best Original Score,1,0
1348,A Happy End,2015-02-27,1977,Best Original Score,1,0
1349,I Love My Wife,,1977,Best Original Score,1,0
434,The Shadow Box,,1977,Best Play,1,1
435,for colored girls who have considered suicide / when the rainbow is enuf,2022-04-20,1977,Best Play,1,0
436,Otherwise Engaged,,1977,Best Play,1,0
437,streamers,2008-11-12,1977,Best Play,1,0
998,Porgy and Bess,,1977,Best Revival,1,1
999,guys and dolls,1970-01-01,1977,Best Revival,1,0
1000,The Cherry Orchard,,1977,Best Revival,1,0
1001,The Threepenny Opera,,1977,Best Revival,1,0
637,Porgy and Bess,,1977,Best Revival of a Musical,1,1
638,The Cherry Orchard,,1977,Best Revival of a Musical,1,0
639,guys and dolls,1970-01-01,1977,Best Revival of a Musical,1,0
640,The Threepenny Opera,,1977,Best Revival of a Musical,1,0
805,Porgy and Bess,,1977,Best Revival of a Play,1,1
806,The Cherry Orchard,,1977,Best Revival of a Play,1,0
807,guys and dolls,1970-01-01,1977,Best Revival of a Play,1,0
808,The Threepenny Opera,,1977,Best Revival of a Play,1,0
1103,On the Twentieth Century,,1978,Best Book of a Musical,1,1
1104,A History of the American Film,,1978,Best Book of a Musical,1,0
1105,Runaways,2016-07-06,1978,Best Book of a Musical,1,0
1106,Working,,1978,Best Book of a Musical,1,0
1635,Dancin',,1978,Best Choreography,1,1
1636,The Act,,1978,Best Choreography,1,0
1637,Ain't Misbehavin',,1978,Best Choreography,1,0
1638,Runaways,2016-07-06,1978,Best Choreography,1,0
1901,Ain't Misbehavin',,1978,Best Direction of a Musical,1,1
1902,Dancin',,1978,Best Direction of a Musical,1,0
1903,On the Twentieth Century,,1978,Best Direction of a Musical,1,0
1904,Runaways,2016-07-06,1978,Best Direction of a Musical,1,0
2174,Da,2015-01-14,1978,Best Direction of a Play,1,1
2175,Deathtrap,,1978,Best Direction of a Play,1,0
2176,Dracula,,1978,Best Direction of a Play,1,0
2177,The Gin Game,2015-10-14,1978,Best Direction of a Play,1,0
139,Ain't Misbehavin',,1978,Best Musical,1,1
140,Dancin' Directed &,,1978,Best Musical,1,0
141,On the Twentieth Century Book &,,1978,Best Musical,1,0
142,Runaways,2016-07-06,1978,Best Musical,1,0
1350,On the Twentieth Century,,1978,Best Original Score,1,1
1351,The Act,,1978,Best Original Score,1,0
1352,Runaways,2016-07-06,1978,Best Original Score,1,0
1353,Working,,1978,Best Original Score,1,0
438,Da,2015-01-14,1978,Best Play,1,1
439,Chapter Two,,1978,Best Play,1,0
440,Deathtrap,,1978,Best Play,1,0
441,The Gin Game,2015-10-14,1978,Best Play,1,0
1002,Dracula,,1978,Best Revival,1,1
1003,Tartuffe,2003-01-09,1978,Best Revival,1,0
1004,Timbuktu!,,1978,Best Revival,1,0
1005,A Touch of the Poet,2005-12-08,1978,Best Revival,1,0
641,Dracula,,1978,Best Revival of a Musical,1,1
642,Tartuffe,2003-01-09,1978,Best Revival of a Musical,1,0
643,Timbuktu!,,1978,Best Revival of a Musical,1,0
644,A Touch of the Poet,2005-12-08,1978,Best Revival of a Musical,1,0
809,Dracula,,1978,Best Revival of a Play,1,1
810,Tartuffe,2003-01-09,1978,Best Revival of a Play,1,0
811,Timbuktu!,,1978,Best Revival of a Play,1,0
812,A Touch of the Poet,2005-12-08,1978,Best Revival of a Play,1,0
1107,Sweeney Todd: The Demon Barber of Fleet Street,,1979,Best Book of a Musical,1,1
1108,Ballroom,,1979,Best Book of a Musical,1,0
1109,The Best Little Whorehouse in Texas,,1979,Best Book of a Musical,1,0
1110,They're Playing Our Song,,1979,Best Book of a Musical,1,0
1639,Ballroom,,1979,Best Choreography,1,1
1640,The Best Little Whorehouse in Texas,,1979,Best Choreography,1,0
1641,Eubie!,,1979,Best Choreography,1,0
1642,Whoopee!,,1979,Best Choreography,1,0
1905,Sweeney Todd: The Demon Barber of Fleet Street,,1979,Best Direction of a Musical,1,1
1906,Ballroom,,1979,Best Direction of a Musical,1,0
1907,The Best Little Whorehouse in Texas,,1979,Best Direction of a Musical,1,0
1908,They're Playing Our Song,,1979,Best Direction of a Musical,1,0
2178,The Elephant Man,,1979,Best Direction of a Play,1,1
2179,Bedroom Farce,,1979,Best Direction of a Play,1,0
2180,The Crucifer of Blood,,1979,Best Direction of a Play,1,0
2181,A Life,2016-10-24,1979,Best Direction of a Play,1,0
143,Sweeney Todd: The Demon Barber of Fleet Street,,1979,Best Musical,1,1
144,Ballroom,,1979,Best Musical,1,0
145,The Best Little Whorehouse in Texas,,1979,Best Musical,1,0
146,They're Playing Our Song,,1979,Best Musical,1,0
1354,Sweeney Todd: The Demon Barber of Fleet Street,,1979,Best Original Score,1,1
1355,Carmelina,,1979,Best Original Score,1,0
1356,Eubie!,,1979,Best Original Score,1,0
1357,The Grand Tour,,1979,Best Original Score,1,0
442,The Elephant Man,,1979,Best Play,1,1
443,Bedroom Farce,,1979,Best Play,1,0
444,A Life,2016-10-24,1979,Best Play,1,0
445,Wings,,1979,Best Play,1,0
1111,Evita,2012-04-05,1980,Best Book of a Musical,1,1
1112,Barnum,,1980,Best Book of a Musical,1,0
1113,_______ A,2017-09-11,1980,Best Book of a Musical,1,0
1114,Sugar Babies,,1980,Best Book of a Musical,1,0
1643,_______ A,2017-09-11,1980,Best Choreography,1,1
1644,Barnum,,1980,Best Choreography,1,0
1645,Evita,2012-04-05,1980,Best Choreography,1,0
1646,Sugar Babies,,1980,Best Choreography,1,0
1909,Evita,2012-04-05,1980,Best Direction of a Musical,1,1
1910,Barnum,,1980,Best Direction of a Musical,1,0
1911,_______ A,2017-09-11,1980,Best Direction of a Musical,1,0
1912,Sugar Babies,,1980,Best Direction of a Musical,1,0
2182,Morning's at Seven,2002-04-21,1980,Best Direction of a Play,1,1
2183,Betrayal,,1980,Best Direction of a Play,1,0
2184,Children of a Lesser God,,1980,Best Direction of a Play,1,0
2185,Talley's Folly,,1980,Best Direction of a Play,1,0
147,Evita,2012-04-05,1980,Best Musical,1,1
148,_______ A,2017-09-11,1980,Best Musical,1,0
149,Barnum,,1980,Best Musical,1,0
150,Sugar Babies,,1980,Best Musical,1,0
1358,Evita,2012-04-05,1980,Best Original Score,1,1
1359,_______ A,2017-09-11,1980,Best Original Score,1,0
1360,Barnum,,1980,Best Original Score,1,0
1361,Sugar Babies,,1980,Best Original Score,1,0
446,Children of a Lesser God,,1980,Best Play,1,1
447,The Total Bent,2016-05-25,1980,Best Play,1,0
448,Home,,1980,Best Play,1,0
449,Talley's Folly †,,1980,Best Play,1,0
1006,Morning's at Seven,2002-04-21,1980,Best Revival,1,1
1007,Major Barbara,,1980,Best Revival,1,0
1008,Peter Pan,,1980,Best Revival,1,0
1009,West Side Story,,1980,Best Revival,1,0
645,Morning's at Seven,2002-04-21,1980,Best Revival of a Musical,1,1
646,Major Barbara,,1980,Best Revival of a Musical,1,0
647,Peter Pan,,1980,Best Revival of a Musical,1,0
648,West Side Story,,1980,Best Revival of a Musical,1,0
813,Morning's at Seven,2002-04-21,1980,Best Revival of a Play,1,1
814,Major Barbara,,1980,Best Revival of a Play,1,0
815,Peter Pan,,1980,Best Revival of a Play,1,0
816,West Side Story,,1980,Best Revival of a Play,1,0
1115,Woman of the Year,,1981,Best Book of a Musical,1,1
1116,42nd Street,2001-04-30,1981,Best Book of a Musical,1,0
1117,Tintypes,,1981,Best Book of a Musical,1,0
1118,The Moony Shapiro Songbook,,1981,Best Book of a Musical,1,0
1647,42nd Street,2001-04-30,1981,Best Choreography,1,1
1648,Can-Can,,1981,Best Choreography,1,0
1649,The Pirates of Penzance,,1981,Best Choreography,1,0
1650,Sophisticated Ladies,,1981,Best Choreography,1,0
1913,The Pirates of Penzance,,1981,Best Direction of a Musical,1,1
1914,42nd Street,2001-04-30,1981,Best Direction of a Musical,1,0
1915,Sophisticated Ladies,,1981,Best Direction of a Musical,1,0
1916,Woman of the Year,,1981,Best Direction of a Musical,1,0
2186,Amadeus,,1981,Best Direction of a Play,1,1
2187,Fifth of July,,1981,Best Direction of a Play,1,0
2188,A Life,,1981,Best Direction of a Play,1,0
2189,The Little Foxes,,1981,Best Direction of a Play,1,0
151,42nd Street,2001-04-30,1981,Best Musical,1,1
152,Sophisticated Ladies,,1981,Best Musical,1,0
153,Tintypes,,1981,Best Musical,1,0
154,Woman of the Year,,1981,Best Musical,1,0
1362,Woman of the Year,,1981,Best Original Score,1,1
1363,Charlie and Algernon,,1981,Best Original Score,1,0
1364,Copperfield,,1981,Best Original Score,1,0
1365,Cabaret,2014-04-24,1981,Best Original Score,1,0
450,Amadeus,,1981,Best Play,1,1
451,Fifth of July,,1981,Best Play,1,0
452,A Lesson from Aloes,,1981,Best Play,1,0
453,A Life,,1981,Best Play,1,0
1010,The Pirates of Penzance,,1981,Best Revival,1,1
1011,Brigadoon (Chicago),2014-06-27,1981,Best Revival,1,0
1012,Camelot,,1981,Best Revival,1,0
1013,The Little Foxes,,1981,Best Revival,1,0
649,The Pirates of Penzance,,1981,Best Revival of a Musical,1,1
650,Brigadoon (Chicago),2014-06-27,1981,Best Revival of a Musical,1,0
651,Camelot,,1981,Best Revival of a Musical,1,0
652,The Little Foxes,,1981,Best Revival of a Musical,1,0
817,The Pirates of Penzance,,1981,Best Revival of a Play,1,1
818,Brigadoon (Chicago),2014-06-27,1981,Best Revival of a Play,1,0
819,Camelot,,1981,Best Revival of a Play,1,0
820,The Little Foxes,,1981,Best Revival of a Play,1,0
1119,Dreamgirls,,1982,Best Book of a Musical,1,1
1120,The First,,1982,Best Book of a Musical,1,0
1121,Nine,,1982,Best Book of a Musical,1,0
1122,Joseph and the Amazing Technicolor Dreamcoat,,1982,Best Book of a Musical,1,0
1651,Dreamgirls,,1982,Best Choreography,1,1
1652,Joseph and the Amazing Technicolor Dreamcoat,,1982,Best Choreography,1,0
1653,Little Me,,1982,Best Choreography,1,0
1654,Nine,,1982,Best Choreography,1,0
1917,Nine,,1982,Best Direction of a Musical,1,1
1918,Dreamgirls,,1982,Best Direction of a Musical,1,0
1919,The First,,1982,Best Direction of a Musical,1,0
1920,Joseph and the Amazing Technicolor Dreamcoat,,1982,Best Direction of a Musical,1,0
2190,A Life,2016-10-24,1982,Best Direction of a Play,1,1
2191,Crimes of the Heart,,1982,Best Direction of a Play,1,0
2192,Mass Appeal,,1982,Best Direction of a Play,1,0
2193,"""Master Harold""...and the Boys",,1982,Best Direction of a Play,1,0
155,Nine,,1982,Best Musical,1,1
156,Dreamgirls,2009-11-22,1982,Best Musical,1,0
157,Joseph and the Amazing Technicolor Dreamcoat Book &,,1982,Best Musical,1,0
158,Pump Boys and Dinettes,2014-07-16,1982,Best Musical,1,0
1366,Nine,,1982,Best Original Score,1,1
1367,Dreamgirls,,1982,Best Original Score,1,0
1368,Joseph and the Amazing Technicolor Dreamcoat,,1982,Best Original Score,1,0
1369,Merrily We Roll Along,,1982,Best Original Score,1,0
454,A Life,2016-10-24,1982,Best Play,1,1
455,Crimes of the Heart †,,1982,Best Play,1,0
456,The Dresser,,1982,Best Play,1,0
457,"""Master Harold""...and the Boys",,1982,Best Play,1,0
1014,Othello,,1982,Best Revival,1,1
1015,Medea,,1982,Best Revival,1,0
1016,My Fair Lady,,1982,Best Revival,1,0
1017,A Taste of Honey,,1982,Best Revival,1,0
653,Othello,,1982,Best Revival of a Musical,1,1
654,Medea,,1982,Best Revival of a Musical,1,0
655,My Fair Lady,,1982,Best Revival of a Musical,1,0
656,A Taste of Honey,,1982,Best Revival of a Musical,1,0
821,Othello,,1982,Best Revival of a Play,1,1
822,Medea,,1982,Best Revival of a Play,1,0
823,My Fair Lady,,1982,Best Revival of a Play,1,0
824,A Taste of Honey,,1982,Best Revival of a Play,1,0
1123,Cats,,1983,Best Book of a Musical,1,1
1124,A Life,2016-10-24,1983,Best Book of a Musical,1,0
1125,Merlin,,1983,Best Book of a Musical,1,0
1126,My One and Only,,1983,Best Book of a Musical,1,0
1655,My One and Only,,1983,Best Choreography,1,1
1656,Cats,,1983,Best Choreography,1,0
1657,On Your Toes,2013-05-08,1983,Best Choreography,1,0
1658,Porgy and Bess,,1983,Best Choreography,1,0
1921,Cats,,1983,Best Direction of a Musical,1,1
1922,Merlin,,1983,Best Direction of a Musical,1,0
1923,My One and Only,,1983,Best Direction of a Musical,1,0
1924,Show Boat,2014-11-05,1983,Best Direction of a Musical,1,0
2194,Brighton Beach Memoirs,2009-10-25,1983,Best Direction of a Play,1,1
2195,All's Well That Ends Well,2011-06-11,1983,Best Direction of a Play,1,0
2196,Fallen Angels,2026-04-19,1983,Best Direction of a Play,1,0
2197,'Night Mother,2004-11-14,1983,Best Direction of a Play,1,0
159,Cats,,1983,Best Musical,1,1
160,Blues in the Night,,1983,Best Musical,1,0
161,Merlin,,1983,Best Musical,1,0
162,My One and Only,,1983,Best Musical,1,0
1370,Cats,,1983,Best Original Score,1,1
1371,A Life,2016-10-24,1983,Best Original Score,1,0
1372,Merlin,,1983,Best Original Score,1,0
1373,Seven Brides for Seven Brothers,,1983,Best Original Score,1,0
458,Torch Song Trilogy,,1983,Best Play,1,1
459,Fallen Angels,2026-04-19,1983,Best Play,1,0
460,'Night Mother,2004-11-14,1983,Best Play,1,0
461,Plenty,2016-10-23,1983,Best Play,1,0
1018,On Your Toes,2013-05-08,1983,Best Revival,1,1
1019,All's Well That Ends Well,2011-06-11,1983,Best Revival,1,0
1020,The Caine Mutiny Court-Martial,2006-05-07,1983,Best Revival,1,0
1021,A View from the Bridge,,1983,Best Revival,1,0
657,On Your Toes,2013-05-08,1983,Best Revival of a Musical,1,1
658,All's Well That Ends Well,2011-06-11,1983,Best Revival of a Musical,1,0
659,The Caine Mutiny Court-Martial,2006-05-07,1983,Best Revival of a Musical,1,0
660,A View from the Bridge,,1983,Best Revival of a Musical,1,0
825,On Your Toes,2013-05-08,1983,Best Revival of a Play,1,1
826,All's Well That Ends Well,2011-06-11,1983,Best Revival of a Play,1,0
827,The Caine Mutiny Court-Martial,2006-05-07,1983,Best Revival of a Play,1,0
828,A View from the Bridge,,1983,Best Revival of a Play,1,0
1127,La Cage aux Folles,,1984,Best Book of a Musical,1,1
1128,Baby,,1984,Best Book of a Musical,1,0
1129,Sunday in the Park with George,,1984,Best Book of a Musical,1,0
1130,The Kid,2010-05-10,1984,Best Book of a Musical,1,0
1659,The Kid,2010-05-10,1984,Best Choreography,1,1
1660,Baby,,1984,Best Choreography,1,0
1661,La Cage aux Folles,,1984,Best Choreography,1,0
1662,Ink,2019-04-24,1984,Best Choreography,1,0
1925,La Cage aux Folles,,1984,Best Direction of a Musical,1,1
1926,Baby,,1984,Best Direction of a Musical,1,0
1927,Sunday in the Park with George,,1984,Best Direction of a Musical,1,0
1928,The Kid,2010-05-10,1984,Best Direction of a Musical,1,0
2198,The Real Thing,2014-10-30,1984,Best Direction of a Play,1,1
2199,Glengarry Glen Ross,,1984,Best Direction of a Play,1,0
2200,A Moon for the Misbegotten,,1984,Best Direction of a Play,1,0
2201,Noises Off,,1984,Best Direction of a Play,1,0
163,La Cage aux Folles,,1984,Best Musical,1,1
164,Baby,,1984,Best Musical,1,0
165,Sunday in the Park with George,,1984,Best Musical,1,0
166,The Kid,2010-05-10,1984,Best Musical,1,0
1374,La Cage aux Folles,,1984,Best Original Score,1,1
1375,Baby,,1984,Best Original Score,1,0
1376,Ink,2019-04-24,1984,Best Original Score,1,0
1377,Sunday in the Park with George,,1984,Best Original Score,1,0
462,The Real Thing,2014-10-30,1984,Best Play,1,1
463,Glengarry Glen Ross †,,1984,Best Play,1,0
464,Noises Off,,1984,Best Play,1,0
465,Play Memory,,1984,Best Play,1,0
1022,Death of a Salesman,,1984,Best Revival,1,1
1023,American Buffalo,,1984,Best Revival,1,0
1024,Heartbreak House,,1984,Best Revival,1,0
1025,A Moon for the Misbegotten,,1984,Best Revival,1,0
661,Death of a Salesman,,1984,Best Revival of a Musical,1,1
662,American Buffalo,,1984,Best Revival of a Musical,1,0
663,Heartbreak House,,1984,Best Revival of a Musical,1,0
664,A Moon for the Misbegotten,,1984,Best Revival of a Musical,1,0
829,Death of a Salesman,,1984,Best Revival of a Play,1,1
830,American Buffalo,,1984,Best Revival of a Play,1,0
831,Heartbreak House,,1984,Best Revival of a Play,1,0
832,A Moon for the Misbegotten,,1984,Best Revival of a Play,1,0
1131,Big River,,1985,Best Book of a Musical,1,1
1132,Grind,,1985,Best Book of a Musical,1,0
1133,Harrigan 'N Hart,,1985,Best Book of a Musical,1,0
1134,Quilters,,1985,Best Book of a Musical,1,0
1929,Big River,,1985,Best Direction of a Musical,1,1
1930,Grind,,1985,Best Direction of a Musical,1,0
1931,The King and I,2015-04-16,1985,Best Direction of a Musical,1,0
1932,Quilters,,1985,Best Direction of a Musical,1,0
2202,Biloxi Blues,,1985,Best Direction of a Play,1,1
2203,As It Is in Heaven,2011-05-20,1985,Best Direction of a Play,1,0
2204,Much Ado About Nothing,2014-06-16,1985,Best Direction of a Play,1,0
2205,Strange Interlude,,1985,Best Direction of a Play,1,0
167,Big River,,1985,Best Musical,1,1
168,Grind,,1985,Best Musical,1,0
169,Leader of the Pack,,1985,Best Musical,1,0
170,Quilters,,1985,Best Musical,1,0
1378,Big River,,1985,Best Original Score,1,1
1379,Grind,,1985,Best Original Score,1,0
1380,Quilters,,1985,Best Original Score,1,0
466,Biloxi Blues,,1985,Best Play,1,1
467,As It Is in Heaven,2011-05-20,1985,Best Play,1,0
468,Hurlyburly,,1985,Best Play,1,0
469,Ma Rainey's Black Bottom,2003-02-06,1985,Best Play,1,0
1026,A Day in the Death of Joe Egg,2003-04-03,1985,Best Revival,1,1
1027,Cyrano de Bergerac,,1985,Best Revival,1,0
1028,Much Ado About Nothing,2014-06-16,1985,Best Revival,1,0
1029,Strange Interlude,,1985,Best Revival,1,0
665,A Day in the Death of Joe Egg,2003-04-03,1985,Best Revival of a Musical,1,1
666,Cyrano de Bergerac,,1985,Best Revival of a Musical,1,0
667,Strange Interlude,,1985,Best Revival of a Musical,1,0
833,A Day in the Death of Joe Egg,2003-04-03,1985,Best Revival of a Play,1,1
834,Cyrano de Bergerac,,1985,Best Revival of a Play,1,0
835,Strange Interlude,,1985,Best Revival of a Play,1,0
1135,The Mystery of Edwin Drood,2012-11-13,1986,Best Book of a Musical,1,1
1136,The Big Meal,2012-03-01,1986,Best Book of a Musical,1,0
1137,Singin' in the Rain,,1986,Best Book of a Musical,1,0
1138,Wind in the Willows,,1986,Best Book of a Musical,1,0
1663,The Big Meal,2012-03-01,1986,Best Choreography,1,1
1664,The Mystery of Edwin Drood,2012-11-13,1986,Best Choreography,1,0
1665,Song and Dance,,1986,Best Choreography,1,0
1666,Tango Argentino,,1986,Best Choreography,1,0
1933,The Mystery of Edwin Drood,2012-11-13,1986,Best Direction of a Musical,1,1
1934,The Big Meal,2012-03-01,1986,Best Direction of a Musical,1,0
1935,Song and Dance,,1986,Best Direction of a Musical,1,0
1936,Tango Argentino,,1986,Best Direction of a Musical,1,0
2206,The House of Blue Leaves,2011-04-25,1986,Best Direction of a Play,1,1
2207,The Iceman Cometh,,1986,Best Direction of a Play,1,0
2208,Long Day's Journey Into Night,,1986,Best Direction of a Play,1,0
2209,Loot,2014-01-16,1986,Best Direction of a Play,1,0
171,The Mystery of Edwin Drood,2012-11-13,1986,Best Musical,1,1
172,The Big Meal,2012-03-01,1986,Best Musical,1,0
173,Song and Dance Book &,,1986,Best Musical,1,0
174,Tango Argentino,,1986,Best Musical,1,0
1381,The Mystery of Edwin Drood,2012-11-13,1986,Best Original Score,1,1
1382,The News,,1986,Best Original Score,1,0
1383,Song and Dance,,1986,Best Original Score,1,0
1384,Wind in the Willows,,1986,Best Original Score,1,0
470,I'm Not Rappaport,2002-07-25,1986,Best Play,1,1
471,Benefactors,2011-04-05,1986,Best Play,1,0
472,Blood Knot,,1986,Best Play,1,0
473,The House of Blue Leaves,2011-04-25,1986,Best Play,1,0
1030,Sweet Charity,,1986,Best Revival,1,1
1031,The Fever,2017-01-04,1986,Best Revival,1,0
1032,The Iceman Cometh,,1986,Best Revival,1,0
1033,Loot,2014-01-16,1986,Best Revival,1,0
668,Sweet Charity,,1986,Best Revival of a Musical,1,1
669,The Fever,2017-01-04,1986,Best Revival of a Musical,1,0
670,The Iceman Cometh,,1986,Best Revival of a Musical,1,0
671,Loot,2014-01-16,1986,Best Revival of a Musical,1,0
836,Sweet Charity,,1986,Best Revival of a Play,1,1
837,The Fever,2017-01-04,1986,Best Revival of a Play,1,0
838,The Iceman Cometh,,1986,Best Revival of a Play,1,0
839,Loot,2014-01-16,1986,Best Revival of a Play,1,0
1139,Les Miserables,2014-03-23,1987,Best Book of a Musical,1,1
1140,Me and My Girl,,1987,Best Book of a Musical,1,0
1141,From Rags to Riches,2011-09-23,1987,Best Book of a Musical,1,0
1142,"Smile at Us, Oh Lord",2015-06-05,1987,Best Book of a Musical,1,0
1667,Me and My Girl,,1987,Best Choreography,1,1
1668,The Mikado,,1987,Best Choreography,1,0
1669,From Rags to Riches,2011-09-23,1987,Best Choreography,1,0
1670,Starlight Express,,1987,Best Choreography,1,0
1937,Les Miserables,2014-03-23,1987,Best Direction of a Musical,1,1
1938,Me and My Girl,,1987,Best Direction of a Musical,1,0
1939,The Mikado,,1987,Best Direction of a Musical,1,0
1940,Starlight Express,,1987,Best Direction of a Musical,1,0
2210,Fences,,1987,Best Direction of a Play,1,1
2211,Asinamali!,,1987,Best Direction of a Play,1,0
2212,Coastal Disturbances,,1987,Best Direction of a Play,1,0
2213,Les Liaisons Dangereuses,,1987,Best Direction of a Play,1,0
175,Les Misérables Book &,,1987,Best Musical,1,1
176,Me and My Girl Book &,,1987,Best Musical,1,0
177,From Rags to Riches,2011-09-23,1987,Best Musical,1,0
178,Starlight Express,,1987,Best Musical,1,0
1385,Les Miserables,2014-03-23,1987,Best Original Score,1,1
1386,Me and My Girl,,1987,Best Original Score,1,0
1387,From Rags to Riches,2011-09-23,1987,Best Original Score,1,0
1388,Starlight Express,,1987,Best Original Score,1,0
474,Fences †,,1987,Best Play,1,1
475,Broadway Bound *,,1987,Best Play,1,0
476,Coastal Disturbances,,1987,Best Play,1,0
477,Les Liaisons Dangereuses,,1987,Best Play,1,0
1034,All My Sons,,1987,Best Revival,1,1
1035,The Front Page,2016-10-20,1987,Best Revival,1,0
1036,A Life,2016-10-24,1987,Best Revival,1,0
1037,Pygmalion,2007-10-18,1987,Best Revival,1,0
672,All My Sons,,1987,Best Revival of a Musical,1,1
673,The Front Page,2016-10-20,1987,Best Revival of a Musical,1,0
674,A Life,2016-10-24,1987,Best Revival of a Musical,1,0
675,Pygmalion,2007-10-18,1987,Best Revival of a Musical,1,0
840,All My Sons,,1987,Best Revival of a Play,1,1
841,The Front Page,2016-10-20,1987,Best Revival of a Play,1,0
842,A Life,2016-10-24,1987,Best Revival of a Play,1,0
843,Pygmalion,2007-10-18,1987,Best Revival of a Play,1,0
1143,Into the Woods,,1988,Best Book of a Musical,1,1
1144,The Gospel at Colonus,,1988,Best Book of a Musical,1,0
1145,Phantom Of The Opera,1988-01-26,1988,Best Book of a Musical,1,0
1146,Romance/Romance,,1988,Best Book of a Musical,1,0
1671,Anything Goes,2011-04-07,1988,Best Choreography,1,1
1672,Into the Woods,,1988,Best Choreography,1,0
1673,Phantom Of The Opera,1988-01-26,1988,Best Choreography,1,0
1674,Sarafina!,,1988,Best Choreography,1,0
1941,Phantom Of The Opera,1988-01-26,1988,Best Direction of a Musical,1,1
1942,Anything Goes,2011-04-07,1988,Best Direction of a Musical,1,0
1943,Into the Woods,,1988,Best Direction of a Musical,1,0
1944,Sarafina!,,1988,Best Direction of a Musical,1,0
2214,M. Butterfly,2017-10-26,1988,Best Direction of a Play,1,1
2215,Breaking the Code,,1988,Best Direction of a Play,1,0
2216,Joe Turner's Come and Gone,,1988,Best Direction of a Play,1,0
2217,Speed the Plow,1970-01-01,1988,Best Direction of a Play,1,0
179,Phantom Of The Opera,1988-01-26,1988,Best Musical,1,1
180,Into the Woods,,1988,Best Musical,1,0
181,Romance/Romance Book &,,1988,Best Musical,1,0
182,Sarafina!,,1988,Best Musical,1,0
1389,Into the Woods,,1988,Best Original Score,1,1
1390,Phantom Of The Opera,1988-01-26,1988,Best Original Score,1,0
1391,Romance/Romance,,1988,Best Original Score,1,0
1392,Sarafina!,,1988,Best Original Score,1,0
478,M. Butterfly,2017-10-26,1988,Best Play,1,1
479,Joe Turner's Come and Gone,,1988,Best Play,1,0
480,Speed the Plow,1970-01-01,1988,Best Play,1,0
481,A Walk in the Woods,2014-09-30,1988,Best Play,1,0
1038,Anything Goes,2011-04-07,1988,Best Revival,1,1
1039,Cabaret,,1988,Best Revival,1,0
1040,Dreamgirls,,1988,Best Revival,1,0
1041,A Streetcar Named Desire,,1988,Best Revival,1,0
676,Anything Goes,2011-04-07,1988,Best Revival of a Musical,1,1
677,Cabaret,,1988,Best Revival of a Musical,1,0
678,Dreamgirls,,1988,Best Revival of a Musical,1,0
679,A Streetcar Named Desire,,1988,Best Revival of a Musical,1,0
844,Anything Goes,2011-04-07,1988,Best Revival of a Play,1,1
845,Cabaret,,1988,Best Revival of a Play,1,0
846,Dreamgirls,,1988,Best Revival of a Play,1,0
847,A Streetcar Named Desire,,1988,Best Revival of a Play,1,0
1675,Black and Blue,,1989,Best Choreography,1,1
1676,"New York, New York",2023-04-26,1989,Best Choreography,1,0
1677,Legs Diamond,,1989,Best Choreography,1,0
1678,Starmites,,1989,Best Choreography,1,0
1945,Jerome Robbins' Broadway,,1989,Best Direction of a Musical,1,1
1946,Black and Blue,,1989,Best Direction of a Musical,1,0
1947,Starmites,,1989,Best Direction of a Musical,1,0
1948,Welcome to the Club,,1989,Best Direction of a Musical,1,0
2218,Lend Me a Tenor,,1989,Best Direction of a Play,1,1
2219,The Heidi Chronicles,2015-03-19,1989,Best Direction of a Play,1,0
2220,"New York, New York",2023-04-26,1989,Best Direction of a Play,1,0
2221,Our Town,,1989,Best Direction of a Play,1,0
183,Jerome Robbins' Broadway Directed &,,1989,Best Musical,1,1
184,Black and Blue,,1989,Best Musical,1,0
185,Starmites,,1989,Best Musical,1,0
482,The Heidi Chronicles,2015-03-19,1989,Best Play,1,1
483,"New York, New York",2023-04-26,1989,Best Play,1,0
484,Lend Me a Tenor,,1989,Best Play,1,0
485,Shirley Valentine,,1989,Best Play,1,0
1042,Our Town,,1989,Best Revival,1,1
1043,"Ah, Wilderness!",,1989,Best Revival,1,0
1044,Ain't Misbehavin',,1989,Best Revival,1,0
1045,Cafe Crown,,1989,Best Revival,1,0
680,Our Town,,1989,Best Revival of a Musical,1,1
681,"Ah, Wilderness!",,1989,Best Revival of a Musical,1,0
682,Ain't Misbehavin',,1989,Best Revival of a Musical,1,0
683,Cafe Crown,,1989,Best Revival of a Musical,1,0
848,Our Town,,1989,Best Revival of a Play,1,1
849,"Ah, Wilderness!",,1989,Best Revival of a Play,1,0
850,Ain't Misbehavin',,1989,Best Revival of a Play,1,0
851,Cafe Crown,,1989,Best Revival of a Play,1,0
1147,City of,2015-01-27,1990,Best Book of a Musical,1,1
1148,"Love, Love, Love",2016-10-19,1990,Best Book of a Musical,1,0
1149,Grand Hotel,,1990,Best Book of a Musical,1,0
1150,Meet Me in St. Louis,,1990,Best Book of a Musical,1,0
1679,Grand Hotel,,1990,Best Choreography,1,1
1680,LORD OF THE DANCE: DANGEROUS GAMES,,1990,Best Choreography,1,0
1681,Meet Me in St. Louis,,1990,Best Choreography,1,0
1949,Grand Hotel,,1990,Best Direction of a Musical,1,1
1950,"Love, Love, Love",2016-10-19,1990,Best Direction of a Musical,1,0
1951,City of,2015-01-27,1990,Best Direction of a Musical,1,0
1952,Sweeney Todd: The Demon Barber of Fleet Street,,1990,Best Direction of a Musical,1,0
2222,The Grapes of Wrath,,1990,Best Direction of a Play,1,1
2223,Lettice and Lovage,,1990,Best Direction of a Play,1,0
2224,The Merchant of Venice,,1990,Best Direction of a Play,1,0
2225,The Piano Lesson,,1990,Best Direction of a Play,1,0
186,City of,2015-01-27,1990,Best Musical,1,1
187,"Love, Love, Love",2016-10-19,1990,Best Musical,1,0
188,Grand Hotel: The Musical,,1990,Best Musical,1,0
189,Meet Me in St. Louis,,1990,Best Musical,1,0
1393,City of,2015-01-27,1990,Best Original Score,1,1
1394,"Love, Love, Love",2016-10-19,1990,Best Original Score,1,0
1395,Grand Hotel,,1990,Best Original Score,1,0
1396,Meet Me in St. Louis,,1990,Best Original Score,1,0
486,The Grapes of Wrath,,1990,Best Play,1,1
487,Lettice and Lovage,,1990,Best Play,1,0
488,The Piano Lesson †,,1990,Best Play,1,0
489,Prelude to a Kiss *,,1990,Best Play,1,0
1046,Gypsy,,1990,Best Revival,1,1
1047,The Caucasian Chalk Circle,2010-02-18,1990,Best Revival,1,0
1048,The Merchant of Venice,,1990,Best Revival,1,0
1049,Sweeney Todd,,1990,Best Revival,1,0
684,Gypsy,,1990,Best Revival of a Musical,1,1
685,The Caucasian Chalk Circle,2010-02-18,1990,Best Revival of a Musical,1,0
686,The Merchant of Venice,,1990,Best Revival of a Musical,1,0
687,Sweeney Todd,,1990,Best Revival of a Musical,1,0
852,Gypsy,,1990,Best Revival of a Play,1,1
853,The Caucasian Chalk Circle,2010-02-18,1990,Best Revival of a Play,1,0
854,The Merchant of Venice,,1990,Best Revival of a Play,1,0
855,Sweeney Todd,,1990,Best Revival of a Play,1,0
1151,The Secret Garden,,1991,Best Book of a Musical,1,1
1152,Miss Saigon,2017-03-23,1991,Best Book of a Musical,1,0
1153,Once on This Island,,1991,Best Book of a Musical,1,0
1154,Follies,2011-09-12,1991,Best Book of a Musical,1,0
1682,Follies,2011-09-12,1991,Best Choreography,1,1
1683,Miss Saigon,2017-03-23,1991,Best Choreography,1,0
1684,"Oh, Kay!",,1991,Best Choreography,1,0
1685,Once on This Island,,1991,Best Choreography,1,0
1953,Follies,2011-09-12,1991,Best Direction of a Musical,1,1
1954,Miss Saigon,2017-03-23,1991,Best Direction of a Musical,1,0
1955,Once on This Island,,1991,Best Direction of a Musical,1,0
1956,Those Were the Days,,1991,Best Direction of a Musical,1,0
2226,Six Degrees of Separation,,1991,Best Direction of a Play,1,1
2227,La Bête,2010-10-14,1991,Best Direction of a Play,1,0
2228,Lost In Yonkers,2012-03-22,1991,Best Direction of a Play,1,0
2229,Our Country's Good,,1991,Best Direction of a Play,1,0
190,Follies,2011-09-12,1991,Best Musical,1,1
191,Miss Saigon,2017-03-23,1991,Best Musical,1,0
192,Once on This Island Book &,,1991,Best Musical,1,0
193,The Secret Garden Book &,,1991,Best Musical,1,0
1397,Follies,2011-09-12,1991,Best Original Score,1,1
1398,Miss Saigon,2017-03-23,1991,Best Original Score,1,0
1399,Once on This Island,,1991,Best Original Score,1,0
1400,The Secret Garden,,1991,Best Original Score,1,0
490,Lost In Yonkers,2012-03-22,1991,Best Play,1,1
491,Our Country's Good,,1991,Best Play,1,0
492,Shadowlands,,1991,Best Play,1,0
493,Six Degrees of Separation *,,1991,Best Play,1,0
1050,Fiddler on the Roof,,1991,Best Revival,1,1
1051,Misery,2015-11-15,1991,Best Revival,1,0
1052,Peter Pan,,1991,Best Revival,1,0
688,Fiddler on the Roof,,1991,Best Revival of a Musical,1,1
689,Misery,2015-11-15,1991,Best Revival of a Musical,1,0
690,Peter Pan,,1991,Best Revival of a Musical,1,0
856,Fiddler on the Roof,,1991,Best Revival of a Play,1,1
857,Misery,2015-11-15,1991,Best Revival of a Play,1,0
858,Peter Pan,,1991,Best Revival of a Play,1,0
1155,Falsettos,2016-10-27,1992,Best Book of a Musical,1,1
1156,Crazy for You,,1992,Best Book of a Musical,1,0
1157,Five Guys Named Moe,,1992,Best Book of a Musical,1,0
1158,Jelly's Last Jam,,1992,Best Book of a Musical,1,0
1686,Crazy for You,,1992,Best Choreography,1,1
1687,Dancing at Lughnasa,2011-10-30,1992,Best Choreography,1,0
1688,guys and dolls,1970-01-01,1992,Best Choreography,1,0
1689,Jelly's Last Jam,,1992,Best Choreography,1,0
1957,guys and dolls,1970-01-01,1992,Best Direction of a Musical,1,1
1958,Crazy for You,,1992,Best Direction of a Musical,1,0
1959,Falsettos,2016-10-27,1992,Best Direction of a Musical,1,0
1960,Jelly's Last Jam,,1992,Best Direction of a Musical,1,0
2230,Dancing at Lughnasa,2011-10-30,1992,Best Direction of a Play,1,1
2231,The Father,2016-04-14,1992,Best Direction of a Play,1,0
2232,Four Baboons Adoring the Sun,,1992,Best Direction of a Play,1,0
2233,Two Shakespearean Actors,,1992,Best Direction of a Play,1,0
194,Crazy for You,,1992,Best Musical,1,1
195,Falsettos,2016-10-27,1992,Best Musical,1,0
196,Five Guys Named Moe,,1992,Best Musical,1,0
197,Jelly's Last Jam,,1992,Best Musical,1,0
1401,Falsettos,2016-10-27,1992,Best Original Score,1,1
1402,Jelly's Last Jam,,1992,Best Original Score,1,0
1403,Metro,,1992,Best Original Score,1,0
1404,Nick & Nora,,1992,Best Original Score,1,0
494,Dancing at Lughnasa,2011-10-30,1992,Best Play,1,1
495,Four Baboons Adoring the Sun,,1992,Best Play,1,0
496,Two Shakespearean Actors,,1992,Best Play,1,0
497,Two Trains Running *,,1992,Best Play,1,0
1053,guys and dolls,1970-01-01,1992,Best Revival,1,1
1054,The Most Happy Fella,2014-04-02,1992,Best Revival,1,0
1055,On Borrowed Time,,1992,Best Revival,1,0
1056,The Visit,,1992,Best Revival,1,0
691,guys and dolls,1970-01-01,1992,Best Revival of a Musical,1,1
692,The Most Happy Fella,2014-04-02,1992,Best Revival of a Musical,1,0
693,On Borrowed Time,,1992,Best Revival of a Musical,1,0
694,The Visit,,1992,Best Revival of a Musical,1,0
859,guys and dolls,1970-01-01,1992,Best Revival of a Play,1,1
860,The Most Happy Fella,2014-04-02,1992,Best Revival of a Play,1,0
861,On Borrowed Time,,1992,Best Revival of a Play,1,0
862,The Visit,,1992,Best Revival of a Play,1,0
1159,Kiss of the Spider Woman,,1993,Best Book of a Musical,1,1
1160,Anna Karenina,,1993,Best Book of a Musical,1,0
1161,Blood Brothers,,1993,Best Book of a Musical,1,0
1162,The Who's Tommy,2024-03-28,1993,Best Book of a Musical,1,0
1690,The Who's Tommy,2024-03-28,1993,Best Choreography,1,1
1691,Ain't Broadway Grand,,1993,Best Choreography,1,0
1692,The Goodbye Girl,,1993,Best Choreography,1,0
1693,Kiss of the Spider Woman,,1993,Best Choreography,1,0
1961,The Who's Tommy,2024-03-28,1993,Best Direction of a Musical,1,1
1962,Blood Brothers,,1993,Best Direction of a Musical,1,0
1963,The Goodbye Girl,,1993,Best Direction of a Musical,1,0
1964,Kiss of the Spider Woman,,1993,Best Direction of a Musical,1,0
2234,Angels in America: Millennium Approaches,,1993,Best Direction of a Play,1,1
2235,Anna Christie,,1993,Best Direction of a Play,1,0
2236,The Sisters Rosensweig,,1993,Best Direction of a Play,1,0
2237,The Song of Jacob Zulu,,1993,Best Direction of a Play,1,0
198,Kiss of the Spider Woman,,1993,Best Musical,1,1
199,"Blood Brothers Book, Music, &",,1993,Best Musical,1,0
200,The Goodbye Girl,,1993,Best Musical,1,0
201,The Who's Tommy,2024-03-28,1993,Best Musical,1,0
1405,Kiss of the Spider Woman (TIE),,1993,Best Original Score,1,1
1406,The Who's Tommy (TIE),,1993,Best Original Score,1,1
1407,Anna Karenina,,1993,Best Original Score,1,0
1408,The Song of Jacob Zulu,,1993,Best Original Score,1,0
498,Angels in America: Millennium Approaches †,,1993,Best Play,1,1
499,The Sisters Rosensweig,,1993,Best Play,1,0
500,Someone Who'll Watch Over Me,,1993,Best Play,1,0
501,The Song of Jacob Zulu,,1993,Best Play,1,0
1057,Anna Christie,,1993,Best Revival,1,1
1058,Saint Joan,2018-04-25,1993,Best Revival,1,0
1059,Arthur Miller's The Price,2017-03-16,1993,Best Revival,1,0
1060,"Wilder, Wilder, Wilder",,1993,Best Revival,1,0
695,Anna Christie,,1993,Best Revival of a Musical,1,1
696,Saint Joan,2018-04-25,1993,Best Revival of a Musical,1,0
697,Arthur Miller's The Price,2017-03-16,1993,Best Revival of a Musical,1,0
698,"Wilder, Wilder, Wilder",,1993,Best Revival of a Musical,1,0
863,Anna Christie,,1993,Best Revival of a Play,1,1
864,Saint Joan,2018-04-25,1993,Best Revival of a Play,1,0
865,Arthur Miller's The Price,2017-03-16,1993,Best Revival of a Play,1,0
866,"Wilder, Wilder, Wilder",,1993,Best Revival of a Play,1,0
1163,Passion,,1994,Best Book of a Musical,1,1
1164,Beauty and the Beast,,1994,Best Book of a Musical,1,0
1165,Cyrano: The Musical,,1994,Best Book of a Musical,1,0
1166,A Grand Night for Singing,,1994,Best Book of a Musical,1,0
1694,Carousel,2018-04-12,1994,Best Choreography,1,1
1695,Damn Yankees,2010-07-08,1994,Best Choreography,1,0
1696,Grease,2007-08-19,1994,Best Choreography,1,0
1697,She Loves Me,2016-03-17,1994,Best Choreography,1,0
1965,Carousel,2018-04-12,1994,Best Direction of a Musical,1,1
1966,Beauty and the Beast,,1994,Best Direction of a Musical,1,0
1967,Passion,,1994,Best Direction of a Musical,1,0
1968,She Loves Me,2016-03-17,1994,Best Direction of a Musical,1,0
2238,An Inspector Calls,,1994,Best Direction of a Play,1,1
2239,Abe Lincoln in Illinois,,1994,Best Direction of a Play,1,0
2240,Angels in America: Perestroika,,1994,Best Direction of a Play,1,0
2241,Timon Of  Athens,,1994,Best Direction of a Play,1,0
202,Passion,,1994,Best Musical,1,1
203,Beauty and the Beast,,1994,Best Musical,1,0
204,Cyrano: The Musical,,1994,Best Musical,1,0
205,A Grand Night for Singing,,1994,Best Musical,1,0
1409,Passion,,1994,Best Original Score,1,1
1410,Beauty and the Beast,,1994,Best Original Score,1,0
1411,Cyrano: The Musical,,1994,Best Original Score,1,0
502,Angels in America: Perestroika,,1994,Best Play,1,1
503,Broken Glass,,1994,Best Play,1,0
504,The Kentucky Cycle †,,1994,Best Play,1,0
505,"Twilight: Los Angeles, 1992",,1994,Best Play,1,0
699,Carousel,2018-04-12,1994,Best Revival of a Musical,1,1
700,Damn Yankees,2010-07-08,1994,Best Revival of a Musical,1,0
701,Grease,2007-08-19,1994,Best Revival of a Musical,1,0
702,She Loves Me,2016-03-17,1994,Best Revival of a Musical,1,0
867,An Inspector Calls,,1994,Best Revival of a Play,1,1
868,Abe Lincoln in Illinois,,1994,Best Revival of a Play,1,0
869,Medea,,1994,Best Revival of a Play,1,0
870,Timon Of  Athens,,1994,Best Revival of a Play,1,0
1167,Sunset Boulevard,,1995,Best Book of a Musical,1,1
1698,Show Boat,2014-11-05,1995,Best Choreography,1,1
1699,How to Succeed in Business Without Really Trying,,1995,Best Choreography,1,0
1700,Smokey Joe's Cafe,,1995,Best Choreography,1,0
1701,Sunset Boulevard,,1995,Best Choreography,1,0
1969,Show Boat,2014-11-05,1995,Best Direction of a Musical,1,1
1970,How to Succeed in Business Without Really Trying,,1995,Best Direction of a Musical,1,0
1971,Sunset Boulevard,,1995,Best Direction of a Musical,1,0
1972,Smokey Joe's Cafe,,1995,Best Direction of a Musical,1,0
2242,The Heiress,2012-11-01,1995,Best Direction of a Play,1,1
2243,Having Our Say,,1995,Best Direction of a Play,1,0
2244,Indiscretions,,1995,Best Direction of a Play,1,0
2245,"Love, Love, Love",2016-10-19,1995,Best Direction of a Play,1,0
206,Sunset Boulevard Book &,,1995,Best Musical,1,1
207,Smokey Joe's Cafe Music &,,1995,Best Musical,1,0
1412,Sunset Boulevard,,1995,Best Original Score,1,1
506,"Love, Love, Love",2016-10-19,1995,Best Play,1,1
507,Arcadia,2011-03-17,1995,Best Play,1,0
508,Having Our Say,,1995,Best Play,1,0
509,Indiscretions,,1995,Best Play,1,0
703,Show Boat,2014-11-05,1995,Best Revival of a Musical,1,1
704,How to Succeed in Business Without Really Trying,,1995,Best Revival of a Musical,1,0
871,The Heiress,2012-11-01,1995,Best Revival of a Play,1,1
872,Hamlet,,1995,Best Revival of a Play,1,0
873,The Molière Comedies,,1995,Best Revival of a Play,1,0
874,The Rose Tattoo,,1995,Best Revival of a Play,1,0
1168,Rent (Broadway),1996-04-29,1996,Best Book of a Musical,1,1
1169,Big,,1996,Best Book of a Musical,1,0
1170,"Bring in 'da Noise, Bring in 'da Funk",,1996,Best Book of a Musical,1,0
1171,_______ A,2017-09-11,1996,Best Book of a Musical,1,0
1702,"Bring in 'da Noise, Bring in 'da Funk",,1996,Best Choreography,1,1
1703,Big: the musical,,1996,Best Choreography,1,0
1704,_______ A,2017-09-11,1996,Best Choreography,1,0
1705,Rent (Broadway),1996-04-29,1996,Best Choreography,1,0
1973,"Bring in 'da Noise, Bring in 'da Funk",,1996,Best Direction of a Musical,1,1
1974,A Funny Thing Happened on the Way to the Forum,,1996,Best Direction of a Musical,1,0
1975,The King and I,2015-04-16,1996,Best Direction of a Musical,1,0
1976,Rent (Broadway),1996-04-29,1996,Best Direction of a Musical,1,0
2246,A Delicate Balance,,1996,Best Direction of a Play,1,1
2247,Buried Child,2016-02-17,1996,Best Direction of a Play,1,0
2248,An Ideal Husband,,1996,Best Direction of a Play,1,0
2249,Seven Guitars,,1996,Best Direction of a Play,1,0
208,Rent,2011-08-11,1996,Best Musical,1,1
209,"Bring in 'da Noise, Bring in 'da Funk",,1996,Best Musical,1,0
210,_______ A,2017-09-11,1996,Best Musical,1,0
211,_______ A,2017-09-11,1996,Best Musical,1,0
1413,Rent (Broadway),1996-04-29,1996,Best Original Score,1,1
1414,Big: the musical,,1996,Best Original Score,1,0
1415,"Bring in 'da Noise, Bring in 'da Funk",,1996,Best Original Score,1,0
1416,State Fair,,1996,Best Original Score,1,0
510,Master Class,,1996,Best Play,1,1
511,Buried Child,2016-02-17,1996,Best Play,1,0
512,Racing Demon,,1996,Best Play,1,0
513,Seven Guitars *,,1996,Best Play,1,0
705,The King and I,2015-04-16,1996,Best Revival of a Musical,1,1
706,Company,,1996,Best Revival of a Musical,1,0
707,A Funny Thing Happened on the Way to the Forum,,1996,Best Revival of a Musical,1,0
708,"Hello, Dolly!",2017-04-20,1996,Best Revival of a Musical,1,0
875,A Delicate Balance,,1996,Best Revival of a Play,1,1
876,A Midsummer Night's Dream,,1996,Best Revival of a Play,1,0
877,An Ideal Husband,,1996,Best Revival of a Play,1,0
878,Inherit The Wind,2007-04-12,1996,Best Revival of a Play,1,0
1172,Titanic,,1997,Best Book of a Musical,1,1
1173,Jekyll & Hyde,,1997,Best Book of a Musical,1,0
1174,The Life,,1997,Best Book of a Musical,1,0
1175,Steel Pier,,1997,Best Book of a Musical,1,0
1706,Chicago,1996-11-14,1997,Best Choreography,1,1
1707,Dream,,1997,Best Choreography,1,0
1708,The Life,,1997,Best Choreography,1,0
1709,Steel Pier,,1997,Best Choreography,1,0
1977,Chicago,1996-11-14,1997,Best Direction of a Musical,1,1
1978,Juan Darién,,1997,Best Direction of a Musical,1,0
1979,The Life,,1997,Best Direction of a Musical,1,0
1980,Steel Pier,,1997,Best Direction of a Musical,1,0
2250,A Dolls Houses,,1997,Best Direction of a Play,1,1
2251,The Gin Game,2015-10-14,1997,Best Direction of a Play,1,0
2252,Skylight,2015-04-02,1997,Best Direction of a Play,1,0
2253,Stanley,,1997,Best Direction of a Play,1,0
212,Titanic,,1997,Best Musical,1,1
213,Juan Darien,,1997,Best Musical,1,0
214,The Life,,1997,Best Musical,1,0
215,Steel Pier,,1997,Best Musical,1,0
1417,Titanic,,1997,Best Original Score,1,1
1418,Juan Darién,,1997,Best Original Score,1,0
1419,The Life,,1997,Best Original Score,1,0
1420,Steel Pier,,1997,Best Original Score,1,0
514,The Last Night of Ballyhoo *,,1997,Best Play,1,1
515,Skylight,2015-04-02,1997,Best Play,1,0
516,Stanley,,1997,Best Play,1,0
517,The Young Man from Atlanta,,1997,Best Play,1,0
709,Chicago,1996-11-14,1997,Best Revival of a Musical,1,1
710,Annie,2012-11-08,1997,Best Revival of a Musical,1,0
711,Candida,2010-03-08,1997,Best Revival of a Musical,1,0
712,Once Upon a Mattress,,1997,Best Revival of a Musical,1,0
879,A Dolls Houses,,1997,Best Revival of a Play,1,1
880,London Assurance,,1997,Best Revival of a Play,1,0
881,Present Laughter,,1997,Best Revival of a Play,1,0
882,The Gin Game,2015-10-14,1997,Best Revival of a Play,1,0
1176,Ragtime,,1998,Best Book of a Musical,1,1
1177,The Lion King,1997-11-13,1998,Best Book of a Musical,1,0
1178,The Scarlet Pimpernel,,1998,Best Book of a Musical,1,0
1179,Side Show,,1998,Best Book of a Musical,1,0
1710,The Lion King,1997-11-13,1998,Best Choreography,1,1
1711,Cabaret,,1998,Best Choreography,1,0
1712,Forever Tango,,1998,Best Choreography,1,0
1713,Ragtime,,1998,Best Choreography,1,0
1981,The Lion King,1997-11-13,1998,Best Direction of a Musical,1,1
1982,Cabaret,,1998,Best Direction of a Musical,1,0
1983,Ragtime,,1998,Best Direction of a Musical,1,0
2254,The Beauty Queen of Leenane,2017-01-11,1998,Best Direction of a Play,1,1
2255,'Art',,1998,Best Direction of a Play,1,0
2256,Chairs and a Long Table,2014-11-06,1998,Best Direction of a Play,1,0
2257,A View from the Bridge,,1998,Best Direction of a Play,1,0
216,The Lion King,1997-11-13,1998,Best Musical,1,1
217,Side Show,2014-11-17,1998,Best Musical,1,0
218,The Scarlet Pimpernel Book &,,1998,Best Musical,1,0
219,Ragtime,,1998,Best Musical,1,0
1421,Ragtime,,1998,Best Original Score,1,1
1422,The Capeman,2010-08-14,1998,Best Original Score,1,0
1423,The Lion King,1997-11-13,1998,Best Original Score,1,0
1424,Side Show,,1998,Best Original Score,1,0
518,'Art',,1998,Best Play,1,1
519,The Beauty Queen of Leenane,2017-01-11,1998,Best Play,1,0
520,Freak,,1998,Best Play,1,0
521,Golden Child,,1998,Best Play,1,0
713,Cabaret,,1998,Best Revival of a Musical,1,1
714,The Sound of Music,,1998,Best Revival of a Musical,1,0
883,A View from the Bridge,,1998,Best Revival of a Play,1,1
884,"Ah, Wilderness!",,1998,Best Revival of a Play,1,0
885,Chairs and a Long Table,2014-11-06,1998,Best Revival of a Play,1,0
886,The Diary of Anne Frank,,1998,Best Revival of a Play,1,0
1180,Parade,,1999,Best Book of a Musical,1,1
1181,Footloose,,1999,Best Book of a Musical,1,0
1182,It Ain't Nothin' But the Blues,2011-07-28,1999,Best Book of a Musical,1,0
1183,Marlene,,1999,Best Book of a Musical,1,0
1714,Swan Lake,,1999,Best Choreography,1,1
1715,Footloose,,1999,Best Choreography,1,0
1716,Little Me,,1999,Best Choreography,1,0
1717,Parade,,1999,Best Choreography,1,0
1984,Swan Lake,,1999,Best Direction of a Musical,1,1
1985,Fosse,,1999,Best Direction of a Musical,1,0
1986,Parade,,1999,Best Direction of a Musical,1,0
1987,_______ A,2017-09-11,1999,Best Direction of a Musical,1,0
2258,Death of a Salesman,,1999,Best Direction of a Play,1,1
2259,The Iceman Cometh,,1999,Best Direction of a Play,1,0
2260,The Lonesome West,,1999,Best Direction of a Play,1,0
2261,Not About Nightingales,,1999,Best Direction of a Play,1,0
220,Fosse,,1999,Best Musical,1,1
221,The Civil War,,1999,Best Musical,1,0
222,It Ain't Nothin' But the Blues,2011-07-28,1999,Best Musical,1,0
223,Parade,,1999,Best Musical,1,0
1425,Parade,,1999,Best Original Score,1,1
1426,The Civil War,,1999,Best Original Score,1,0
1427,Footloose,,1999,Best Original Score,1,0
1428,Twelfth Night,,1999,Best Original Score,1,0
522,Side Man *,,1999,Best Play,1,1
523,Closer Than Ever,2012-06-05,1999,Best Play,1,0
524,The Lonesome West,,1999,Best Play,1,0
525,Not About Nightingales,,1999,Best Play,1,0
715,Annie,2012-11-08,1999,Best Revival of a Musical,1,1
716,Little Me,,1999,Best Revival of a Musical,1,0
717,Peter Pan,,1999,Best Revival of a Musical,1,0
718,_______ A,2017-09-11,1999,Best Revival of a Musical,1,0
887,Death of a Salesman,,1999,Best Revival of a Play,1,1
888,Electra,,1999,Best Revival of a Play,1,0
889,The Iceman Cometh,,1999,Best Revival of a Play,1,0
890,Twelfth Night,,1999,Best Revival of a Play,1,0
1184,James Joyce's The Dead,,2000,Best Book of a Musical,1,1
1185,Contact,,2000,Best Book of a Musical,1,0
1186,Marie Christine,,2000,Best Book of a Musical,1,0
1187,The Wild Party,2015-07-15,2000,Best Book of a Musical,1,0
1718,Contact,,2000,Best Choreography,1,1
1719,"Kiss Me, Kate",2019-03-14,2000,Best Choreography,1,0
1720,The Music Man,2022-02-10,2000,Best Choreography,1,0
1721,Cafe Society Swing,2014-12-16,2000,Best Choreography,1,0
1988,"Kiss Me, Kate",2019-03-14,2000,Best Direction of a Musical,1,1
1989,Contact,,2000,Best Direction of a Musical,1,0
1990,Cafe Society Swing,2014-12-16,2000,Best Direction of a Musical,1,0
2262,Copenhagen,,2000,Best Direction of a Play,1,1
2263,Dirty Blonde,,2000,Best Direction of a Play,1,0
2264,The Real Thing,2014-10-30,2000,Best Direction of a Play,1,0
2265,True West,2019-01-24,2000,Best Direction of a Play,1,0
224,Contact,,2000,Best Musical,1,1
225,James Joyce's The Dead,,2000,Best Musical,1,0
226,Cafe Society Swing,2014-12-16,2000,Best Musical,1,0
227,The Wild Party,2015-07-15,2000,Best Musical,1,0
1429,Aida,,2000,Best Original Score,1,1
1430,James Joyce's The Dead,,2000,Best Original Score,1,0
1431,Marie Christine,,2000,Best Original Score,1,0
526,Copenhagen,,2000,Best Play,1,1
527,Dirty Blonde,,2000,Best Play,1,0
528,The Ride Down Mt. Morgan,,2000,Best Play,1,0
529,True West,2019-01-24,2000,Best Play,1,0
719,"Kiss Me, Kate",2019-03-14,2000,Best Revival of a Musical,1,1
720,Jesus Christ Superstar,,2000,Best Revival of a Musical,1,0
721,The Music Man,2022-02-10,2000,Best Revival of a Musical,1,0
722,Tango Argentino,,2000,Best Revival of a Musical,1,0
891,The Real Thing,2014-10-30,2000,Best Revival of a Play,1,1
892,Amadeus,,2000,Best Revival of a Play,1,0
893,A Moon for the Misbegotten,,2000,Best Revival of a Play,1,0
894,Arthur Miller's The Price,2017-03-16,2000,Best Revival of a Play,1,0
1188,The Producers,2001-04-19,2001,Best Book of a Musical,1,1
1189,A Class Act,2001-03-11,2001,Best Book of a Musical,1,0
1190,The Full Monty,,2001,Best Book of a Musical,1,0
1191,Jane Eyre,,2001,Best Book of a Musical,1,0
1722,The Producers,2001-04-19,2001,Best Choreography,1,1
1723,Blast!,2001-04-17,2001,Best Choreography,1,0
1724,42nd Street,2001-04-30,2001,Best Choreography,1,0
1725,The Full Monty,,2001,Best Choreography,1,0
1991,The Producers,2001-04-19,2001,Best Direction of a Musical,1,1
1992,42nd Street,2001-04-30,2001,Best Direction of a Musical,1,0
1993,The Full Monty,,2001,Best Direction of a Musical,1,0
1994,The Rocky Horror Show,,2001,Best Direction of a Musical,1,0
2266,Proof,2026-04-16,2001,Best Direction of a Play,1,1
2267,The Invention of Love,2001-03-29,2001,Best Direction of a Play,1,0
2268,King Hedley II,2001-04-29,2001,Best Direction of a Play,1,0
2269,Stones in His Pockets,2001-04-01,2001,Best Direction of a Play,1,0
228,The Producers,2001-04-19,2001,Best Musical,1,1
229,A Class Act,2001-03-11,2001,Best Musical,1,0
230,The Full Monty,,2001,Best Musical,1,0
231,Jane Eyre,,2001,Best Musical,1,0
1432,The Producers,2001-04-19,2001,Best Original Score,1,1
1433,A Class Act,2001-03-11,2001,Best Original Score,1,0
1434,The Full Monty,,2001,Best Original Score,1,0
1435,Jane Eyre,,2001,Best Original Score,1,0
530,Proof,2026-04-16,2001,Best Play,1,1
531,The Invention of Love,2001-03-29,2001,Best Play,1,0
532,King Hedley II,2001-04-29,2001,Best Play,1,0
533,The Wife,2010-12-05,2001,Best Play,1,0
723,42nd Street,2001-04-30,2001,Best Revival of a Musical,1,1
724,Bells Are Ringing,2001-04-12,2001,Best Revival of a Musical,1,0
725,Follies (2001),2001-04-05,2001,Best Revival of a Musical,1,0
726,The Rocky Horror Show,,2001,Best Revival of a Musical,1,0
895,One Flew Over The Cuckoo'S Nest,,2001,Best Revival of a Play,1,1
896,The Best Man,2012-04-01,2001,Best Revival of a Play,1,0
897,Betrayal,,2001,Best Revival of a Play,1,0
898,A Life,2016-10-24,2001,Best Revival of a Play,1,0
1192,Urinetown,2001-09-20,2002,Best Book of a Musical,1,1
1193,Mamma Mia!,2001-10-18,2002,Best Book of a Musical,1,0
1194,Sweet Smell of Success,2002-03-14,2002,Best Book of a Musical,1,0
1195,Thoroughly Modern Millie,2002-04-18,2002,Best Book of a Musical,1,0
1726,Thoroughly Modern Millie,2002-04-18,2002,Best Choreography,1,1
1727,Into the Woods,2002-04-30,2002,Best Choreography,1,0
1728,Oklahoma!,2002-03-21,2002,Best Choreography,1,0
1729,Urinetown,2001-09-20,2002,Best Choreography,1,0
1995,Urinetown,2001-09-20,2002,Best Direction of a Musical,1,1
1996,Into the Woods,2002-04-30,2002,Best Direction of a Musical,1,0
1997,Oklahoma!,2002-03-21,2002,Best Direction of a Musical,1,0
1998,Thoroughly Modern Millie,2002-04-18,2002,Best Direction of a Musical,1,0
2270,Metamorphoses,2002-03-04,2002,Best Direction of a Play,1,1
2271,The Crucible,2002-03-07,2002,Best Direction of a Play,1,0
2272,Morning's at Seven,2002-04-21,2002,Best Direction of a Play,1,0
2273,Private Lives (2002),2002-04-28,2002,Best Direction of a Play,1,0
232,Thoroughly Modern Millie,2002-04-18,2002,Best Musical,1,1
233,Mamma Mia!,2001-10-18,2002,Best Musical,1,0
234,Sweet Smell of Success,2002-03-14,2002,Best Musical,1,0
235,Urinetown,2001-09-20,2002,Best Musical,1,0
1436,Urinetown,2001-09-20,2002,Best Original Score,1,1
1437,Sweet Smell of Success,2002-03-14,2002,Best Original Score,1,0
1438,Thoroughly Modern Millie,2002-04-18,2002,Best Original Score,1,0
1439,Thou Shalt Not,2001-10-25,2002,Best Original Score,1,0
534,"The Goat, or Who is Sylvia?",2002-03-10,2002,Best Play,1,1
535,Fortune's Fool,2002-04-02,2002,Best Play,1,0
536,Metamorphoses,2002-03-04,2002,Best Play,1,0
537,Topdog/Underdog,2002-04-07,2002,Best Play,1,0
727,Into the Woods,2002-04-30,2002,Best Revival of a Musical,1,1
728,Oklahoma!,2002-03-21,2002,Best Revival of a Musical,1,0
899,Private Lives (2002),2002-04-28,2002,Best Revival of a Play,1,1
900,The Crucible,2002-03-07,2002,Best Revival of a Play,1,0
901,Morning's at Seven,2002-04-21,2002,Best Revival of a Play,1,0
902,Noises Off,2001-11-01,2002,Best Revival of a Play,1,0
1196,Hairspray,2002-08-15,2003,Best Book of a Musical,1,1
1197,Amour,2002-10-20,2003,Best Book of a Musical,1,0
1198,Flower Drum Song,2002-10-17,2003,Best Book of a Musical,1,0
1199,A Year With Frog and Toad,2003-04-13,2003,Best Book of a Musical,1,0
1730,Movin' Out,,2003,Best Choreography,1,1
1731,Flower Drum Song,2002-10-17,2003,Best Choreography,1,0
1732,Hairspray,2002-08-15,2003,Best Choreography,1,0
1733,Urban Cowboy,2003-03-27,2003,Best Choreography,1,0
1999,Hairspray,2002-08-15,2003,Best Direction of a Musical,1,1
2000,La Boheme,2002-12-08,2003,Best Direction of a Musical,1,0
2001,Movin' Out,,2003,Best Direction of a Musical,1,0
2002,Nine,2003-04-10,2003,Best Direction of a Musical,1,0
2274,Take Me Out,2003-02-27,2003,Best Direction of a Play,1,1
2275,A Day in the Death of Joe Egg,2003-04-03,2003,Best Direction of a Play,1,0
2276,Long Day's Journey Into Night,2003-05-07,2003,Best Direction of a Play,1,0
2277,Medea,2002-12-10,2003,Best Direction of a Play,1,0
236,Hairspray,2002-08-15,2003,Best Musical,1,1
237,Amour,2002-10-20,2003,Best Musical,1,0
238,Movin' Out,,2003,Best Musical,1,0
239,A Year With Frog and Toad,2003-04-13,2003,Best Musical,1,0
1440,Hairspray,2002-08-15,2003,Best Original Score,1,1
1441,Amour,2002-10-20,2003,Best Original Score,1,0
1442,Urban Cowboy,2003-03-27,2003,Best Original Score,1,0
1443,A Year With Frog and Toad,2003-04-13,2003,Best Original Score,1,0
538,Take Me Out,2003-02-27,2003,Best Play,1,1
539,Enchanted April,2003-04-29,2003,Best Play,1,0
540,"Say Goodnight , Gracie",2002-10-10,2003,Best Play,1,0
541,Vincent in Brixton,2003-03-06,2003,Best Play,1,0
729,Nine,2003-04-10,2003,Best Revival of a Musical,1,1
730,Gypsy (2003),2003-05-01,2003,Best Revival of a Musical,1,0
731,La Boheme,2002-12-08,2003,Best Revival of a Musical,1,0
732,Man of La Mancha,2002-12-05,2003,Best Revival of a Musical,1,0
903,Long Day's Journey Into Night,2003-05-07,2003,Best Revival of a Play,1,1
904,A Day in the Death of Joe Egg,2003-04-03,2003,Best Revival of a Play,1,0
905,Dinner at Eight,2002-12-19,2003,Best Revival of a Play,1,0
906,Frankie and Johnny in the Claire de Lune,2002-08-08,2003,Best Revival of a Play,1,0
1200,Avenue Q Broadway,2003-07-31,2004,Best Book of a Musical,1,1
1201,Boy From Oz,2003-10-16,2004,Best Book of a Musical,1,0
1202,"Caroline, or Change",2004-05-02,2004,Best Book of a Musical,1,0
1203,Wicked,2003-10-30,2004,Best Book of a Musical,1,0
1734,Wonderful Town,2003-11-23,2004,Best Choreography,1,1
1735,Bombay Dreams,2004-04-29,2004,Best Choreography,1,0
1736,Never Gonna Dance,2003-12-04,2004,Best Choreography,1,0
1737,Wicked,2003-10-30,2004,Best Choreography,1,0
2003,Assassins,2004-04-22,2004,Best Direction of a Musical,1,1
2004,Avenue Q Broadway,2003-07-31,2004,Best Direction of a Musical,1,0
2005,"Caroline, or Change",2004-05-02,2004,Best Direction of a Musical,1,0
2006,Wonderful Town,2003-11-23,2004,Best Direction of a Musical,1,0
2278,Henry IV,2003-11-20,2004,Best Direction of a Play,1,1
2279,Frozen,2004-05-04,2004,Best Direction of a Play,1,0
2280,I Am My Own Wife,2003-12-03,2004,Best Direction of a Play,1,0
2281,Jumpers,2004-04-25,2004,Best Direction of a Play,1,0
240,Avenue Q Broadway,2003-07-31,2004,Best Musical,1,1
241,Boy From Oz,2003-10-16,2004,Best Musical,1,0
242,"Caroline, or Change",2004-05-02,2004,Best Musical,1,0
243,Wicked,2003-10-30,2004,Best Musical,1,0
1444,Avenue Q Broadway,2003-07-31,2004,Best Original Score,1,1
1445,"Caroline, or Change",2004-05-02,2004,Best Original Score,1,0
1446,Taboo,2003-11-13,2004,Best Original Score,1,0
1447,Wicked,2003-10-30,2004,Best Original Score,1,0
542,I Am My Own Wife,2003-12-03,2004,Best Play,1,1
543,Anna in the Tropics,2003-11-16,2004,Best Play,1,0
544,Frozen,2004-05-04,2004,Best Play,1,0
545,The Retreat From Moscow,2003-10-23,2004,Best Play,1,0
733,Assassins,2004-04-22,2004,Best Revival of a Musical,1,1
734,Big River,2003-07-24,2004,Best Revival of a Musical,1,0
735,Fiddler on the Roof,2004-02-26,2004,Best Revival of a Musical,1,0
736,Wonderful Town,2003-11-23,2004,Best Revival of a Musical,1,0
907,Henry IV,2003-11-20,2004,Best Revival of a Play,1,1
908,Jumpers,2004-04-25,2004,Best Revival of a Play,1,0
909,King Lear (2004),2004-03-04,2004,Best Revival of a Play,1,0
910,A Raisin in the Sun (2004),2004-04-26,2004,Best Revival of a Play,1,0
1204,25th Annual Putnam County Spelling Bee,2005-05-02,2005,Best Book of a Musical,1,1
1205,Dirty Rotten Scoundrels,2005-03-03,2005,Best Book of a Musical,1,0
1206,Light in the Piazza,2005-04-18,2005,Best Book of a Musical,1,0
1207,Spamalot,2005-03-17,2005,Best Book of a Musical,1,0
1738,La Cage aux Folles (2004),2004-12-09,2005,Best Choreography,1,1
1739,Dirty Rotten Scoundrels,2005-03-03,2005,Best Choreography,1,0
1740,Spamalot,2005-03-17,2005,Best Choreography,1,0
1741,Sweet Charity,2005-05-04,2005,Best Choreography,1,0
2007,Spamalot,2005-03-17,2005,Best Direction of a Musical,1,1
2008,Dirty Rotten Scoundrels,2005-03-03,2005,Best Direction of a Musical,1,0
2009,Light in the Piazza,2005-04-18,2005,Best Direction of a Musical,1,0
2010,25th Annual Putnam County Spelling Bee,2005-05-02,2005,Best Direction of a Musical,1,0
2282,Doubt,2004-11-23,2005,Best Direction of a Play,1,1
2283,Glengarry Glen Ross(2005),2005-05-01,2005,Best Direction of a Play,1,0
2284,The Pillowman,2005-04-10,2005,Best Direction of a Play,1,0
2285,Twelve Angry Men,2004-10-28,2005,Best Direction of a Play,1,0
244,Spamalot,2005-03-17,2005,Best Musical,1,1
245,Dirty Rotten Scoundrels,2005-03-03,2005,Best Musical,1,0
246,Light in the Piazza,2005-04-18,2005,Best Musical,1,0
247,25th Annual Putnam County Spelling Bee,2005-05-02,2005,Best Musical,1,0
1448,Light in the Piazza,2005-04-18,2005,Best Original Score,1,1
1449,Dirty Rotten Scoundrels,2005-03-03,2005,Best Original Score,1,0
1450,Spamalot,2005-03-17,2005,Best Original Score,1,0
1451,25th Annual Putnam County Spelling Bee,2005-05-02,2005,Best Original Score,1,0
546,Doubt,2004-11-23,2005,Best Play,1,1
547,Democracy,2004-11-18,2005,Best Play,1,0
548,Gem of the Ocean,2004-12-06,2005,Best Play,1,0
549,The Pillowman,2005-04-10,2005,Best Play,1,0
737,La Cage aux Folles (2004),2004-12-09,2005,Best Revival of a Musical,1,1
738,Pacific Overtures,2004-12-02,2005,Best Revival of a Musical,1,0
739,Sweet Charity,2005-05-04,2005,Best Revival of a Musical,1,0
911,Glengarry Glen Ross(2005),2005-05-01,2005,Best Revival of a Play,1,1
912,On Golden Pond,2005-04-07,2005,Best Revival of a Play,1,0
913,Twelve Angry Men,2004-10-28,2005,Best Revival of a Play,1,0
914,Who's Afraid of Virginia Woolf? (2005),2005-04-20,2005,Best Revival of a Play,1,0
1208,The Drowsy Chaperone,,2006,Best Book of a Musical,1,1
1209,The Color Purple,2005-12-01,2006,Best Book of a Musical,1,0
1210,Jersey Boys,1970-01-01,2006,Best Book of a Musical,1,0
1211,The Wedding Singer,2006-04-27,2006,Best Book of a Musical,1,0
1742,The Pajama Game,2006-02-23,2006,Best Choreography,1,1
1743,The Color Purple,2005-12-01,2006,Best Choreography,1,0
1744,The Drowsy Chaperone,,2006,Best Choreography,1,0
1745,The Wedding Singer,2006-04-27,2006,Best Choreography,1,0
2011,Sweeney Todd: The Demon Barber of Fleet Street,,2006,Best Direction of a Musical,1,1
2012,The Drowsy Chaperone,,2006,Best Direction of a Musical,1,0
2013,Jersey Boys,1970-01-01,2006,Best Direction of a Musical,1,0
2014,The Pajama Game,2006-02-23,2006,Best Direction of a Musical,1,0
2286,History Boys,2006-04-23,2006,Best Direction of a Play,1,1
2287,Awake and Sing!,,2006,Best Direction of a Play,1,0
2288,Lieutenant of Inishmore,2006-05-03,2006,Best Direction of a Play,1,0
2289,Rabbit Hole,2006-02-02,2006,Best Direction of a Play,1,0
248,Jersey Boys,1970-01-01,2006,Best Musical,1,1
249,The Color Purple,2005-12-01,2006,Best Musical,1,0
250,The Drowsy Chaperone,,2006,Best Musical,1,0
251,The Wedding Singer,2006-04-27,2006,Best Musical,1,0
1452,The Drowsy Chaperone,,2006,Best Original Score,1,1
1453,The Color Purple,2005-12-01,2006,Best Original Score,1,0
1454,The Wedding Singer,2006-04-27,2006,Best Original Score,1,0
1455,The Woman in White,2005-11-17,2006,Best Original Score,1,0
550,History Boys,2006-04-23,2006,Best Play,1,1
551,Lieutenant of Inishmore,2006-05-03,2006,Best Play,1,0
552,Rabbit Hole,2006-02-02,2006,Best Play,1,0
553,Shining City,2006-05-09,2006,Best Play,1,0
740,The Pajama Game,2006-02-23,2006,Best Revival of a Musical,1,1
741,Sweeney Todd: The Demon Barber of Fleet Street,,2006,Best Revival of a Musical,1,0
742,The Threepenny Opera (2006),2006-04-20,2006,Best Revival of a Musical,1,0
915,Awake and Sing!,,2006,Best Revival of a Play,1,1
916,The Constant Wife,,2006,Best Revival of a Play,1,0
917,Faith Healer,2006-05-04,2006,Best Revival of a Play,1,0
918,Seascape,2005-11-21,2006,Best Revival of a Play,1,0
1212,Spring Awakening,2006-10-10,2007,Best Book of a Musical,1,1
1213,Curtains,2007-03-22,2007,Best Book of a Musical,1,0
1214,Grey Gardens,2006-11-08,2007,Best Book of a Musical,1,0
1215,legally blonde,1970-01-01,2007,Best Book of a Musical,1,0
1746,Spring Awakening,2006-10-10,2007,Best Choreography,1,1
1747,Curtains,2007-03-22,2007,Best Choreography,1,0
1748,legally blonde,1970-01-01,2007,Best Choreography,1,0
1749,Mary Poppins,2006-11-16,2007,Best Choreography,1,0
2015,Spring Awakening,2006-10-10,2007,Best Direction of a Musical,1,1
2016,Company,,2007,Best Direction of a Musical,1,0
2017,Curtains,2007-03-22,2007,Best Direction of a Musical,1,0
2018,Grey Gardens,2006-11-08,2007,Best Direction of a Musical,1,0
2290,The Coast of Utopia (Part 1- Voyage),2006-11-27,2007,Best Direction of a Play,1,1
2291,Coram Boy,2007-05-02,2007,Best Direction of a Play,1,0
2292,Frost Nixon,,2007,Best Direction of a Play,1,0
2293,Journey'S End,,2007,Best Direction of a Play,1,0
252,Spring Awakening,2006-10-10,2007,Best Musical,1,1
253,Curtains,2007-03-22,2007,Best Musical,1,0
254,Grey Gardens,2006-11-08,2007,Best Musical,1,0
255,Mary Poppins,2006-11-16,2007,Best Musical,1,0
1456,Spring Awakening,2006-10-10,2007,Best Original Score,1,1
1457,Curtains,2007-03-22,2007,Best Original Score,1,0
1458,Grey Gardens,2006-11-08,2007,Best Original Score,1,0
1459,legally blonde,1970-01-01,2007,Best Original Score,1,0
554,The Coast of Utopia (Part 1- Voyage),2006-11-27,2007,Best Play,1,1
555,Frost Nixon,,2007,Best Play,1,0
556,The Little Dog Laughed,2006-11-13,2007,Best Play,1,0
557,Radio Golf,2007-05-08,2007,Best Play,1,0
743,Company,,2007,Best Revival of a Musical,1,1
744,The Apple Tree,2006-12-14,2007,Best Revival of a Musical,1,0
745,a chorus line,1970-01-01,2007,Best Revival of a Musical,1,0
746,110 in the Shade,2007-05-09,2007,Best Revival of a Musical,1,0
919,Journey'S End,,2007,Best Revival of a Play,1,1
920,Inherit The Wind,2007-04-12,2007,Best Revival of a Play,1,0
921,Talk Radio,2007-03-11,2007,Best Revival of a Play,1,0
922,Translations,2007-01-25,2007,Best Revival of a Play,1,0
1216,Passing Strange,2008-02-28,2008,Best Book of a Musical,1,1
1217,Cry Baby,2008-04-24,2008,Best Book of a Musical,1,0
1218,In The Heights,2008-03-09,2008,Best Book of a Musical,1,0
1219,xanadu,2007-07-11,2008,Best Book of a Musical,1,0
1750,In The Heights,2008-03-09,2008,Best Choreography,1,1
1751,Cry Baby,2008-04-24,2008,Best Choreography,1,0
1752,South Pacific,2008-04-03,2008,Best Choreography,1,0
1753,xanadu,2007-07-11,2008,Best Choreography,1,0
2019,South Pacific,2008-04-03,2008,Best Direction of a Musical,1,1
2020,Gypsy,2008-03-27,2008,Best Direction of a Musical,1,0
2021,In The Heights,2008-03-09,2008,Best Direction of a Musical,1,0
2022,Sunday in the Park with George,2008-02-21,2008,Best Direction of a Musical,1,0
2294,august: osage county,2007-12-04,2008,Best Direction of a Play,1,1
2295,Boeing Boeing,,2008,Best Direction of a Play,1,0
2296,The Seafarer,2007-12-06,2008,Best Direction of a Play,1,0
2297,The 39 Steps,2008-01-15,2008,Best Direction of a Play,1,0
256,In The Heights,2008-03-09,2008,Best Musical,1,1
257,Cry Baby,2008-04-24,2008,Best Musical,1,0
258,Passing Strange,2008-02-28,2008,Best Musical,1,0
259,xanadu,2007-07-11,2008,Best Musical,1,0
1460,In The Heights,2008-03-09,2008,Best Original Score,1,1
1461,Cry Baby,2008-04-24,2008,Best Original Score,1,0
1462,the little mermaid,1970-01-01,2008,Best Original Score,1,0
1463,Passing Strange,2008-02-28,2008,Best Original Score,1,0
558,august: osage county,2007-12-04,2008,Best Play,1,1
559,Rock 'n' Roll,,2008,Best Play,1,0
560,The Seafarer,2007-12-06,2008,Best Play,1,0
561,The 39 Steps,2008-01-15,2008,Best Play,1,0
747,South Pacific,2008-04-03,2008,Best Revival of a Musical,1,1
748,Grease,2007-08-19,2008,Best Revival of a Musical,1,0
749,Gypsy,2008-03-27,2008,Best Revival of a Musical,1,0
750,Sunday in the Park with George,2008-02-21,2008,Best Revival of a Musical,1,0
923,Boeing-Boeing,,2008,Best Revival of a Play,1,1
924,The Homecoming,2007-12-16,2008,Best Revival of a Play,1,0
925,Les Liaisons Dangereuses,,2008,Best Revival of a Play,1,0
926,Macbeth Off-Broadway,2008-06-23,2008,Best Revival of a Play,1,0
1220,Billy Elliot,2008-11-13,2009,Best Book of a Musical,1,1
1221,Next to Normal,2009-04-15,2009,Best Book of a Musical,1,0
1222,shrek,2008-12-14,2009,Best Book of a Musical,1,0
1223,[title of show],2008-07-18,2009,Best Book of a Musical,1,0
1754,Billy Elliot,2008-11-13,2009,Best Choreography,1,1
1755,Hair Off-Broadway,2008-08-08,2009,Best Choreography,1,0
1756,9 to 5 broadway,1970-01-01,2009,Best Choreography,1,0
1757,White Christmas,2008-11-23,2009,Best Choreography,1,0
2023,Billy Elliot,2008-11-13,2009,Best Direction of a Musical,1,1
2024,Hair Off-Broadway,2008-08-08,2009,Best Direction of a Musical,1,0
2025,Next to Normal,2009-04-15,2009,Best Direction of a Musical,1,0
2026,Rock Of Ages,2009-04-07,2009,Best Direction of a Musical,1,0
2298,God of Carnage,2009-03-22,2009,Best Direction of a Play,1,1
2299,Joe Turner's Come and Gone,2009-04-16,2009,Best Direction of a Play,1,0
2300,Mary Stuart,2009-04-19,2009,Best Direction of a Play,1,0
2301,The Norman Conquests,2009-04-24,2009,Best Direction of a Play,1,0
260,Billy Elliot,2008-11-13,2009,Best Musical,1,1
261,Next to Normal,2009-04-15,2009,Best Musical,1,0
262,Rock Of Ages,2009-04-07,2009,Best Musical,1,0
263,shrek,2008-12-14,2009,Best Musical,1,0
1464,Next to Normal,2009-04-15,2009,Best Original Score,1,1
1465,Billy Elliot,2008-11-13,2009,Best Original Score,1,0
1466,shrek,2008-12-14,2009,Best Original Score,1,0
1467,9 to 5 broadway,1970-01-01,2009,Best Original Score,1,0
562,God of Carnage,2009-03-22,2009,Best Play,1,1
563,dividing the estate,1970-01-01,2009,Best Play,1,0
564,reasons to be pretty,1970-01-01,2009,Best Play,1,0
565,33 Variations,2009-03-09,2009,Best Play,1,0
751,Hair Off-Broadway,2008-08-08,2009,Best Revival of a Musical,1,1
752,guys and dolls,1970-01-01,2009,Best Revival of a Musical,1,0
753,pal joey,1970-01-01,2009,Best Revival of a Musical,1,0
754,West Side Story,2009-03-19,2009,Best Revival of a Musical,1,0
927,The Norman Conquests,2009-04-24,2009,Best Revival of a Play,1,1
928,Joe Turner's Come and Gone,2009-04-16,2009,Best Revival of a Play,1,0
929,Mary Stuart,2009-04-19,2009,Best Revival of a Play,1,0
930,Waiting For Godot (2009),2009-04-30,2009,Best Revival of a Play,1,0
1224,Memphis,2009-10-19,2010,Best Book of a Musical,1,1
1225,Everyday Rapture,2010-04-29,2010,Best Book of a Musical,1,0
1226,Fela!,2012-07-12,2010,Best Book of a Musical,1,0
1227,Million Dollar Quartet (2010),2010-04-11,2010,Best Book of a Musical,1,0
1758,Fela!,2012-07-12,2010,Best Choreography,1,1
1759,Come Fly Away,2010-03-25,2010,Best Choreography,1,0
1760,La Cage Aux Folles,2010-04-18,2010,Best Choreography,1,0
1761,"Promises, Promises",2010-04-25,2010,Best Choreography,1,0
2027,La Cage Aux Folles,2010-04-18,2010,Best Direction of a Musical,1,1
2028,Fela!,2012-07-12,2010,Best Direction of a Musical,1,0
2029,Memphis,2009-10-19,2010,Best Direction of a Musical,1,0
2030,Ragtime,2009-11-15,2010,Best Direction of a Musical,1,0
2302,Red Over Red,2010-07-22,2010,Best Direction of a Play,1,1
2303,Fences (2010),2010-04-26,2010,Best Direction of a Play,1,0
2304,Next Fall Off-Broadway,2009-06-04,2010,Best Direction of a Play,1,0
2305,A View from the Bridge,,2010,Best Direction of a Play,1,0
264,Memphis,2009-10-19,2010,Best Musical,1,1
265,American Idiot Broadway.Reviews,,2010,Best Musical,1,0
266,Fela!,2012-07-12,2010,Best Musical,1,0
267,Million Dollar Quartet (2010),2010-04-11,2010,Best Musical,1,0
1468,Memphis,2009-10-19,2010,Best Original Score,1,1
1469,The Addams Family,2010-04-08,2010,Best Original Score,1,0
1470,Enron,2010-04-27,2010,Best Original Score,1,0
1471,Fences (2010),2010-04-26,2010,Best Original Score,1,0
3,Red Over Red,2010-07-22,2010,Best Play,1,1
566,Red Over Red,2010-07-22,2010,Best Play,1,1
567,In The Next Room Or The Vibrator Play,2009-11-19,2010,Best Play,1,0
568,Next Fall Off-Broadway,2009-06-04,2010,Best Play,1,0
569,Time Stands Still,2010-10-07,2010,Best Play,1,0
755,La Cage Aux Folles,2010-04-18,2010,Best Revival of a Musical,1,1
756,Finian's Rainbow,,2010,Best Revival of a Musical,1,0
757,A Little Night Music,2009-12-13,2010,Best Revival of a Musical,1,0
758,Ragtime,2009-11-15,2010,Best Revival of a Musical,1,0
2,Fences (2010),2010-04-26,2010,Best Revival of a Play,1,1
931,Fences (2010),2010-04-26,2010,Best Revival of a Play,1,1
932,Lend Me A Tenor,2010-04-04,2010,Best Revival of a Play,1,0
933,The Royal Family,2009-10-08,2010,Best Revival of a Play,1,0
934,A View from the Bridge,,2010,Best Revival of a Play,1,0
1228,The Book of Mormon,2011-03-24,2011,Best Book of a Musical,1,1
1229,Bloody Bloody Andrew Jackson (Off-Broadway),2010-04-06,2011,Best Book of a Musical,1,0
1230,The Scottsboro Boys Off-Broadway,2010-03-10,2011,Best Book of a Musical,1,0
1231,Sister Act,2011-04-20,2011,Best Book of a Musical,1,0
1762,Anything Goes,2011-04-07,2011,Best Choreography,1,1
1763,The Book of Mormon,2011-03-24,2011,Best Choreography,1,0
1764,How to Succeed in Business Without Really Trying,2011-03-27,2011,Best Choreography,1,0
1765,The Scottsboro Boys Off-Broadway,2010-03-10,2011,Best Choreography,1,0
2031,The Book of Mormon,2011-03-24,2011,Best Direction of a Musical,1,1
2032,Anything Goes,2011-04-07,2011,Best Direction of a Musical,1,0
2033,How to Succeed in Business Without Really Trying,2011-03-27,2011,Best Direction of a Musical,1,0
2034,The Scottsboro Boys Off-Broadway,2010-03-10,2011,Best Direction of a Musical,1,0
2306,War Horse,2011-04-14,2011,Best Direction of a Play,1,1
2307,The Merchant of Venice (Broadway),2010-11-07,2011,Best Direction of a Play,1,0
2308,The Motherf**Ker With The Hat,,2011,Best Direction of a Play,1,0
2309,The Normal Heart,2011-04-27,2011,Best Direction of a Play,1,0
6,The Book of Mormon,2011-03-24,2011,Best Musical,1,1
268,The Book of Mormon,2011-03-24,2011,Best Musical,1,1
269,Catch Me If You Can,2011-04-10,2011,Best Musical,1,0
270,The Scottsboro Boys Off-Broadway,2010-03-10,2011,Best Musical,1,0
271,Sister Act,2011-04-20,2011,Best Musical,1,0
1472,The Book of Mormon,2011-03-24,2011,Best Original Score,1,1
1473,The Scottsboro Boys Off-Broadway,2010-03-10,2011,Best Original Score,1,0
1474,Sister Act,2011-04-20,2011,Best Original Score,1,0
1475,Women on the Verge of a Nervous Breakdown,2010-11-04,2011,Best Original Score,1,0
8,War Horse,2011-04-14,2011,Best Play,1,1
570,War Horse,2011-04-14,2011,Best Play,1,1
571,Good People,2011-03-03,2011,Best Play,1,0
572,Jerusalem,2011-04-21,2011,Best Play,1,0
573,The Motherf**Ker With The Hat,,2011,Best Play,1,0
4,Anything Goes,2011-04-07,2011,Best Revival of a Musical,1,1
759,Anything Goes,2011-04-07,2011,Best Revival of a Musical,1,1
760,How to Succeed in Business Without Really Trying,2011-03-27,2011,Best Revival of a Musical,1,0
7,The Normal Heart,2011-04-27,2011,Best Revival of a Play,1,1
935,The Normal Heart,2011-04-27,2011,Best Revival of a Play,1,1
936,Arcadia,2011-03-17,2011,Best Revival of a Play,1,0
937,The Importance of Being Earnest,2011-01-13,2011,Best Revival of a Play,1,0
938,The Merchant of Venice (Broadway),2010-11-07,2011,Best Revival of a Play,1,0
1232,Once at NYTW,2011-12-06,2012,Best Book of a Musical,1,1
1233,Lysistrata Jones (Off-Broadway),2011-06-05,2012,Best Book of a Musical,1,0
1234,Newsies at Paper Mill,2011-09-15,2012,Best Book of a Musical,1,0
1235,Nice Work If You Can Get It,2012-04-24,2012,Best Book of a Musical,1,0
1766,Newsies at Paper Mill,2011-09-15,2012,Best Choreography,1,1
1767,Evita,2012-04-05,2012,Best Choreography,1,0
1768,Nice Work If You Can Get It,2012-04-24,2012,Best Choreography,1,0
1769,Once at NYTW,2011-12-06,2012,Best Choreography,1,0
2035,Once at NYTW,2011-12-06,2012,Best Direction of a Musical,1,1
2036,Newsies at Paper Mill,2011-09-15,2012,Best Direction of a Musical,1,0
2037,Nice Work If You Can Get It,2012-04-24,2012,Best Direction of a Musical,1,0
2038,The Gershwins' Porgy and Bess (Massachusetts),2011-08-17,2012,Best Direction of a Musical,1,0
2310,Death of a Salesman,2012-03-15,2012,Best Direction of a Play,1,1
2311,Clybourne Park Off Broadway,2010-02-21,2012,Best Direction of a Play,1,0
2312,"One Man, Two Guvnors",2012-04-18,2012,Best Direction of a Play,1,0
2313,Peter and the Starcatcher Off-Broadway,2011-03-09,2012,Best Direction of a Play,1,0
11,Once at NYTW,2011-12-06,2012,Best Musical,1,1
272,Once at NYTW,2011-12-06,2012,Best Musical,1,1
273,Leap of Faith,2012-04-26,2012,Best Musical,1,0
274,Newsies at Paper Mill,2011-09-15,2012,Best Musical,1,0
275,Nice Work If You Can Get It,2012-04-24,2012,Best Musical,1,0
1476,Newsies at Paper Mill,2011-09-15,2012,Best Original Score,1,1
1477,Bonnie & Clyde,2011-12-01,2012,Best Original Score,1,0
1478,"One Man, Two Guvnors",2012-04-18,2012,Best Original Score,1,0
1479,Peter and the Starcatcher Off-Broadway,2011-03-09,2012,Best Original Score,1,0
9,Clybourne Park Off Broadway,2010-02-21,2012,Best Play,1,1
574,Clybourne Park Off Broadway,2010-02-21,2012,Best Play,1,1
575,Other Desert Cities,2011-11-03,2012,Best Play,1,0
576,Peter and the Starcatcher Off-Broadway,2011-03-09,2012,Best Play,1,0
577,Venus In Fur (Off-Broadway),2010-01-26,2012,Best Play,1,0
5,The Gershwins' Porgy and Bess (Massachusetts),2011-08-17,2012,Best Revival of a Musical,1,1
761,The Gershwins' Porgy and Bess (Massachusetts),2011-08-17,2012,Best Revival of a Musical,1,1
762,Evita,2012-04-05,2012,Best Revival of a Musical,1,0
763,Follies,2011-09-12,2012,Best Revival of a Musical,1,0
764,Jesus Christ Superstar at Avon,2011-05-16,2012,Best Revival of a Musical,1,0
10,Death of a Salesman,2012-03-15,2012,Best Revival of a Play,1,1
939,Death of a Salesman,2012-03-15,2012,Best Revival of a Play,1,1
940,The Best Man,2012-04-01,2012,Best Revival of a Play,1,0
941,Master Class,2011-07-07,2012,Best Revival of a Play,1,0
942,Wit,2012-01-26,2012,Best Revival of a Play,1,0
1236,Matilda the Musical,2013-04-11,2013,Best Book of a Musical,1,1
1237,A Christmas Story the Musical (Lunt-Fontanne),2012-11-19,2013,Best Book of a Musical,1,0
1238,Kinky Boots The Musical,2013-04-04,2013,Best Book of a Musical,1,0
1239,Cinderella,2013-03-03,2013,Best Book of a Musical,1,0
1770,Kinky Boots The Musical,2013-04-04,2013,Best Choreography,1,1
1771,Bring It On,2012-08-01,2013,Best Choreography,1,0
1772,Matilda the Musical,2013-04-11,2013,Best Choreography,1,0
1773,Pippin,2013-04-25,2013,Best Choreography,1,0
2039,Pippin,2013-04-25,2013,Best Direction of a Musical,1,1
2040,Kinky Boots The Musical,2013-04-04,2013,Best Direction of a Musical,1,0
2041,Matilda the Musical,2013-04-11,2013,Best Direction of a Musical,1,0
2042,The Mystery of Edwin Drood,2012-11-13,2013,Best Direction of a Musical,1,0
2314,Who's Afraid of Virginia Woolf,2012-10-13,2013,Best Direction of a Play,1,1
2315,Golden Boy,2012-12-06,2013,Best Direction of a Play,1,0
2316,Lucky Guy the Musical,2011-05-19,2013,Best Direction of a Play,1,0
2317,Vanya and Sonia and Masha and Spike,2013-03-14,2013,Best Direction of a Play,1,0
14,Kinky Boots The Musical,2013-04-04,2013,Best Musical,1,1
276,Kinky Boots The Musical,2013-04-04,2013,Best Musical,1,1
277,Bring It On,2012-08-01,2013,Best Musical,1,0
278,A Christmas Story the Musical (Lunt-Fontanne),2012-11-19,2013,Best Musical,1,0
279,Matilda the Musical,2013-04-11,2013,Best Musical,1,0
1480,Kinky Boots The Musical,2013-04-04,2013,Best Original Score,1,1
1481,A Christmas Story the Musical (Lunt-Fontanne),2012-11-19,2013,Best Original Score,1,0
1482,Hands On a Hardbody at La Jolla,2012-06-06,2013,Best Original Score,1,0
1483,Matilda the Musical,2013-04-11,2013,Best Original Score,1,0
16,Vanya and Sonia and Masha and Spike,2013-03-14,2013,Best Play,1,1
578,Vanya and Sonia and Masha and Spike,2013-03-14,2013,Best Play,1,1
579,The Assembled Parties,2013-04-17,2013,Best Play,1,0
580,Lucky Guy the Musical,2011-05-19,2013,Best Play,1,0
581,The Testament of Mary,2013-04-22,2013,Best Play,1,0
15,Pippin,2013-04-25,2013,Best Revival of a Musical,1,1
765,Pippin,2013-04-25,2013,Best Revival of a Musical,1,1
766,Annie,2012-11-08,2013,Best Revival of a Musical,1,0
767,The Mystery of Edwin Drood,2012-11-13,2013,Best Revival of a Musical,1,0
768,Cinderella,2013-03-03,2013,Best Revival of a Musical,1,0
12,Who's Afraid of Virginia Woolf,2012-10-13,2013,Best Revival of a Play,1,1
943,Who's Afraid of Virginia Woolf,2012-10-13,2013,Best Revival of a Play,1,1
944,Golden Boy,2012-12-06,2013,Best Revival of a Play,1,0
945,Orphans,2013-04-18,2013,Best Revival of a Play,1,0
946,The Trip to Bountiful,2013-04-23,2013,Best Revival of a Play,1,0
1240,A Gentleman's Guide to Love and Murder,2013-11-17,2014,Best Book of a Musical,1,1
1241,Aladdin,2014-03-20,2014,Best Book of a Musical,1,0
1242,Beautiful: The Carole King Musical,2014-01-12,2014,Best Book of a Musical,1,0
1243,Bullets Over Broadway,2014-04-10,2014,Best Book of a Musical,1,0
1774,After Midnight,2013-11-03,2014,Best Choreography,1,1
1775,Aladdin,2014-03-20,2014,Best Choreography,1,0
1776,Bullets Over Broadway,2014-04-10,2014,Best Choreography,1,0
1777,Rocky,2014-03-13,2014,Best Choreography,1,0
2043,A Gentleman's Guide to Love and Murder,2013-11-17,2014,Best Direction of a Musical,1,1
2044,After Midnight,2013-11-03,2014,Best Direction of a Musical,1,0
2045,Hedwig & the Angry Inch,2014-04-22,2014,Best Direction of a Musical,1,0
2046,Violet at City Center,2013-07-18,2014,Best Direction of a Musical,1,0
2318,A Raisin in the Sun,2014-04-03,2014,Best Direction of a Play,1,1
2319,The Cripple of Inishmaan,2014-04-20,2014,Best Direction of a Play,1,0
2320,The Glass Menagerie,2013-09-26,2014,Best Direction of a Play,1,0
2321,TWELFTH NIGHT AND RICHARD III,2013-11-10,2014,Best Direction of a Play,1,0
13,A Gentleman's Guide to Love and Murder,2013-11-17,2014,Best Musical,1,1
280,A Gentleman's Guide to Love and Murder,2013-11-17,2014,Best Musical,1,1
281,After Midnight,2013-11-03,2014,Best Musical,1,0
282,Aladdin,2014-03-20,2014,Best Musical,1,0
283,Beautiful: The Carole King Musical,2014-01-12,2014,Best Musical,1,0
1484,The Bridges of Madison County,2014-02-20,2014,Best Original Score,1,1
1485,Aladdin,2014-03-20,2014,Best Original Score,1,0
1486,A Gentleman's Guide to Love and Murder,2013-11-17,2014,Best Original Score,1,0
1487,If/Then,2014-03-30,2014,Best Original Score,1,0
18,All The Way (ART),2013-09-13,2014,Best Play,1,1
582,All The Way (ART),2013-09-13,2014,Best Play,1,1
583,Act One,2014-04-17,2014,Best Play,1,0
584,Casa Valentina,2014-04-23,2014,Best Play,1,0
585,Mothers and Sons,2014-03-24,2014,Best Play,1,0
586,Outside Mullingar,2014-01-23,2014,Best Play,1,0
19,Hedwig & the Angry Inch,2014-04-22,2014,Best Revival of a Musical,1,1
769,Hedwig & the Angry Inch,2014-04-22,2014,Best Revival of a Musical,1,1
770,Les Miserables,2014-03-23,2014,Best Revival of a Musical,1,0
771,Violet at City Center,2013-07-18,2014,Best Revival of a Musical,1,0
17,A Raisin in the Sun,2014-04-03,2014,Best Revival of a Play,1,1
947,A Raisin in the Sun,2014-04-03,2014,Best Revival of a Play,1,1
948,The Cripple of Inishmaan,2014-04-20,2014,Best Revival of a Play,1,0
949,The Glass Menagerie,2013-09-26,2014,Best Revival of a Play,1,0
950,TWELFTH NIGHT AND RICHARD III,2013-11-10,2014,Best Revival of a Play,1,0
1244,Fun Home,2013-10-22,2015,Best Book of a Musical,1,1
1245,An American in Paris,2015-04-12,2015,Best Book of a Musical,1,0
1246,Something Rotten!,2015-04-22,2015,Best Book of a Musical,1,0
1247,The Visit (Williamstown),2014-08-07,2015,Best Book of a Musical,1,0
1778,An American in Paris,2015-04-12,2015,Best Choreography,1,1
1779,The Curious Incident of the Dog in the Night-Time,2014-10-05,2015,Best Choreography,1,0
1780,The King and I,2015-04-16,2015,Best Choreography,1,0
1781,On The Town,2014-10-16,2015,Best Choreography,1,0
1782,Something Rotten!,2015-04-22,2015,Best Choreography,1,0
2047,Fun Home,2013-10-22,2015,Best Direction of a Musical,1,1
2048,An American in Paris,2015-04-12,2015,Best Direction of a Musical,1,0
2049,The King and I,2015-04-16,2015,Best Direction of a Musical,1,0
2050,On The Town,2014-10-16,2015,Best Direction of a Musical,1,0
2051,Something Rotten!,2015-04-22,2015,Best Direction of a Musical,1,0
2322,The Curious Incident of the Dog in the Night-Time,2014-10-05,2015,Best Direction of a Play,1,1
2323,Hand to God,2014-02-19,2015,Best Direction of a Play,1,0
2324,Skylight,2015-04-02,2015,Best Direction of a Play,1,0
2325,Wolf Hall Parts One & Two,2015-04-09,2015,Best Direction of a Play,1,0
2326,You Can’t Take It With You,2014-09-28,2015,Best Direction of a Play,1,0
21,Fun Home,2013-10-22,2015,Best Musical,1,1
284,Fun Home,2013-10-22,2015,Best Musical,1,1
285,An American in Paris,2015-04-12,2015,Best Musical,1,0
286,Something Rotten!,2015-04-22,2015,Best Musical,1,0
287,The Visit (Williamstown),2014-08-07,2015,Best Musical,1,0
1488,Fun Home,2013-10-22,2015,Best Original Score,1,1
1489,The Last Ship,2014-10-26,2015,Best Original Score,1,0
1490,Something Rotten!,2015-04-22,2015,Best Original Score,1,0
1491,The Visit (Williamstown),2014-08-07,2015,Best Original Score,1,0
20,The Curious Incident of the Dog in the Night-Time,2014-10-05,2015,Best Play,1,1
587,The Curious Incident of the Dog in the Night-Time,2014-10-05,2015,Best Play,1,1
588,Disgraced,2014-10-23,2015,Best Play,1,0
589,Hand to God,2014-02-19,2015,Best Play,1,0
590,Wolf Hall Parts One & Two,2015-04-09,2015,Best Play,1,0
25,The King and I,2015-04-16,2015,Best Revival of a Musical,1,1
772,The King and I,2015-04-16,2015,Best Revival of a Musical,1,1
773,On The Town,2014-10-16,2015,Best Revival of a Musical,1,0
774,On the Twentieth Century,2015-03-15,2015,Best Revival of a Musical,1,0
23,Skylight,2015-04-02,2015,Best Revival of a Play,1,1
951,Skylight,2015-04-02,2015,Best Revival of a Play,1,1
952,The Elephant Man,2014-12-07,2015,Best Revival of a Play,1,0
953,This Is Our Youth,2014-09-11,2015,Best Revival of a Play,1,0
954,You Can’t Take It With You,2014-09-28,2015,Best Revival of a Play,1,0
1248,Hamilton,2015-02-17,2016,Best Book of a Musical,1,1
1249,Bright Star,2014-09-13,2016,Best Book of a Musical,1,0
1250,School of Rock,2015-12-06,2016,Best Book of a Musical,1,0
1251,Shuffle Along,2016-04-28,2016,Best Book of a Musical,1,0
1783,Hamilton,2015-02-17,2016,Best Choreography,1,1
1784,Dames at Sea,2015-10-22,2016,Best Choreography,1,0
1785,Fiddler on the Roof,2015-12-20,2016,Best Choreography,1,0
1786,On Your Feet!,2015-11-05,2016,Best Choreography,1,0
1787,Shuffle Along,2016-04-28,2016,Best Choreography,1,0
2052,Hamilton,2015-02-17,2016,Best Direction of a Musical,1,1
2053,The Color Purple,2015-12-10,2016,Best Direction of a Musical,1,0
2054,She Loves Me,2016-03-17,2016,Best Direction of a Musical,1,0
2055,Shuffle Along,2016-04-28,2016,Best Direction of a Musical,1,0
2056,Spring Awakening,2015-09-27,2016,Best Direction of a Musical,1,0
2327,A View From the Bridge,2015-11-12,2016,Best Direction of a Play,1,1
2328,Eclipsed,2015-09-29,2016,Best Direction of a Play,1,0
2329,The Humans,2015-10-25,2016,Best Direction of a Play,1,0
2330,King Charles III,2015-11-01,2016,Best Direction of a Play,1,0
2331,Long Day's Journey Into Night,2016-04-27,2016,Best Direction of a Play,1,0
22,Hamilton,2015-02-17,2016,Best Musical,1,1
288,Hamilton,2015-02-17,2016,Best Musical,1,1
289,Bright Star,2014-09-13,2016,Best Musical,1,0
290,School of Rock,2015-12-06,2016,Best Musical,1,0
291,Shuffle Along,2016-04-28,2016,Best Musical,1,0
292,Waitress,2016-04-24,2016,Best Musical,1,0
1492,Hamilton,2015-02-17,2016,Best Original Score,1,1
1493,Bright Star,2014-09-13,2016,Best Original Score,1,0
1494,School of Rock,2015-12-06,2016,Best Original Score,1,0
1495,Waitress,2016-04-24,2016,Best Original Score,1,0
27,The Humans,2015-10-25,2016,Best Play,1,1
591,The Humans,2015-10-25,2016,Best Play,1,1
592,Eclipsed,2015-09-29,2016,Best Play,1,0
593,Father Comes Home From the Wars,2014-10-14,2016,Best Play,1,0
594,King Charles III,2015-11-01,2016,Best Play,1,0
24,The Color Purple,2015-12-10,2016,Best Revival of a Musical,1,1
775,The Color Purple,2015-12-10,2016,Best Revival of a Musical,1,1
776,Fiddler on the Roof,2015-12-20,2016,Best Revival of a Musical,1,0
777,She Loves Me,2016-03-17,2016,Best Revival of a Musical,1,0
778,Spring Awakening,2015-09-27,2016,Best Revival of a Musical,1,0
1,A View From the Bridge,2015-11-12,2016,Best Revival of a Play,1,1
955,A View From the Bridge,2015-11-12,2016,Best Revival of a Play,1,1
956,Blackbird,2016-03-10,2016,Best Revival of a Play,1,0
957,The Crucible (London),2014-06-21,2016,Best Revival of a Play,1,0
958,Long Day's Journey Into Night,2016-04-27,2016,Best Revival of a Play,1,0
959,Noises Off,2016-01-14,2016,Best Revival of a Play,1,0
1252,Dear Evan Hansen,2016-05-01,2017,Best Book of a Musical,1,1
1253,Come From Away,2017-03-12,2017,Best Book of a Musical,1,0
1254,Groundhog Day,2016-08-16,2017,Best Book of a Musical,1,0
1255,"Natasha, Pierre & the Great Comet of 1812",2016-11-14,2017,Best Book of a Musical,1,0
1788,Bandstand,2017-04-26,2017,Best Choreography,1,1
1789,Come From Away,2017-03-12,2017,Best Choreography,1,0
1790,Groundhog Day,2016-08-16,2017,Best Choreography,1,0
1791,Holiday Inn,2016-10-06,2017,Best Choreography,1,0
1792,"Natasha, Pierre & the Great Comet of 1812",2016-11-14,2017,Best Choreography,1,0
2057,Come From Away,2017-03-12,2017,Best Direction of a Musical,1,1
2058,Dear Evan Hansen,2016-05-01,2017,Best Direction of a Musical,1,0
2059,Groundhog Day,2016-08-16,2017,Best Direction of a Musical,1,0
2060,"Hello, Dolly!",2017-04-20,2017,Best Direction of a Musical,1,0
2061,"Natasha, Pierre & the Great Comet of 1812",2016-11-14,2017,Best Direction of a Musical,1,0
2332,Indecent,2017-04-18,2017,Best Direction of a Play,1,1
2333,"A Doll's House, Part 2",2017-04-27,2017,Best Direction of a Play,1,0
2334,Jitney,2017-01-19,2017,Best Direction of a Play,1,0
2335,The Little Foxes,2017-04-19,2017,Best Direction of a Play,1,0
2336,Oslo,2016-07-11,2017,Best Direction of a Play,1,0
26,Dear Evan Hansen,2016-05-01,2017,Best Musical,1,1
293,Dear Evan Hansen,2016-05-01,2017,Best Musical,1,1
294,Come From Away,2017-03-12,2017,Best Musical,1,0
295,Groundhog Day,2016-08-16,2017,Best Musical,1,0
296,"Natasha, Pierre & the Great Comet of 1812",2016-11-14,2017,Best Musical,1,0
1496,Dear Evan Hansen,2016-05-01,2017,Best Original Score,1,1
1497,Come From Away,2017-03-12,2017,Best Original Score,1,0
1498,Groundhog Day,2016-08-16,2017,Best Original Score,1,0
1499,"Natasha, Pierre & the Great Comet of 1812",2016-11-14,2017,Best Original Score,1,0
31,Oslo,2016-07-11,2017,Best Play,1,1
595,Oslo,2016-07-11,2017,Best Play,1,1
596,"A Doll's House, Part 2",2017-04-27,2017,Best Play,1,0
597,Indecent,2017-04-18,2017,Best Play,1,0
598,Sweat (Public Theater),2016-11-03,2017,Best Play,1,0
28,"Hello, Dolly!",2017-04-20,2017,Best Revival of a Musical,1,1
779,"Hello, Dolly!",2017-04-20,2017,Best Revival of a Musical,1,1
780,Falsettos,2016-10-27,2017,Best Revival of a Musical,1,0
781,Miss Saigon,2017-03-23,2017,Best Revival of a Musical,1,0
29,Jitney,2017-01-19,2017,Best Revival of a Play,1,1
960,Jitney,2017-01-19,2017,Best Revival of a Play,1,1
961,The Little Foxes,2017-04-19,2017,Best Revival of a Play,1,0
962,The Present,2017-01-08,2017,Best Revival of a Play,1,0
963,Six Degrees of Separation,2017-04-25,2017,Best Revival of a Play,1,0
1256,The Band's Visit,2017-11-09,2018,Best Book of a Musical,1,1
1257,Frozen,2017-08-17,2018,Best Book of a Musical,1,0
1258,Mean Girls,2018-04-08,2018,Best Book of a Musical,1,0
1259,SpongeBob SquarePants,2017-12-04,2018,Best Book of a Musical,1,0
1793,Carousel,2018-04-12,2018,Best Choreography,1,1
1794,Harry Potter and the Cursed Child,2018-04-22,2018,Best Choreography,1,0
1795,Mean Girls,2018-04-08,2018,Best Choreography,1,0
1796,My Fair Lady,2018-04-19,2018,Best Choreography,1,0
2062,The Band's Visit,2017-11-09,2018,Best Direction of a Musical,1,1
2063,Mean Girls,2018-04-08,2018,Best Direction of a Musical,1,0
2064,My Fair Lady,2018-04-19,2018,Best Direction of a Musical,1,0
2065,Once On This Island,2017-12-03,2018,Best Direction of a Musical,1,0
2066,SpongeBob SquarePants,2017-12-04,2018,Best Direction of a Musical,1,0
2337,Harry Potter and the Cursed Child,2018-04-22,2018,Best Direction of a Play,1,1
2338,Angels in America,2018-03-25,2018,Best Direction of a Play,1,0
2339,The Iceman Cometh (2018),2018-04-26,2018,Best Direction of a Play,1,0
2340,Three Tall Women,2018-03-29,2018,Best Direction of a Play,1,0
2341,Travesties,2018-04-24,2018,Best Direction of a Play,1,0
32,The Band's Visit,2017-11-09,2018,Best Musical,1,1
297,The Band's Visit,2017-11-09,2018,Best Musical,1,1
298,Frozen,2017-08-17,2018,Best Musical,1,0
299,Mean Girls,2018-04-08,2018,Best Musical,1,0
300,SpongeBob SquarePants,2017-12-04,2018,Best Musical,1,0
1500,The Band's Visit,2017-11-09,2018,Best Original Score,1,1
1501,Angels in America,2018-03-25,2018,Best Original Score,1,0
1502,Frozen,2017-08-17,2018,Best Original Score,1,0
1503,Mean Girls,2018-04-08,2018,Best Original Score,1,0
1504,SpongeBob SquarePants,2017-12-04,2018,Best Original Score,1,0
40,Harry Potter and the Cursed Child,2018-04-22,2018,Best Play,1,1
599,Harry Potter and the Cursed Child,2018-04-22,2018,Best Play,1,1
600,Little Children Dream of God,2015-02-17,2018,Best Play,1,0
601,Farinelli and the King,2017-12-17,2018,Best Play,1,0
602,Junk,2017-11-02,2018,Best Play,1,0
603,Latin History for Morons,2017-03-27,2018,Best Play,1,0
30,Once On This Island,2017-12-03,2018,Best Revival of a Musical,1,1
782,Once On This Island,2017-12-03,2018,Best Revival of a Musical,1,1
783,Carousel,2018-04-12,2018,Best Revival of a Musical,1,0
784,My Fair Lady,2018-04-19,2018,Best Revival of a Musical,1,0
33,Angels in America,2018-03-25,2018,Best Revival of a Play,1,1
964,Angels in America,2018-03-25,2018,Best Revival of a Play,1,1
965,The Iceman Cometh (2018),2018-04-26,2018,Best Revival of a Play,1,0
966,Lobby Hero,2018-03-26,2018,Best Revival of a Play,1,0
967,Three Tall Women,2018-03-29,2018,Best Revival of a Play,1,0
968,Travesties,2018-04-24,2018,Best Revival of a Play,1,0
1260,Tootsie,2019-04-23,2019,Best Book of a Musical,1,1
1261,Ain’t Too Proud,,2019,Best Book of a Musical,1,0
1262,Beetlejuice,2019-04-25,2019,Best Book of a Musical,1,0
1263,Hadestown,2019-04-17,2019,Best Book of a Musical,1,0
1264,The Prom,2018-11-15,2019,Best Book of a Musical,1,0
1797,Ain’t Too Proud,,2019,Best Choreography,1,1
1798,Choir Boy,2019-01-08,2019,Best Choreography,1,0
1799,Hadestown,2019-04-17,2019,Best Choreography,1,0
1800,"Kiss Me, Kate",2019-03-14,2019,Best Choreography,1,0
1801,Tootsie,2019-04-23,2019,Best Choreography,1,0
2067,Hadestown,2019-04-17,2019,Best Direction of a Musical,1,1
2068,Ain't Too Proud,,2019,Best Direction of a Musical,1,0
2069,Oklahoma!,2019-04-07,2019,Best Direction of a Musical,1,0
2070,The Prom,2018-11-15,2019,Best Direction of a Musical,1,0
2071,Tootsie,2019-04-23,2019,Best Direction of a Musical,1,0
2342,The Ferryman,2018-10-21,2019,Best Direction of a Play,1,1
2343,_______ A,2017-09-11,2019,Best Direction of a Play,1,0
2344,Ink,2019-04-24,2019,Best Direction of a Play,1,0
2345,Network,2018-12-06,2019,Best Direction of a Play,1,0
2346,To Kill a Mockingbird,2018-12-13,2019,Best Direction of a Play,1,0
36,Hadestown,2019-04-17,2019,Best Musical,1,1
301,Hadestown,2019-04-17,2019,Best Musical,1,1
302,Ain't Too Proud,,2019,Best Musical,1,0
303,Beetlejuice,2019-04-25,2019,Best Musical,1,0
304,The Prom,2018-11-15,2019,Best Musical,1,0
305,Tootsie,2019-04-23,2019,Best Musical,1,0
1505,Hadestown,2019-04-17,2019,Best Original Score,1,1
1506,Be More Chill,2019-03-10,2019,Best Original Score,1,0
1507,Beetlejuice,2019-04-25,2019,Best Original Score,1,0
1508,The Prom,2018-11-15,2019,Best Original Score,1,0
1509,To Kill a Mockingbird,2018-12-13,2019,Best Original Score,1,0
1510,Tootsie,2019-04-23,2019,Best Original Score,1,0
34,The Ferryman,2018-10-21,2019,Best Play,1,1
604,The Ferryman,2018-10-21,2019,Best Play,1,1
605,Choir Boy,2019-01-08,2019,Best Play,1,0
606,_______ A,2017-09-11,2019,Best Play,1,0
607,Ink,2019-04-24,2019,Best Play,1,0
608,What the Constitution Means to Me,2019-03-31,2019,Best Play,1,0
37,Oklahoma!,2019-04-07,2019,Best Revival of a Musical,1,1
785,Oklahoma!,2019-04-07,2019,Best Revival of a Musical,1,1
786,"Kiss Me, Kate",2019-03-14,2019,Best Revival of a Musical,1,0
35,The Waverly Gallery,2018-10-25,2019,Best Revival of a Play,1,1
969,The Boys in the Band (2018),2018-05-31,2019,Best Revival of a Play,1,1
970,All My Sons,2019-04-22,2019,Best Revival of a Play,1,0
971,Burn This,2019-04-16,2019,Best Revival of a Play,1,0
972,Torch Song,2018-11-01,2019,Best Revival of a Play,1,0
973,The Waverly Gallery,2018-10-25,2019,Best Revival of a Play,1,0
1265,Jagged Little Pill,2019-12-05,2020,Best Book of a Musical,1,1
1266,Moulin Rouge! The Musical,2019-07-25,2020,Best Book of a Musical,1,0
1267,"TINA, The Tina Turner Musical",2019-11-07,2020,Best Book of a Musical,1,0
1802,Moulin Rouge! The Musical,2019-07-25,2020,Best Choreography,1,1
1803,Jagged Little Pill,2019-12-05,2020,Best Choreography,1,0
1804,"TINA, The Tina Turner Musical",2019-11-07,2020,Best Choreography,1,0
2072,Moulin Rouge! The Musical,2019-07-25,2020,Best Direction of a Musical,1,1
2073,Jagged Little Pill,2019-12-05,2020,Best Direction of a Musical,1,0
2074,"TINA, The Tina Turner Musical",2019-11-07,2020,Best Direction of a Musical,1,0
2347,The Inheritance,2019-11-17,2020,Best Direction of a Play,1,1
2348,Betrayal,2019-09-05,2020,Best Direction of a Play,1,0
2349,Slave Play,2019-10-06,2020,Best Direction of a Play,1,0
2350,A Soldier's Play,2020-01-21,2020,Best Direction of a Play,1,0
2351,The Sound Inside,2019-10-17,2020,Best Direction of a Play,1,0
1511,A Christmas Carol,2019-11-20,2020,Best Original Score,1,1
1512,The Inheritance,2019-11-17,2020,Best Original Score,1,0
1513,The Rose Tattoo,2019-10-15,2020,Best Original Score,1,0
1514,Slave Play,2019-10-06,2020,Best Original Score,1,0
1515,The Sound Inside,2019-10-17,2020,Best Original Score,1,0
609,The Inheritance,2019-11-17,2020,Best Play,1,1
610,Grand Horizons,2020-01-23,2020,Best Play,1,0
611,Sea Wall / A Life,2019-08-08,2020,Best Play,1,0
612,Slave Play,2019-10-06,2020,Best Play,1,0
613,The Sound Inside,2019-10-17,2020,Best Play,1,0
974,A Soldier's Play,2020-01-21,2020,Best Revival of a Play,1,1
975,Betrayal,2019-09-05,2020,Best Revival of a Play,1,0
976,Frankie and Johnny in the Clair de Lune,2019-05-30,2020,Best Revival of a Play,1,0
306,Moulin Rouge! The Musical,2019-07-25,2021,Best Musical,1,1
307,Jagged Little Pill,2019-12-05,2021,Best Musical,1,0
308,"TINA, The Tina Turner Musical",2019-11-07,2021,Best Musical,1,0
1268,A Strange Loop,2022-04-26,2022,Best Book of a Musical,1,1
1269,Girl From The North Country,2020-03-05,2022,Best Book of a Musical,1,0
1270,MJ the Musical,2022-02-01,2022,Best Book of a Musical,1,0
1271,Mr. Saturday Night,2022-04-27,2022,Best Book of a Musical,1,0
1272,Paradise Square,2022-04-03,2022,Best Book of a Musical,1,0
1805,MJ the Musical,2022-02-01,2022,Best Choreography,1,1
1806,for colored girls who have considered suicide / when the rainbow is enuf,2022-04-20,2022,Best Choreography,1,0
1807,The Music Man,2022-02-10,2022,Best Choreography,1,0
1808,Paradise Square,2022-04-03,2022,Best Choreography,1,0
1809,Six,2021-10-03,2022,Best Choreography,1,0
2075,Company,2021-12-09,2022,Best Direction of a Musical,1,1
2076,Girl From The North Country,2020-03-05,2022,Best Direction of a Musical,1,0
2077,MJ the Musical,2022-02-01,2022,Best Direction of a Musical,1,0
2078,Six,2021-10-03,2022,Best Direction of a Musical,1,0
2079,A Strange Loop,2022-04-26,2022,Best Direction of a Musical,1,0
2352,The Lehman Trilogy,2021-10-14,2022,Best Direction of a Play,1,1
2353,American Buffalo,2022-04-14,2022,Best Direction of a Play,1,0
2354,Dana H.,2021-10-17,2022,Best Direction of a Play,1,0
2355,for colored girls who have considered suicide / when the rainbow is enuf,2022-04-20,2022,Best Direction of a Play,1,0
2356,The Skin of Our Teeth,2022-04-25,2022,Best Direction of a Play,1,0
41,A Strange Loop,2022-04-26,2022,Best Musical,1,1
309,A Strange Loop,2022-04-26,2022,Best Musical,1,1
310,Girl From The North Country,2020-03-05,2022,Best Musical,1,0
311,MJ the Musical,2022-02-01,2022,Best Musical,1,0
312,Mr. Saturday Night,2022-04-27,2022,Best Musical,1,0
313,Paradise Square,2022-04-03,2022,Best Musical,1,0
314,Six,2021-10-03,2022,Best Musical,1,0
1516,Six,2021-10-03,2022,Best Original Score,1,1
1517,Flying Over Sunset,2021-12-13,2022,Best Original Score,1,0
1518,Mr. Saturday Night,2022-04-27,2022,Best Original Score,1,0
1519,Paradise Square,2022-04-03,2022,Best Original Score,1,0
1520,A Strange Loop,2022-04-26,2022,Best Original Score,1,0
39,The Lehman Trilogy,2021-10-14,2022,Best Play,1,1
614,The Lehman Trilogy,2021-10-14,2022,Best Play,1,1
615,Clyde's,2021-11-23,2022,Best Play,1,0
616,Hangmen,2022-04-21,2022,Best Play,1,0
617,The Minutes,2022-04-17,2022,Best Play,1,0
618,Skeleton Crew,2022-01-26,2022,Best Play,1,0
38,Company,2021-12-09,2022,Best Revival of a Musical,1,1
787,Company,2021-12-09,2022,Best Revival of a Musical,1,1
788,"Caroline, or Change",2021-10-27,2022,Best Revival of a Musical,1,0
789,The Music Man,2022-02-10,2022,Best Revival of a Musical,1,0
44,Take Me Out,2022-04-04,2022,Best Revival of a Play,1,1
977,Take Me Out,2022-04-04,2022,Best Revival of a Play,1,1
978,American Buffalo,2022-04-14,2022,Best Revival of a Play,1,0
979,for colored girls who have considered suicide / when the rainbow is enuf,2022-04-20,2022,Best Revival of a Play,1,0
980,How I Learned to Drive,2022-04-19,2022,Best Revival of a Play,1,0
981,Trouble in Mind,2021-11-18,2022,Best Revival of a Play,1,0
1273,Kimberly Akimbo,2022-11-10,2023,Best Book of a Musical,1,1
1274,& Juliet,2022-11-17,2023,Best Book of a Musical,1,0
1275,"New York, New York",,2023,Best Book of a Musical,1,0
1276,Shucked,2023-04-04,2023,Best Book of a Musical,1,0
1277,Some Like It Hot,2022-12-11,2023,Best Book of a Musical,1,0
1810,Some Like It Hot,2022-12-11,2023,Best Choreography,1,1
1811,& Juliet,2022-11-17,2023,Best Choreography,1,0
1812,"New York, New York",,2023,Best Choreography,1,0
1813,Sweeney Todd: The Demon Barber of Fleet Street,2023-03-26,2023,Best Choreography,1,0
2080,Parade,2023-03-16,2023,Best Direction of a Musical,1,1
2081,Into the Woods,2022-07-10,2023,Best Direction of a Musical,1,0
2082,Kimberly Akimbo,2022-11-10,2023,Best Direction of a Musical,1,0
2083,Shucked,2023-04-04,2023,Best Direction of a Musical,1,0
2084,Some Like It Hot,2022-12-11,2023,Best Direction of a Musical,1,0
2357,Leopoldstadt,2022-10-02,2023,Best Direction of a Play,1,1
2358,Ain't No Mo',2022-12-01,2023,Best Direction of a Play,1,0
2359,Cost of Living,2022-10-03,2023,Best Direction of a Play,1,0
2360,A Dolls Houses,,2023,Best Direction of a Play,1,0
2361,Fat Ham,2023-04-12,2023,Best Direction of a Play,1,0
2362,Life of Pi,2023-03-30,2023,Best Direction of a Play,1,0
42,Kimberly Akimbo,2022-11-10,2023,Best Musical,1,1
315,Kimberly Akimbo,2022-11-10,2023,Best Musical,1,1
316,& Juliet,2022-11-17,2023,Best Musical,1,0
317,"New York, New York",,2023,Best Musical,1,0
318,Shucked,2023-04-04,2023,Best Musical,1,0
319,Some Like It Hot,2022-12-11,2023,Best Musical,1,0
1521,Kimberly Akimbo,2022-11-10,2023,Best Original Score,1,1
1522,Almost Famous,2022-11-03,2023,Best Original Score,1,0
1523,KPOP,2022-11-21,2023,Best Original Score,1,0
1524,Shucked,2023-04-04,2023,Best Original Score,1,0
1525,Some Like It Hot,2022-12-11,2023,Best Original Score,1,0
43,Leopoldstadt,2022-10-02,2023,Best Play,1,1
619,Leopoldstadt,2022-10-02,2023,Best Play,1,1
620,Ain't No Mo',2022-12-01,2023,Best Play,1,0
621,Between Riverside and Crazy,2022-12-19,2023,Best Play,1,0
622,Cost of Living,2022-10-03,2023,Best Play,1,0
623,Fat Ham,2023-04-12,2023,Best Play,1,0
48,Parade,2023-03-16,2023,Best Revival of a Musical,1,1
790,Parade,2023-03-16,2023,Best Revival of a Musical,1,1
791,Camelot,2023-04-13,2023,Best Revival of a Musical,1,0
792,Into the Woods,2022-07-10,2023,Best Revival of a Musical,1,0
793,Sweeney Todd: The Demon Barber of Fleet Street,2023-03-26,2023,Best Revival of a Musical,1,0
45,Topdog/Underdog,2022-10-20,2023,Best Revival of a Play,1,1
982,Suzan-Lori Parks' Topdog/Underdog,,2023,Best Revival of a Play,1,1
983,A Dolls Houses,,2023,Best Revival of a Play,1,0
984,The Piano Lesson,2022-10-13,2023,Best Revival of a Play,1,0
985,THE SIGN IN SIDNEY BRUSTEIN'S WINDOW,,2023,Best Revival of a Play,1,0
1278,Suffs,2022-04-06,2024,Best Book of a Musical,1,1
1279,Hell's Kitchen,2024-04-20,2024,Best Book of a Musical,1,0
1280,The Notebook,2024-03-14,2024,Best Book of a Musical,1,0
1281,The Outsiders,2024-04-11,2024,Best Book of a Musical,1,0
1282,Water for Elephants,2024-03-21,2024,Best Book of a Musical,1,0
1814,Illinoise,2024-04-24,2024,Best Choreography,1,1
1815,Hell's Kitchen,2024-04-20,2024,Best Choreography,1,0
1816,Here Lies Love,2023-07-20,2024,Best Choreography,1,0
1817,The Outsiders,2024-04-11,2024,Best Choreography,1,0
1818,Water for Elephants,2024-03-21,2024,Best Choreography,1,0
2085,The Outsiders,2024-04-11,2024,Best Direction of a Musical,1,1
2086,Hell's Kitchen,2024-04-20,2024,Best Direction of a Musical,1,0
2087,Merrily We Roll Along,,2024,Best Direction of a Musical,1,0
2088,Suffs,2022-04-06,2024,Best Direction of a Musical,1,0
2089,Water for Elephants,2024-03-21,2024,Best Direction of a Musical,1,0
2363,Stereophonic,2024-04-19,2024,Best Direction of a Play,1,1
2364,Appropriate,2023-12-18,2024,Best Direction of a Play,1,0
2365,Jaja's African Hair Braiding,,2024,Best Direction of a Play,1,0
2366,Mary Jane,2024-04-23,2024,Best Direction of a Play,1,0
2367,Purlie Victorious: A Non-Confederate Romp Through the Cotton Patch,2023-09-27,2024,Best Direction of a Play,1,0
50,The Outsiders,2024-04-11,2024,Best Musical,1,1
320,The Outsiders,2024-04-11,2024,Best Musical,1,1
321,Hell's Kitchen,2024-04-20,2024,Best Musical,1,0
322,Illinoise,2024-04-24,2024,Best Musical,1,0
323,Suffs,2022-04-06,2024,Best Musical,1,0
324,Water for Elephants,2024-03-21,2024,Best Musical,1,0
1526,Suffs,2022-04-06,2024,Best Original Score,1,1
1527,Days of Wine and Roses,2024-01-28,2024,Best Original Score,1,0
1528,Here Lies Love,2023-07-20,2024,Best Original Score,1,0
1529,The Outsiders,2024-04-11,2024,Best Original Score,1,0
1530,Stereophonic,2024-04-19,2024,Best Original Score,1,0
49,Stereophonic,2024-04-19,2024,Best Play,1,1
624,Stereophonic,2024-04-19,2024,Best Play,1,1
625,Jaja's African Hair Braiding,,2024,Best Play,1,0
626,Mary Jane,2024-04-23,2024,Best Play,1,0
627,Mother Play,2024-04-25,2024,Best Play,1,0
628,Prayer for the French Republic,2022-02-01,2024,Best Play,1,0
47,MERRILY WE ROLL ALONG,,2024,Best Revival of a Musical,1,1
794,Merrily We Roll Along [ 48 ],,2024,Best Revival of a Musical,1,1
795,Cabaret at the Kit Kat Club,2024-04-21,2024,Best Revival of a Musical,1,0
796,Gutenberg! The Musical!,2023-10-12,2024,Best Revival of a Musical,1,0
797,The Who's Tommy,2024-03-28,2024,Best Revival of a Musical,1,0
46,Appropriate,2023-12-18,2024,Best Revival of a Play,1,1
986,Appropriate,2023-12-18,2024,Best Revival of a Play,1,1
987,An Enemy of the People,2024-03-18,2024,Best Revival of a Play,1,0
988,Purlie Victorious: A Non-Confederate Romp Through the Cotton Patch,2023-09-27,2024,Best Revival of a Play,1,0
1283,Maybe Happy Ending,2024-11-12,2025,Best Book of a Musical,1,1
1284,Buena Vista Social Club,2025-03-19,2025,Best Book of a Musical,1,0
1285,Dead Outlaw,2025-04-27,2025,Best Book of a Musical,1,0
1286,Death Becomes Her,2024-11-21,2025,Best Book of a Musical,1,0
1287,Operation Mincemeat,2025-03-20,2025,Best Book of a Musical,1,0
1819,Buena Vista Social Club,2025-03-19,2025,Best Choreography,1,1
1820,BOOP! The Musical,2025-04-05,2025,Best Choreography,1,0
1821,Death Becomes Her,2024-11-21,2025,Best Choreography,1,0
1822,Gypsy,2024-12-19,2025,Best Choreography,1,0
1823,SMASH,2025-04-10,2025,Best Choreography,1,0
2090,Maybe Happy Ending,2024-11-12,2025,Best Direction of a Musical,1,1
2091,Buena Vista Social Club,2025-03-19,2025,Best Direction of a Musical,1,0
2092,Dead Outlaw,2025-04-27,2025,Best Direction of a Musical,1,0
2093,Death Becomes Her,2024-11-21,2025,Best Direction of a Musical,1,0
2094,SUNSET BLVD.,,2025,Best Direction of a Musical,1,0
2368,"OH, MARY!",2024-07-11,2025,Best Direction of a Play,1,1
2369,English,2025-01-23,2025,Best Direction of a Play,1,0
2370,The Hills of California,2024-09-29,2025,Best Direction of a Play,1,0
2371,John Proctor is the Villain,2025-04-14,2025,Best Direction of a Play,1,0
2372,The Picture of Dorian Gray,2025-03-27,2025,Best Direction of a Play,1,0
325,Maybe Happy Ending,2024-11-12,2025,Best Musical,1,1
326,Buena Vista Social Club,2025-03-19,2025,Best Musical,1,0
327,Dead Outlaw,2025-04-27,2025,Best Musical,1,0
328,Death Becomes Her,2024-11-21,2025,Best Musical,1,0
329,Operation Mincemeat,2025-03-20,2025,Best Musical,1,0
1531,Maybe Happy Ending,2024-11-12,2025,Best Original Score,1,1
1532,Dead Outlaw,2025-04-27,2025,Best Original Score,1,0
1533,Death Becomes Her,2024-11-21,2025,Best Original Score,1,0
1534,Operation Mincemeat,2025-03-20,2025,Best Original Score,1,0
1535,Real Women Have Curves,2025-04-27,2025,Best Original Score,1,0
629,Purpose,2025-03-17,2025,Best Play,1,1
630,English,2025-01-23,2025,Best Play,1,0
631,The Hills of California,2024-09-29,2025,Best Play,1,0
632,John Proctor is the Villain,2025-04-14,2025,Best Play,1,0
633,"OH, MARY!",2024-07-11,2025,Best Play,1,0
798,SUNSET BLVD.,,2025,Best Revival of a Musical,1,1
799,Floyd Collins,2025-04-21,2025,Best Revival of a Musical,1,0
800,Gypsy,2024-12-19,2025,Best Revival of a Musical,1,0
801,Pirates! The Penzance Musical,2025-04-24,2025,Best Revival of a Musical,1,0
989,Eureka Day,2024-12-16,2025,Best Revival of a Play,1,1
990,Our Town,2024-10-10,2025,Best Revival of a Play,1,0
991,Romeo + Juliet,2024-10-24,2025,Best Revival of a Play,1,0
992,Yellow Face,2024-10-01,2025,Best Revival of a Play,1,0
1288,Schmigadoon!,2026-04-20,2026,Best Book of a Musical,1,0
1289,Titaníque,2026-04-12,2026,Best Book of a Musical,1,0
1290,Two Strangers (Carry a Cake Across New York),2025-11-20,2026,Best Book of a Musical,1,0
1824,The Lost Boys,2026-04-26,2026,Best Choreography,1,0
1825,Ragtime,2025-10-16,2026,Best Choreography,1,0
1826,The Rocky Horror Show,2026-04-23,2026,Best Choreography,1,0
1827,Schmigadoon!,2026-04-20,2026,Best Choreography,1,0
2095,The Lost Boys,2026-04-26,2026,Best Direction of a Musical,1,0
2096,Ragtime,2025-10-16,2026,Best Direction of a Musical,1,0
2097,Schmigadoon!,2026-04-20,2026,Best Direction of a Musical,1,0
2098,Two Strangers (Carry a Cake Across New York),2025-11-20,2026,Best Direction of a Musical,1,0
2373,Death of a Salesman,2026-04-09,2026,Best Direction of a Play,1,0
2374,Giant,2026-03-23,2026,Best Direction of a Play,1,0
2375,Liberation,2025-10-28,2026,Best Direction of a Play,1,0
2376,Oedipus,2025-11-13,2026,Best Direction of a Play,1,0
330,Schmigadoon!,2026-04-20,2026,Best Musical,1,0
331,Titaníque,2026-04-12,2026,Best Musical,1,0
332,Two Strangers (Carry a Cake Across New York),2025-11-20,2026,Best Musical,1,0
1536,Death of a Salesman,2026-04-09,2026,Best Original Score,1,0
1537,Joe Turner’s Come and Gone,2026-04-25,2026,Best Original Score,1,0
1538,The Lost Boys,2026-04-26,2026,Best Original Score,1,0
1539,Schmigadoon!,2026-04-20,2026,Best Original Score,1,0
1540,Two Strangers (Carry a Cake Across New York),2025-11-20,2026,Best Original Score,1,0
634,Giant,2026-03-23,2026,Best Play,1,0
635,Liberation,2025-10-28,2026,Best Play,1,0
636,Little Bear Ridge Road,2025-10-30,2026,Best Play,1,0
802,Cats: The Jellicle Ball,2026-04-07,2026,Best Revival of a Musical,1,0
803,Ragtime,2025-10-16,2026,Best Revival of a Musical,1,0
804,The Rocky Horror Show,2026-04-23,2026,Best Revival of a Musical,1,0
993,Becky Shaw,2026-04-06,2026,Best Revival of a Play,1,0
994,Death of a Salesman,2026-04-09,2026,Best Revival of a Play,1,0
995,Every Brilliant Thing,2026-03-12,2026,Best Revival of a Play,1,0
996,Fallen Angels,2026-04-19,2026,Best Revival of a Play,1,0
997,Oedipus,2025-11-13,2026,Best Revival of a Play,1,0
