show_title,opening_date,show_type,is_revival,nyt_critics_pick,total_opening_reviews,up_count,meh_count,down_count,access_atlanta,afterelton,am_new_york,american_theater_web,asbury_park_press,associated_press,backstage,best_of_off_broadway,blog_critics,bloomberg,broadway_news,broadway_space,broadway_world,central_jersey,chicago_tribune,city_beat,curtain_up,dc_metro_theater_arts,dc_theatre_scene,deadline,dtli,entertainment_weekly,examiner,exetunt,financial_times,harvard_magazine,hollywood_reporter,huffington_post,la_times,life_upon_the_sacred_stage,lighting_and_sound_america,mashable,metro_us,metromix,music_omh,national_review,nbc_ny,new_jersey_newsroom,new_york_daily_news,new_york_magazine,new_york_observer,new_york_post,new_york_press,new_york_stage_review,new_york_sun,new_york_theater,new_york_theatre_guide,new_york_theatre_review,new_york_theatre_wire,new_york_times,new_york_times_original,new_yorker,newsday,nj_com,northjersey_com,ny1,ny1_news,ny_post,ny_theater_now,ny_theatre,ny_times,observer,out,people_magazine,rolling_stone,san_francisco_chronicle,show_business_weekly,stage_and_cinema,stage_buddy,talkin_broadway,tdf_a_theatre_magazine,telegraph,the_artery,the_boston_globe,the_daily_beast,the_epoch_times,the_faster_times,the_gothamist,the_guardian,the_huffington_post,the_independent,the_l_magazine,the_miami_herald,the_new_york_observer,the_public_reviews,the_source,the_villager,the_wrap,theater_in_the_now,theater_pizzazz,theatermania,theatre_is_easy,theatrely,time_out_new_york,times_square_chronicles,usa_today,vanity_fair,variety,village_voice,vulture,wall_street_journal,washington_examiner,washington_post
A View From The Bridge,,,0,0,0,0,0,0,,,,,,,,,,,,,,,,,,,,,,,,,,,,,,,,,,,,,,,,,,,,,,,,,,,,,,,,,,,,,,,,,,,,,,,,,,,,,,,,,,,,,,,,,,,,,,,,,,,,,,,
Next Fall Broadway Reviews,,,0,0,0,0,0,0,,,,,,,,,,,,,,,,,,,,,,,,,,,,,,,,,,,,,,,,,,,,,,,,,,,,,,,,,,,,,,,,,,,,,,,,,,,,,,,,,,,,,,,,,,,,,,,,,,,,,,,
American Idiot Broadway.Reviews,,,0,0,0,0,0,0,,,,,,,,,,,,,,,,,,,,,,,,,,,,,,,,,,,,,,,,,,,,,,,,,,,,,,,,,,,,,,,,,,,,,,,,,,,,,,,,,,,,,,,,,,,,,,,,,,,,,,,
Macbeth(2008),,,0,0,0,0,0,0,,,,,,,,,,,,,,,,,,,,,,,,,,,,,,,,,,,,,,,,,,,,,,,,,,,,,,,,,,,,,,,,,,,,,,,,,,,,,,,,,,,,,,,,,,,,,,,,,,,,,,,
White'S Lies,,,0,0,0,0,0,0,,,,,,,,,,,,,,,,,,,,,,,,,,,,,,,,,,,,,,,,,,,,,,,,,,,,,,,,,,,,,,,,,,,,,,,,,,,,,,,,,,,,,,,,,,,,,,,,,,,,,,,
The Metal Children ,,,0,0,0,0,0,0,,,,,,,,,,,,,,,,,,,,,,,,,,,,,,,,,,,,,,,,,,,,,,,,,,,,,,,,,,,,,,,,,,,,,,,,,,,,,,,,,,,,,,,,,,,,,,,,,,,,,,,
Me Myself  I,,,0,0,0,0,0,0,,,,,,,,,,,,,,,,,,,,,,,,,,,,,,,,,,,,,,,,,,,,,,,,,,,,,,,,,,,,,,,,,,,,,,,,,,,,,,,,,,,,,,,,,,,,,,,,,,,,,,,
Colin Quinn: Long Story Short,,,0,0,0,0,0,0,,,,,,,,,,,,,,,,,,,,,,,,,,,,,,,,,,,,,,,,,,,,,,,,,,,,,,,,,,,,,,,,,,,,,,,,,,,,,,,,,,,,,,,,,,,,,,,,,,,,,,,
Persephone,,,0,0,0,0,0,0,,,,,,,,,,,,,,,,,,,,,,,,,,,,,,,,,,,,,,,,,,,,,,,,,,,,,,,,,,,,,,,,,,,,,,,,,,,,,,,,,,,,,,,,,,,,,,,,,,,,,,,
Jay Johnson: The Two And Only!,,,0,0,0,0,0,0,,,,,,,,,,,,,,,,,,,,,,,,,,,,,,,,,,,,,,,,,,,,,,,,,,,,,,,,,,,,,,,,,,,,,,,,,,,,,,,,,,,,,,,,,,,,,,,,,,,,,,,
She'S Of A Certain Age,,,0,0,0,0,0,0,,,,,,,,,,,,,,,,,,,,,,,,,,,,,,,,,,,,,,,,,,,,,,,,,,,,,,,,,,,,,,,,,,,,,,,,,,,,,,,,,,,,,,,,,,,,,,,,,,,,,,,
Massacre (Sing To Your Children),,,0,0,0,0,0,0,,,,,,,,,,,,,,,,,,,,,,,,,,,,,,,,,,,,,,,,,,,,,,,,,,,,,,,,,,,,,,,,,,,,,,,,,,,,,,,,,,,,,,,,,,,,,,,,,,,,,,,
A Radically Condensed And Expanded Supposedly Fun Thing I%E2%80%99Ll Never Do Again After David Foster Wallace,,,0,0,0,0,0,0,,,,,,,,,,,,,,,,,,,,,,,,,,,,,,,,,,,,,,,,,,,,,,,,,,,,,,,,,,,,,,,,,,,,,,,,,,,,,,,,,,,,,,,,,,,,,,,,,,,,,,,
Luther,,,0,0,0,0,0,0,,,,,,,,,,,,,,,,,,,,,,,,,,,,,,,,,,,,,,,,,,,,,,,,,,,,,,,,,,,,,,,,,,,,,,,,,,,,,,,,,,,,,,,,,,,,,,,,,,,,,,,
Hell: Paradise Found,,,0,0,0,0,0,0,,,,,,,,,,,,,,,,,,,,,,,,,,,,,,,,,,,,,,,,,,,,,,,,,,,,,,,,,,,,,,,,,,,,,,,,,,,,,,,,,,,,,,,,,,,,,,,,,,,,,,,
Pool No Water ,,,0,0,0,0,0,0,,,,,,,,,,,,,,,,,,,,,,,,,,,,,,,,,,,,,,,,,,,,,,,,,,,,,,,,,,,,,,,,,,,,,,,,,,,,,,,,,,,,,,,,,,,,,,,,,,,,,,,
Be Careful! The Sharks Will Eat You!,,,0,0,0,0,0,0,,,,,,,,,,,,,,,,,,,,,,,,,,,,,,,,,,,,,,,,,,,,,,,,,,,,,,,,,,,,,,,,,,,,,,,,,,,,,,,,,,,,,,,,,,,,,,,,,,,,,,,
If You Ever Leave Me I'M Going With You,,,0,0,0,0,0,0,,,,,,,,,,,,,,,,,,,,,,,,,,,,,,,,,,,,,,,,,,,,,,,,,,,,,,,,,,,,,,,,,,,,,,,,,,,,,,,,,,,,,,,,,,,,,,,,,,,,,,,
One Flew Over The Cuckoo'S Nest,,,0,0,0,0,0,0,,,,,,,,,,,,,,,,,,,,,,,,,,,,,,,,,,,,,,,,,,,,,,,,,,,,,,,,,,,,,,,,,,,,,,,,,,,,,,,,,,,,,,,,,,,,,,,,,,,,,,,
Jackie Mason'S Laughing Room Only,,,0,0,0,0,0,0,,,,,,,,,,,,,,,,,,,,,,,,,,,,,,,,,,,,,,,,,,,,,,,,,,,,,,,,,,,,,,,,,,,,,,,,,,,,,,,,,,,,,,,,,,,,,,,,,,,,,,,
"Love, Loss, And What I Wore",,,0,0,0,0,0,0,,,,,,,,,,,,,,,,,,,,,,,,,,,,,,,,,,,,,,,,,,,,,,,,,,,,,,,,,,,,,,,,,,,,,,,,,,,,,,,,,,,,,,,,,,,,,,,,,,,,,,,
Golda'S Balcony,,,0,0,0,0,0,0,,,,,,,,,,,,,,,,,,,,,,,,,,,,,,,,,,,,,,,,,,,,,,,,,,,,,,,,,,,,,,,,,,,,,,,,,,,,,,,,,,,,,,,,,,,,,,,,,,,,,,,
Unnatural Acts: Harvard'S Secret Court Of 1920 ,,,0,0,0,0,0,0,,,,,,,,,,,,,,,,,,,,,,,,,,,,,,,,,,,,,,,,,,,,,,,,,,,,,,,,,,,,,,,,,,,,,,,,,,,,,,,,,,,,,,,,,,,,,,,,,,,,,,,
Enfrascada ,,,0,0,0,0,0,0,,,,,,,,,,,,,,,,,,,,,,,,,,,,,,,,,,,,,,,,,,,,,,,,,,,,,,,,,,,,,,,,,,,,,,,,,,,,,,,,,,,,,,,,,,,,,,,,,,,,,,,
Armistead Maupin'S Tales Of The City ,,,0,0,0,0,0,0,,,,,,,,,,,,,,,,,,,,,,,,,,,,,,,,,,,,,,,,,,,,,,,,,,,,,,,,,,,,,,,,,,,,,,,,,,,,,,,,,,,,,,,,,,,,,,,,,,,,,,,
"Dracula, The Musical",,,0,0,0,0,0,0,,,,,,,,,,,,,,,,,,,,,,,,,,,,,,,,,,,,,,,,,,,,,,,,,,,,,,,,,,,,,,,,,,,,,,,,,,,,,,,,,,,,,,,,,,,,,,,,,,,,,,,
Dame Edna: ,,,0,0,0,0,0,0,,,,,,,,,,,,,,,,,,,,,,,,,,,,,,,,,,,,,,,,,,,,,,,,,,,,,,,,,,,,,,,,,,,,,,,,,,,,,,,,,,,,,,,,,,,,,,,,,,,,,,,
Company,,,0,0,0,0,0,0,,,,,,,,,,,,,,,,,,,,,,,,,,,,,,,,,,,,,,,,,,,,,,,,,,,,,,,,,,,,,,,,,,,,,,,,,,,,,,,,,,,,,,,,,,,,,,,,,,,,,,,
The Coast Of Utopia (Part 3  Salvage),,,0,0,0,0,0,0,,,,,,,,,,,,,,,,,,,,,,,,,,,,,,,,,,,,,,,,,,,,,,,,,,,,,,,,,,,,,,,,,,,,,,,,,,,,,,,,,,,,,,,,,,,,,,,,,,,,,,,
"‘Awake and Sing!,’ a Depression-Era Family Drama",,,0,0,0,0,0,0,,,,,,,,,,,,,,,,,,,,,,,,,,,,,,,,,,,,,,,,,,,,,,,,,,,,,,,,,,,,,,,,,,,,,,,,,,,,,,,,,,,,,,,,,,,,,,,,,,,,,,,
Journey'S End,,,0,0,0,0,0,0,,,,,,,,,,,,,,,,,,,,,,,,,,,,,,,,,,,,,,,,,,,,,,,,,,,,,,,,,,,,,,,,,,,,,,,,,,,,,,,,,,,,,,,,,,,,,,,,,,,,,,,
Frost Nixon,,,0,0,0,0,0,0,,,,,,,,,,,,,,,,,,,,,,,,,,,,,,,,,,,,,,,,,,,,,,,,,,,,,,,,,,,,,,,,,,,,,,,,,,,,,,,,,,,,,,,,,,,,,,,,,,,,,,,
Timon Of  Athens,,,0,0,0,0,0,0,,,,,,,,,,,,,,,,,,,,,,,,,,,,,,,,,,,,,,,,,,,,,,,,,,,,,,,,,,,,,,,,,,,,,,,,,,,,,,,,,,,,,,,,,,,,,,,,,,,,,,,
The Motherf**Ker With The Hat,,,0,0,0,0,0,0,,,,,,,,,,,,,,,,,,,,,,,,,,,,,,,,,,,,,,,,,,,,,,,,,,,,,,,,,,,,,,,,,,,,,,,,,,,,,,,,,,,,,,,,,,,,,,,,,,,,,,,
Rosmersholm%20,,,0,0,0,0,0,0,,,,,,,,,,,,,,,,,,,,,,,,,,,,,,,,,,,,,,,,,,,,,,,,,,,,,,,,,,,,,,,,,,,,,,,,,,,,,,,,,,,,,,,,,,,,,,,,,,,,,,,
Fyvush Finkel Live,,,0,0,0,0,0,0,,,,,,,,,,,,,,,,,,,,,,,,,,,,,,,,,,,,,,,,,,,,,,,,,,,,,,,,,,,,,,,,,,,,,,,,,,,,,,,,,,,,,,,,,,,,,,,,,,,,,,,
Im Getting My Act Togethers,,,0,0,0,0,0,0,,,,,,,,,,,,,,,,,,,,,,,,,,,,,,,,,,,,,,,,,,,,,,,,,,,,,,,,,,,,,,,,,,,,,,,,,,,,,,,,,,,,,,,,,,,,,,,,,,,,,,,
Il Divo: A Musical Affairs,,,0,0,0,0,0,0,,,,,,,,,,,,,,,,,,,,,,,,,,,,,,,,,,,,,,,,,,,,,,,,,,,,,,,,,,,,,,,,,,,,,,,,,,,,,,,,,,,,,,,,,,,,,,,,,,,,,,,
Tragedy Of A Friendships,,,0,0,0,0,0,0,,,,,,,,,,,,,,,,,,,,,,,,,,,,,,,,,,,,,,,,,,,,,,,,,,,,,,,,,,,,,,,,,,,,,,,,,,,,,,,,,,,,,,,,,,,,,,,,,,,,,,,
A Bed And A Chair: A New York Love Affairs,,,0,0,0,0,0,0,,,,,,,,,,,,,,,,,,,,,,,,,,,,,,,,,,,,,,,,,,,,,,,,,,,,,,,,,,,,,,,,,,,,,,,,,,,,,,,,,,,,,,,,,,,,,,,,,,,,,,,
The Rascals: Once Upon A Dreams,,,0,0,0,0,0,0,,,,,,,,,,,,,,,,,,,,,,,,,,,,,,,,,,,,,,,,,,,,,,,,,,,,,,,,,,,,,,,,,,,,,,,,,,,,,,,,,,,,,,,,,,,,,,,,,,,,,,,
La Belle Et La Bete,,,0,0,0,0,0,0,,,,,,,,,,,,,,,,,,,,,,,,,,,,,,,,,,,,,,,,,,,,,,,,,,,,,,,,,,,,,,,,,,,,,,,,,,,,,,,,,,,,,,,,,,,,,,,,,,,,,,,
Dr. Du Bois And Miss Ovington,,,0,0,0,0,0,0,,,,,,,,,,,,,,,,,,,,,,,,,,,,,,,,,,,,,,,,,,,,,,,,,,,,,,,,,,,,,,,,,,,,,,,,,,,,,,,,,,,,,,,,,,,,,,,,,,,,,,,
Forbidden Broadway Alive And Kicking ,,,0,0,0,0,0,0,,,,,,,,,,,,,,,,,,,,,,,,,,,,,,,,,,,,,,,,,,,,,,,,,,,,,,,,,,,,,,,,,,,,,,,,,,,,,,,,,,,,,,,,,,,,,,,,,,,,,,,
Charlesivestakemehomes,,,0,0,0,0,0,0,,,,,,,,,,,,,,,,,,,,,,,,,,,,,,,,,,,,,,,,,,,,,,,,,,,,,,,,,,,,,,,,,,,,,,,,,,,,,,,,,,,,,,,,,,,,,,,,,,,,,,,
Cornelius,,,0,0,0,0,0,0,,,,,,,,,,,,,,,,,,,,,,,,,,,,,,,,,,,,,,,,,,,,,,,,,,,,,,,,,,,,,,,,,,,,,,,,,,,,,,,,,,,,,,,,,,,,,,,,,,,,,,,
Billy Crystal.700 Sundayss,,,0,0,0,0,0,0,,,,,,,,,,,,,,,,,,,,,,,,,,,,,,,,,,,,,,,,,,,,,,,,,,,,,,,,,,,,,,,,,,,,,,,,,,,,,,,,,,,,,,,,,,,,,,,,,,,,,,,
"Natasha, Pierre, And The Great Comet Of 1812S",,,0,0,0,0,0,0,,,,,,,,,,,,,,,,,,,,,,,,,,,,,,,,,,,,,,,,,,,,,,,,,,,,,,,,,,,,,,,,,,,,,,,,,,,,,,,,,,,,,,,,,,,,,,,,,,,,,,,
Uncle Vanya  Theater,,,0,0,0,0,0,0,,,,,,,,,,,,,,,,,,,,,,,,,,,,,,,,,,,,,,,,,,,,,,,,,,,,,,,,,,,,,,,,,,,,,,,,,,,,,,,,,,,,,,,,,,,,,,,,,,,,,,,
Rock Of Ages	,,,0,0,0,0,0,0,,,,,,,,,,,,,,,,,,,,,,,,,,,,,,,,,,,,,,,,,,,,,,,,,,,,,,,,,,,,,,,,,,,,,,,,,,,,,,,,,,,,,,,,,,,,,,,,,,,,,,,
The Pee Wee Herman Show ,,,0,0,0,0,0,0,,,,,,,,,,,,,,,,,,,,,,,,,,,,,,,,,,,,,,,,,,,,,,,,,,,,,,,,,,,,,,,,,,,,,,,,,,,,,,,,,,,,,,,,,,,,,,,,,,,,,,,
Uncle Tom'S Cabin,,,0,0,0,0,0,0,,,,,,,,,,,,,,,,,,,,,,,,,,,,,,,,,,,,,,,,,,,,,,,,,,,,,,,,,,,,,,,,,,,,,,,,,,,,,,,,,,,,,,,,,,,,,,,,,,,,,,,
Jackie Five Oh!,,,0,0,0,0,0,0,,,,,,,,,,,,,,,,,,,,,,,,,,,,,,,,,,,,,,,,,,,,,,,,,,,,,,,,,,,,,,,,,,,,,,,,,,,,,,,,,,,,,,,,,,,,,,,,,,,,,,,
Baby Universe: A Puppet Odyssey,,,0,0,0,0,0,0,,,,,,,,,,,,,,,,,,,,,,,,,,,,,,,,,,,,,,,,,,,,,,,,,,,,,,,,,,,,,,,,,,,,,,,,,,,,,,,,,,,,,,,,,,,,,,,,,,,,,,,
Hysteria And If That'S All There Is,,,0,0,0,0,0,0,,,,,,,,,,,,,,,,,,,,,,,,,,,,,,,,,,,,,,,,,,,,,,,,,,,,,,,,,,,,,,,,,,,,,,,,,,,,,,,,,,,,,,,,,,,,,,,,,,,,,,,
When I Come To Die ,,,0,0,0,0,0,0,,,,,,,,,,,,,,,,,,,,,,,,,,,,,,,,,,,,,,,,,,,,,,,,,,,,,,,,,,,,,,,,,,,,,,,,,,,,,,,,,,,,,,,,,,,,,,,,,,,,,,,
Deuce,,,0,0,0,0,0,0,,,,,,,,,,,,,,,,,,,,,,,,,,,,,,,,,,,,,,,,,,,,,,,,,,,,,,,,,,,,,,,,,,,,,,,,,,,,,,,,,,,,,,,,,,,,,,,,,,,,,,,
"Come Back, Little Sheba",,,0,0,0,0,0,0,,,,,,,,,,,,,,,,,,,,,,,,,,,,,,,,,,,,,,,,,,,,,,,,,,,,,,,,,,,,,,,,,,,,,,,,,,,,,,,,,,,,,,,,,,,,,,,,,,,,,,,
Martin Short: Fame Becomes Me,,,0,0,0,0,0,0,,,,,,,,,,,,,,,,,,,,,,,,,,,,,,,,,,,,,,,,,,,,,,,,,,,,,,,,,,,,,,,,,,,,,,,,,,,,,,,,,,,,,,,,,,,,,,,,,,,,,,,
Theconstantwife,,,0,0,0,0,0,0,,,,,,,,,,,,,,,,,,,,,,,,,,,,,,,,,,,,,,,,,,,,,,,,,,,,,,,,,,,,,,,,,,,,,,,,,,,,,,,,,,,,,,,,,,,,,,,,,,,,,,,
Twentieth Century,,,0,0,0,0,0,0,,,,,,,,,,,,,,,,,,,,,,,,,,,,,,,,,,,,,,,,,,,,,,,,,,,,,,,,,,,,,,,,,,,,,,,,,,,,,,,,,,,,,,,,,,,,,,,,,,,,,,,
The_Drowsy_Chaperone,,,0,0,0,0,0,0,,,,,,,,,,,,,,,,,,,,,,,,,,,,,,,,,,,,,,,,,,,,,,,,,,,,,,,,,,,,,,,,,,,,,,,,,,,,,,,,,,,,,,,,,,,,,,,,,,,,,,,
The Devils Music The Life And Blues Of Bessie Smith ,,,0,0,0,0,0,0,,,,,,,,,,,,,,,,,,,,,,,,,,,,,,,,,,,,,,,,,,,,,,,,,,,,,,,,,,,,,,,,,,,,,,,,,,,,,,,,,,,,,,,,,,,,,,,,,,,,,,,
Silence  The Musical,,,0,0,0,0,0,0,,,,,,,,,,,,,,,,,,,,,,,,,,,,,,,,,,,,,,,,,,,,,,,,,,,,,,,,,,,,,,,,,,,,,,,,,,,,,,,,,,,,,,,,,,,,,,,,,,,,,,,
A Dolls House 2011,,,0,0,0,0,0,0,,,,,,,,,,,,,,,,,,,,,,,,,,,,,,,,,,,,,,,,,,,,,,,,,,,,,,,,,,,,,,,,,,,,,,,,,,,,,,,,,,,,,,,,,,,,,,,,,,,,,,,
Herman Klines Midlife Crisis ,,,0,0,0,0,0,0,,,,,,,,,,,,,,,,,,,,,,,,,,,,,,,,,,,,,,,,,,,,,,,,,,,,,,,,,,,,,,,,,,,,,,,,,,,,,,,,,,,,,,,,,,,,,,,,,,,,,,,
Gob Squads Kitchen (Youve Never Had It So Good),,,0,0,0,0,0,0,,,,,,,,,,,,,,,,,,,,,,,,,,,,,,,,,,,,,,,,,,,,,,,,,,,,,,,,,,,,,,,,,,,,,,,,,,,,,,,,,,,,,,,,,,,,,,,,,,,,,,,
Uncle Vanya Sydney City Center,,,0,0,0,0,0,0,,,,,,,,,,,,,,,,,,,,,,,,,,,,,,,,,,,,,,,,,,,,,,,,,,,,,,,,,,,,,,,,,,,,,,,,,,,,,,,,,,,,,,,,,,,,,,,,,,,,,,,
Love'S Labour'S Lost,,,0,0,0,0,0,0,,,,,,,,,,,,,,,,,,,,,,,,,,,,,,,,,,,,,,,,,,,,,,,,,,,,,,,,,,,,,,,,,,,,,,,,,,,,,,,,,,,,,,,,,,,,,,,,,,,,,,,
Mike Tyson: Undisputed Truth,,,0,0,0,0,0,0,,,,,,,,,,,,,,,,,,,,,,,,,,,,,,,,,,,,,,,,,,,,,,,,,,,,,,,,,,,,,,,,,,,,,,,,,,,,,,,,,,,,,,,,,,,,,,,,,,,,,,,
Venices,,,0,0,0,0,0,0,,,,,,,,,,,,,,,,,,,,,,,,,,,,,,,,,,,,,,,,,,,,,,,,,,,,,,,,,,,,,,,,,,,,,,,,,,,,,,,,,,,,,,,,,,,,,,,,,,,,,,,
A Dolls Houses,,,0,0,0,0,0,0,,,,,,,,,,,,,,,,,,,,,,,,,,,,,,,,,,,,,,,,,,,,,,,,,,,,,,,,,,,,,,,,,,,,,,,,,,,,,,,,,,,,,,,,,,,,,,,,,,,,,,,
Richard Iiis,,,0,0,0,0,0,0,,,,,,,,,,,,,,,,,,,,,,,,,,,,,,,,,,,,,,,,,,,,,,,,,,,,,,,,,,,,,,,,,,,,,,,,,,,,,,,,,,,,,,,,,,,,,,,,,,,,,,,
"Killer Notes, Low or High",,,0,0,0,0,0,0,,,,,,,,,,,,,,,,,,,,,,,,,,,,,,,,,,,,,,,,,,,,,,,,,,,,,,,,,,,,,,,,,,,,,,,,,,,,,,,,,,,,,,,,,,,,,,,,,,,,,,,
"Stage Door: Murder For Two, Sleeping Beauty",,,0,0,0,0,0,0,,,,,,,,,,,,,,,,,,,,,,,,,,,,,,,,,,,,,,,,,,,,,,,,,,,,,,,,,,,,,,,,,,,,,,,,,,,,,,,,,,,,,,,,,,,,,,,,,,,,,,,
"Disparate Lives That Intersect ‘When January Feels Like Summer,’ at Ensemble Studio Theater",,,0,0,0,0,0,0,,,,,,,,,,,,,,,,,,,,,,,,,,,,,,,,,,,,,,,,,,,,,,,,,,,,,,,,,,,,,,,,,,,,,,,,,,,,,,,,,,,,,,,,,,,,,,,,,,,,,,,
"In ‘Head Over Heels,’ Jukebox Musical Meets Elizabethan Romance",,,0,0,0,0,0,0,,,,,,,,,,,,,,,,,,,,,,,,,,,,,,,,,,,,,,,,,,,,,,,,,,,,,,,,,,,,,,,,,,,,,,,,,,,,,,,,,,,,,,,,,,,,,,,,,,,,,,,
Take A Ride On The Farce Train With Two From Ayckbourn,,,0,0,0,0,0,0,,,,,,,,,,,,,,,,,,,,,,,,,,,,,,,,,,,,,,,,,,,,,,,,,,,,,,,,,,,,,,,,,,,,,,,,,,,,,,,,,,,,,,,,,,,,,,,,,,,,,,,
In Our Ladies Of Perpetual Succour Schoolgirls On The Prowl,,,0,0,0,0,0,0,,,,,,,,,,,,,,,,,,,,,,,,,,,,,,,,,,,,,,,,,,,,,,,,,,,,,,,,,,,,,,,,,,,,,,,,,,,,,,,,,,,,,,,,,,,,,,,,,,,,,,,
Burn This,,,0,0,0,0,0,0,,,,,,,,,,,,,,,,,,,,,,,,,,,,,,,,,,,,,,,,,,,,,,,,,,,,,,,,,,,,,,,,,,,,,,,,,,,,,,,,,,,,,,,,,,,,,,,,,,,,,,,
‘Harry Potter and the Cursed Child’ Casts a Spell Onstage,,,0,0,0,0,0,0,,,,,,,,,,,,,,,,,,,,,,,,,,,,,,,,,,,,,,,,,,,,,,,,,,,,,,,,,,,,,,,,,,,,,,,,,,,,,,,,,,,,,,,,,,,,,,,,,,,,,,,
Review: Familiar Rock Dreams in ‘Gettin’ the Band Back Together’,,,0,0,0,0,0,0,,,,,,,,,,,,,,,,,,,,,,,,,,,,,,,,,,,,,,,,,,,,,,,,,,,,,,,,,,,,,,,,,,,,,,,,,,,,,,,,,,,,,,,,,,,,,,,,,,,,,,,
‘Gettin’ the Band Back Together’ Broadway Review: They Were Better Off Going Solo,,,0,0,0,0,0,0,,,,,,,,,,,,,,,,,,,,,,,,,,,,,,,,,,,,,,,,,,,,,,,,,,,,,,,,,,,,,,,,,,,,,,,,,,,,,,,,,,,,,,,,,,,,,,,,,,,,,,,
Chasing Shopworn Dreams in ‘Pretty Woman: The Musical’,,,0,0,0,0,0,0,,,,,,,,,,,,,,,,,,,,,,,,,,,,,,,,,,,,,,,,,,,,,,,,,,,,,,,,,,,,,,,,,,,,,,,,,,,,,,,,,,,,,,,,,,,,,,,,,,,,,,,
Broadway’s ‘Pretty Woman’ Musical: All Dressed Up With No Place To Go,,,0,0,0,0,0,0,,,,,,,,,,,,,,,,,,,,,,,,,,,,,,,,,,,,,,,,,,,,,,,,,,,,,,,,,,,,,,,,,,,,,,,,,,,,,,,,,,,,,,,,,,,,,,,,,,,,,,,
Super-Safe Sex on Broadway,,,0,0,0,0,0,0,,,,,,,,,,,,,,,,,,,,,,,,,,,,,,,,,,,,,,,,,,,,,,,,,,,,,,,,,,,,,,,,,,,,,,,,,,,,,,,,,,,,,,,,,,,,,,,,,,,,,,,
"An iconic movie bids to become “My Fair Lady of the Evening,” but isn’t quite so loverly.",,,0,0,0,0,0,0,,,,,,,,,,,,,,,,,,,,,,,,,,,,,,,,,,,,,,,,,,,,,,,,,,,,,,,,,,,,,,,,,,,,,,,,,,,,,,,,,,,,,,,,,,,,,,,,,,,,,,,
"‘Pretty Woman’ on Broadway is great fun, starring Samantha Barks with a heart of gold",,,0,0,0,0,0,0,,,,,,,,,,,,,,,,,,,,,,,,,,,,,,,,,,,,,,,,,,,,,,,,,,,,,,,,,,,,,,,,,,,,,,,,,,,,,,,,,,,,,,,,,,,,,,,,,,,,,,,
Off-Broadway Theater Review: CHARLATAN (Ars Nova),,,0,0,0,0,0,0,,,,,,,,,,,,,,,,,,,,,,,,,,,,,,,,,,,,,,,,,,,,,,,,,,,,,,,,,,,,,,,,,,,,,,,,,,,,,,,,,,,,,,,,,,,,,,,,,,,,,,,
"The Revived and Reinvented 1776 Is a Delight, If You Can Stand to Watch It",,,0,0,0,0,0,0,,,,,,,,,,,,,,,,,,,,,,,,,,,,,,,,,,,,,,,,,,,,,,,,,,,,,,,,,,,,,,,,,,,,,,,,,,,,,,,,,,,,,,,,,,,,,,,,,,,,,,,
‘1776’ Broadway Review: A New World Declares Independence,,,0,0,0,0,0,0,,,,,,,,,,,,,,,,,,,,,,,,,,,,,,,,,,,,,,,,,,,,,,,,,,,,,,,,,,,,,,,,,,,,,,,,,,,,,,,,,,,,,,,,,,,,,,,,,,,,,,,
Movie Spoof Unfortunately Hits Musical Iceberg,,,0,0,0,0,0,0,,,,,,,,,,,,,,,,,,,,,,,,,,,,,,,,,,,,,,,,,,,,,,,,,,,,,,,,,,,,,,,,,,,,,,,,,,,,,,,,,,,,,,,,,,,,,,,,,,,,,,,
Kelli O’Hara and Rose Byrne Are a Great Slapstick Duo in Fallen Angels,,,0,0,0,0,0,0,,,,,,,,,,,,,,,,,,,,,,,,,,,,,,,,,,,,,,,,,,,,,,,,,,,,,,,,,,,,,,,,,,,,,,,,,,,,,,,,,,,,,,,,,,,,,,,,,,,,,,,
a Pulitzer-winning playwright returns with mixed results,,,0,0,0,0,0,0,,,,,,,,,,,,,,,,,,,,,,,,,,,,,,,,,,,,,,,,,,,,,,,,,,,,,,,,,,,,,,,,,,,,,,,,,,,,,,,,,,,,,,,,,,,,,,,,,,,,,,,
80s weepie makes for soggy Broadway musical,,,0,0,0,0,0,0,,,,,,,,,,,,,,,,,,,,,,,,,,,,,,,,,,,,,,,,,,,,,,,,,,,,,,,,,,,,,,,,,,,,,,,,,,,,,,,,,,,,,,,,,,,,,,,,,,,,,,,
LORD OF THE DANCE: DANGEROUS GAMES,,,0,0,0,0,0,0,,,,,,,,,,,,,,,,,,,,,,,,,,,,,,,,,,,,,,,,,,,,,,,,,,,,,,,,,,,,,,,,,,,,,,,,,,,,,,,,,,,,,,,,,,,,,,,,,,,,,,,
YANNI,,,0,0,0,0,0,0,,,,,,,,,,,,,,,,,,,,,,,,,,,,,,,,,,,,,,,,,,,,,,,,,,,,,,,,,,,,,,,,,,,,,,,,,,,,,,,,,,,,,,,,,,,,,,,,,,,,,,,
THE SIGN IN SIDNEY BRUSTEIN'S WINDOW,,,0,0,0,0,0,0,,,,,,,,,,,,,,,,,,,,,,,,,,,,,,,,,,,,,,,,,,,,,,,,,,,,,,,,,,,,,,,,,,,,,,,,,,,,,,,,,,,,,,,,,,,,,,,,,,,,,,,
EL MAGO POP,,,0,0,0,0,0,0,,,,,,,,,,,,,,,,,,,,,,,,,,,,,,,,,,,,,,,,,,,,,,,,,,,,,,,,,,,,,,,,,,,,,,,,,,,,,,,,,,,,,,,,,,,,,,,,,,,,,,,
MELISSA ETHERIDGE: MY WINDOW,,,0,0,0,0,0,0,,,,,,,,,,,,,,,,,,,,,,,,,,,,,,,,,,,,,,,,,,,,,,,,,,,,,,,,,,,,,,,,,,,,,,,,,,,,,,,,,,,,,,,,,,,,,,,,,,,,,,,
SUNSET BLVD.,,,0,0,0,0,0,0,,,,,,,,,,,,,,,,,,,,,,,,,,,,,,,,,,,,,,,,,,,,,,,,,,,,,,,,,,,,,,,,,,,,,,,,,,,,,,,,,,,,,,,,,,,,,,,,,,,,,,,
Ethel Sings,0201-06-06,,0,0,0,0,0,0,,,,,,,,,,,,,,,,,,,,,,,,,,,,,,,,,,,,,,,,,,,,,,,,,,,,,,,,,,,,,,,,,,,,,,,,,,,,,,,,,,,,,,,,,,,,,,,,,,,,,,,
Benito Cereno,0201-09-25,,0,0,0,0,0,0,,,,,,,,,,,,,,,,,,,,,,,,,,,,,,,,,,,,,,,,,,,,,,,,,,,,,,,,,,,,,,,,,,,,,,,,,,,,,,,,,,,,,,,,,,,,,,,,,,,,,,,
reasons to be pretty,1970-01-01,,0,0,0,0,0,0,,,,,,,,,,,,,,,,,,,,,,,,,,,,,,,,,,,,,,,,,,,,,,,,,,,,,,,,,,,,,,,,,,,,,,,,,,,,,,,,,,,,,,,,,,,,,,,,,,,,,,,
shipwrecked,1970-01-01,,0,0,0,0,0,0,,,,,,,,,,,,,,,,,,,,,,,,,,,,,,,,,,,,,,,,,,,,,,,,,,,,,,,,,,,,,,,,,,,,,,,,,,,,,,,,,,,,,,,,,,,,,,,,,,,,,,,
ruined,1970-01-01,,0,0,0,0,0,0,,,,,,,,,,,,,,,,,,,,,,,,,,,,,,,,,,,,,,,,,,,,,,,,,,,,,,,,,,,,,,,,,,,,,,,,,,,,,,,,,,,,,,,,,,,,,,,,,,,,,,,
lady,1970-01-01,,0,0,0,0,0,0,,,,,,,,,,,,,,,,,,,,,,,,,,,,,,,,,,,,,,,,,,,,,,,,,,,,,,,,,,,,,,,,,,,,,,,,,,,,,,,,,,,,,,,,,,,,,,,,,,,,,,,
jump,1970-01-01,,0,0,0,0,0,0,,,,,,,,,,,,,,,,,,,,,,,,,,,,,,,,,,,,,,,,,,,,,,,,,,,,,,,,,,,,,,,,,,,,,,,,,,,,,,,,,,,,,,,,,,,,,,,,,,,,,,,
"len, asleep in vinyl",1970-01-01,,0,0,0,0,0,0,,,,,,,,,,,,,,,,,,,,,,,,,,,,,,,,,,,,,,,,,,,,,,,,,,,,,,,,,,,,,,,,,,,,,,,,,,,,,,,,,,,,,,,,,,,,,,,,,,,,,,,
port authority,1970-01-01,,0,0,0,0,0,0,,,,,,,,,,,,,,,,,,,,,,,,,,,,,,,,,,,,,,,,,,,,,,,,,,,,,,,,,,,,,,,,,,,,,,,,,,,,,,,,,,,,,,,,,,,,,,,,,,,,,,,
opening night,1970-01-01,,0,0,0,0,0,0,,,,,,,,,,,,,,,,,,,,,,,,,,,,,,,,,,,,,,,,,,,,,,,,,,,,,,,,,,,,,,,,,,,,,,,,,,,,,,,,,,,,,,,,,,,,,,,,,,,,,,,
9 to 5 broadway,1970-01-01,,0,0,0,0,0,0,,,,,,,,,,,,,,,,,,,,,,,,,,,,,,,,,,,,,,,,,,,,,,,,,,,,,,,,,,,,,,,,,,,,,,,,,,,,,,,,,,,,,,,,,,,,,,,,,,,,,,,
a steady rain,1970-01-01,,0,0,0,0,0,0,,,,,,,,,,,,,,,,,,,,,,,,,,,,,,,,,,,,,,,,,,,,,,,,,,,,,,,,,,,,,,,,,,,,,,,,,,,,,,,,,,,,,,,,,,,,,,,,,,,,,,,
accent on youth broadway,1970-01-01,,0,0,0,0,0,0,,,,,,,,,,,,,,,,,,,,,,,,,,,,,,,,,,,,,,,,,,,,,,,,,,,,,,,,,,,,,,,,,,,,,,,,,,,,,,,,,,,,,,,,,,,,,,,,,,,,,,,
all my sons,1970-01-01,,0,0,0,0,0,0,,,,,,,,,,,,,,,,,,,,,,,,,,,,,,,,,,,,,,,,,,,,,,,,,,,,,,,,,,,,,,,,,,,,,,,,,,,,,,,,,,,,,,,,,,,,,,,,,,,,,,,
a chorus line,1970-01-01,,0,0,0,0,0,0,,,,,,,,,,,,,,,,,,,,,,,,,,,,,,,,,,,,,,,,,,,,,,,,,,,,,,,,,,,,,,,,,,,,,,,,,,,,,,,,,,,,,,,,,,,,,,,,,,,,,,,
cirque dreams: jungle fantasy,1970-01-01,,0,0,0,0,0,0,,,,,,,,,,,,,,,,,,,,,,,,,,,,,,,,,,,,,,,,,,,,,,,,,,,,,,,,,,,,,,,,,,,,,,,,,,,,,,,,,,,,,,,,,,,,,,,,,,,,,,,
desire under the elms broadway,1970-01-01,,0,0,0,0,0,0,,,,,,,,,,,,,,,,,,,,,,,,,,,,,,,,,,,,,,,,,,,,,,,,,,,,,,,,,,,,,,,,,,,,,,,,,,,,,,,,,,,,,,,,,,,,,,,,,,,,,,,
dividing the estate,1970-01-01,,0,0,0,0,0,0,,,,,,,,,,,,,,,,,,,,,,,,,,,,,,,,,,,,,,,,,,,,,,,,,,,,,,,,,,,,,,,,,,,,,,,,,,,,,,,,,,,,,,,,,,,,,,,,,,,,,,,
guys and dolls,1970-01-01,,0,0,0,0,0,0,,,,,,,,,,,,,,,,,,,,,,,,,,,,,,,,,,,,,,,,,,,,,,,,,,,,,,,,,,,,,,,,,,,,,,,,,,,,,,,,,,,,,,,,,,,,,,,,,,,,,,,
impressionism broadway,1970-01-01,,0,0,0,0,0,0,,,,,,,,,,,,,,,,,,,,,,,,,,,,,,,,,,,,,,,,,,,,,,,,,,,,,,,,,,,,,,,,,,,,,,,,,,,,,,,,,,,,,,,,,,,,,,,,,,,,,,,
legally blonde,1970-01-01,,0,0,0,0,0,0,,,,,,,,,,,,,,,,,,,,,,,,,,,,,,,,,,,,,,,,,,,,,,,,,,,,,,,,,,,,,,,,,,,,,,,,,,,,,,,,,,,,,,,,,,,,,,,,,,,,,,,
les liaisons dangereuses,1970-01-01,,0,0,0,0,0,0,,,,,,,,,,,,,,,,,,,,,,,,,,,,,,,,,,,,,,,,,,,,,,,,,,,,,,,,,,,,,,,,,,,,,,,,,,,,,,,,,,,,,,,,,,,,,,,,,,,,,,,
the little mermaid,1970-01-01,,0,0,0,0,0,0,,,,,,,,,,,,,,,,,,,,,,,,,,,,,,,,,,,,,,,,,,,,,,,,,,,,,,,,,,,,,,,,,,,,,,,,,,,,,,,,,,,,,,,,,,,,,,,,,,,,,,,
november,1970-01-01,,0,0,0,0,0,0,,,,,,,,,,,,,,,,,,,,,,,,,,,,,,,,,,,,,,,,,,,,,,,,,,,,,,,,,,,,,,,,,,,,,,,,,,,,,,,,,,,,,,,,,,,,,,,,,,,,,,,
oleanna,1970-01-01,,0,0,0,0,0,0,,,,,,,,,,,,,,,,,,,,,,,,,,,,,,,,,,,,,,,,,,,,,,,,,,,,,,,,,,,,,,,,,,,,,,,,,,,,,,,,,,,,,,,,,,,,,,,,,,,,,,,
pal joey,1970-01-01,,0,0,0,0,0,0,,,,,,,,,,,,,,,,,,,,,,,,,,,,,,,,,,,,,,,,,,,,,,,,,,,,,,,,,,,,,,,,,,,,,,,,,,,,,,,,,,,,,,,,,,,,,,,,,,,,,,,
the philanthropist,1970-01-01,,0,0,0,0,0,0,,,,,,,,,,,,,,,,,,,,,,,,,,,,,,,,,,,,,,,,,,,,,,,,,,,,,,,,,,,,,,,,,,,,,,,,,,,,,,,,,,,,,,,,,,,,,,,,,,,,,,,
Speed the Plow,1970-01-01,,0,0,0,0,0,0,,,,,,,,,,,,,,,,,,,,,,,,,,,,,,,,,,,,,,,,,,,,,,,,,,,,,,,,,,,,,,,,,,,,,,,,,,,,,,,,,,,,,,,,,,,,,,,,,,,,,,,
soul of shaolin,1970-01-01,,0,0,0,0,0,0,,,,,,,,,,,,,,,,,,,,,,,,,,,,,,,,,,,,,,,,,,,,,,,,,,,,,,,,,,,,,,,,,,,,,,,,,,,,,,,,,,,,,,,,,,,,,,,,,,,,,,,
the story of my life,1970-01-01,,0,0,0,0,0,0,,,,,,,,,,,,,,,,,,,,,,,,,,,,,,,,,,,,,,,,,,,,,,,,,,,,,,,,,,,,,,,,,,,,,,,,,,,,,,,,,,,,,,,,,,,,,,,,,,,,,,,
a lifetime burning,1970-01-01,,0,0,0,0,0,0,,,,,,,,,,,,,,,,,,,,,,,,,,,,,,,,,,,,,,,,,,,,,,,,,,,,,,,,,,,,,,,,,,,,,,,,,,,,,,,,,,,,,,,,,,,,,,,,,,,,,,,
absinthe,1970-01-01,,0,0,0,0,0,0,,,,,,,,,,,,,,,,,,,,,,,,,,,,,,,,,,,,,,,,,,,,,,,,,,,,,,,,,,,,,,,,,,,,,,,,,,,,,,,,,,,,,,,,,,,,,,,,,,,,,,,
adding machine,1970-01-01,,0,0,0,0,0,0,,,,,,,,,,,,,,,,,,,,,,,,,,,,,,,,,,,,,,,,,,,,,,,,,,,,,,,,,,,,,,,,,,,,,,,,,,,,,,,,,,,,,,,,,,,,,,,,,,,,,,,
beast,1970-01-01,,0,0,0,0,0,0,,,,,,,,,,,,,,,,,,,,,,,,,,,,,,,,,,,,,,,,,,,,,,,,,,,,,,,,,,,,,,,,,,,,,,,,,,,,,,,,,,,,,,,,,,,,,,,,,,,,,,,
blasted,1970-01-01,,0,0,0,0,0,0,,,,,,,,,,,,,,,,,,,,,,,,,,,,,,,,,,,,,,,,,,,,,,,,,,,,,,,,,,,,,,,,,,,,,,,,,,,,,,,,,,,,,,,,,,,,,,,,,,,,,,,
buffalo gal,1970-01-01,,0,0,0,0,0,0,,,,,,,,,,,,,,,,,,,,,,,,,,,,,,,,,,,,,,,,,,,,,,,,,,,,,,,,,,,,,,,,,,,,,,,,,,,,,,,,,,,,,,,,,,,,,,,,,,,,,,,
chasing manet,1970-01-01,,0,0,0,0,0,0,,,,,,,,,,,,,,,,,,,,,,,,,,,,,,,,,,,,,,,,,,,,,,,,,,,,,,,,,,,,,,,,,,,,,,,,,,,,,,,,,,,,,,,,,,,,,,,,,,,,,,,
desir,1970-01-01,,0,0,0,0,0,0,,,,,,,,,,,,,,,,,,,,,,,,,,,,,,,,,,,,,,,,,,,,,,,,,,,,,,,,,,,,,,,,,,,,,,,,,,,,,,,,,,,,,,,,,,,,,,,,,,,,,,,
disco pigs,1970-01-01,,0,0,0,0,0,0,,,,,,,,,,,,,,,,,,,,,,,,,,,,,,,,,,,,,,,,,,,,,,,,,,,,,,,,,,,,,,,,,,,,,,,,,,,,,,,,,,,,,,,,,,,,,,,,,,,,,,,
forbidden broadway,1970-01-01,,0,0,0,0,0,0,,,,,,,,,,,,,,,,,,,,,,,,,,,,,,,,,,,,,,,,,,,,,,,,,,,,,,,,,,,,,,,,,,,,,,,,,,,,,,,,,,,,,,,,,,,,,,,,,,,,,,,
geometry of fire,1970-01-01,,0,0,0,0,0,0,,,,,,,,,,,,,,,,,,,,,,,,,,,,,,,,,,,,,,,,,,,,,,,,,,,,,,,,,,,,,,,,,,,,,,,,,,,,,,,,,,,,,,,,,,,,,,,,,,,,,,,
the grand inquisitor,1970-01-01,,0,0,0,0,0,0,,,,,,,,,,,,,,,,,,,,,,,,,,,,,,,,,,,,,,,,,,,,,,,,,,,,,,,,,,,,,,,,,,,,,,,,,,,,,,,,,,,,,,,,,,,,,,,,,,,,,,,
happiness,1970-01-01,,0,0,0,0,0,0,,,,,,,,,,,,,,,,,,,,,,,,,,,,,,,,,,,,,,,,,,,,,,,,,,,,,,,,,,,,,,,,,,,,,,,,,,,,,,,,,,,,,,,,,,,,,,,,,,,,,,,
in conflict,1970-01-01,,0,0,0,0,0,0,,,,,,,,,,,,,,,,,,,,,,,,,,,,,,,,,,,,,,,,,,,,,,,,,,,,,,,,,,,,,,,,,,,,,,,,,,,,,,,,,,,,,,,,,,,,,,,,,,,,,,,
some americans abroad,1970-01-01,,0,0,0,0,0,0,,,,,,,,,,,,,,,,,,,,,,,,,,,,,,,,,,,,,,,,,,,,,,,,,,,,,,,,,,,,,,,,,,,,,,,,,,,,,,,,,,,,,,,,,,,,,,,,,,,,,,,
sunken red,1970-01-01,,0,0,0,0,0,0,,,,,,,,,,,,,,,,,,,,,,,,,,,,,,,,,,,,,,,,,,,,,,,,,,,,,,,,,,,,,,,,,,,,,,,,,,,,,,,,,,,,,,,,,,,,,,,,,,,,,,,
taking over,1970-01-01,,0,0,0,0,0,0,,,,,,,,,,,,,,,,,,,,,,,,,,,,,,,,,,,,,,,,,,,,,,,,,,,,,,,,,,,,,,,,,,,,,,,,,,,,,,,,,,,,,,,,,,,,,,,,,,,,,,,
this beautiful city,1970-01-01,,0,0,0,0,0,0,,,,,,,,,,,,,,,,,,,,,,,,,,,,,,,,,,,,,,,,,,,,,,,,,,,,,,,,,,,,,,,,,,,,,,,,,,,,,,,,,,,,,,,,,,,,,,,,,,,,,,,
vanities,1970-01-01,,0,0,0,0,0,0,,,,,,,,,,,,,,,,,,,,,,,,,,,,,,,,,,,,,,,,,,,,,,,,,,,,,,,,,,,,,,,,,,,,,,,,,,,,,,,,,,,,,,,,,,,,,,,,,,,,,,,
vincent river,1970-01-01,,0,0,0,0,0,0,,,,,,,,,,,,,,,,,,,,,,,,,,,,,,,,,,,,,,,,,,,,,,,,,,,,,,,,,,,,,,,,,,,,,,,,,,,,,,,,,,,,,,,,,,,,,,,,,,,,,,,
Jersey Boys,1970-01-01,,0,0,0,0,0,0,,,,,,,,,,,,,,,,,,,,,,,,,,,,,,,,,,,,,,,,,,,,,,,,,,,,,,,,,,,,,,,,,,,,,,,,,,,,,,,,,,,,,,,,,,,,,,,,,,,,,,,
Simpatico,1970-01-01,,0,0,0,0,0,0,,,,,,,,,,,,,,,,,,,,,,,,,,,,,,,,,,,,,,,,,,,,,,,,,,,,,,,,,,,,,,,,,,,,,,,,,,,,,,,,,,,,,,,,,,,,,,,,,,,,,,,
1776,1970-01-01,,0,0,0,0,0,0,,,,,,,,,,,,,,,,,,,,,,,,,,,,,,,,,,,,,,,,,,,,,,,,,,,,,,,,,,,,,,,,,,,,,,,,,,,,,,,,,,,,,,,,,,,,,,,,,,,,,,,
Jaja's African Hair Braiding,1970-01-01,,0,0,0,0,0,0,,,,,,,,,,,,,,,,,,,,,,,,,,,,,,,,,,,,,,,,,,,,,,,,,,,,,,,,,,,,,,,,,,,,,,,,,,,,,,,,,,,,,,,,,,,,,,,,,,,,,,,
Merrily We Roll Along,1970-01-01,,0,0,0,0,0,0,,,,,,,,,,,,,,,,,,,,,,,,,,,,,,,,,,,,,,,,,,,,,,,,,,,,,,,,,,,,,,,,,,,,,,,,,,,,,,,,,,,,,,,,,,,,,,,,,,,,,,,
Phantom Of The Opera,1988-01-26,,0,0,1,1,0,0,,,,,,,,,,,,,,,,,,,,,,,,,,,,,,,,,,,,,,,,,,,,,,,,,,,,,,,,,,,,,,,,,,,,,,,,,,,,,,,,,,,,,,,,,,,,,,,,,,up,,,,,
Blue Man Group,1991-11-11,,0,0,0,0,0,0,,,,,,,,,,,,,,,,,,,,,,,,,,,,,,,,,,,,,,,,,,,,,,,,,,,,,,,,,,,,,,,,,,,,,,,,,,,,,,,,,,,,,,,,,,,,,,,,,,,,,,,
Stomp,1994-02-27,,0,0,0,0,0,0,,,,,,,,,,,,,,,,,,,,,,,,,,,,,,,,,,,,,,,,,,,,,,,,,,,,,,,,,,,,,,,,,,,,,,,,,,,,,,,,,,,,,,,,,,,,,,,,,,,,,,,
Rent (Broadway),1996-04-29,,0,0,3,3,0,0,,,,,,,,,,,,,,,,,,,,,,,,,,,,,,,,,,,,,,,,,,,,,,,,,,up,,,,,,,,,,,,,,,,,,,,,,,,,,,,,,,,,,,,,,,,,up,,,,,,,up,,,,,
Chicago,1996-11-14,,0,0,1,1,0,0,,,,,,,,,,,,,,,,,,,,,,,,,,,,,,,,,,,,,,,,,,,,,,,,,,up,,,,,,,,,,,,,,,,,,,,,,,,,,,,,,,,,,,,,,,,,,,,,,,,,,,,,
The Lion King,1997-11-13,,0,0,3,2,1,0,,,,,,,,,,,,,,,,,,,,,,,,,,,,,,,,,,,,,,,,meh,,,,,,,,,,up,,,,,,,,,,,,,,,,,,,,,,,,,,,,,,,,,,,,,,,,,,,,,,,,up,,,,,
Q.E.D.,2001-02-17,,0,0,0,0,0,0,,,,,,,,,,,,,,,,,,,,,,,,,,,,,,,,,,,,,,,,,,,,,,,,,,,,,,,,,,,,,,,,,,,,,,,,,,,,,,,,,,,,,,,,,,,,,,,,,,,,,,,
A Class Act,2001-03-11,,0,0,1,0,1,0,,,,,,,,,,,,,,,,,,,,,,,,,,,,,,,,,,,,,,,,,,,,,,,,,,meh,,,,,,,,,,,,,,,,,,,,,,,,,,,,,,,,,,,,,,,,,,,,,,,,,,,,,
Design for Living,2001-03-15,,0,0,1,1,0,0,,,,,,,,,,,,,,,,,,,,,,,,,,,,,,,,,,,,,,,,,,,,,,,,,,up,,,,,,,,,,,,,,,,,,,,,,,,,,,,,,,,,,,,,,,,,,,,,,,,,,,,,
Judgment at Nuremberg,2001-03-26,,0,0,1,0,1,0,,,,,,,,,,,,,,,,,,,,,,,,,,,,,,,,,,,,,,,,,,,,,,,,,,meh,,,,,,,,,,,,,,,,,,,,,,,,,,,,,,,,,,,,,,,,,,,,,,,,,,,,,
The Invention of Love,2001-03-29,,0,0,1,1,0,0,,,,,,,,,,,,,,,,,,,,,,,,,,,,,,,,,,,,,,,,,,,,,,,,,,up,,,,,,,,,,,,,,,,,,,,,,,,,,,,,,,,,,,,,,,,,,,,,,,,,,,,,
Stones in His Pockets,2001-04-01,,0,0,1,0,1,0,,,,,,,,,,,,,,,,,,,,,,,,,,,,,,,,,,,,,,,,,,,,,,,,,,meh,,,,,,,,,,,,,,,,,,,,,,,,,,,,,,,,,,,,,,,,,,,,,,,,,,,,,
Follies (2001),2001-04-05,,0,0,1,0,0,1,,,,,,,,,,,,,,,,,,,,,,,,,,,,,,,,,,,,,,,,,,,,,,,,,,down,,,,,,,,,,,,,,,,,,,,,,,,,,,,,,,,,,,,,,,,,,,,,,,,,,,,,
Bells Are Ringing,2001-04-12,,0,0,1,0,0,1,,,,,,,,,,,,,,,,,,,,,,,,,,,,,,,,,,,,,,,,,,,,,,,,,,down,,,,,,,,,,,,,,,,,,,,,,,,,,,,,,,,,,,,,,,,,,,,,,,,,,,,,
Blast!,2001-04-17,,0,0,1,0,0,1,,,,,,,,,,,,,,,,,,,,,,,,,,,,,,,,,,,,,,,,,,,,,,,,,,down,,,,,,,,,,,,,,,,,,,,,,,,,,,,,,,,,,,,,,,,,,,,,,,,,,,,,
The Producers,2001-04-19,,0,0,1,1,0,0,,,,,,,,,,,,,,,,,,,,,,,,,,,,,,,,,,,,,,,,,,,,,,,,,,up,,,,,,,,,,,,,,,,,,,,,,,,,,,,,,,,,,,,,,,,,,,,,,,,,,,,,
The Gathering,2001-04-24,,0,0,1,0,1,0,,,,,,,,,,,,,,,,,,,,,,,,,,,,,,,,,,,,,,,,,,,,,,,,,,meh,,,,,,,,,,,,,,,,,,,,,,,,,,,,,,,,,,,,,,,,,,,,,,,,,,,,,
The Adventures of Tom Sawyer (2001),2001-04-26,,0,0,1,0,0,1,,,,,,,,,,,,,,,,,,,,,,,,,,,,,,,,,,,,,,,,,,,,,,,,,,down,,,,,,,,,,,,,,,,,,,,,,,,,,,,,,,,,,,,,,,,,,,,,,,,,,,,,
King Hedley II,2001-04-29,,0,0,1,1,0,0,,,,,,,,,,,,,,,,,,,,,,,,,,,,,,,,,,,,,,,,,,,,,,,,,,up,,,,,,,,,,,,,,,,,,,,,,,,,,,,,,,,,,,,,,,,,,,,,,,,,,,,,
George Gershwin Alone,2001-04-30,,0,0,1,0,1,0,,,,,,,,,,,,,,,,,,,,,,,,,,,,,,,,,,,,,,,,,,,,,,,,,,meh,,,,,,,,,,,,,,,,,,,,,,,,,,,,,,,,,,,,,,,,,,,,,,,,,,,,,
42nd Street,2001-04-30,,0,0,1,0,0,1,,,,,,,,,,,,,,,,,,,,,,,,,,,,,,,,,,,,,,,,,,,,,,,,,,down,,,,,,,,,,,,,,,,,,,,,,,,,,,,,,,,,,,,,,,,,,,,,,,,,,,,,
A Thousand Clowns,2001-07-11,,0,0,1,0,0,1,,,,,,,,,,,,,,,,,,,,,,,,,,,,,,,,,,,,,,,,,,,,,,,,,,down,,,,,,,,,,,,,,,,,,,,,,,,,,,,,,,,,,,,,,,,,,,,,,,,,,,,,
Major Barbara,2001-07-12,,0,0,1,1,0,0,,,,,,,,,,,,,,,,,,,,,,,,,,,,,,,,,,,,,,,,,,,,,,,,,,up,,,,,,,,,,,,,,,,,,,,,,,,,,,,,,,,,,,,,,,,,,,,,,,,,,,,,
Urinetown,2001-09-20,,0,0,1,1,0,0,,,,,,,,,,,,,,,,,,,,,,,,,,,,,,,,,,,,,,,,,,,,,,,,,,up,,,,,,,,,,,,,,,,,,,,,,,,,,,,,,,,,,,,,,,,,,,,,,,,,,,,,
Hedda Gabler (2001),2001-10-04,,0,0,0,0,0,0,,,,,,,,,,,,,,,,,,,,,,,,,,,,,,,,,,,,,,,,,,,,,,,,,,,,,,,,,,,,,,,,,,,,,,,,,,,,,,,,,,,,,,,,,,,,,,,,,,,,,,,
Dance of Death,2001-10-11,,0,0,1,0,1,0,,,,,,,,,,,,,,,,,,,,,,,,,,,,,,,,,,,,,,,,,,,,,,,,,,meh,,,,,,,,,,,,,,,,,,,,,,,,,,,,,,,,,,,,,,,,,,,,,,,,,,,,,
Mamma Mia!,2001-10-18,,0,0,2,0,1,1,,,,,,,,,,,,,,,,,,,,,,,,,,,,,,,,,,,,,,,,down,,,,,,,,,,,,,,,,,,,,,,,,,,,,,,,,,,,,,,,,,,,,,,,,,,,meh,,,,,,,,,,,,
Thou Shalt Not,2001-10-25,,0,0,1,0,0,1,,,,,,,,,,,,,,,,,,,,,,,,,,,,,,,,,,,,,,,,,,,,,,,,,,down,,,,,,,,,,,,,,,,,,,,,,,,,,,,,,,,,,,,,,,,,,,,,,,,,,,,,
By Jeeves,2001-10-28,,0,0,1,0,1,0,,,,,,,,,,,,,,,,,,,,,,,,,,,,,,,,,,,,,,,,,,,,,,,,,,meh,,,,,,,,,,,,,,,,,,,,,,,,,,,,,,,,,,,,,,,,,,,,,,,,,,,,,
Noises Off,2001-11-01,,0,0,1,1,0,0,,,,,,,,,,,,,,,,,,,,,,,,,,,,,,,,,,,,,,,,,,,,,,,,,,up,,,,,,,,,,,,,,,,,,,,,,,,,,,,,,,,,,,,,,,,,,,,,,,,,,,,,
The Women,2001-11-08,,0,0,1,0,0,1,,,,,,,,,,,,,,,,,,,,,,,,,,,,,,,,,,,,,,,,,,,,,,,,,,down,,,,,,,,,,,,,,,,,,,,,,,,,,,,,,,,,,,,,,,,,,,,,,,,,,,,,
45 Seconds From Broadway,2001-11-11,,0,0,1,0,1,0,,,,,,,,,,,,,,,,,,,,,,,,,,,,,,,,,,,,,,,,,,,,,,,,,,meh,,,,,,,,,,,,,,,,,,,,,,,,,,,,,,,,,,,,,,,,,,,,,,,,,,,,,
Sexaholix,2001-11-11,,0,0,0,0,0,0,,,,,,,,,,,,,,,,,,,,,,,,,,,,,,,,,,,,,,,,,,,,,,,,,,,,,,,,,,,,,,,,,,,,,,,,,,,,,,,,,,,,,,,,,,,,,,,,,,,,,,,
A Christmas Carol,2001-12-24,,0,0,0,0,0,0,,,,,,,,,,,,,,,,,,,,,,,,,,,,,,,,,,,,,,,,,,,,,,,,,,,,,,,,,,,,,,,,,,,,,,,,,,,,,,,,,,,,,,,,,,,,,,,,,,,,,,,
An Almost Holy Picture,2002-02-07,,0,0,0,0,0,0,,,,,,,,,,,,,,,,,,,,,,,,,,,,,,,,,,,,,,,,,,,,,,,,,,,,,,,,,,,,,,,,,,,,,,,,,,,,,,,,,,,,,,,,,,,,,,,,,,,,,,,
Metamorphoses,2002-03-04,,0,0,1,1,0,0,,,,,,,,,,,,,,,,,,,,,,,,,,,,,,,,,,,,,,,,,,,,,,,,,,up,,,,,,,,,,,,,,,,,,,,,,,,,,,,,,,,,,,,,,,,,,,,,,,,,,,,,
One Mo' Time,2002-03-06,,0,0,1,0,0,1,,,,,,,,,,,,,,,,,,,,,,,,,,,,,,,,,,,,,,,,,,,,,,,,,,down,,,,,,,,,,,,,,,,,,,,,,,,,,,,,,,,,,,,,,,,,,,,,,,,,,,,,
The Crucible,2002-03-07,,0,0,1,1,0,0,,,,,,,,,,,,,,,,,,,,,,,,,,,,,,,,,,,,,,,,,,,,,,,,,,up,,,,,,,,,,,,,,,,,,,,,,,,,,,,,,,,,,,,,,,,,,,,,,,,,,,,,
"The Goat, or Who is Sylvia?",2002-03-10,,0,0,1,1,0,0,,,,,,,,,,,,,,,,,,,,,,,,,,,,,,,,,,,,,,,,,,,,,,,,,,up,,,,,,,,,,,,,,,,,,,,,,,,,,,,,,,,,,,,,,,,,,,,,,,,,,,,,
Sweet Smell of Success,2002-03-14,,0,0,1,0,0,1,,,,,,,,,,,,,,,,,,,,,,,,,,,,,,,,,,,,,,,,,,,,,,,,,,down,,,,,,,,,,,,,,,,,,,,,,,,,,,,,,,,,,,,,,,,,,,,,,,,,,,,,
Oklahoma!,2002-03-21,,0,0,0,0,0,0,,,,,,,,,,,,,,,,,,,,,,,,,,,,,,,,,,,,,,,,,,,,,,,,,,,,,,,,,,,,,,,,,,,,,,,,,,,,,,,,,,,,,,,,,,,,,,,,,,,,,,,
The Smell of the Kill,2002-03-26,,0,0,1,0,0,1,,,,,,,,,,,,,,,,,,,,,,,,,,,,,,,,,,,,,,,,,,,,,,,,,,down,,,,,,,,,,,,,,,,,,,,,,,,,,,,,,,,,,,,,,,,,,,,,,,,,,,,,
Fortune's Fool,2002-04-02,,0,0,1,1,0,0,,,,,,,,,,,,,,,,,,,,,,,,,,,,,,,,,,,,,,,,,,,,,,,,,,up,,,,,,,,,,,,,,,,,,,,,,,,,,,,,,,,,,,,,,,,,,,,,,,,,,,,,
The Graduate,2002-04-04,,0,0,1,0,0,1,,,,,,,,,,,,,,,,,,,,,,,,,,,,,,,,,,,,,,,,,,,,,,,,,,down,,,,,,,,,,,,,,,,,,,,,,,,,,,,,,,,,,,,,,,,,,,,,,,,,,,,,
Topdog/Underdog,2002-04-07,,0,0,1,1,0,0,,,,,,,,,,,,,,,,,,,,,,,,,,,,,,,,,,,,,,,,,,,,,,,,,,up,,,,,,,,,,,,,,,,,,,,,,,,,,,,,,,,,,,,,,,,,,,,,,,,,,,,,
The Elephant Man,2002-04-14,,0,0,1,1,0,0,,,,,,,,,,,,,,,,,,,,,,,,,,,,,,,,,,,,,,,,,,,,,,,,,,up,,,,,,,,,,,,,,,,,,,,,,,,,,,,,,,,,,,,,,,,,,,,,,,,,,,,,
Thoroughly Modern Millie,2002-04-18,,0,0,1,0,1,0,,,,,,,,,,,,,,,,,,,,,,,,,,,,,,,,,,,,,,,,,,,,,,,,,,meh,,,,,,,,,,,,,,,,,,,,,,,,,,,,,,,,,,,,,,,,,,,,,,,,,,,,,
Morning's at Seven,2002-04-21,,0,0,1,1,0,0,,,,,,,,,,,,,,,,,,,,,,,,,,,,,,,,,,,,,,,,,,,,,,,,,,up,,,,,,,,,,,,,,,,,,,,,,,,,,,,,,,,,,,,,,,,,,,,,,,,,,,,,
The Mystery of Charles Dickens,2002-04-25,,0,0,1,0,1,0,,,,,,,,,,,,,,,,,,,,,,,,,,,,,,,,,,,,,,,,,,,,,,,,,,meh,,,,,,,,,,,,,,,,,,,,,,,,,,,,,,,,,,,,,,,,,,,,,,,,,,,,,
Private Lives (2002),2002-04-28,,0,0,1,0,1,0,,,,,,,,,,,,,,,,,,,,,,,,,,,,,,,,,,,,,,,,,,,,,,,,,,meh,,,,,,,,,,,,,,,,,,,,,,,,,,,,,,,,,,,,,,,,,,,,,,,,,,,,,
Into the Woods,2002-04-30,,0,0,1,0,1,0,,,,,,,,,,,,,,,,,,,,,,,,,,,,,,,,,,,,,,,,,,,,,,,,,,meh,,,,,,,,,,,,,,,,,,,,,,,,,,,,,,,,,,,,,,,,,,,,,,,,,,,,,
The Man Who Had All the Luck,2002-05-01,,0,0,1,1,0,0,,,,,,,,,,,,,,,,,,,,,,,,,,,,,,,,,,,,,,,,,,,,,,,,,,up,,,,,,,,,,,,,,,,,,,,,,,,,,,,,,,,,,,,,,,,,,,,,,,,,,,,,
I'm Not Rappaport,2002-07-25,,0,0,0,0,0,0,,,,,,,,,,,,,,,,,,,,,,,,,,,,,,,,,,,,,,,,,,,,,,,,,,,,,,,,,,,,,,,,,,,,,,,,,,,,,,,,,,,,,,,,,,,,,,,,,,,,,,,
Frankie and Johnny in the Claire de Lune,2002-08-08,,0,0,1,1,0,0,,,,,,,,,,,,,,,,,,,,,,,,,,,,,,,,,,,,,,,,,,,,,,,,,,up,,,,,,,,,,,,,,,,,,,,,,,,,,,,,,,,,,,,,,,,,,,,,,,,,,,,,
Hairspray,2002-08-15,,0,0,1,1,0,0,,,,,,,,,,,,,,,,,,,,,,,,,,,,,,,,,,,,,,,,,,,,,,,,,,up,,,,,,,,,,,,,,,,,,,,,,,,,,,,,,,,,,,,,,,,,,,,,,,,,,,,,
The Boys From Syracuse,2002-08-18,,0,0,1,0,1,0,,,,,,,,,,,,,,,,,,,,,,,,,,,,,,,,,,,,,,,,,,,,,,,,,,meh,,,,,,,,,,,,,,,,,,,,,,,,,,,,,,,,,,,,,,,,,,,,,,,,,,,,,
"Say Goodnight , Gracie",2002-10-10,,0,0,1,0,1,0,,,,,,,,,,,,,,,,,,,,,,,,,,,,,,,,,,,,,,,,,,,,,,,,,,meh,,,,,,,,,,,,,,,,,,,,,,,,,,,,,,,,,,,,,,,,,,,,,,,,,,,,,
Flower Drum Song,2002-10-17,,0,0,1,0,1,0,,,,,,,,,,,,,,,,,,,,,,,,,,,,,,,,,,,,,,,,,,,,,,,,,,meh,,,,,,,,,,,,,,,,,,,,,,,,,,,,,,,,,,,,,,,,,,,,,,,,,,,,,
Amour,2002-10-20,,0,0,1,1,0,0,,,,,,,,,,,,,,,,,,,,,,,,,,,,,,,,,,,,,,,,,,,,,,,,,,up,,,,,,,,,,,,,,,,,,,,,,,,,,,,,,,,,,,,,,,,,,,,,,,,,,,,,
Hollywood Arms,2002-10-31,,0,0,1,0,1,0,,,,,,,,,,,,,,,,,,,,,,,,,,,,,,,,,,,,,,,,,,,,,,,,,,meh,,,,,,,,,,,,,,,,,,,,,,,,,,,,,,,,,,,,,,,,,,,,,,,,,,,,,
Our Town,2002-12-04,,0,0,0,0,0,0,,,,,,,,,,,,,,,,,,,,,,,,,,,,,,,,,,,,,,,,,,,,,,,,,,,,,,,,,,,,,,,,,,,,,,,,,,,,,,,,,,,,,,,,,,,,,,,,,,,,,,,
Man of La Mancha,2002-12-05,,0,0,1,0,0,1,,,,,,,,,,,,,,,,,,,,,,,,,,,,,,,,,,,,,,,,,,,,,,,,,,down,,,,,,,,,,,,,,,,,,,,,,,,,,,,,,,,,,,,,,,,,,,,,,,,,,,,,
La Boheme,2002-12-08,,0,0,1,1,0,0,,,,,,,,,,,,,,,,,,,,,,,,,,,,,,,,,,,,,,,,,,,,,,,,,,up,,,,,,,,,,,,,,,,,,,,,,,,,,,,,,,,,,,,,,,,,,,,,,,,,,,,,
Dance of the Vampires,2002-12-09,,0,0,1,0,0,1,,,,,,,,,,,,,,,,,,,,,,,,,,,,,,,,,,,,,,,,,,,,,,,,,,down,,,,,,,,,,,,,,,,,,,,,,,,,,,,,,,,,,,,,,,,,,,,,,,,,,,,,
Medea,2002-12-10,,0,0,0,0,0,0,,,,,,,,,,,,,,,,,,,,,,,,,,,,,,,,,,,,,,,,,,,,,,,,,,,,,,,,,,,,,,,,,,,,,,,,,,,,,,,,,,,,,,,,,,,,,,,,,,,,,,,
Imaginary Friends,2002-12-12,,0,0,1,0,1,0,,,,,,,,,,,,,,,,,,,,,,,,,,,,,,,,,,,,,,,,,,,,,,,,,,meh,,,,,,,,,,,,,,,,,,,,,,,,,,,,,,,,,,,,,,,,,,,,,,,,,,,,,
Dinner at Eight,2002-12-19,,0,0,1,0,0,1,,,,,,,,,,,,,,,,,,,,,,,,,,,,,,,,,,,,,,,,,,,,,,,,,,down,,,,,,,,,,,,,,,,,,,,,,,,,,,,,,,,,,,,,,,,,,,,,,,,,,,,,
Tartuffe,2003-01-09,,0,0,1,1,0,0,,,,,,,,,,,,,,,,,,,,,,,,,,,,,,,,,,,,,,,,,,,,,,,,,,up,,,,,,,,,,,,,,,,,,,,,,,,,,,,,,,,,,,,,,,,,,,,,,,,,,,,,
Ma Rainey's Black Bottom,2003-02-06,,0,0,1,0,0,1,,,,,,,,,,,,,,,,,,,,,,,,,,,,,,,,,,,,,,,,,,,,,,,,,,down,,,,,,,,,,,,,,,,,,,,,,,,,,,,,,,,,,,,,,,,,,,,,,,,,,,,,
Take Me Out,2003-02-27,,0,0,1,1,0,0,,,,,,,,,,,,,,,,,,,,,,,,,,,,,,,,,,,,,,,,,,,,,,,,,,up,,,,,,,,,,,,,,,,,,,,,,,,,,,,,,,,,,,,,,,,,,,,,,,,,,,,,
Vincent in Brixton,2003-03-06,,0,0,1,1,0,0,,,,,,,,,,,,,,,,,,,,,,,,,,,,,,,,,,,,,,,,,,,,,,,,,,up,,,,,,,,,,,,,,,,,,,,,,,,,,,,,,,,,,,,,,,,,,,,,,,,,,,,,
Urban Cowboy,2003-03-27,,0,0,1,0,0,1,,,,,,,,,,,,,,,,,,,,,,,,,,,,,,,,,,,,,,,,,,,,,,,,,,down,,,,,,,,,,,,,,,,,,,,,,,,,,,,,,,,,,,,,,,,,,,,,,,,,,,,,
The Play What I Wrote,2003-03-30,,0,0,1,1,0,0,,,,,,,,,,,,,,,,,,,,,,,,,,,,,,,,,,,,,,,,,,,,,,,,,,up,,,,,,,,,,,,,,,,,,,,,,,,,,,,,,,,,,,,,,,,,,,,,,,,,,,,,
Life X3,2003-03-31,,0,0,1,0,0,1,,,,,,,,,,,,,,,,,,,,,,,,,,,,,,,,,,,,,,,,,,,,,,,,,,down,,,,,,,,,,,,,,,,,,,,,,,,,,,,,,,,,,,,,,,,,,,,,,,,,,,,,
A Day in the Death of Joe Egg,2003-04-03,,0,0,1,1,0,0,,,,,,,,,,,,,,,,,,,,,,,,,,,,,,,,,,,,,,,,,,,,,,,,,,up,,,,,,,,,,,,,,,,,,,,,,,,,,,,,,,,,,,,,,,,,,,,,,,,,,,,,
Nine,2003-04-10,,0,0,1,0,1,0,,,,,,,,,,,,,,,,,,,,,,,,,,,,,,,,,,,,,,,,,,,,,,,,,,meh,,,,,,,,,,,,,,,,,,,,,,,,,,,,,,,,,,,,,,,,,,,,,,,,,,,,,
A Year With Frog and Toad,2003-04-13,,0,0,1,0,1,0,,,,,,,,,,,,,,,,,,,,,,,,,,,,,,,,,,,,,,,,,,,,,,,,,,meh,,,,,,,,,,,,,,,,,,,,,,,,,,,,,,,,,,,,,,,,,,,,,,,,,,,,,
Enchanted April,2003-04-29,,0,0,1,0,1,0,,,,,,,,,,,,,,,,,,,,,,,,,,,,,,,,,,,,,,,,,,,,,,,,,,meh,,,,,,,,,,,,,,,,,,,,,,,,,,,,,,,,,,,,,,,,,,,,,,,,,,,,,
Salome (Broadway),2003-04-30,,0,0,1,1,0,0,,,,,,,,,,,,,,,,,,,,,,,,,,,,,,,,,,,,,,,,,,,,,,,,,,up,,,,,,,,,,,,,,,,,,,,,,,,,,,,,,,,,,,,,,,,,,,,,,,,,,,,,
Gypsy (2003),2003-05-01,,0,0,0,0,0,0,,,,,,,,,,,,,,,,,,,,,,,,,,,,,,,,,,,,,,,,,,,,,,,,,,,,,,,,,,,,,,,,,,,,,,,,,,,,,,,,,,,,,,,,,,,,,,,,,,,,,,,
The Look of Love,2003-05-04,,0,0,1,0,0,1,,,,,,,,,,,,,,,,,,,,,,,,,,,,,,,,,,,,,,,,,,,,,,,,,,down,,,,,,,,,,,,,,,,,,,,,,,,,,,,,,,,,,,,,,,,,,,,,,,,,,,,,
Long Day's Journey Into Night,2003-05-07,,0,0,1,1,0,0,,,,,,,,,,,,,,,,,,,,,,,,,,,,,,,,,,,,,,,,,,,,,,,,,,up,,,,,,,,,,,,,,,,,,,,,,,,,,,,,,,,,,,,,,,,,,,,,,,,,,,,,
Master Harold... And the Boys,2003-06-01,,0,0,1,0,1,0,,,,,,,,,,,,,,,,,,,,,,,,,,,,,,,,,,,,,,,,,,,,,,,,,,meh,,,,,,,,,,,,,,,,,,,,,,,,,,,,,,,,,,,,,,,,,,,,,,,,,,,,,
Big River,2003-07-24,,0,0,1,0,0,1,,,,,,,,,,,,,,,,,,,,,,,,,,,,,,,,,,,,,,,,,,,,,,,,,,down,,,,,,,,,,,,,,,,,,,,,,,,,,,,,,,,,,,,,,,,,,,,,,,,,,,,,
Avenue Q Broadway,2003-07-31,,0,0,3,2,1,0,,,,,,,,,,,,,,,,,,,,,,,,,,,,,,,,,,,,,,,,,,,,,,,,,,up,,,meh,,,,,,,,,,,,,,,,,,,,,,,,,,,,,,,,,,,,,,,,,,,up,,,,,,,
Little Shop of Horrors,2003-10-02,,0,0,1,0,1,0,,,,,,,,,,,,,,,,,,,,,,,,,,,,,,,,,,,,,,,,,,,,,,,,,,meh,,,,,,,,,,,,,,,,,,,,,,,,,,,,,,,,,,,,,,,,,,,,,,,,,,,,,
Boy From Oz,2003-10-16,,0,0,1,0,0,1,,,,,,,,,,,,,,,,,,,,,,,,,,,,,,,,,,,,,,,,,,,,,,,,,,down,,,,,,,,,,,,,,,,,,,,,,,,,,,,,,,,,,,,,,,,,,,,,,,,,,,,,
The Retreat From Moscow,2003-10-23,,0,0,1,0,0,1,,,,,,,,,,,,,,,,,,,,,,,,,,,,,,,,,,,,,,,,,,,,,,,,,,down,,,,,,,,,,,,,,,,,,,,,,,,,,,,,,,,,,,,,,,,,,,,,,,,,,,,,
Six Dance Lessons in Six Weeks,2003-10-29,,0,0,1,0,0,1,,,,,,,,,,,,,,,,,,,,,,,,,,,,,,,,,,,,,,,,,,,,,,,,,,down,,,,,,,,,,,,,,,,,,,,,,,,,,,,,,,,,,,,,,,,,,,,,,,,,,,,,
Wicked,2003-10-30,,0,0,4,1,0,3,,,,,,,,,,,,,,,,,,,,,,,,,,,,,,,,,,,,,,,down,,,,,,,,,,,down,,,,,,,,,,,,,,,,,,,,,,,,,,,,,,,,,,,,,,,,,,,,,,up,,down,,,,,
Cat on a Hot Tin Roof (2003),2003-11-02,,0,0,1,1,0,0,,,,,,,,,,,,,,,,,,,,,,,,,,,,,,,,,,,,,,,,,,,,,,,,,,up,,,,,,,,,,,,,,,,,,,,,,,,,,,,,,,,,,,,,,,,,,,,,,,,,,,,,
The Violet Hour,2003-11-06,,0,0,1,0,0,1,,,,,,,,,,,,,,,,,,,,,,,,,,,,,,,,,,,,,,,,,,,,,,,,,,down,,,,,,,,,,,,,,,,,,,,,,,,,,,,,,,,,,,,,,,,,,,,,,,,,,,,,
The Caretaker (2003),2003-11-09,,0,0,1,1,0,0,,,,,,,,,,,,,,,,,,,,,,,,,,,,,,,,,,,,,,,,,,,,,,,,,,up,,,,,,,,,,,,,,,,,,,,,,,,,,,,,,,,,,,,,,,,,,,,,,,,,,,,,
Taboo,2003-11-13,,0,0,1,0,0,1,,,,,,,,,,,,,,,,,,,,,,,,,,,,,,,,,,,,,,,,,,,,,,,,,,down,,,,,,,,,,,,,,,,,,,,,,,,,,,,,,,,,,,,,,,,,,,,,,,,,,,,,
Anna in the Tropics,2003-11-16,,0,0,1,0,1,0,,,,,,,,,,,,,,,,,,,,,,,,,,,,,,,,,,,,,,,,,,,,,,,,,,meh,,,,,,,,,,,,,,,,,,,,,,,,,,,,,,,,,,,,,,,,,,,,,,,,,,,,,
Oldest Living Confederate Widow Tells All,2003-11-17,,0,0,1,0,1,0,,,,,,,,,,,,,,,,,,,,,,,,,,,,,,,,,,,,,,,,,,,,,,,,,,meh,,,,,,,,,,,,,,,,,,,,,,,,,,,,,,,,,,,,,,,,,,,,,,,,,,,,,
Henry IV,2003-11-20,,0,0,1,1,0,0,,,,,,,,,,,,,,,,,,,,,,,,,,,,,,,,,,,,,,,,,,,,,,,,,,up,,,,,,,,,,,,,,,,,,,,,,,,,,,,,,,,,,,,,,,,,,,,,,,,,,,,,
Wonderful Town,2003-11-23,,0,0,1,1,0,0,,,,,,,,,,,,,,,,,,,,,,,,,,,,,,,,,,,,,,,,,,,,,,,,,,up,,,,,,,,,,,,,,,,,,,,,,,,,,,,,,,,,,,,,,,,,,,,,,,,,,,,,
I Am My Own Wife,2003-12-03,,0,0,1,1,0,0,,,,,,,,,,,,,,,,,,,,,,,,,,,,,,,,,,,,,,,,,,,,,,,,,,up,,,,,,,,,,,,,,,,,,,,,,,,,,,,,,,,,,,,,,,,,,,,,,,,,,,,,
Never Gonna Dance,2003-12-04,,0,0,1,0,1,0,,,,,,,,,,,,,,,,,,,,,,,,,,,,,,,,,,,,,,,,,,,,,,,,,,meh,,,,,,,,,,,,,,,,,,,,,,,,,,,,,,,,,,,,,,,,,,,,,,,,,,,,,
Drowning Crow,2004-02-19,,0,0,0,0,0,0,,,,,,,,,,,,,,,,,,,,,,,,,,,,,,,,,,,,,,,,,,,,,,,,,,,,,,,,,,,,,,,,,,,,,,,,,,,,,,,,,,,,,,,,,,,,,,,,,,,,,,,
Fiddler on the Roof,2004-02-26,,0,0,1,0,0,1,,,,,,,,,,,,,,,,,,,,,,,,,,,,,,,,,,,,,,,,,,,,,,,,,,down,,,,,,,,,,,,,,,,,,,,,,,,,,,,,,,,,,,,,,,,,,,,,,,,,,,,,
King Lear (2004),2004-03-04,,0,0,1,1,0,0,,,,,,,,,,,,,,,,,,,,,,,,,,,,,,,,,,,,,,,,,,,,,,,,,,up,,,,,,,,,,,,,,,,,,,,,,,,,,,,,,,,,,,,,,,,,,,,,,,,,,,,,
Sly Fox,2004-04-01,,0,0,1,0,1,0,,,,,,,,,,,,,,,,,,,,,,,,,,,,,,,,,,,,,,,,,,,,,,,,,,meh,,,,,,,,,,,,,,,,,,,,,,,,,,,,,,,,,,,,,,,,,,,,,,,,,,,,,
Match,2004-04-08,,0,0,1,0,1,0,,,,,,,,,,,,,,,,,,,,,,,,,,,,,,,,,,,,,,,,,,,,,,,,,,meh,,,,,,,,,,,,,,,,,,,,,,,,,,,,,,,,,,,,,,,,,,,,,,,,,,,,,
Assassins,2004-04-22,,0,0,1,1,0,0,,,,,,,,,,,,,,,,,,,,,,,,,,,,,,,,,,,,,,,,,,,,,,,,,,up,,,,,,,,,,,,,,,,,,,,,,,,,,,,,,,,,,,,,,,,,,,,,,,,,,,,,
Jumpers,2004-04-25,,0,0,1,1,0,0,,,,,,,,,,,,,,,,,,,,,,,,,,,,,,,,,,,,,,,,,,,,,,,,,,up,,,,,,,,,,,,,,,,,,,,,,,,,,,,,,,,,,,,,,,,,,,,,,,,,,,,,
A Raisin in the Sun (2004),2004-04-26,,0,0,1,0,1,0,,,,,,,,,,,,,,,,,,,,,,,,,,,,,,,,,,,,,,,,,,,,,,,,,,meh,,,,,,,,,,,,,,,,,,,,,,,,,,,,,,,,,,,,,,,,,,,,,,,,,,,,,
Bombay Dreams,2004-04-29,,0,0,1,0,1,0,,,,,,,,,,,,,,,,,,,,,,,,,,,,,,,,,,,,,,,,,,,,,,,,,,meh,,,,,,,,,,,,,,,,,,,,,,,,,,,,,,,,,,,,,,,,,,,,,,,,,,,,,
"Caroline, or Change",2004-05-02,,0,0,1,0,1,0,,,,,,,,,,,,,,,,,,,,,,,,,,,,,,,,,,,,,,,,,,,,,,,,,,meh,,,,,,,,,,,,,,,,,,,,,,,,,,,,,,,,,,,,,,,,,,,,,,,,,,,,,
Frozen,2004-05-04,,0,0,1,1,0,0,,,,,,,,,,,,,,,,,,,,,,,,,,,,,,,,,,,,,,,,,,,,,,,,,,up,,,,,,,,,,,,,,,,,,,,,,,,,,,,,,,,,,,,,,,,,,,,,,,,,,,,,
Prymate,2004-05-05,,0,0,0,0,0,0,,,,,,,,,,,,,,,,,,,,,,,,,,,,,,,,,,,,,,,,,,,,,,,,,,,,,,,,,,,,,,,,,,,,,,,,,,,,,,,,,,,,,,,,,,,,,,,,,,,,,,,
Sight Unseen,2004-05-25,,0,0,1,0,1,0,,,,,,,,,,,,,,,,,,,,,,,,,,,,,,,,,,,,,,,,,,,,,,,,,,meh,,,,,,,,,,,,,,,,,,,,,,,,,,,,,,,,,,,,,,,,,,,,,,,,,,,,,
The Frogs,2004-07-22,,0,0,1,1,0,0,,,,,,,,,,,,,,,,,,,,,,,,,,,,,,,,,,,,,,,,,,,,,,,,,,up,,,,,,,,,,,,,,,,,,,,,,,,,,,,,,,,,,,,,,,,,,,,,,,,,,,,,
After the Fall,2004-07-29,,0,0,1,0,0,1,,,,,,,,,,,,,,,,,,,,,,,,,,,,,,,,,,,,,,,,,,,,,,,,,,down,,,,,,,,,,,,,,,,,,,,,,,,,,,,,,,,,,,,,,,,,,,,,,,,,,,,,
Reckless,2004-10-14,,0,0,1,0,1,0,,,,,,,,,,,,,,,,,,,,,,,,,,,,,,,,,,,,,,,,,,,,,,,,,,meh,,,,,,,,,,,,,,,,,,,,,,,,,,,,,,,,,,,,,,,,,,,,,,,,,,,,,
Brooklyn,2004-10-21,,0,0,1,0,0,1,,,,,,,,,,,,,,,,,,,,,,,,,,,,,,,,,,,,,,,,,,,,,,,,,,down,,,,,,,,,,,,,,,,,,,,,,,,,,,,,,,,,,,,,,,,,,,,,,,,,,,,,
Twelve Angry Men,2004-10-28,,0,0,1,1,0,0,,,,,,,,,,,,,,,,,,,,,,,,,,,,,,,,,,,,,,,,,,,,,,,,,,up,,,,,,,,,,,,,,,,,,,,,,,,,,,,,,,,,,,,,,,,,,,,,,,,,,,,,
'Night Mother,2004-11-14,,0,0,1,0,0,1,,,,,,,,,,,,,,,,,,,,,,,,,,,,,,,,,,,,,,,,,,,,,,,,,,down,,,,,,,,,,,,,,,,,,,,,,,,,,,,,,,,,,,,,,,,,,,,,,,,,,,,,
The Good Body,2004-11-15,,0,0,1,0,1,0,,,,,,,,,,,,,,,,,,,,,,,,,,,,,,,,,,,,,,,,,,,,,,,,,,meh,,,,,,,,,,,,,,,,,,,,,,,,,,,,,,,,,,,,,,,,,,,,,,,,,,,,,
Whoopi,2004-11-17,,0,0,1,0,0,1,,,,,,,,,,,,,,,,,,,,,,,,,,,,,,,,,,,,,,,,,,,,,,,,,,down,,,,,,,,,,,,,,,,,,,,,,,,,,,,,,,,,,,,,,,,,,,,,,,,,,,,,
Democracy,2004-11-18,,0,0,1,1,0,0,,,,,,,,,,,,,,,,,,,,,,,,,,,,,,,,,,,,,,,,,,,,,,,,,,up,,,,,,,,,,,,,,,,,,,,,,,,,,,,,,,,,,,,,,,,,,,,,,,,,,,,,
Doubt,2004-11-23,,0,0,1,1,0,0,,,,,,,,,,,,,,,,,,,,,,,,,,,,,,,,,,,,,,,,,,,,,,,,,,up,,,,,,,,,,,,,,,,,,,,,,,,,,,,,,,,,,,,,,,,,,,,,,,,,,,,,
Pacific Overtures,2004-12-02,,0,0,1,0,1,0,,,,,,,,,,,,,,,,,,,,,,,,,,,,,,,,,,,,,,,,,,,,,,,,,,meh,,,,,,,,,,,,,,,,,,,,,,,,,,,,,,,,,,,,,,,,,,,,,,,,,,,,,
700 Sundays,2004-12-05,,0,0,1,1,0,0,,,,,,,,,,,,,,,,,,,,,,,,,,,,,,,,,,,,,,,,,,,,,,,,,,up,,,,,,,,,,,,,,,,,,,,,,,,,,,,,,,,,,,,,,,,,,,,,,,,,,,,,
Gem of the Ocean,2004-12-06,,0,0,1,0,1,0,,,,,,,,,,,,,,,,,,,,,,,,,,,,,,,,,,,,,,,,,,,,,,,,,,meh,,,,,,,,,,,,,,,,,,,,,,,,,,,,,,,,,,,,,,,,,,,,,,,,,,,,,
La Cage aux Folles (2004),2004-12-09,,0,0,0,0,0,0,,,,,,,,,,,,,,,,,,,,,,,,,,,,,,,,,,,,,,,,,,,,,,,,,,,,,,,,,,,,,,,,,,,,,,,,,,,,,,,,,,,,,,,,,,,,,,,,,,,,,,,
The Rivals,2004-12-16,,0,0,1,0,0,1,,,,,,,,,,,,,,,,,,,,,,,,,,,,,,,,,,,,,,,,,,,,,,,,,,down,,,,,,,,,,,,,,,,,,,,,,,,,,,,,,,,,,,,,,,,,,,,,,,,,,,,,
Little Women,2005-01-23,,0,0,1,0,1,0,,,,,,,,,,,,,,,,,,,,,,,,,,,,,,,,,,,,,,,,,,,,,,,,,,meh,,,,,,,,,,,,,,,,,,,,,,,,,,,,,,,,,,,,,,,,,,,,,,,,,,,,,
Good Vibrations,2005-02-02,,0,0,1,0,0,1,,,,,,,,,,,,,,,,,,,,,,,,,,,,,,,,,,,,,,,,,,,,,,,,,,down,,,,,,,,,,,,,,,,,,,,,,,,,,,,,,,,,,,,,,,,,,,,,,,,,,,,,
Brooklyn Boy,2005-02-03,,0,0,1,0,1,0,,,,,,,,,,,,,,,,,,,,,,,,,,,,,,,,,,,,,,,,,,,,,,,,,,meh,,,,,,,,,,,,,,,,,,,,,,,,,,,,,,,,,,,,,,,,,,,,,,,,,,,,,
The Glass Menagerie (2005),2005-02-24,,0,0,0,0,0,0,,,,,,,,,,,,,,,,,,,,,,,,,,,,,,,,,,,,,,,,,,,,,,,,,,,,,,,,,,,,,,,,,,,,,,,,,,,,,,,,,,,,,,,,,,,,,,,,,,,,,,,
altar boyz,2005-03-01,,0,0,0,0,0,0,,,,,,,,,,,,,,,,,,,,,,,,,,,,,,,,,,,,,,,,,,,,,,,,,,,,,,,,,,,,,,,,,,,,,,,,,,,,,,,,,,,,,,,,,,,,,,,,,,,,,,,
Dirty Rotten Scoundrels,2005-03-03,,0,0,1,1,0,0,,,,,,,,,,,,,,,,,,,,,,,,,,,,,,,,,,,,,,,,,,,,,,,,,,up,,,,,,,,,,,,,,,,,,,,,,,,,,,,,,,,,,,,,,,,,,,,,,,,,,,,,
Spamalot,2005-03-17,,0,0,4,3,1,0,,,,,,,,,,,,,,,,,,,,,,,,,,,,,,,,,,,,,,,meh,,,,,,,,,,,up,,,up,,,,,,,,,,,,,,,,,,,,,,,,,,,,,,,,,,,,,,,,,,,up,,,,,,,
Jackie Mason: Freshly Squeezed,2005-03-23,,0,0,1,0,1,0,,,,,,,,,,,,,,,,,,,,,,,,,,,,,,,,,,,,,,,,,,,,,,,,,,meh,,,,,,,,,,,,,,,,,,,,,,,,,,,,,,,,,,,,,,,,,,,,,,,,,,,,,
All Shook Up,2005-03-24,,0,0,1,0,0,1,,,,,,,,,,,,,,,,,,,,,,,,,,,,,,,,,,,,,,,,,,,,,,,,,,down,,,,,,,,,,,,,,,,,,,,,,,,,,,,,,,,,,,,,,,,,,,,,,,,,,,,,
Julius Caesar (2005),2005-04-03,,0,0,1,0,0,1,,,,,,,,,,,,,,,,,,,,,,,,,,,,,,,,,,,,,,,,,,,,,,,,,,down,,,,,,,,,,,,,,,,,,,,,,,,,,,,,,,,,,,,,,,,,,,,,,,,,,,,,
Steel Magnolias,2005-04-04,,0,0,1,0,0,1,,,,,,,,,,,,,,,,,,,,,,,,,,,,,,,,,,,,,,,,,,,,,,,,,,down,,,,,,,,,,,,,,,,,,,,,,,,,,,,,,,,,,,,,,,,,,,,,,,,,,,,,
On Golden Pond,2005-04-07,,0,0,1,1,0,0,,,,,,,,,,,,,,,,,,,,,,,,,,,,,,,,,,,,,,,,,,,,,,,,,,up,,,,,,,,,,,,,,,,,,,,,,,,,,,,,,,,,,,,,,,,,,,,,,,,,,,,,
The Pillowman,2005-04-10,,0,0,1,1,0,0,,,,,,,,,,,,,,,,,,,,,,,,,,,,,,,,,,,,,,,,,,,,,,,,,,up,,,,,,,,,,,,,,,,,,,,,,,,,,,,,,,,,,,,,,,,,,,,,,,,,,,,,
Light in the Piazza,2005-04-18,,0,0,1,0,1,0,,,,,,,,,,,,,,,,,,,,,,,,,,,,,,,,,,,,,,,,,,,,,,,,,,meh,,,,,,,,,,,,,,,,,,,,,,,,,,,,,,,,,,,,,,,,,,,,,,,,,,,,,
Who's Afraid of Virginia Woolf? (2005),2005-04-20,,0,0,0,0,0,0,,,,,,,,,,,,,,,,,,,,,,,,,,,,,,,,,,,,,,,,,,,,,,,,,,,,,,,,,,,,,,,,,,,,,,,,,,,,,,,,,,,,,,,,,,,,,,,,,,,,,,,
Chitty Chitty Bang Bang,2005-04-28,,0,0,1,0,1,0,,,,,,,,,,,,,,,,,,,,,,,,,,,,,,,,,,,,,,,,,,,,,,,,,,meh,,,,,,,,,,,,,,,,,,,,,,,,,,,,,,,,,,,,,,,,,,,,,,,,,,,,,
Glengarry Glen Ross(2005),2005-05-01,,0,0,1,1,0,0,,,,,,,,,,,,,,,,,,,,,,,,,,,,,,,,,,,,,,,,,,,,,,,,,,up,,,,,,,,,,,,,,,,,,,,,,,,,,,,,,,,,,,,,,,,,,,,,,,,,,,,,
25th Annual Putnam County Spelling Bee,2005-05-02,,0,0,1,1,0,0,,,,,,,,,,,,,,,,,,,,,,,,,,,,,,,,,,,,,,,,,,,,,,,,,,up,,,,,,,,,,,,,,,,,,,,,,,,,,,,,,,,,,,,,,,,,,,,,,,,,,,,,
Sweet Charity,2005-05-04,,0,0,1,0,1,0,,,,,,,,,,,,,,,,,,,,,,,,,,,,,,,,,,,,,,,,,,,,,,,,,,meh,,,,,,,,,,,,,,,,,,,,,,,,,,,,,,,,,,,,,,,,,,,,,,,,,,,,,
After the Night and the Music,2005-06-01,,0,0,1,0,1,0,,,,,,,,,,,,,,,,,,,,,,,,,,,,,,,,,,,,,,,,,,,,,,,,,,meh,,,,,,,,,,,,,,,,,,,,,,,,,,,,,,,,,,,,,,,,,,,,,,,,,,,,,
Mark Twain Tonight!,2005-06-09,,0,0,1,1,0,0,,,,,,,,,,,,,,,,,,,,,,,,,,,,,,,,,,,,,,,,,,,,,,,,,,up,,,,,,,,,,,,,,,,,,,,,,,,,,,,,,,,,,,,,,,,,,,,,,,,,,,,,
Primo,2005-07-11,,0,0,1,1,0,0,,,,,,,,,,,,,,,,,,,,,,,,,,,,,,,,,,,,,,,,,,,,,,,,,,up,,,,,,,,,,,,,,,,,,,,,,,,,,,,,,,,,,,,,,,,,,,,,,,,,,,,,
The Blonde in the Thunderbird,2005-07-17,,0,0,1,0,0,1,,,,,,,,,,,,,,,,,,,,,,,,,,,,,,,,,,,,,,,,,,,,,,,,,,down,,,,,,,,,,,,,,,,,,,,,,,,,,,,,,,,,,,,,,,,,,,,,,,,,,,,,
Lennon,2005-08-14,,0,0,1,1,0,0,,,,,,,,,,,,,,,,,,,,,,,,,,,,,,,,,,,,,,,,,,,,,,,,,,up,,,,,,,,,,,,,,,,,,,,,,,,,,,,,,,,,,,,,,,,,,,,,,,,,,,,,
A Naked Girl on the Appian Way,2005-10-06,,0,0,1,0,0,1,,,,,,,,,,,,,,,,,,,,,,,,,,,,,,,,,,,,,,,,,,,,,,,,,,down,,,,,,,,,,,,,,,,,,,,,,,,,,,,,,,,,,,,,,,,,,,,,,,,,,,,,
Latinologues,2005-10-13,,0,0,1,0,1,0,,,,,,,,,,,,,,,,,,,,,,,,,,,,,,,,,,,,,,,,,,,,,,,,,,meh,,,,,,,,,,,,,,,,,,,,,,,,,,,,,,,,,,,,,,,,,,,,,,,,,,,,,
Absurd Person Singular,2005-10-18,,0,0,1,0,1,0,,,,,,,,,,,,,,,,,,,,,,,,,,,,,,,,,,,,,,,,,,,,,,,,,,meh,,,,,,,,,,,,,,,,,,,,,,,,,,,,,,,,,,,,,,,,,,,,,,,,,,,,,
In My Life,2005-10-20,,0,0,1,0,0,1,,,,,,,,,,,,,,,,,,,,,,,,,,,,,,,,,,,,,,,,,,,,,,,,,,down,,,,,,,,,,,,,,,,,,,,,,,,,,,,,,,,,,,,,,,,,,,,,,,,,,,,,
The Odd Couple,2005-10-27,,0,0,1,0,1,0,,,,,,,,,,,,,,,,,,,,,,,,,,,,,,,,,,,,,,,,,,,,,,,,,,meh,,,,,,,,,,,,,,,,,,,,,,,,,,,,,,,,,,,,,,,,,,,,,,,,,,,,,
Sweeney Todd (2005),2005-11-03,,0,0,1,1,0,0,,,,,,,,,,,,,,,,,,,,,,,,,,,,,,,,,,,,,,,,,,,,,,,,,,up,,,,,,,,,,,,,,,,,,,,,,,,,,,,,,,,,,,,,,,,,,,,,,,,,,,,,
Souvenir,2005-11-10,,0,0,1,0,1,0,,,,,,,,,,,,,,,,,,,,,,,,,,,,,,,,,,,,,,,,,,,,,,,,,,meh,,,,,,,,,,,,,,,,,,,,,,,,,,,,,,,,,,,,,,,,,,,,,,,,,,,,,
The Woman in White,2005-11-17,,0,0,0,0,0,0,,,,,,,,,,,,,,,,,,,,,,,,,,,,,,,,,,,,,,,,,,,,,,,,,,,,,,,,,,,,,,,,,,,,,,,,,,,,,,,,,,,,,,,,,,,,,,,,,,,,,,,
Seascape,2005-11-21,,0,0,1,0,1,0,,,,,,,,,,,,,,,,,,,,,,,,,,,,,,,,,,,,,,,,,,,,,,,,,,meh,,,,,,,,,,,,,,,,,,,,,,,,,,,,,,,,,,,,,,,,,,,,,,,,,,,,,
The Color Purple,2005-12-01,,0,0,1,1,0,0,,,,,,,,,,,,,,,,,,,,,,,,,,,,,,,,,,,,,,,,,,,,,,,,,,up,,,,,,,,,,,,,,,,,,,,,,,,,,,,,,,,,,,,,,,,,,,,,,,,,,,,,
A Touch of the Poet,2005-12-08,,0,0,1,0,1,0,,,,,,,,,,,,,,,,,,,,,,,,,,,,,,,,,,,,,,,,,,,,,,,,,,meh,,,,,,,,,,,,,,,,,,,,,,,,,,,,,,,,,,,,,,,,,,,,,,,,,,,,,
Chita Rivera: The Dancer's Life,2005-12-11,,0,0,1,0,1,0,,,,,,,,,,,,,,,,,,,,,,,,,,,,,,,,,,,,,,,,,,,,,,,,,,meh,,,,,,,,,,,,,,,,,,,,,,,,,,,,,,,,,,,,,,,,,,,,,,,,,,,,,
Bridge and Tunnel,2006-01-26,,0,0,1,1,0,0,,,,,,,,,,,,,,,,,,,,,,,,,,,,,,,,,,,,,,,,,,,,,,,,,,up,,,,,,,,,,,,,,,,,,,,,,,,,,,,,,,,,,,,,,,,,,,,,,,,,,,,,
Rabbit Hole,2006-02-02,,0,0,1,1,0,0,,,,,,,,,,,,,,,,,,,,,,,,,,,,,,,,,,,,,,,,,,,,,,,,,,up,,,,,,,,,,,,,,,,,,,,,,,,,,,,,,,,,,,,,,,,,,,,,,,,,,,,,
Barefoot in the Park,2006-02-16,,0,0,1,0,0,1,,,,,,,,,,,,,,,,,,,,,,,,,,,,,,,,,,,,,,,,,,,,,,,,,,down,,,,,,,,,,,,,,,,,,,,,,,,,,,,,,,,,,,,,,,,,,,,,,,,,,,,,
The Pajama Game,2006-02-23,,0,0,1,1,0,0,,,,,,,,,,,,,,,,,,,,,,,,,,,,,,,,,,,,,,,,,,,,,,,,,,up,,,,,,,,,,,,,,,,,,,,,,,,,,,,,,,,,,,,,,,,,,,,,,,,,,,,,
Festen,2006-03-09,,0,0,0,0,0,0,,,,,,,,,,,,,,,,,,,,,,,,,,,,,,,,,,,,,,,,,,,,,,,,,,,,,,,,,,,,,,,,,,,,,,,,,,,,,,,,,,,,,,,,,,,,,,,,,,,,,,,
Ring Of Fire,2006-03-12,,0,0,1,0,0,1,,,,,,,,,,,,,,,,,,,,,,,,,,,,,,,,,,,,,,,,,,,,,,,,,,down,,,,,,,,,,,,,,,,,,,,,,,,,,,,,,,,,,,,,,,,,,,,,,,,,,,,,
Lestat,2006-03-25,,0,0,1,0,0,1,,,,,,,,,,,,,,,,,,,,,,,,,,,,,,,,,,,,,,,,,,,,,,,,,,down,,,,,,,,,,,,,,,,,,,,,,,,,,,,,,,,,,,,,,,,,,,,,,,,,,,,,
Hot Feet,2006-03-30,,0,0,0,0,0,0,,,,,,,,,,,,,,,,,,,,,,,,,,,,,,,,,,,,,,,,,,,,,,,,,,,,,,,,,,,,,,,,,,,,,,,,,,,,,,,,,,,,,,,,,,,,,,,,,,,,,,,
Three Days of Rain,2006-04-19,,0,0,1,0,0,1,,,,,,,,,,,,,,,,,,,,,,,,,,,,,,,,,,,,,,,,,,,,,,,,,,down,,,,,,,,,,,,,,,,,,,,,,,,,,,,,,,,,,,,,,,,,,,,,,,,,,,,,
The Threepenny Opera (2006),2006-04-20,,0,0,1,0,1,0,,,,,,,,,,,,,,,,,,,,,,,,,,,,,,,,,,,,,,,,,,,,,,,,,,meh,,,,,,,,,,,,,,,,,,,,,,,,,,,,,,,,,,,,,,,,,,,,,,,,,,,,,
History Boys,2006-04-23,,0,0,1,1,0,0,,,,,,,,,,,,,,,,,,,,,,,,,,,,,,,,,,,,,,,,,,,,,,,,,,up,,,,,,,,,,,,,,,,,,,,,,,,,,,,,,,,,,,,,,,,,,,,,,,,,,,,,
The Wedding Singer,2006-04-27,,0,0,1,0,0,1,,,,,,,,,,,,,,,,,,,,,,,,,,,,,,,,,,,,,,,,,,,,,,,,,,down,,,,,,,,,,,,,,,,,,,,,,,,,,,,,,,,,,,,,,,,,,,,,,,,,,,,,
Lieutenant of Inishmore,2006-05-03,,0,0,1,1,0,0,,,,,,,,,,,,,,,,,,,,,,,,,,,,,,,,,,,,,,,,,,,,,,,,,,up,,,,,,,,,,,,,,,,,,,,,,,,,,,,,,,,,,,,,,,,,,,,,,,,,,,,,
Faith Healer,2006-05-04,,0,0,1,1,0,0,,,,,,,,,,,,,,,,,,,,,,,,,,,,,,,,,,,,,,,,,,,,,,,,,,up,,,,,,,,,,,,,,,,,,,,,,,,,,,,,,,,,,,,,,,,,,,,,,,,,,,,,
The Caine Mutiny Court-Martial,2006-05-07,,0,0,1,0,0,1,,,,,,,,,,,,,,,,,,,,,,,,,,,,,,,,,,,,,,,,,,,,,,,,,,down,,,,,,,,,,,,,,,,,,,,,,,,,,,,,,,,,,,,,,,,,,,,,,,,,,,,,
Shining City,2006-05-09,,0,0,1,1,0,0,,,,,,,,,,,,,,,,,,,,,,,,,,,,,,,,,,,,,,,,,,,,,,,,,,up,,,,,,,,,,,,,,,,,,,,,,,,,,,,,,,,,,,,,,,,,,,,,,,,,,,,,
Tarzan,2006-05-10,,0,0,1,0,0,1,,,,,,,,,,,,,,,,,,,,,,,,,,,,,,,,,,,,,,,,,,,,,,,,,,down,,,,,,,,,,,,,,,,,,,,,,,,,,,,,,,,,,,,,,,,,,,,,,,,,,,,,
Kiki & Herb: Alive on Broadway,2006-08-15,,0,0,1,1,0,0,,,,,,,,,,,,,,,,,,,,,,,,,,,,,,,,,,,,,,,,,,,,,,,,,,up,,,,,,,,,,,,,,,,,,,,,,,,,,,,,,,,,,,,,,,,,,,,,,,,,,,,,
Spring Awakening,2006-10-10,,0,0,0,0,0,0,,,,,,,,,,,,,,,,,,,,,,,,,,,,,,,,,,,,,,,,,,,,,,,,,,,,,,,,,,,,,,,,,,,,,,,,,,,,,,,,,,,,,,,,,,,,,,,,,,,,,,,
Heartbreak House,2006-10-11,,0,0,1,1,0,0,,,,,,,,,,,,,,,,,,,,,,,,,,,,,,,,,,,,,,,,,,,,,,,,,,up,,,,,,,,,,,,,,,,,,,,,,,,,,,,,,,,,,,,,,,,,,,,,,,,,,,,,
Losing Louie,2006-10-12,,0,0,1,0,0,1,,,,,,,,,,,,,,,,,,,,,,,,,,,,,,,,,,,,,,,,,,,,,,,,,,down,,,,,,,,,,,,,,,,,,,,,,,,,,,,,,,,,,,,,,,,,,,,,,,,,,,,,
Butley,2006-10-25,,0,0,1,0,1,0,,,,,,,,,,,,,,,,,,,,,,,,,,,,,,,,,,,,,,,,,,,,,,,,,,meh,,,,,,,,,,,,,,,,,,,,,,,,,,,,,,,,,,,,,,,,,,,,,,,,,,,,,
Les Miserables (2006),2006-11-06,,0,0,0,0,0,0,,,,,,,,,,,,,,,,,,,,,,,,,,,,,,,,,,,,,,,,,,,,,,,,,,,,,,,,,,,,,,,,,,,,,,,,,,,,,,,,,,,,,,,,,,,,,,,,,,,,,,,
Grey Gardens,2006-11-08,,0,0,0,0,0,0,,,,,,,,,,,,,,,,,,,,,,,,,,,,,,,,,,,,,,,,,,,,,,,,,,,,,,,,,,,,,,,,,,,,,,,,,,,,,,,,,,,,,,,,,,,,,,,,,,,,,,,
The Little Dog Laughed,2006-11-13,,0,0,0,0,0,0,,,,,,,,,,,,,,,,,,,,,,,,,,,,,,,,,,,,,,,,,,,,,,,,,,,,,,,,,,,,,,,,,,,,,,,,,,,,,,,,,,,,,,,,,,,,,,,,,,,,,,,
Mary Poppins,2006-11-16,,0,0,1,1,0,0,,,,,,,,,,,,,,,,,,,,,,,,,,,,,,,,,,,,,,,,,,up,,,,,,,,,,,,,,,,,,,,,,,,,,,,,,,,,,,,,,,,,,,,,,,,,,,,,,,,,,,,,
The Coast of Utopia (Part 1- Voyage),2006-11-27,,0,0,1,1,0,0,,,,,,,,,,,,,,,,,,,,,,,,,,,,,,,,,,,,,,,,,,,,,,,,,,up,,,,,,,,,,,,,,,,,,,,,,,,,,,,,,,,,,,,,,,,,,,,,,,,,,,,,
The Vertical Hour,2006-11-30,,0,0,1,0,1,0,,,,,,,,,,,,,,,,,,,,,,,,,,,,,,,,,,,,,,,,,,,,,,,,,,meh,,,,,,,,,,,,,,,,,,,,,,,,,,,,,,,,,,,,,,,,,,,,,,,,,,,,,
High Fidelity,2006-12-07,,0,0,1,0,0,1,,,,,,,,,,,,,,,,,,,,,,,,,,,,,,,,,,,,,,,,,,,,,,,,,,down,,,,,,,,,,,,,,,,,,,,,,,,,,,,,,,,,,,,,,,,,,,,,,,,,,,,,
The Apple Tree,2006-12-14,,0,0,1,1,0,0,,,,,,,,,,,,,,,,,,,,,,,,,,,,,,,,,,,,,,,,,,,,,,,,,,up,,,,,,,,,,,,,,,,,,,,,,,,,,,,,,,,,,,,,,,,,,,,,,,,,,,,,
The Coast of Utopia (Part 2 - Shipwreck),2006-12-21,,0,0,1,1,0,0,,,,,,,,,,,,,,,,,,,,,,,,,,,,,,,,,,,,,,,,,,,,,,,,,,up,,,,,,,,,,,,,,,,,,,,,,,,,,,,,,,,,,,,,,,,,,,,,,,,,,,,,
Translations,2007-01-25,,0,0,1,1,0,0,,,,,,,,,,,,,,,,,,,,,,,,,,,,,,,,,,,,,,,,,,,,,,,,,,up,,,,,,,,,,,,,,,,,,,,,,,,,,,,,,,,,,,,,,,,,,,,,,,,,,,,,
Prelude to a Kiss,2007-03-08,,0,0,1,1,0,0,,,,,,,,,,,,,,,,,,,,,,,,,,,,,,,,,,,,,,,,,,,,,,,,,,up,,,,,,,,,,,,,,,,,,,,,,,,,,,,,,,,,,,,,,,,,,,,,,,,,,,,,
Talk Radio,2007-03-11,,0,0,1,1,0,0,,,,,,,,,,,,,,,,,,,,,,,,,,,,,,,,,,,,,,,,,,,,,,,,,,up,,,,,,,,,,,,,,,,,,,,,,,,,,,,,,,,,,,,,,,,,,,,,,,,,,,,,
Curtains,2007-03-22,,0,0,5,2,2,1,,,,,,,,,,,,,,,,,,,,,,,,,,,,,,,,,,,,,,,up,,,up,,,,,,,,meh,,,,,,,,,,,,,,,,,,,,,,,,,,,,,,,,,,,,,,,,,,,,,,down,,meh,,,,,
The Year of Magical Thinking,2007-03-27,,0,0,1,1,0,0,,,,,,,,,,,,,,,,,,,,,,,,,,,,,,,,,,,,,,,,,,,,,,,,,,up,,,,,,,,,,,,,,,,,,,,,,,,,,,,,,,,,,,,,,,,,,,,,,,,,,,,,
The Pirate Queen,2007-04-05,,0,0,1,0,0,1,,,,,,,,,,,,,,,,,,,,,,,,,,,,,,,,,,,,,,,,,,,,,,,,,,down,,,,,,,,,,,,,,,,,,,,,,,,,,,,,,,,,,,,,,,,,,,,,,,,,,,,,
A Moon for the Misbegotten (2007),2007-04-09,,0,0,1,0,1,0,,,,,,,,,,,,,,,,,,,,,,,,,,,,,,,,,,,,,,,,,,,,,,,,,,meh,,,,,,,,,,,,,,,,,,,,,,,,,,,,,,,,,,,,,,,,,,,,,,,,,,,,,
Inherit The Wind,2007-04-12,,0,0,0,0,0,0,,,,,,,,,,,,,,,,,,,,,,,,,,,,,,,,,,,,,,,,,,,,,,,,,,,,,,,,,,,,,,,,,,,,,,,,,,,,,,,,,,,,,,,,,,,,,,,,,,,,,,,
Coram Boy,2007-05-02,,0,0,1,0,1,0,,,,,,,,,,,,,,,,,,,,,,,,,,,,,,,,,,,,,,,,,,,,,,,,,,meh,,,,,,,,,,,,,,,,,,,,,,,,,,,,,,,,,,,,,,,,,,,,,,,,,,,,,
LoveMusik,2007-05-03,,0,0,1,1,0,0,,,,,,,,,,,,,,,,,,,,,,,,,,,,,,,,,,,,,,,,,,,,,,,,,,up,,,,,,,,,,,,,,,,,,,,,,,,,,,,,,,,,,,,,,,,,,,,,,,,,,,,,
Radio Golf,2007-05-08,,0,0,1,1,0,0,,,,,,,,,,,,,,,,,,,,,,,,,,,,,,,,,,,,,,,,,,,,,,,,,,up,,,,,,,,,,,,,,,,,,,,,,,,,,,,,,,,,,,,,,,,,,,,,,,,,,,,,
110 in the Shade,2007-05-09,,0,0,1,1,0,0,,,,,,,,,,,,,,,,,,,,,,,,,,,,,,,,,,,,,,,,,,,,,,,,,,up,,,,,,,,,,,,,,,,,,,,,,,,,,,,,,,,,,,,,,,,,,,,,,,,,,,,,
Old Acquaintance,2007-06-28,,0,0,1,0,1,0,,,,,,,,,,,,,,,,,,,,,,,,,,,,,,,,,,,,,,,,,,,,,,,,,,meh,,,,,,,,,,,,,,,,,,,,,,,,,,,,,,,,,,,,,,,,,,,,,,,,,,,,,
xanadu,2007-07-11,,0,0,1,1,0,0,,,,,,,,,,,,,,,,,,,,,,,,,,,,,,,,,,,,,,,,,,,,,,,,,,up,,,,,,,,,,,,,,,,,,,,,,,,,,,,,,,,,,,,,,,,,,,,,,,,,,,,,
Grease,2007-08-19,,0,0,1,0,0,1,,,,,,,,,,,,,,,,,,,,,,,,,,,,,,,,,,,,,,,,,,,,,,,,,,down,,,,,,,,,,,,,,,,,,,,,,,,,,,,,,,,,,,,,,,,,,,,,,,,,,,,,
Mauritius,2007-10-04,,0,0,1,0,1,0,,,,,,,,,,,,,,,,,,,,,,,,,,,,,,,,,,,,,,,,,,,,,,,,,,meh,,,,,,,,,,,,,,,,,,,,,,,,,,,,,,,,,,,,,,,,,,,,,,,,,,,,,
The Ritz,2007-10-11,,0,0,1,1,0,0,,,,,,,,,,,,,,,,,,,,,,,,,,,,,,,,,,,,,,,,,,,,,,,,,,up,,,,,,,,,,,,,,,,,,,,,,,,,,,,,,,,,,,,,,,,,,,,,,,,,,,,,
Pygmalion,2007-10-18,,0,0,1,0,0,1,,,,,,,,,,,,,,,,,,,,,,,,,,,,,,,,,,,,,,,,,,,,,,,,,,down,,,,,,,,,,,,,,,,,,,,,,,,,,,,,,,,,,,,,,,,,,,,,,,,,,,,,
Fuerza Bruta,2007-10-24,,0,0,4,2,2,0,,,,,,,,,,,,,,,,,,,,,,,,,,,,,,,,,,,,,,,,,,up,,,,,,,,meh,,,,,,,,,,,,,,,,,,,,,,,,,,,,,,,,,,,,,,,,,meh,,,,,,,up,,,,,
A Bronx Tale,2007-10-25,,0,0,1,1,0,0,,,,,,,,,,,,,,,,,,,,,,,,,,,,,,,,,,,,,,,,,,,,,,,,,,up,,,,,,,,,,,,,,,,,,,,,,,,,,,,,,,,,,,,,,,,,,,,,,,,,,,,,
Cyrano de Bergerac 2007,2007-11-01,,0,0,0,0,0,0,,,,,,,,,,,,,,,,,,,,,,,,,,,,,,,,,,,,,,,,,,,,,,,,,,,,,,,,,,,,,,,,,,,,,,,,,,,,,,,,,,,,,,,,,,,,,,,,,,,,,,,
Young Frankenstein,2007-11-08,,0,0,1,0,0,1,,,,,,,,,,,,,,,,,,,,,,,,,,,,,,,,,,,,,,,,,,,,,,,,,,down,,,,,,,,,,,,,,,,,,,,,,,,,,,,,,,,,,,,,,,,,,,,,,,,,,,,,
The Farnsworth Invention,2007-12-03,,0,0,1,0,1,0,,,,,,,,,,,,,,,,,,,,,,,,,,,,,,,,,,,,,,,,,,,,,,,,,,meh,,,,,,,,,,,,,,,,,,,,,,,,,,,,,,,,,,,,,,,,,,,,,,,,,,,,,
august: osage county,2007-12-04,,0,0,0,0,0,0,,,,,,,,,,,,,,,,,,,,,,,,,,,,,,,,,,,,,,,,,,,,,,,,,,,,,,,,,,,,,,,,,,,,,,,,,,,,,,,,,,,,,,,,,,,,,,,,,,,,,,,
The Seafarer,2007-12-06,,0,0,1,1,0,0,,,,,,,,,,,,,,,,,,,,,,,,,,,,,,,,,,,,,,,,,,,,,,,,,,up,,,,,,,,,,,,,,,,,,,,,,,,,,,,,,,,,,,,,,,,,,,,,,,,,,,,,
Is He Dead?,2007-12-09,,0,0,1,1,0,0,,,,,,,,,,,,,,,,,,,,,,,,,,,,,,,,,,,,,,,,,,,,,,,,,,up,,,,,,,,,,,,,,,,,,,,,,,,,,,,,,,,,,,,,,,,,,,,,,,,,,,,,
The Homecoming,2007-12-16,,0,0,1,1,0,0,,,,,,,,,,,,,,,,,,,,,,,,,,,,,,,,,,,,,,,,,,,,,,,,,,up,,,,,,,,,,,,,,,,,,,,,,,,,,,,,,,,,,,,,,,,,,,,,,,,,,,,,
The 39 Steps,2008-01-15,,0,0,0,0,0,0,,,,,,,,,,,,,,,,,,,,,,,,,,,,,,,,,,,,,,,,,,,,,,,,,,,,,,,,,,,,,,,,,,,,,,,,,,,,,,,,,,,,,,,,,,,,,,,,,,,,,,,
Sunday in the Park with George,2008-02-21,,0,0,7,7,0,0,,,,,,,,,,,,,,,,,,,,,,,,,,,,,,,,,,,,,,,up,,,up,,,,,,,,up,,,up,,,,,,,,,,,,,,,,,,,,,,,,,,,,,,,,,,,,,,up,,,,,up,,up,,,,,
Passing Strange,2008-02-28,,0,0,5,5,0,0,,,,,,,,,,,,,,,,,,,,,,,,,,,,,,,,,,,,,,,up,,,,,,,,,,,up,,,up,,,,,,,,,,,,,,,,,,,,,,,,,,,,,,,,,,,,,,,,,,,up,,up,,,,,
Boeing-Boeing,2008-03-04,,0,0,0,0,0,0,,,,,,,,,,,,,,,,,,,,,,,,,,,,,,,,,,,,,,,,,,,,,,,,,,,,,,,,,,,,,,,,,,,,,,,,,,,,,,,,,,,,,,,,,,,,,,,,,,,,,,,
In The Heights,2008-03-09,,0,0,2,1,1,0,,,,,,,,,,,,,,,,,,,,,,,,,,,,,,,,,,,,,,,,,,meh,,,,,,,,,,,,,,,,,,,,,,,,,,,,,,,,,,,,,,,,,,,,,,,,,up,,,,,,,,,,,,
Jackie Mason,2008-03-22,,0,0,1,0,1,0,,,,,,,,,,,,,,,,,,,,,,,,,,,,,,,,,,,,,,,,,,,,,,,,,,meh,,,,,,,,,,,,,,,,,,,,,,,,,,,,,,,,,,,,,,,,,,,,,,,,,,,,,
Gypsy,2008-03-27,,0,0,0,0,0,0,,,,,,,,,,,,,,,,,,,,,,,,,,,,,,,,,,,,,,,,,,,,,,,,,,,,,,,,,,,,,,,,,,,,,,,,,,,,,,,,,,,,,,,,,,,,,,,,,,,,,,,
South Pacific,2008-04-03,,0,0,1,1,0,0,,,,,,,,,,,,,,,,,,,,,,,,,,,,,,,,,,,,,,,,,,,,,,,,,,up,,,,,,,,,,,,,,,,,,,,,,,,,,,,,,,,,,,,,,,,,,,,,,,,,,,,,
the new century,2008-04-15,,0,0,1,1,0,0,,,,,,,,,,,,,,,,,,,,,,,,,,,,,,,,,,,,,,,,,,,,,,,,,,up,,,,,,,,,,,,,,,,,,,,,,,,,,,,,,,,,,,,,,,,,,,,,,,,,,,,,
A Catered Affair,2008-04-17,,0,0,5,1,1,3,,,,,,,,,,,,,,,,,,,,,,,,,,,,,,,,,,,,,,,down,,,,,,,,,,,down,,,down,,,,,,,,,,,,,,,,,,,,,,,,,,,,,,,,,,,,,,,,,,,up,,meh,,,,,
From Up Here,2008-04-17,,0,0,1,0,1,0,,,,,,,,,,,,,,,,,,,,,,,,,,,,,,,,,,,,,,,,,,,,,,,,,,meh,,,,,,,,,,,,,,,,,,,,,,,,,,,,,,,,,,,,,,,,,,,,,,,,,,,,,
Cry Baby,2008-04-24,,0,0,5,1,1,3,,,,,,,,,,,,,,,,,,,,,,,,,,,,,,,,,,,,,,,down,,,,,,,,,,,down,,,up,,,,,,,,,,,,,,,,,,,,,,,,,,,,,,,,,,,,,,,,,,,meh,,down,,,,,
The Country Girl,2008-04-27,,0,0,4,2,0,2,,,,,,,,,,,,,,,,,,,,,,,,,,,,,,,,,,,,,,,down,,,,,,,,,,,down,,,up,,,,,,,,,,,,,,,,,,,,,,,,,,,,,,,,,,,,,,,,,,,,,up,,,,,
the castle,2008-04-28,,0,0,1,1,0,0,,,,,,,,,,,,,,,,,,,,,,,,,,,,,,,,,,,,,,,,,,,,,,,,,,up,,,,,,,,,,,,,,,,,,,,,,,,,,,,,,,,,,,,,,,,,,,,,,,,,,,,,
thurgood,2008-05-01,,0,0,1,1,0,0,,,,,,,,,,,,,,,,,,,,,,,,,,,,,,,,,,,,,,,,,,,,,,,,,,up,,,,,,,,,,,,,,,,,,,,,,,,,,,,,,,,,,,,,,,,,,,,,,,,,,,,,
Glory Days,2008-05-06,,0,0,3,0,1,2,,,,,,,,,,,,,,,,,,,,,,,,,,,,,,,,,,,,,,,down,,,,,,,,,,,,,,meh,,,,,,,,,,,,,,,,,,,,,,,,,,,,,,,,,,,,,,,,,,,,,down,,,,,
top girls,2008-05-08,,0,0,1,1,0,0,,,,,,,,,,,,,,,,,,,,,,,,,,,,,,,,,,,,,,,,,,,,,,,,,,up,,,,,,,,,,,,,,,,,,,,,,,,,,,,,,,,,,,,,,,,,,,,,,,,,,,,,
"Rafta, Rafta",2008-05-09,,0,0,1,1,0,0,,,,,,,,,,,,,,,,,,,,,,,,,,,,,,,,,,,,,,,,,,,,,,,,,,up,,,,,,,,,,,,,,,,,,,,,,,,,,,,,,,,,,,,,,,,,,,,,,,,,,,,,
Good Boys and True,2008-05-20,,0,0,1,0,1,0,,,,,,,,,,,,,,,,,,,,,,,,,,,,,,,,,,,,,,,,,,,,,,,,,,meh,,,,,,,,,,,,,,,,,,,,,,,,,,,,,,,,,,,,,,,,,,,,,,,,,,,,,
prisoner of the crown,2008-05-28,,0,0,1,0,0,1,,,,,,,,,,,,,,,,,,,,,,,,,,,,,,,,,,,,,,,,,,,,,,,,,,down,,,,,,,,,,,,,,,,,,,,,,,,,,,,,,,,,,,,,,,,,,,,,,,,,,,,,
Saved,2008-06-04,,0,0,2,0,0,2,,,,,,,,,,,,,,,,,,,,,,,,,,,,,,,,,,,,,,,,,,,,,,,,,,down,,,,,,,,,,,,,,,,,,,,,,,,,,,,,,,,,,,,,,,,,down,,,,,,,,,,,,
Occupant,2008-06-06,,0,0,1,1,0,0,,,,,,,,,,,,,,,,,,,,,,,,,,,,,,,,,,,,,,,,,,,,,,,,,,up,,,,,,,,,,,,,,,,,,,,,,,,,,,,,,,,,,,,,,,,,,,,,,,,,,,,,
Arias with a Twist,2008-06-19,,0,0,1,1,0,0,,,,,,,,,,,,,,,,,,,,,,,,,,,,,,,,,,,,,,,,,,,,,,,,,,up,,,,,,,,,,,,,,,,,,,,,,,,,,,,,,,,,,,,,,,,,,,,,,,,,,,,,
A Perfect Couple,2008-06-20,,0,0,1,0,1,0,,,,,,,,,,,,,,,,,,,,,,,,,,,,,,,,,,,,,,,,,,,,,,,,,,meh,,,,,,,,,,,,,,,,,,,,,,,,,,,,,,,,,,,,,,,,,,,,,,,,,,,,,
Macbeth Off-Broadway,2008-06-23,,0,0,1,0,1,0,,,,,,,,,,,,,,,,,,,,,,,,,,,,,,,,,,,,,,,,,,,,,,,,,,meh,,,,,,,,,,,,,,,,,,,,,,,,,,,,,,,,,,,,,,,,,,,,,,,,,,,,,
Bash'd,2008-06-25,,0,0,1,1,0,0,,,,,,,,,,,,,,,,,,,,,,,,,,,,,,,,,,,,,,,,,,,,,,,,,,up,,,,,,,,,,,,,,,,,,,,,,,,,,,,,,,,,,,,,,,,,,,,,,,,,,,,,
Marriage of Bette and Boo,2008-07-14,,0,0,1,0,1,0,,,,,,,,,,,,,,,,,,,,,,,,,,,,,,,,,,,,,,,,,,,,,,,,,,meh,,,,,,,,,,,,,,,,,,,,,,,,,,,,,,,,,,,,,,,,,,,,,,,,,,,,,
Kicking a Dead Horse,2008-07-15,,0,0,1,0,0,1,,,,,,,,,,,,,,,,,,,,,,,,,,,,,,,,,,,,,,,,,,,,,,,,,,down,,,,,,,,,,,,,,,,,,,,,,,,,,,,,,,,,,,,,,,,,,,,,,,,,,,,,
[title of show],2008-07-18,,0,0,1,1,0,0,,,,,,,,,,,,,,,,,,,,,,,,,,,,,,,,,,,,,,,,,,,,,,,,,,up,,,,,,,,,,,,,,,,,,,,,,,,,,,,,,,,,,,,,,,,,,,,,,,,,,,,,
Eh Joe,2008-07-19,,0,0,1,1,0,0,,,,,,,,,,,,,,,,,,,,,,,,,,,,,,,,,,,,,,,,,,,,,,,,,,up,,,,,,,,,,,,,,,,,,,,,,,,,,,,,,,,,,,,,,,,,,,,,,,,,,,,,
first love,2008-07-24,,0,0,1,1,0,0,,,,,,,,,,,,,,,,,,,,,,,,,,,,,,,,,,,,,,,,,,,,,,,,,,up,,,,,,,,,,,,,,,,,,,,,,,,,,,,,,,,,,,,,,,,,,,,,,,,,,,,,
Hair Off-Broadway,2008-08-08,,0,0,4,4,0,0,,,,,,,,,,,,,,,,,,,,,,,,,,,,,,,,,,,up,,,,,,,,,,,,,,,up,,,,,,,,,,,,,,,,,,,,,,,,,,,,,,up,,,,,,,,,,,up,,,,,,,,,,,,
Hattie... What I Need You to Know,2008-08-21,,0,0,1,0,1,0,,,,,,,,,,,,,,,,,,,,,,,,,,,,,,,,,,,,,,,,,,,,,,,,,,meh,,,,,,,,,,,,,,,,,,,,,,,,,,,,,,,,,,,,,,,,,,,,,,,,,,,,,
The First Breeze of Summer,2008-08-22,,0,0,1,0,1,0,,,,,,,,,,,,,,,,,,,,,,,,,,,,,,,,,,,,,,,,,,,,,,,,,,meh,,,,,,,,,,,,,,,,,,,,,,,,,,,,,,,,,,,,,,,,,,,,,,,,,,,,,
Celebrity Autobiography,2008-09-08,,0,0,0,0,0,0,,,,,,,,,,,,,,,,,,,,,,,,,,,,,,,,,,,,,,,,,,,,,,,,,,,,,,,,,,,,,,,,,,,,,,,,,,,,,,,,,,,,,,,,,,,,,,,,,,,,,,,
King of Shadows,2008-09-09,,0,0,1,1,0,0,,,,,,,,,,,,,,,,,,,,,,,,,,,,,,,,,,,,,,,,,,,,,,,,,,up,,,,,,,,,,,,,,,,,,,,,,,,,,,,,,,,,,,,,,,,,,,,,,,,,,,,,
Three Changes,2008-09-17,,0,0,1,0,1,0,,,,,,,,,,,,,,,,,,,,,,,,,,,,,,,,,,,,,,,,,,,,,,,,,,meh,,,,,,,,,,,,,,,,,,,,,,,,,,,,,,,,,,,,,,,,,,,,,,,,,,,,,
A Tale Of Two Cities,2008-09-18,,0,0,1,0,0,1,,,,,,,,,,,,,,,,,,,,,,,,,,,,,,,,,,,,,,,,,,,,,,,,,,down,,,,,,,,,,,,,,,,,,,,,,,,,,,,,,,,,,,,,,,,,,,,,,,,,,,,,
Wig Out!,2008-10-01,,0,0,1,1,0,0,,,,,,,,,,,,,,,,,,,,,,,,,,,,,,,,,,,,,,,,,,,,,,,,,,up,,,,,,,,,,,,,,,,,,,,,,,,,,,,,,,,,,,,,,,,,,,,,,,,,,,,,
The Seagull,2008-10-02,,0,0,1,1,0,0,,,,,,,,,,,,,,,,,,,,,,,,,,,,,,,,,,,,,,,,,,,,,,,,,,up,,,,,,,,,,,,,,,,,,,,,,,,,,,,,,,,,,,,,,,,,,,,,,,,,,,,,
Fifty Words,2008-10-02,,0,0,1,1,0,0,,,,,,,,,,,,,,,,,,,,,,,,,,,,,,,,,,,,,,,,,,,,,,,,,,up,,,,,,,,,,,,,,,,,,,,,,,,,,,,,,,,,,,,,,,,,,,,,,,,,,,,,
A Man For All Seasons,2008-10-07,,0,0,1,0,1,0,,,,,,,,,,,,,,,,,,,,,,,,,,,,,,,,,,,,,,,,,,,,,,,,,,meh,,,,,,,,,,,,,,,,,,,,,,,,,,,,,,,,,,,,,,,,,,,,,,,,,,,,,
Kindness,2008-10-14,,0,0,1,0,0,1,,,,,,,,,,,,,,,,,,,,,,,,,,,,,,,,,,,,,,,,,,,,,,,,,,down,,,,,,,,,,,,,,,,,,,,,,,,,,,,,,,,,,,,,,,,,,,,,,,,,,,,,
to be or not to be,2008-10-15,,0,0,1,0,0,1,,,,,,,,,,,,,,,,,,,,,,,,,,,,,,,,,,,,,,,,,,,,,,,,,,down,,,,,,,,,,,,,,,,,,,,,,,,,,,,,,,,,,,,,,,,,,,,,,,,,,,,,
Boys' Life,2008-10-22,,0,0,1,1,0,0,,,,,,,,,,,,,,,,,,,,,,,,,,,,,,,,,,,,,,,,,,,,,,,,,,up,,,,,,,,,,,,,,,,,,,,,,,,,,,,,,,,,,,,,,,,,,,,,,,,,,,,,
if you see something say something,2008-10-28,,0,0,1,0,1,0,,,,,,,,,,,,,,,,,,,,,,,,,,,,,,,,,,,,,,,,,,,,,,,,,,meh,,,,,,,,,,,,,,,,,,,,,,,,,,,,,,,,,,,,,,,,,,,,,,,,,,,,,
Romantic Poetry,2008-10-29,,0,0,1,0,0,1,,,,,,,,,,,,,,,,,,,,,,,,,,,,,,,,,,,,,,,,,,,,,,,,,,down,,,,,,,,,,,,,,,,,,,,,,,,,,,,,,,,,,,,,,,,,,,,,,,,,,,,,
the language of trees,2008-10-30,,0,0,1,1,0,0,,,,,,,,,,,,,,,,,,,,,,,,,,,,,,,,,,,,,,,,,,,,,,,,,,up,,,,,,,,,,,,,,,,,,,,,,,,,,,,,,,,,,,,,,,,,,,,,,,,,,,,,
Mouth to Mouth,2008-11-07,,0,0,1,1,0,0,,,,,,,,,,,,,,,,,,,,,,,,,,,,,,,,,,,,,,,,,,,,,,,,,,up,,,,,,,,,,,,,,,,,,,,,,,,,,,,,,,,,,,,,,,,,,,,,,,,,,,,,
streamers,2008-11-12,,0,0,1,1,0,0,,,,,,,,,,,,,,,,,,,,,,,,,,,,,,,,,,,,,,,,,,,,,,,,,,up,,,,,,,,,,,,,,,,,,,,,,,,,,,,,,,,,,,,,,,,,,,,,,,,,,,,,
Billy Elliot,2008-11-13,,0,0,4,4,0,0,,,,,,,,,,,,,,,,,,,,,,,,,,,,,,,,,,,,,,,up,,,up,,,,,,,,up,,,,,,,,,,,,,,,,,,,,up,,,,,,,,,,,,,,,,,,,,,,,,,,,,,,,,,
Farragut North,2008-11-13,,0,0,3,1,2,0,,,,,,,,,,,,,,,,,,,,,,,,,,,,,,,,,,,,,,,,,,,,,,,,,,meh,,,,,,,,,,,,,,,,,,,,,,,,,,,,,,,,,,,,,,,,,meh,,,,,,,up,,,,,
American Buffalo,2008-11-17,,0,0,1,0,0,1,,,,,,,,,,,,,,,,,,,,,,,,,,,,,,,,,,,,,,,,,,,,,,,,,,down,,,,,,,,,,,,,,,,,,,,,,,,,,,,,,,,,,,,,,,,,,,,,,,,,,,,,
Waves,2008-11-17,,0,0,1,1,0,0,,,,,,,,,,,,,,,,,,,,,,,,,,,,,,,,,,,,,,,,,,,,,,,,,,up,,,,,,,,,,,,,,,,,,,,,,,,,,,,,,,,,,,,,,,,,,,,,,,,,,,,,
Road Show,2008-11-19,,0,0,1,0,1,0,,,,,,,,,,,,,,,,,,,,,,,,,,,,,,,,,,,,,,,,,,,,,,,,,,meh,,,,,,,,,,,,,,,,,,,,,,,,,,,,,,,,,,,,,,,,,,,,,,,,,,,,,
The Garden of Earthly Delights,2008-11-20,,0,0,1,1,0,0,,,,,,,,,,,,,,,,,,,,,,,,,,,,,,,,,,,,,,,,,,,,,,,,,,up,,,,,,,,,,,,,,,,,,,,,,,,,,,,,,,,,,,,,,,,,,,,,,,,,,,,,
On the Town,2008-11-21,,0,0,1,1,0,0,,,,,,,,,,,,,,,,,,,,,,,,,,,,,,,,,,,,,,,,,,,,,,,,,,up,,,,,,,,,,,,,,,,,,,,,,,,,,,,,,,,,,,,,,,,,,,,,,,,,,,,,
White Christmas,2008-11-23,,0,0,1,0,0,1,,,,,,,,,,,,,,,,,,,,,,,,,,,,,,,,,,,,,,,,,,,,,,,,,,down,,,,,,,,,,,,,,,,,,,,,,,,,,,,,,,,,,,,,,,,,,,,,,,,,,,,,
Liza's at the Palace,2008-12-03,,0,0,2,2,0,0,,,,,,,,,,,,,,,,,,,,,,,,,,,,,,,,,,,,,,,up,,,,,,,,,,,up,,,,,,,,,,,,,,,,,,,,,,,,,,,,,,,,,,,,,,,,,,,,,,,,,,,,,
Slava's Snowshow,2008-12-07,,0,0,4,4,0,0,,,up,,,,,,,,,,,,,,,,,,,,,,,,,,,,,,,,,,,,,,,,,,,,,,,up,,,,,,,,,,,,,,,,,,,,up,,,,,,,,,,,,,,,,,,,,,up,,,,,,,,,,,,
Home,2008-12-09,,0,0,1,1,0,0,,,,,,,,,,,,,,,,,,,,,,,,,,,,,,,,,,,,,,,,,,,,,,,,,,up,,,,,,,,,,,,,,,,,,,,,,,,,,,,,,,,,,,,,,,,,,,,,,,,,,,,,
Prayer for My Enemy,2008-12-10,,0,0,1,0,0,1,,,,,,,,,,,,,,,,,,,,,,,,,,,,,,,,,,,,,,,,,,,,,,,,,,down,,,,,,,,,,,,,,,,,,,,,,,,,,,,,,,,,,,,,,,,,,,,,,,,,,,,,
A Civil War Christmas - Long Wharf,2008-12-11,,0,0,1,1,0,0,,,,,,,,,,,,,,,,,,,,,,,,,,,,,,,,,,,,,,,,,,,,,,,,,,up,,,,,,,,,,,,,,,,,,,,,,,,,,,,,,,,,,,,,,,,,,,,,,,,,,,,,
shrek,2008-12-14,,0,0,1,0,1,0,,,,,,,,,,,,,,,,,,,,,,,,,,,,,,,,,,,,,,,,,,,,,,,,,,meh,,,,,,,,,,,,,,,,,,,,,,,,,,,,,,,,,,,,,,,,,,,,,,,,,,,,,
The Cripple of Inishmann,2008-12-22,,0,0,1,1,0,0,,,,,,,,,,,,,,,,,,,,,,,,,,,,,,,,,,,,,,,,,,,,,,,,,,up,,,,,,,,,,,,,,,,,,,,,,,,,,,,,,,,,,,,,,,,,,,,,,,,,,,,,
The Cherry Orchard Off Broadway,2009-01-16,,0,0,1,1,0,0,,,,,,,,,,,,,,,,,,,,,,,,,,,,,,,,,,,,,,,,,,,,,,,,,,up,,,,,,,,,,,,,,,,,,,,,,,,,,,,,,,,,,,,,,,,,,,,,,,,,,,,,
The American Plan,2009-01-22,,0,0,1,1,0,0,,,,,,,,,,,,,,,,,,,,,,,,,,,,,,,,,,,,,,,,,,,,,,,,,,up,,,,,,,,,,,,,,,,,,,,,,,,,,,,,,,,,,,,,,,,,,,,,,,,,,,,,
Hedda Gabler,2009-01-25,,0,0,0,0,0,0,,,,,,,,,,,,,,,,,,,,,,,,,,,,,,,,,,,,,,,,,,,,,,,,,,,,,,,,,,,,,,,,,,,,,,,,,,,,,,,,,,,,,,,,,,,,,,,,,,,,,,,
The Third Story,2009-02-03,,0,0,1,1,0,0,,,,,,,,,,,,,,,,,,,,,,,,,,,,,,,,,,,,,,,,,,,,,,,,,,up,,,,,,,,,,,,,,,,,,,,,,,,,,,,,,,,,,,,,,,,,,,,,,,,,,,,,
Desire Under the Elms,2009-02-04,,0,0,1,1,0,0,,,,,,,,,,,,,,,,,,,,,,,,,,,,,,,,,,,,,,,,,,,,,,,,,,up,,,,,,,,,,,,,,,,,,,,,,,,,,,,,,,,,,,,,,,,,,,,,,,,,,,,,
Minsky's,2009-02-09,,0,0,1,0,1,0,,,,,,,,,,,,,,,,,,,,,,,,,,,,,,,,,,,,,,,,,,,,,,,,,,meh,,,,,,,,,,,,,,,,,,,,,,,,,,,,,,,,,,,,,,,,,,,,,,,,,,,,,
Telephone,2009-02-12,,0,0,1,1,0,0,,,,,,,,,,,,,,,,,,,,,,,,,,,,,,,,,,,,,,,,,,,,,,,,,,up,,,,,,,,,,,,,,,,,,,,,,,,,,,,,,,,,,,,,,,,,,,,,,,,,,,,,
Pippin 2009,2009-02-12,,0,0,1,1,0,0,,,,,,,,,,,,,,,,,,,,,,,,,,,,,,,,,,,,,,,,,,,,,,,,,,up,,,,,,,,,,,,,,,,,,,,,,,,,,,,,,,,,,,,,,,,,,,,,,,,,,,,,
Othello - Theatre for a New Audience,2009-02-24,,0,0,1,1,0,0,,,,,,,,,,,,,,,,,,,,,,,,,,,,,,,,,,,,,,,,,,,,,,,,,,up,,,,,,,,,,,,,,,,,,,,,,,,,,,,,,,,,,,,,,,,,,,,,,,,,,,,,
Distracted,2009-03-05,,0,0,1,0,0,1,,,,,,,,,,,,,,,,,,,,,,,,,,,,,,,,,,,,,,,,,,,,,,,,,,down,,,,,,,,,,,,,,,,,,,,,,,,,,,,,,,,,,,,,,,,,,,,,,,,,,,,,
33 Variations,2009-03-09,,0,0,1,0,1,0,,,,,,,,,,,,,,,,,,,,,,,,,,,,,,,,,,,,,,,,,,,,,,,,,,meh,,,,,,,,,,,,,,,,,,,,,,,,,,,,,,,,,,,,,,,,,,,,,,,,,,,,,
Blithe Spirit,2009-03-15,,0,0,1,0,1,0,,,,,,,,,,,,,,,,,,,,,,,,,,,,,,,,,,,,,,,,,,,,,,,,,,meh,,,,,,,,,,,,,,,,,,,,,,,,,,,,,,,,,,,,,,,,,,,,,,,,,,,,,
West Side Story,2009-03-19,,0,0,6,5,1,0,,,,,,,up,,,,,,,,,,,,,,,,,,,,,,,,,,,,,,,,,,,,,,,,,,,up,,,,,,,,,,,,,,,,,,,,,,,,,,,,,,,,,,,,,,,,,up,,,,,meh,,up,,,,,
God of Carnage,2009-03-22,,0,0,0,0,0,0,,,,,,,,,,,,,,,,,,,,,,,,,,,,,,,,,,,,,,,,,,,,,,,,,,,,,,,,,,,,,,,,,,,,,,,,,,,,,,,,,,,,,,,,,,,,,,,,,,,,,,,
exit the king,2009-03-26,,0,0,0,0,0,0,,,,,,,,,,,,,,,,,,,,,,,,,,,,,,,,,,,,,,,,,,,,,,,,,,,,,,,,,,,,,,,,,,,,,,,,,,,,,,,,,,,,,,,,,,,,,,,,,,,,,,,
Finian's Rainbow Encores,2009-03-28,,0,0,4,4,0,0,,,,,,,,,,,,,,,,,,,,,,,,,,,,,,,,,,,,,,,,,,,,,,,,,,up,,,,,,,,,,,,,,,,,,,,up,,,,,,,,,,,,,,,,,,,,,up,,,,,,,up,,,,,
Irena's Vow,2009-03-29,,0,0,5,2,2,1,,,,,,up,,,,,,,,,,,,,,,,,,,,,,,,,,,,,,,,,up,,,,,,,,,,,down,,,,,,,,,,,,,,,,,,,,,,,,,,,,,,,,,,,,,,,,,,,,,,meh,,meh,,,,,
Hair,2009-03-31,,0,0,0,0,0,0,,,,,,,,,,,,,,,,,,,,,,,,,,,,,,,,,,,,,,,,,,,,,,,,,,,,,,,,,,,,,,,,,,,,,,,,,,,,,,,,,,,,,,,,,,,,,,,,,,,,,,,
La Didone,2009-04-06,,0,0,1,1,0,0,,,,,,,,,,,,,,,,,,,,,,,,,,,,,,,,,,,,,,,,,,,,,,,,,,up,,,,,,,,,,,,,,,,,,,,,,,,,,,,,,,,,,,,,,,,,,,,,,,,,,,,,
The Toxic Avenger,2009-04-07,,0,0,3,2,1,0,,,,,,,,,,,,,,,,,,,,,,,,,,,,,,,,,,,,,,,,,,,,,,,,,,meh,,,,,,,,,,,,,,,,,,,,,,,,,,,,,,,,,,,,,,,,,up,,,up,,,,,,,,,
"Why Torture is Wrong, and the People Who Love Them",2009-04-07,,0,0,1,1,0,0,,,,,,,,,,,,,,,,,,,,,,,,,,,,,,,,,,,,,,,,,,,,,,,,,,up,,,,,,,,,,,,,,,,,,,,,,,,,,,,,,,,,,,,,,,,,,,,,,,,,,,,,
Rock Of Ages,2009-04-07,,0,0,0,0,0,0,,,,,,,,,,,,,,,,,,,,,,,,,,,,,,,,,,,,,,,,,,,,,,,,,,,,,,,,,,,,,,,,,,,,,,,,,,,,,,,,,,,,,,,,,,,,,,,,,,,,,,,
Next to Normal,2009-04-15,,0,0,3,2,0,1,,,,,,up,,,,,,,,,,,,,,,,,,,,,,,,,,,,,,,,,up,,,down,,,,,,,,,,,,,,,,,,,,,,,,,,,,,,,,,,,,,,,,,,,,,,,,,,,,,,,,,,,,,
Joe Turner's Come and Gone,2009-04-16,,0,0,4,3,1,0,,,,,,up,,,,,,,,,,,,,,,,,,,,,meh,,,,,,,,,,,,,,,,,,,,,,,,,,,,,,,,,,,,,,,,,,,,,,,,,,,,,,,,,,,,,,,,,,,,,up,,up,,,,,
Mary Stuart,2009-04-19,,0,0,0,0,0,0,,,,,,,,,,,,,,,,,,,,,,,,,,,,,,,,,,,,,,,,,,,,,,,,,,,,,,,,,,,,,,,,,,,,,,,,,,,,,,,,,,,,,,,,,,,,,,,,,,,,,,,
The Norman Conquests,2009-04-24,,0,0,1,1,0,0,,,,,,,,,,,,,,,,,,,,,,,,,,,,,,,,,,,,,,,,,,,,,,,,,,up,,,,,,,,,,,,,,,,,,,,,,,,,,,,,,,,,,,,,,,,,,,,,,,,,,,,,
The Singing Forest,2009-04-29,,0,0,1,0,0,1,,,,,,,,,,,,,,,,,,,,,,,,,,,,,,,,,,,,,,,,,,,,,,,,,,down,,,,,,,,,,,,,,,,,,,,,,,,,,,,,,,,,,,,,,,,,,,,,,,,,,,,,
Waiting For Godot (2009),2009-04-30,,0,0,1,1,0,0,,,,,,,,,,,,,,,,,,,,,,,,,,,,,,,,,,,,,,,,,,,,,,,,,,up,,,,,,,,,,,,,,,,,,,,,,,,,,,,,,,,,,,,,,,,,,,,,,,,,,,,,
Hamlet - Shakespeare in the Park,2009-05-27,,0,0,0,0,0,0,,,,,,,,,,,,,,,,,,,,,,,,,,,,,,,,,,,,,,,,,,,,,,,,,,,,,,,,,,,,,,,,,,,,,,,,,,,,,,,,,,,,,,,,,,,,,,,,,,,,,,,
Coraline,2009-06-02,,0,0,0,0,0,0,,,,,,,,,,,,,,,,,,,,,,,,,,,,,,,,,,,,,,,,,,,,,,,,,,,,,,,,,,,,,,,,,,,,,,,,,,,,,,,,,,,,,,,,,,,,,,,,,,,,,,,
Next Fall Off-Broadway,2009-06-04,,0,0,3,3,0,0,,,,,,,,,,,,,,,,,,,,,,,,,,,,,,,,,,,,,,,,,,,,,,,,,,up,,,,,,,,,,,,,,,,,,,,,,,,,,,,,,,,,,,,,,,,,up,,,,,,,up,,,,,
"Machines, Machines...",2009-06-08,,0,0,1,1,0,0,,,,,,,,,,,,,,,,,,,,,,,,,,,,,,,,,,,,,,,,,,,,,,,,,,up,,,,,,,,,,,,,,,,,,,,,,,,,,,,,,,,,,,,,,,,,,,,,,,,,,,,,
Tin Pan Alley Rag,2009-07-15,,0,0,1,1,0,0,,,,,,,,,,,,,,,,,,,,,,,,,,,,,,,,,,,,,,,,,,,,,,,,,,up,,,,,,,,,,,,,,,,,,,,,,,,,,,,,,,,,,,,,,,,,,,,,,,,,,,,,
Burn the Floor,2009-08-02,,0,0,0,0,0,0,,,,,,,,,,,,,,,,,,,,,,,,,,,,,,,,,,,,,,,,,,,,,,,,,,,,,,,,,,,,,,,,,,,,,,,,,,,,,,,,,,,,,,,,,,,,,,,,,,,,,,,
keep your pantheon and school,2009-09-09,,0,0,0,0,0,0,,,,,,,,,,,,,,,,,,,,,,,,,,,,,,,,,,,,,,,,,,,,,,,,,,,,,,,,,,,,,,,,,,,,,,,,,,,,,,,,,,,,,,,,,,,,,,,,,,,,,,,
The Pride of Parnell,2009-09-09,,0,0,1,1,0,0,,,,,,,,,,,,,,,,,,,,,,,,,,,,,,,,,,,,,,,,,,,,,,,,,,up,,,,,,,,,,,,,,,,,,,,,,,,,,,,,,,,,,,,,,,,,,,,,,,,,,,,,
Oohrah!,2009-09-11,,0,0,1,0,0,1,,,,,,,,,,,,,,,,,,,,,,,,,,,,,,,,,,,,,,,,,,,,,,,,,,down,,,,,,,,,,,,,,,,,,,,,,,,,,,,,,,,,,,,,,,,,,,,,,,,,,,,,
The Retributionists,2009-09-15,,0,0,1,0,0,1,,,,,,,,,,,,,,,,,,,,,,,,,,,,,,,,,,,,,,,,,,,,,,,,,,down,,,,,,,,,,,,,,,,,,,,,,,,,,,,,,,,,,,,,,,,,,,,,,,,,,,,,
Aftermath,2009-09-16,,0,0,5,5,0,0,,,,,,,up,,,,,,,,,,,,,,,,,,,,,,,,,,,,,,,,,,,,,,,,,,,up,,,,,,,,,,,,,,,,,,,,,,,,,,,,,,,,,,,,,,,,,up,,,up,,,,up,,,,,
A Boy and His Soul,2009-09-25,,0,0,1,1,0,0,,,,,,,,,,,,,,,,,,,,,,,,,,,,,,,,,,,,,,,,,,,,,,,,,,up,,,,,,,,,,,,,,,,,,,,,,,,,,,,,,,,,,,,,,,,,,,,,,,,,,,,,
Othello,2009-09-28,,0,0,1,0,0,1,,,,,,,,,,,,,,,,,,,,,,,,,,,,,,,,,,,,,,,,,,,,,,,,,,down,,,,,,,,,,,,,,,,,,,,,,,,,,,,,,,,,,,,,,,,,,,,,,,,,,,,,
Superior Donuts,2009-10-01,,0,0,0,0,0,0,,,,,,,,,,,,,,,,,,,,,,,,,,,,,,,,,,,,,,,,,,,,,,,,,,,,,,,,,,,,,,,,,,,,,,,,,,,,,,,,,,,,,,,,,,,,,,,,,,,,,,,
Wishful Drinking,2009-10-04,,0,0,1,1,0,0,,,,,,,,,,,,,,,,,,,,,,,,,,,,,,,,,,,,,,,,,,,,,,,,,,up,,,,,,,,,,,,,,,,,,,,,,,,,,,,,,,,,,,,,,,,,,,,,,,,,,,,,
Hamlet,2009-10-06,,0,0,0,0,0,0,,,,,,,,,,,,,,,,,,,,,,,,,,,,,,,,,,,,,,,,,,,,,,,,,,,,,,,,,,,,,,,,,,,,,,,,,,,,,,,,,,,,,,,,,,,,,,,,,,,,,,,
Still Life,2009-10-06,,0,0,1,0,1,0,,,,,,,,,,,,,,,,,,,,,,,,,,,,,,,,,,,,,,,,,,,,,,,,,,meh,,,,,,,,,,,,,,,,,,,,,,,,,,,,,,,,,,,,,,,,,,,,,,,,,,,,,
The Royal Family,2009-10-08,,0,0,1,1,0,0,,,,,,,,,,,,,,,,,,,,,,,,,,,,,,,,,,,,,,,,,,,,,,,,,,up,,,,,,,,,,,,,,,,,,,,,,,,,,,,,,,,,,,,,,,,,,,,,,,,,,,,,
Let Me Down Easy,2009-10-08,,0,0,5,5,0,0,,,,,,,up,,,,,,,,,,,,,,,up,,,,,,,,,,,,,,,,,,,,,,,,,,,,up,,,,,,,,,,,,,,,,,,,,up,,,,,,,,,,,,,,,,,,,,,up,,,,,,,,,,,,
Parade,2009-10-14,,0,0,1,1,0,0,,,,,,,,,,,,,,,,,,,,,,,,,,,,,,,,,,,,,,,,,,,,,,,,,,up,,,,,,,,,,,,,,,,,,,,,,,,,,,,,,,,,,,,,,,,,,,,,,,,,,,,,
Bye Bye Birdie,2009-10-15,,0,0,0,0,0,0,,,,,,,,,,,,,,,,,,,,,,,,,,,,,,,,,,,,,,,,,,,,,,,,,,,,,,,,,,,,,,,,,,,,,,,,,,,,,,,,,,,,,,,,,,,,,,,,,,,,,,,
The Lady With All the Answers,2009-10-15,,0,0,1,0,1,0,,,,,,,,,,,,,,,,,,,,,,,,,,,,,,,,,,,,,,,,,,,,,,,,,,meh,,,,,,,,,,,,,,,,,,,,,,,,,,,,,,,,,,,,,,,,,,,,,,,,,,,,,
Memphis,2009-10-19,,0,0,1,1,0,0,,,,,,,,,,,,,,,,,,,,,,,,,,,,,,,,,,,,,,,,,,up,,,,,,,,,,,,,,,,,,,,,,,,,,,,,,,,,,,,,,,,,,,,,,,,,,,,,,,,,,,,,
Avenue Q,2009-10-21,,0,0,5,5,0,0,,,,,,,up,,,,,,,,,,,,,,,,,,,,,,,,,,,,,,,,,,,,,,,,,,,up,,,,,,,,,,,,,,,,,,,,up,,,,,,,,,,,,,,,,,,,,,up,,,,,,,up,,,,,
After Miss Julie,2009-10-22,,0,0,0,0,0,0,,,,,,,,,,,,,,,,,,,,,,,,,,,,,,,,,,,,,,,,,,,,,,,,,,,,,,,,,,,,,,,,,,,,,,,,,,,,,,,,,,,,,,,,,,,,,,,,,,,,,,,
Brighton Beach Memoirs,2009-10-25,,0,0,0,0,0,0,,,,,,,,,,,,,,,,,,,,,,,,,,,,,,,,,,,,,,,,,,,,,,,,,,,,,,,,,,,,,,,,,,,,,,,,,,,,,,,,,,,,,,,,,,,,,,,,,,,,,,,
Finian's Rainbow Broadway,2009-10-29,,0,0,5,5,0,0,,,,,,up,,,,,,,,,,,,,,,,,,,,,up,,,,,,,,,,,,,,,,,,,,,,,up,,,,,,,,,,,,,,,,,,,,,,,,,,,,,,,,,,,,,,,,,,,,,,,,up,,,up,,
Nightingale,2009-11-04,,0,0,1,1,0,0,,,,,,,,,,,,,,,,,,,,,,,,,,,,,,,,,,,,,,,,,,,,,,,,,,up,,,,,,,,,,,,,,,,,,,,,,,,,,,,,,,,,,,,,,,,,,,,,,,,,,,,,
The Orphans' Home Cycle: Part 3,2009-11-05,,0,0,0,0,0,0,,,,,,,,,,,,,,,,,,,,,,,,,,,,,,,,,,,,,,,,,,,,,,,,,,,,,,,,,,,,,,,,,,,,,,,,,,,,,,,,,,,,,,,,,,,,,,,,,,,,,,,
Idiot Savant,2009-11-05,,0,0,1,1,0,0,,,,,,,,,,,,,,,,,,,,,,,,,,,,,,,,,,,,,,,,,,,,,,,,,,up,,,,,,,,,,,,,,,,,,,,,,,,,,,,,,,,,,,,,,,,,,,,,,,,,,,,,
Quartett,2009-11-06,,0,0,1,1,0,0,,,,,,,,,,,,,,,,,,,,,,,,,,,,,,,,,,,,,,,,,,,,,,,,,,up,,,,,,,,,,,,,,,,,,,,,,,,,,,,,,,,,,,,,,,,,,,,,,,,,,,,,
Ragtime,2009-11-15,,0,0,0,0,0,0,,,,,,,,,,,,,,,,,,,,,,,,,,,,,,,,,,,,,,,,,,,,,,,,,,,,,,,,,,,,,,,,,,,,,,,,,,,,,,,,,,,,,,,,,,,,,,,,,,,,,,,
brother/sister plays,2009-11-17,,0,0,1,1,0,0,,,,,,,,,,,,,,,,,,,,,,,,,,,,,,,,,,,,,,,,,,,,,,,,,,up,,,,,,,,,,,,,,,,,,,,,,,,,,,,,,,,,,,,,,,,,,,,,,,,,,,,,
In The Next Room Or The Vibrator Play,2009-11-19,,0,0,1,1,0,0,,,,,,,,,,,,,,,,,,,,,,,,,,,,,,,,,,,,,,,,,,,,,,,,,,up,,,,,,,,,,,,,,,,,,,,,,,,,,,,,,,,,,,,,,,,,,,,,,,,,,,,,
Dreamgirls,2009-11-22,,0,0,5,2,3,0,,,,,,,,,,,,,,,,,,,,,,up,,,,,up,,,,,,,,,,,,,,,,,,,,,,,meh,,,,,,,,,,,,,,,,,,,,,,,,,,,,,,,,,,,,,,,,,meh,,,,,,,meh,,,,,
Fela(2009),2009-11-23,,0,0,5,3,2,0,,,,,,up,,,,,,,,,,,,,,,,,,,,,,,,,,,,,,,,,,,,,,,,,,,,up,,,,,,,,,,,,,,,,,,,,meh,,,,,,,,,,,,,,,,,,,,,,,,,,up,,meh,,,,,
A Streetcar Named Desire Off-Broadway,2009-12-03,,0,0,1,1,0,0,,,,,,,,,,,,,,,,,,,,,,,,,,,,,,,,,,,,,,,,,,,,,,,,,,up,,,,,,,,,,,,,,,,,,,,,,,,,,,,,,,,,,,,,,,,,,,,,,,,,,,,,
Race,2009-12-06,,0,0,4,1,0,3,,,,,,,,,,,,,,,,,,,,,,down,,,,,,,,,,,,,,,,,,,,,,,,,,,,down,,,,,,,,,,,,,,,,,,,,,,,,,,,,,,,,,,,,,,,,,,,,,,up,,down,,,,,
So Help Me God!,2009-12-07,,0,0,1,1,0,0,,,,,,,,,,,,,,,,,,,,,,,,,,,,,,,,,,,,,,,,,,,,,,,,,,up,,,,,,,,,,,,,,,,,,,,,,,,,,,,,,,,,,,,,,,,,,,,,,,,,,,,,
A Little Night Music,2009-12-13,,0,0,2,1,0,1,,,,,,,,,,,,,,,,,,,,,,,,,,,,,,,,,,,,,,,,,,,,,,,,,,,down,,,,,,,,,,,,,,,,,,,,,,,,,,,,,,,,,,,,,,,,,,,,,up,,,,,,,
The Emperor Jones,2009-12-15,,0,0,0,0,0,0,,,,,,,,,,,,,,,,,,,,,,,,,,,,,,,,,,,,,,,,,,,,,,,,,,,,,,,,,,,,,,,,,,,,,,,,,,,,,,,,,,,,,,,,,,,,,,,,,,,,,,,
The Orphans' Home Cycle: Part 2,2009-12-18,,0,0,4,4,0,0,,,,,,,,,,,,,,,,,,,,,,up,,,,,,,,,,,,,,,,,,,,,,,,,,,,up,,,,,,,,,,,,,,,,,,,,,,,,,,,up,,,,,,,,,,,,,,up,,,,,,,,,,,,
Ads,2010-01-14,,0,0,1,1,0,0,,,,,,,,,,,,,,,,,,,,,,,,,,,,,,,,,,,,,,,,,,,,,,,,,,up,,,,,,,,,,,,,,,,,,,,,,,,,,,,,,,,,,,,,,,,,,,,,,,,,,,,,
Present Laughter,2010-01-21,,0,0,5,2,2,1,,,,,,up,down,,,,,,,,,,,,,,,,,,,,,,,,,,,,,,,,,,,,,,,,,,,up,,,,,,,,,,,,,,,,,,,,,,,,,,,,,,,,,,,,,,,,,,,,,,,,meh,,,meh,,
Venus In Fur (Off-Broadway),2010-01-26,,0,0,3,3,0,0,,,,,,,,,,,,,,,,,,,,,,,,,,,,,,,,,,,,,,,,,,,,,,,,,,up,,,,,,,,,,,,,,,,,,,,,,,,,,,,,,,,,,,,,,,,,up,,,,,,,up,,,,,
As You Like It (2010),2010-01-26,,0,0,5,4,0,1,,,,,,,,,,,,,,,,,,,,,,,,,,,,,,,,,,,,,,,up,,,,,,,,,,,up,,,,,,,,,,,,,,,,,,,,up,,,,,,,,,,,,,,,,,,,,,up,,,,,,,down,,,,,
THE JACKIE LOOK,2010-02-06,,0,0,3,0,2,1,,,,,,,,,,,,,,,,,,,,,,,,,,,,,,,,,,,,,,,,,,,,,,,,,,,,,,,,,,,,,,,,,,,,,,,,,,,,,meh,,,,,,,,,,,,,,down,,,,,,,,meh,,,,
Measure for Measure 2010,2010-02-06,,0,0,0,0,0,0,,,,,,,,,,,,,,,,,,,,,,,,,,,,,,,,,,,,,,,,,,,,,,,,,,,,,,,,,,,,,,,,,,,,,,,,,,,,,,,,,,,,,,,,,,,,,,,,,,,,,,,
Happy Now?,2010-02-09,,0,0,4,1,0,3,,,,,,,down,,,,,,,,,,,,,,,,,,,,,,,,,,,,,,,,,,,,,,,,,,,up,,,,,,,,,,,,,,,,,,,,,,,,,,,,,,,,,,,,,,,,,down,,,down,,,,,,,,,
A Lie of the Mind,2010-02-18,,0,0,4,2,2,0,,,,,,,,,,,,,,,,,,,,,,,,,,,,,,,,,,,,,,,meh,,,,,,,,,,,up,,,,,,,,,,,,,,,,,,,,,,,,,,,,,,,,,,,,,,,,,meh,,,,,,,up,,,,,
The Caucasian Chalk Circle,2010-02-18,,0,0,0,0,0,0,,,,,,,,,,,,,,,,,,,,,,,,,,,,,,,,,,,,,,,,,,,,,,,,,,,,,,,,,,,,,,,,,,,,,,,,,,,,,,,,,,,,,,,,,,,,,,,,,,,,,,,
Clybourne Park Off Broadway,2010-02-21,,0,0,4,4,0,0,,,,,,,,,,,,,,,,,,,,,,,,,,,,,,,,,,,,,,,,,,,,,,,,,,up,,,,,,,,,,,,,,,,,,,,,,,,,,,up,,,,,,,,,,,,,,up,,,,,,,up,,,,,
"Whatever, Heaven Allows",2010-02-21,,0,0,0,0,0,0,,,,,,,,,,,,,,,,,,,,,,,,,,,,,,,,,,,,,,,,,,,,,,,,,,,,,,,,,,,,,,,,,,,,,,,,,,,,,,,,,,,,,,,,,,,,,,,,,,,,,,,
Mr. & Mrs. Fitch,2010-02-22,,0,0,5,1,0,4,,,,,,,,,,,,,,,,,,,,,,,,,,,,,,,,,,,,,,,down,,,,,,,,,,,down,,,,,,,,,,,,,,,,,,,,down,,,,,,,,,,,,,,,,,,,,,up,,,,,,,down,,,,,
The Temperamentals,2010-02-28,,0,0,4,4,0,0,,,,,,up,,,,,,,,,,,,,,,,,,,,,,,,,,,,,,,,,,,,,,,,,,,,up,,,up,,,,,,,,,,,,,,,,,,,,,,,,,,,,,,,,,,,,,,up,,,,,,,,,,,,
The Female of the Species,2010-02-28,,0,0,1,0,0,1,,,,,,,,,,,,,,,,,,,,,,,,,,,,,,,,,,,,,,,,,,,,,,,,,,down,,,,,,,,,,,,,,,,,,,,,,,,,,,,,,,,,,,,,,,,,,,,,,,,,,,,,
Equivocation,2010-03-02,,0,0,3,1,1,1,,,,,,,down,,,,,,,,,,,,,,,,,,,,,,,,,,,,,,,,,,,,,,,,,,,meh,,,,,,,,,,,,,,,,,,,,,,,,,,,,,,,,,,up,,,,,,,,,,,,,,,,,,,
The Book of Grace,2010-03-02,,0,0,0,0,0,0,,,,,,,,,,,,,,,,,,,,,,,,,,,,,,,,,,,,,,,,,,,,,,,,,,,,,,,,,,,,,,,,,,,,,,,,,,,,,,,,,,,,,,,,,,,,,,,,,,,,,,,
The Miracle Worker,2010-03-03,,0,0,5,2,2,1,,,,,,up,,,,,,,,,,,,,,,,,,,,,meh,,,,,,,,,,,,,,,,,,,,,,,down,,,,,,,,,,,,,,,,,,,,,,,,,,,,,,,,,,,,,,,,,,,,,,meh,,up,,,,,
A Behanding in Spokane,2010-03-04,,0,0,7,2,4,1,,,,,,meh,,,,,,,,,,,,,,,,,,,,,up,,,,,,,,,,,,,,,down,,,,,,,,meh,,,,,,,,,,,,,,,,,,,,,,,,,,,,,,,,,,,,,,,,,,,,,,meh,,meh,,,up,,
When the Rain Stops Falling,2010-03-08,,0,0,5,3,1,1,,,,,,,,,,,,,,,,,,,,,,,,,,,,,,,,,,,,,,,up,,,,,,,,,,,down,,,,,,,,,,,,,,,,,,,,meh,,,,,,,,,,,,,,,,,,,,,up,,,,,,,up,,,,,
A Life in Three Acts,2010-03-08,,0,0,3,3,0,0,,,,,,,,,,,,,,,,,,,,,,,,,,,,,,,,,,,,,,,,,,,,,,,,,,up,,,,,,,,,,,,,,,,,,,,,,,,,,,,,,,,,,,,,,,,,up,,,,,,,up,,,,,
Candida,2010-03-08,,0,0,4,2,0,2,,,,,,,up,,,,,,,,,,,,,,,,,,,,,,,,,,,,,,,,,,,,,,,,,,,down,,,,,,,,,,,,,,,,,,,,,,,,,,,,,,,,,,,,,,,,,up,,,,,,,down,,,,,
Neighbors,2010-03-09,,0,0,1,0,0,1,,,,,,,,,,,,,,,,,,,,,,,,,,,,,,,,,,,,,,,,,,,,,,,,,,down,,,,,,,,,,,,,,,,,,,,,,,,,,,,,,,,,,,,,,,,,,,,,,,,,,,,,
Love Never Dies,2010-03-09,,0,0,4,1,1,2,,,,,,,,,,,,,,,,,,,,,,down,,,,,,,,,,,,,,,,,,,,,,,,,,,,down,,,,,,,,,,,,,,,,,,,,,,up,,,,,,,meh,,,,,,,,,,,,,,,,,,,,,,,,
Top Secret: The Battle for the Pentagon Papers,2010-03-09,,0,0,4,1,1,2,,,,,,,down,,,,,,,,,,,,,,,,,,,,,,,,,,,,,,,,,,,,,,,,,,,meh,,,,,,,,,,,,,,,,,,,,,,,,,,,,,,,,,,,,,,,,,up,,,,,,,down,,,,,
The Scottsboro Boys Off-Broadway,2010-03-10,,0,0,5,2,2,1,,,,,,,,,,,,,,,,,,,,,,,,,,,,,,,,,,,,,,,meh,,,up,,,,,,,,down,,,,,,,,,,,,,,,,,,,,meh,,,,,,,,,,,,,,,,,,,,,up,,,,,,,,,,,,
Equus,2010-03-12,,0,0,0,0,0,0,,,,,,,,,,,,,,,,,,,,,,,,,,,,,,,,,,,,,,,,,,,,,,,,,,,,,,,,,,,,,,,,,,,,,,,,,,,,,,,,,,,,,,,,,,,,,,,,,,,,,,,
Looped,2010-03-14,,0,0,5,1,3,1,,,,,,,meh,,,,,,,,,,,,,,,,,,,,down,,,,,,,,,,,,meh,,,,,,,,,,,meh,,,,,,,,,,,,,,,,,,,,,,,,,,,,,,,,,,,,,,,,,,,,,,up,,,,,,,
All About Me,2010-03-18,,0,0,5,1,3,1,,,,,,up,,,,,,,,,,,,,,,,,,,,,,,,,,,,,,,,,,,,,,,,,,,,down,,,,,,,,,,,,,,,,,,,,meh,,,,,,,,,,,,,,,,,,,,,meh,,,,,,,meh,,,,,
North Atlantic,2010-03-23,,0,0,5,2,1,2,,,,,,,,,,,,,,,,,,,,,,,,,,,down,,,,,,,,,,,,,,,,,,,,,,,meh,,,,,,,,,,,,,,,,,,,,,,,,,,,,up,,,,,,,,,,,,,down,,,up,,,,,,,,,
The Glass Menagerie (2010),2010-03-24,,0,0,5,5,0,0,,,,,,,up,,,,,,,,,,,,,,,up,,,,,,,,,,,,,,,,,,,,,,,,,,,,up,,,,,,,,,,,,,,,,,,,,,,,,,,,,,,,,,,,,,,,,,up,,,,,,,up,,,,,
Come Fly Away,2010-03-25,,0,0,7,3,3,1,,,,,,up,,,,,,,,,,,,,,,,,,,,,meh,,,,,,,,,,,,,,,up,,,,,,,,up,,,,,,,,,,,,,,,,,,,,meh,,,,,,,,,,,,,,,,,,,,,,,,,,,,meh,,,down,,
Lend Me A Tenor,2010-04-04,,0,0,6,5,0,1,,,,,,up,,,,,,,,,,,,,,,,,,,,,,,,,,,,,,,,,up,,,up,,,,,,,,down,,,,,,,,,,,,,,,,,,,,,,,,,,,,,,,,,,,,,,,,,,,,,,up,,up,,,,,
Bloody Bloody Andrew Jackson (Off-Broadway),2010-04-06,,0,0,5,5,0,0,,,,,,up,,,,,,,,,,,,,,,,up,,,,,,,,,,,,,,,,,,,,,,,,,,,,up,,,,,,,,,,,,,,,,,,,,up,,,,,,,,,,,,,,,,,,,,,up,,,,,,,,,,,,
Inner Voices: Solo Musicals,2010-04-06,,0,0,5,1,1,3,,,,,,,,,,,,,,,,,down,,,,,,,,,,,,,,,,,,,,,,,,,down,,,,,,,,meh,,,,,,,,,,,,,,,,,,,,down,,,,,,,,,,,,,,,,,,,,,up,,,,,,,,,,,,
Uncle Vanya - Brooklyn Academy of Music,2010-04-07,,0,0,2,2,0,0,,,,,,,,,,,,,,,,,,,,,,,,,,,,,,,,,,,,,,,,,,,,,,,,,,up,,,,,,,,,,,,,,,,,,,,,,,,,,,,,,,,,,,,,,,,,up,,,,,,,,,,,,
The Addams Family,2010-04-08,,0,0,7,1,1,5,,,,,,down,,,,up,,,,,,,,,,,,,,,,,,,,,,,,,,,,,,,,down,,,,,,,,down,,,,,,,,,,,,,,,,,,,,,,,,,,,,,,,,,,,,,,,,,,,,,,down,,down,,,meh,,
Anyone Can Whistle,2010-04-08,,0,0,5,5,0,0,,,,,,up,,,,,,,,,,,,,,,,,,,,,,,,,,,,,,,,,up,,,up,,,,,,,,up,,,,,,,,,,,,,,,,,,,,,,,,,,,,,,,,,,,,,,,,,,,,,,,,up,,,,,
Million Dollar Quartet (2010),2010-04-11,,0,0,7,3,2,2,,,,,,up,meh,,,,,,,,,,,,,,,meh,,,,,up,,,,,,,,,,,,,,,down,,,,,,,,up,,,,,,,,,,,,,,,,,,,,,,,,,,,,,,,,,,,,,,,,,,,,,,down,,,,,,,
The 39 Steps Off-Broadway,2010-04-15,,0,0,0,0,0,0,,,,,,,,,,,,,,,,,,,,,,,,,,,,,,,,,,,,,,,,,,,,,,,,,,,,,,,,,,,,,,,,,,,,,,,,,,,,,,,,,,,,,,,,,,,,,,,,,,,,,,,
Bloodsong of Love,2010-04-16,,0,0,5,1,4,0,,,,,,,meh,,,,,,,,,,,,,,,,,,,,,,,,,,,,,,,,,,,,,,,,,,,meh,,,,,,,,,,,,,,,,,,,,up,,,,,,,,,,,,,,,,,,,,,meh,,,,,,,meh,,,,,
Creditors,2010-04-16,,0,0,0,0,0,0,,,,,,,,,,,,,,,,,,,,,,,,,,,,,,,,,,,,,,,,,,,,,,,,,,,,,,,,,,,,,,,,,,,,,,,,,,,,,,,,,,,,,,,,,,,,,,,,,,,,,,,
The Really Big Once,2010-04-17,,0,0,5,2,2,1,,,,,,,up,,,,,,,,,,meh,,,,,,,,,,,,,,up,,,,,,,,,,,,,,,,,,,meh,,,,,,,,,,,,,,,,,,,,,,,,,,,,,,,,,,,,,,,,,down,,,,,,,,,,,,
La Cage Aux Folles,2010-04-18,,0,0,7,5,2,0,,,,,,up,,,,meh,,,,,,,,,,,,up,,,,,,,,,,,,,,,,,,,,meh,,,,,,,,,up,,,,,,,,,,,,,,,,,,,,,,,,,,,,,,,,,,,,,,,,,,,,,up,,up,,,,,
Sondheim on Sondheim,2010-04-22,,0,0,7,3,3,1,,,,,,up,up,,,,,,,,,,,,,,,meh,,,,,,,meh,,,,,,,,,,,,,down,,,,,,,,meh,,,,,,,,,,,,,,,,,,,,,,,,,,,,,,,,,,,,,,,,,,,,,,up,,,,,,,
"Promises, Promises",2010-04-25,,0,0,6,3,0,3,,,,,,up,down,,,,,,,,,,,,,,,,,,,,up,,,,,,,,,,,,,,,up,,,,,,,,down,,,,,,,,,,,,,,,,,,,,,,,,,,,,,,,,,,,,,,,,,,,,,,down,,,,,,,
Fences (2010),2010-04-26,,0,0,8,7,1,0,,,,,,up,up,,,,,,,,,,,,,,,,,,,,up,,,,,,,,,,,,,,,up,,,,,,,,up,,,,,,,,,,,,,,,,,,,,,,,,,,,up,,,,,,,,,,,,,,,,,,,meh,,up,,,,,
Enron,2010-04-27,,0,0,8,3,2,3,,,,,,meh,down,,,,,,,,up,,,,,,,,,,,,down,,,,,,,,,,,,,,,up,,,,,,,,down,,,,,,,,,,,,,,,,,,,,,,,,,,,,,,,,,,,,,,,,,,,,,,up,,meh,,,,,
Collected Stories,2010-04-28,,0,0,6,5,1,0,,,,,,up,up,,,,,,,,,,,,,,,,,,,,up,,,,,,,,,,,,,,,up,,,,,,,,up,,,,,,,,,,,,,,,,,,,,,,,,,,,,,,,,,,,,,,,,,,,,,,,,meh,,,,,
Everyday Rapture,2010-04-29,,0,0,8,7,0,1,,,,,,up,up,,,,,,,,,,,,,,,,,,,,down,,,,,,,,,,,,,,,,,,,,,,,up,,,up,,,,,up,,,,,,,,,,,,,,,,,,,,,,,,,,,,,,,,,,,,,,up,,up,,,,,
Women of Will 2010,2010-04-29,,0,0,0,0,0,0,,,,,,,,,,,,,,,,,,,,,,,,,,,,,,,,,,,,,,,,,,,,,,,,,,,,,,,,,,,,,,,,,,,,,,,,,,,,,,,,,,,,,,,,,,,,,,,,,,,,,,,
Take Flight,2010-04-30,,0,0,0,0,0,0,,,,,,,,,,,,,,,,,,,,,,,,,,,,,,,,,,,,,,,,,,,,,,,,,,,,,,,,,,,,,,,,,,,,,,,,,,,,,,,,,,,,,,,,,,,,,,,,,,,,,,,
Family Week,2010-05-05,,0,0,6,0,2,4,,,,,,,,,,,,,,,,,,,,,,,,,,,down,,,,,,,,,,,,down,,,meh,,,,,,,,down,,,,,,,,,,,,,,,,,,,,,,,,,,,,,,,,,,,,,,,,,meh,,,,,,,down,,,,,
The Forest,2010-05-07,,0,0,6,1,4,1,,,,,,,,,,,,,,,,,meh,,,,,,,,,,meh,,,,,,,,,,,,,,,,,,,,,,,meh,,,,,,,,down,,,,,,,,,,,,,,,,,,,,,,,,,,,,,,,,,meh,,,,,,,up,,,,,
The Kid,2010-05-10,,0,0,2,1,1,0,,,,,,,,,,,,,,,,,,,,,,,,,,,,,,,,,,,,,,,,,,,,,,,,,,up,,,,,,meh,,,,,,,,,,,,,,,,,,,,,,,,,,,,,,,,,,,,,,,,,,,,,,,
Passion Play,2010-05-12,,0,0,4,3,0,1,,,,,,,up,,,,,,,,,,,,,,,,,,,,,,,,,,,,,,,,,,,,,,,,,,,up,,,,,,,,down,,,,,,,,,,,,,,,,,,,,,,,,,,,,,,,,,up,,,,,,,,,,,,
Gabriel,2010-05-13,,0,0,5,1,0,4,,,,,,,down,,,,,,,,,,,,,,,,,,,,,,,,,,,,,,,,,,,,,,,,,,,up,,,,,,,,down,,,,,,,,,,,,,,,,,,,,,,,,,,,,,,,,,down,,,,,,,down,,,,,
This Wide Night,2010-05-16,,0,0,5,4,1,0,,,,,,,up,,,,,,,,,,,,,,,,,,,,,,,,,,,,,,,,up,,,meh,,,,,,,,up,,,,,,,,,,,,,,,,,,,,,,,,,,,,,,,,,,,,,,,,,up,,,,,,,,,,,,
The Glass House,2010-05-16,,0,0,0,0,0,0,,,,,,,,,,,,,,,,,,,,,,,,,,,,,,,,,,,,,,,,,,,,,,,,,,,,,,,,,,,,,,,,,,,,,,,,,,,,,,,,,,,,,,,,,,,,,,,,,,,,,,,
Oliver Parker!,2010-05-17,,0,0,0,0,0,0,,,,,,,,,,,,,,,,,,,,,,,,,,,,,,,,,,,,,,,,,,,,,,,,,,,,,,,,,,,,,,,,,,,,,,,,,,,,,,,,,,,,,,,,,,,,,,,,,,,,,,,
Graceland,2010-05-17,,0,0,4,1,2,1,,,,,,,meh,,,,,,,,,,,,,,,,,,,,,,,,,,,,,,,,,,,,,,,,,,,up,,,,,,,,,,,,,,,,,,,,,,,,,,,,,,,,,,,,,,,,,meh,,,down,,,,,,,,,
That Face,2010-05-18,,0,0,5,1,2,2,,,,,,,,down,,,,,,,,,meh,,,,,,,,,,,,,,,,,,,,,,,,,meh,,,,,,,,down,,,,,,,,,,,,,,,,,,,,,,,,,,,,,,,,,,,,,,,,,up,,,,,,,,,,,,
Banana Shpeel,2010-05-19,,0,0,3,1,1,1,,,,,,,,,,,,,,,,,,,,,,,,,,,,,,,,,,,,,,,,,,down,,,,,,,,,,,,,,,,,,,,,,,,,,,,,,,,,,,,,,,,,,,,,,,,,meh,,,,,,,up,,,,,
Restoration,2010-05-19,,0,0,5,5,0,0,,,,,,,up,,,,,,,,,,,,,,,,,,,,,,,,,,,,,,,,,,,,,,,,,,,up,,,,,,,,up,,,,,,,,,,,,,,,,,,,,,,up,,,,,,,,,,,up,,,,,,,,,,,,
The Elaborate Entrance of Chad Deity,2010-05-20,,0,0,5,4,1,0,,,,,,,up,,,,,,,,,,,,,,,,,,,,,,,,,,,,,,,,up,,,up,,,,,,,,up,,,,,,,,,,,,,,,,,,,,,,,,,,,,,,,,,,,,,,,,,meh,,,,,,,,,,,,
The Burnt Part Boys,2010-05-25,,0,0,6,1,2,3,,,,,,,meh,,,,,,,,,,up,,,,,,,,,,,,,,,,,,,,,,meh,,,,,,,,,,,down,,,,,,,,down,,,,,,,,,,,,,,,,,,,,,,,,,,,,,,,,,down,,,,,,,,,,,,
Leaving,2010-05-26,,0,0,0,0,0,0,,,,,,,,,,,,,,,,,,,,,,,,,,,,,,,,,,,,,,,,,,,,,,,,,,,,,,,,,,,,,,,,,,,,,,,,,,,,,,,,,,,,,,,,,,,,,,,,,,,,,,,
Dusk Rings A Bell,2010-05-27,,0,0,5,1,3,1,,,,,,,up,,,,,,,,,,meh,,,,,,,,,,,,,,,,,,,,,,,,,,,,,,,,,meh,,,,,,,,meh,,,,,,,,,,,,,,,,,,,,,,,,,,,,,,,,,down,,,,,,,,,,,,
Johnny Baseball,2010-06-02,,0,0,3,3,0,0,,,,,,,,,,,,,,,,,up,,,,,,,,,,,,,,,,,,,,,,,,,,,,,,,,,,,,,,,,,,,,,,,,,,,,,,,,,,,,,,,,,,,,,,,,,,up,,,,,,,up,,,,,
Naked in a Fishbowl,2010-06-07,,0,0,0,0,0,0,,,,,,,,,,,,,,,,,,,,,,,,,,,,,,,,,,,,,,,,,,,,,,,,,,,,,,,,,,,,,,,,,,,,,,,,,,,,,,,,,,,,,,,,,,,,,,,,,,,,,,,
Another Part of the Forest,2010-06-07,,0,0,5,2,2,1,,,,,,,down,,,,,,,,,,meh,,,,,,,,,,,,,,,,,,,,,,,,,,,,,,,,,up,,,,,,,,,,,,,,,,,,,,,,,,,,,,,,,,,,,,,,,,,up,,,meh,,,,,,,,,
Prophecy,2010-06-08,,0,0,6,0,1,5,,,,,,,,,,,,,,,,,meh,,,,,,,,,,,,,,,,,,,,,,,,,down,,,,,,,,down,,,,,,,,down,,,,,,,,,,,,,,,,,,,,,,,,,,,,,,,,,down,,,,,,,,,,,,
The Winter's Tale (2010),2010-06-09,,0,0,0,0,0,0,,,,,,,,,,,,,,,,,,,,,,,,,,,,,,,,,,,,,,,,,,,,,,,,,,,,,,,,,,,,,,,,,,,,,,,,,,,,,,,,,,,,,,,,,,,,,,,,,,,,,,,
Little Doc,2010-06-17,,0,0,0,0,0,0,,,,,,,,,,,,,,,,,,,,,,,,,,,,,,,,,,,,,,,,,,,,,,,,,,,,,,,,,,,,,,,,,,,,,,,,,,,,,,,,,,,,,,,,,,,,,,,,,,,,,,,
Illuscination,2010-06-17,,0,0,0,0,0,0,,,,,,,,,,,,,,,,,,,,,,,,,,,,,,,,,,,,,,,,,,,,,,,,,,,,,,,,,,,,,,,,,,,,,,,,,,,,,,,,,,,,,,,,,,,,,,,,,,,,,,,
Sweeney Todd,2010-06-17,,0,0,0,0,0,0,,,,,,,,,,,,,,,,,,,,,,,,,,,,,,,,,,,,,,,,,,,,,,,,,,,,,,,,,,,,,,,,,,,,,,,,,,,,,,,,,,,,,,,,,,,,,,,,,,,,,,,
It's a Bird...It's a Plane...It's Superman,2010-06-18,,0,0,0,0,0,0,,,,,,,,,,,,,,,,,,,,,,,,,,,,,,,,,,,,,,,,,,,,,,,,,,,,,,,,,,,,,,,,,,,,,,,,,,,,,,,,,,,,,,,,,,,,,,,,,,,,,,,
Sucker Punch,2010-06-19,,0,0,0,0,0,0,,,,,,,,,,,,,,,,,,,,,,,,,,,,,,,,,,,,,,,,,,,,,,,,,,,,,,,,,,,,,,,,,,,,,,,,,,,,,,,,,,,,,,,,,,,,,,,,,,,,,,,
Dietrich and Chevalier: The Musical,2010-06-20,,0,0,5,0,1,4,,,,,,,down,,,,,,,,,,down,,,,,,,,,,,,,,,,,,,,,,,,,,,,,,,,,meh,,,,,,,,,,,,,,,,,,,,,,,,,,,down,,,,,,,,,,,,,,down,,,,,,,,,,,,
The Tempest at the Festival Theater,2010-06-25,,0,0,0,0,0,0,,,,,,,,,,,,,,,,,,,,,,,,,,,,,,,,,,,,,,,,,,,,,,,,,,,,,,,,,,,,,,,,,,,,,,,,,,,,,,,,,,,,,,,,,,,,,,,,,,,,,,,
The Grand Manner,2010-06-27,,0,0,5,1,4,0,,,,,,,up,,,meh,,,,,,,,,,,,,,,,,,,,,,,,,,,,,,,,meh,,,,,,,,meh,,,,,,,,,,,,,,,,,,,,,,,,,,,,,,,,,,,,,,,,,meh,,,,,,,,,,,,
The Zero Hour,2010-06-27,,0,0,0,0,0,0,,,,,,,,,,,,,,,,,,,,,,,,,,,,,,,,,,,,,,,,,,,,,,,,,,,,,,,,,,,,,,,,,,,,,,,,,,,,,,,,,,,,,,,,,,,,,,,,,,,,,,,
On the Levee,2010-06-28,,0,0,5,1,1,3,,,,,,,down,,,,,,,,,,,,,,,,,,,,,,,,,,,,,,,,,,,down,,,,,,,,down,,,,,,,,,,,,,,,,,,,,,,,,,,,,,,,,,,,,,,,,,meh,,,up,,,,,,,,,
A Funny Thing Happened on the Way to the Forum,2010-06-30,,0,0,0,0,0,0,,,,,,,,,,,,,,,,,,,,,,,,,,,,,,,,,,,,,,,,,,,,,,,,,,,,,,,,,,,,,,,,,,,,,,,,,,,,,,,,,,,,,,,,,,,,,,,,,,,,,,,
I'll Be Damned,2010-07-01,,0,0,0,0,0,0,,,,,,,,,,,,,,,,,,,,,,,,,,,,,,,,,,,,,,,,,,,,,,,,,,,,,,,,,,,,,,,,,,,,,,,,,,,,,,,,,,,,,,,,,,,,,,,,,,,,,,,
Hairspray (Off-Broadway),2010-07-07,,0,0,0,0,0,0,,,,,,,,,,,,,,,,,,,,,,,,,,,,,,,,,,,,,,,,,,,,,,,,,,,,,,,,,,,,,,,,,,,,,,,,,,,,,,,,,,,,,,,,,,,,,,,,,,,,,,,
Musashi,2010-07-07,,0,0,3,3,0,0,,,,,,,up,,,,,,,,,,,,,,,,,,,,,,,,,,,,,,,,,,,up,,,,,,,,up,,,,,,,,,,,,,,,,,,,,,,,,,,,,,,,,,,,,,,,,,,,,,,,,,,,,,
Damn Yankees,2010-07-08,,0,0,0,0,0,0,,,,,,,,,,,,,,,,,,,,,,,,,,,,,,,,,,,,,,,,,,,,,,,,,,,,,,,,,,,,,,,,,,,,,,,,,,,,,,,,,,,,,,,,,,,,,,,,,,,,,,,
We the People: America Rocks!,2010-07-08,,0,0,0,0,0,0,,,,,,,,,,,,,,,,,,,,,,,,,,,,,,,,,,,,,,,,,,,,,,,,,,,,,,,,,,,,,,,,,,,,,,,,,,,,,,,,,,,,,,,,,,,,,,,,,,,,,,,
A Night at the Tombs,2010-07-08,,0,0,1,1,0,0,,,,,,,up,,,,,,,,,,,,,,,,,,,,,,,,,,,,,,,,,,,,,,,,,,,,,,,,,,,,,,,,,,,,,,,,,,,,,,,,,,,,,,,,,,,,,,,,,,,,,,,,
Richard I I I (2010),2010-07-09,,0,0,0,0,0,0,,,,,,,,,,,,,,,,,,,,,,,,,,,,,,,,,,,,,,,,,,,,,,,,,,,,,,,,,,,,,,,,,,,,,,,,,,,,,,,,,,,,,,,,,,,,,,,,,,,,,,,
The Demons,2010-07-10,,0,0,2,1,0,1,,,,,,,,,,,,,,,,,,,,,,,,,,,,,,,,,,,,,,,,,,,,,,,,,,down,,,,,,,,,,,,,,,,,,,,,,,,,,,,,,,,,,,,,,,,,,,,,,,,up,,,,,
"Sweet, Sweet Motherhood",2010-07-11,,0,0,1,0,0,1,,,,,,,down,,,,,,,,,,,,,,,,,,,,,,,,,,,,,,,,,,,,,,,,,,,,,,,,,,,,,,,,,,,,,,,,,,,,,,,,,,,,,,,,,,,,,,,,,,,,,,,,
The Late Henry Moss,2010-07-11,,0,0,0,0,0,0,,,,,,,,,,,,,,,,,,,,,,,,,,,,,,,,,,,,,,,,,,,,,,,,,,,,,,,,,,,,,,,,,,,,,,,,,,,,,,,,,,,,,,,,,,,,,,,,,,,,,,,
Gary the Thief & Plevna: Meditations on Hatred,2010-07-12,,0,0,0,0,0,0,,,,,,,,,,,,,,,,,,,,,,,,,,,,,,,,,,,,,,,,,,,,,,,,,,,,,,,,,,,,,,,,,,,,,,,,,,,,,,,,,,,,,,,,,,,,,,,,,,,,,,,
With Glee,2010-07-13,,0,0,2,1,0,1,,,,,,,,,,,,,,,,,,,,,,,,,,,,,,,,,,,,,,,,,,,,,,,,,,up,,,,,,,,,,,,,,,,,,,,,,,,,,,,,,,,,,,,,,,,,down,,,,,,,,,,,,
The Guardsman,2010-07-13,,0,0,0,0,0,0,,,,,,,,,,,,,,,,,,,,,,,,,,,,,,,,,,,,,,,,,,,,,,,,,,,,,,,,,,,,,,,,,,,,,,,,,,,,,,,,,,,,,,,,,,,,,,,,,,,,,,,
A Disappearing Number,2010-07-15,,0,0,2,2,0,0,,,,,,,,,,,,,,,,,,,,,,,,,,,,,,,,,,,,,,,,,,,,,,,,,,up,,,,,,,,,,,,,,,,,,,,,,,,,,,,,,,,,,,,,,,,,up,,,,,,,,,,,,
Falling for Eve,2010-07-15,,0,0,5,2,2,1,,,,,,,meh,,,,,,,,,,meh,,,,,,,,,,,,,,,,,,,,,,,,,,,,,,,,,down,,,,,,,,,,,,,,,,,,,,,,,,,,,,,,,,,,,,,,,,,up,up,,,,,,,,,,,
Lysistrata,2010-07-15,,0,0,1,1,0,0,,,,,,,,,,,,,,,,,,,,,,,,,,,,,,,,,,,,,,,,,,,,,,,,,,up,,,,,,,,,,,,,,,,,,,,,,,,,,,,,,,,,,,,,,,,,,,,,,,,,,,,,
In God's Hat,2010-07-18,,0,0,3,3,0,0,,,,,,,up,,,,,,,,,,up,,,,,,,,,,,,,,,,,,,,,,,,,,,,,,,,,,,,,,,,,,,,,,,,,,,,,,,,,,,,,,,,,,,,,,,,,,up,,,,,,,,,,,,
The Battle of Stalingrad,2010-07-20,,0,0,2,1,0,1,,,,,,,up,,,,,,,,,,,,,,,,,,,,,,,,,,,,,,,,,,,,,,,,,,,down,,,,,,,,,,,,,,,,,,,,,,,,,,,,,,,,,,,,,,,,,,,,,,,,,,,,,
Hater,2010-07-21,,0,0,1,1,0,0,,,,,,,,,,,,,,,,,,,,,,,,,,,,,,,,,,,,,,,,,,,,,,,,,,up,,,,,,,,,,,,,,,,,,,,,,,,,,,,,,,,,,,,,,,,,,,,,,,,,,,,,
Viagara Falls,2010-07-21,,0,0,3,0,1,2,,,,,,,,,,,,,,,,,down,,,,,,,,,,,,,,,,,,,,,,,,,down,,,,,,,,,,,,,,,,,,,,,,,,,,,,,,,,,,,,,,,,,,,,,,,,,meh,,,,,,,,,,,,
Red Over Red,2010-07-22,,0,0,0,0,0,0,,,,,,,,,,,,,,,,,,,,,,,,,,,,,,,,,,,,,,,,,,,,,,,,,,,,,,,,,,,,,,,,,,,,,,,,,,,,,,,,,,,,,,,,,,,,,,,,,,,,,,,
The Irish...and How They Got That Way,2010-07-22,,0,0,2,2,0,0,,,,,,,,,,,,,,,,,,,,,,,,,,,,,,,,,,,,,,,,,,,,,,,,,,,,,,,,,,,,,,,,,,,,,,,,,,,,,up,,,,,,,,,,,,,,up,,,,,,,,,,,,
Twelfth Night (2010),2010-07-23,,0,0,0,0,0,0,,,,,,,,,,,,,,,,,,,,,,,,,,,,,,,,,,,,,,,,,,,,,,,,,,,,,,,,,,,,,,,,,,,,,,,,,,,,,,,,,,,,,,,,,,,,,,,,,,,,,,,
Tales From the Tunnel,2010-07-25,,0,0,0,0,0,0,,,,,,,,,,,,,,,,,,,,,,,,,,,,,,,,,,,,,,,,,,,,,,,,,,,,,,,,,,,,,,,,,,,,,,,,,,,,,,,,,,,,,,,,,,,,,,,,,,,,,,,
See Rock City & Other Destinations,2010-07-25,,0,0,5,2,3,0,,,,,,,meh,,,,,,,,,,,,,,,,,,,,,,,,,,,,,,,,,,,meh,,,,,,,,meh,,,,,,,,,,,,,,,,,,,,,,,,,,,,,,,,,,,,,,,,,up,,,,,,,up,,,,,
Bachelorette,2010-07-26,,0,0,5,3,1,1,,,,,,,down,,,,,,,,,,meh,,,,,,,,,,,,,,,,,,,,,,,,,,,,,,,,,up,,,,,,,,up,,,,,,,,,,,,,,,,,,,,,,,,,,,,,,,,,up,,,,,,,,,,,,
Julius Caesar (2010),2010-07-29,,0,0,0,0,0,0,,,,,,,,,,,,,,,,,,,,,,,,,,,,,,,,,,,,,,,,,,,,,,,,,,,,,,,,,,,,,,,,,,,,,,,,,,,,,,,,,,,,,,,,,,,,,,,,,,,,,,,
Summer Shorts 4,2010-07-30,,0,0,0,0,0,0,,,,,,,,,,,,,,,,,,,,,,,,,,,,,,,,,,,,,,,,,,,,,,,,,,,,,,,,,,,,,,,,,,,,,,,,,,,,,,,,,,,,,,,,,,,,,,,,,,,,,,,
Wolves,2010-08-04,,0,0,0,0,0,0,,,,,,,,,,,,,,,,,,,,,,,,,,,,,,,,,,,,,,,,,,,,,,,,,,,,,,,,,,,,,,,,,,,,,,,,,,,,,,,,,,,,,,,,,,,,,,,,,,,,,,,
Hedda Gabler (Off-Broadway),2010-08-10,,0,0,0,0,0,0,,,,,,,,,,,,,,,,,,,,,,,,,,,,,,,,,,,,,,,,,,,,,,,,,,,,,,,,,,,,,,,,,,,,,,,,,,,,,,,,,,,,,,,,,,,,,,,,,,,,,,,
Secrets of the Trade,2010-08-10,,0,0,5,4,0,1,,,,,,,up,,,,,,,,,,up,,,,,,,,,,,,,,,,,,,,,,,,,,,,,,,,,down,,,,,,up,,,,,,,,,,,,,,,,,,,,,,,,,,,,,,,,,,,up,,,,,,,,,,,,
"Abraham Lincoln's Big, Gay Dance Party",2010-08-11,,0,0,5,1,1,3,,,,,,,,,,,,,,,,,,,,,,,,,,,,,,,,,,,,,,,,,,down,,,,,,,,down,,,,,,,,,,,,,,,,,,,,,,,,,,,up,,,,,,,,,,,,,,down,,,,,,,meh,,,,,
Trust,2010-08-12,,0,0,5,0,3,2,,,,,,,down,,,,,,,,,,,,,,,,,,,,,,,,,,,,,,,,down,,,meh,,,,,,,,meh,,,,,,,,,,,,,,,,,,,,,,,,,,,,,,,,,,,,,,,,,meh,,,,,,,,,,,,
The Capeman,2010-08-14,,0,0,0,0,0,0,,,,,,,,,,,,,,,,,,,,,,,,,,,,,,,,,,,,,,,,,,,,,,,,,,,,,,,,,,,,,,,,,,,,,,,,,,,,,,,,,,,,,,,,,,,,,,,,,,,,,,,
Long Story Short,2010-08-17,,0,0,5,4,1,0,,,,,,,,,,,,,,,,,,,,,,meh,,,,,,,,,,,,,,,,up,,,,up,,,,,,,,up,,,,,,,,,,,,,,,,,,,,,,,,,,,,,,,,,,,,,,,,,up,,,,,,,,,,,,
The Memory Show,2010-08-18,,0,0,0,0,0,0,,,,,,,,,,,,,,,,,,,,,,,,,,,,,,,,,,,,,,,,,,,,,,,,,,,,,,,,,,,,,,,,,,,,,,,,,,,,,,,,,,,,,,,,,,,,,,,,,,,,,,,
Power Balladz,2010-08-19,,0,0,5,4,1,0,,,,,,,up,up,,,,,,,,,,,,,,,,,,,,,,,,,,,,,,,,,,,up,,,,,,,meh,,,,,,,,,,,,,,,,,,,,,,,,,,,,,,,,,,,,,,,,,up,,,,,,,,,,,,
A Delicate Balance,2010-08-24,,0,0,1,1,0,0,,,,,,,,,,,,,,,,,,,,,,,,,,,,,,,,,,,,,,,,,,,,,,,,,,up,,,,,,,,,,,,,,,,,,,,,,,,,,,,,,,,,,,,,,,,,,,,,,,,,,,,,
An Error of the Moon,2010-08-30,,0,0,1,0,1,0,,,,,,,,,,,,,,,,,,,,,,,,,,,,,,,,,,,,,,,,,,,,,,,,,,meh,,,,,,,,,,,,,,,,,,,,,,,,,,,,,,,,,,,,,,,,,,,,,,,,,,,,,
Troilus and Cressida,2010-09-01,,0,0,1,1,0,0,,,,,,,,,,,,,,,,,,,,,,,,,,,,,,,,,,,,,,,,,,,,,,,,,,up,,,,,,,,,,,,,,,,,,,,,,,,,,,,,,,,,,,,,,,,,,,,,,,,,,,,,
Vision Disturbance,2010-09-01,,0,0,0,0,0,0,,,,,,,,,,,,,,,,,,,,,,,,,,,,,,,,,,,,,,,,,,,,,,,,,,,,,,,,,,,,,,,,,,,,,,,,,,,,,,,,,,,,,,,,,,,,,,,,,,,,,,,
Absolution,2010-09-08,,0,0,0,0,0,0,,,,,,,,,,,,,,,,,,,,,,,,,,,,,,,,,,,,,,,,,,,,,,,,,,,,,,,,,,,,,,,,,,,,,,,,,,,,,,,,,,,,,,,,,,,,,,,,,,,,,,,
Bottom of the World,2010-09-14,,0,0,5,1,2,2,,,,,,,down,,,,,,,,,,,,,,,,,,,,,,,,,,,,,,,,,,,up,,,,,,,,down,,,,,,,,,,,,,,,,,,,,,,,,,,,,,,,,,,,,,,,,,meh,,,meh,,,,,,,,,
The Sun Also Rises (The Select),2010-09-15,,0,0,1,0,1,0,,,,,,,,,,,,,,,,,,,,,,,,,,,,,,,,,,,,,,,,,,,,,,,,,,meh,,,,,,,,,,,,,,,,,,,,,,,,,,,,,,,,,,,,,,,,,,,,,,,,,,,,,
The Drunkard,2010-09-18,,0,0,0,0,0,0,,,,,,,,,,,,,,,,,,,,,,,,,,,,,,,,,,,,,,,,,,,,,,,,,,,,,,,,,,,,,,,,,,,,,,,,,,,,,,,,,,,,,,,,,,,,,,,,,,,,,,,
Detroit at Steppenwolf,2010-09-19,,0,0,2,2,0,0,,,,,,,,,,,,,,,,,,,,,,,,,,,,,,,,,,up,,,,,,,,,,,,,,,,,,,,,,,,,,,,,,,,,,,,,,,,,,,,,,,,,,,,,,,,,up,,,,,,,,,,,,
The Little Foxes,2010-09-21,,0,0,5,3,1,1,,,,,,,,,,,,,,,,,up,,,,,,,,,,,,,,,,,,,,,,,,,,,,,,,,,meh,,,,,,up,,,,,,,,,,,,,,,,,,,,,,,,,,down,,,,,,,,,up,,,,,,,,,,,,
"Orange, Hat & Grace",2010-09-22,,0,0,4,2,1,1,,,,,,,,,,,,,,,,,,,,,,,,,,,,,,,,,,,,,,,,,,up,,,,,,,,down,,,,,,,,,,up,,,,,,,,,,,,,,,,,,,,,,,,,,,,,,,meh,,,,,,,,,,,,
The Divine Sister,2010-09-22,,0,0,5,5,0,0,,,,,,,up,,,,,,,,,,up,,,,,,,,,,,,,,,,,,,,,,,,,up,,,,,,,,up,,,,,,,,,,,,,,,,,,,,,,,,,,,,,,,,,,,,,,,,,up,,,,,,,,,,,,
We Have Always Lived in the Castle,2010-09-23,,0,0,0,0,0,0,,,,,,,,,,,,,,,,,,,,,,,,,,,,,,,,,,,,,,,,,,,,,,,,,,,,,,,,,,,,,,,,,,,,,,,,,,,,,,,,,,,,,,,,,,,,,,,,,,,,,,,
Orlando,2010-09-23,,0,0,4,4,0,0,,,,,,,,,,,,,,,,,up,,,,,,,,,,,,,,,,,,,,,,,,,,,,,,,,,up,,,,,,,,,,,,,,,,,,,,,,,,,,,,,,,,,,,,,,,,,up,,,,,,,up,,,,,
Gatz,2010-09-26,,0,0,0,0,0,0,,,,,,,,,,,,,,,,,,,,,,,,,,,,,,,,,,,,,,,,,,,,,,,,,,,,,,,,,,,,,,,,,,,,,,,,,,,,,,,,,,,,,,,,,,,,,,,,,,,,,,,
Now Circa Then,2010-09-27,,0,0,5,4,0,1,,,,,,,,,,,,,,,,,,,,,,,,,,,,,,,,,,,,,,,,,,,,,,,,,,down,,,,,,,,,,,,,,,,,,,,,,,,,,,,,,,,,,,,,,,,,up,up,,up,,,,up,,,,,
Brief Encounter,2010-09-28,,0,0,7,6,1,0,,,,,,,up,,,,,,,,,,,,,,,,,,,,up,,,,,,,,,,,,meh,,,,,,,,,,,up,,,,,,,,,,,,,,,,,,,,,,,,,,,,,,up,,,,,,,,,,,up,,,,,,,up,,,,,
Hotel Savoy,2010-09-30,,0,0,2,1,1,0,,,,,,,,,,,,,,,,,,,,,,,,,,,,,,,,,,,,,,,,up,,,,,,,,,,,,,,,,,,,,meh,,,,,,,,,,,,,,,,,,,,,,,,,,,,,,,,,,,,,,,,,,,
The Pitmen Painters,2010-09-30,,0,0,5,5,0,0,,,,,,up,up,,,,,,,,,,,,,,,,,,,,,,,,,,,,,,,,,,,,,,,,,,,up,,,,,,,,,,,,,,,,,,,,,,,,,,,,,,,,,,,,,,,,,up,,,,,,,up,,,,,
Zero Hour,2010-10-02,,0,0,0,0,0,0,,,,,,,,,,,,,,,,,,,,,,,,,,,,,,,,,,,,,,,,,,,,,,,,,,,,,,,,,,,,,,,,,,,,,,,,,,,,,,,,,,,,,,,,,,,,,,,,,,,,,,,
Mrs. Warren's Profession,2010-10-03,,0,0,6,1,2,3,,,,,,up,,,,,,,,,,,,,,,,down,,,,,,,,,,,,,,,,,,,,down,,,,,,,,meh,,,,,,,,,,,,,,,,,,,,,,,,,,,meh,,,,,,,,,,,,,,down,,,,,,,,,,,,
In Transit,2010-10-05,,0,0,5,3,1,1,,,,,,,down,,,,,,,,,,up,,,,,,,,,,,,,,,,,,,,,,,,,,,,,,up,,,up,,,,,,,,,,,,,,,,,,,,,,,,,,,,,,,,,,,,,,,,,meh,,,,,,,,,,,,
The Deer House,2010-10-05,,0,0,3,0,1,2,,,,,,,,,,,,,,,,,,,,,,,,,,,,,,,,,,,,,,,,,,down,,,,,,,,down,,,,,,,,,,,,,,,,,,,,,,,,,,,,,,,,,,,,,,,,,,,,meh,,,,,,,,,
Tigers Be Still,2010-10-06,,0,0,5,5,0,0,,,,,,,up,,,,,,,,,,,,,,,,,,,,up,,,,,,,,,,,,,,,,,,,,,,,up,,,,,,,,,,,,,,,,,up,,,,,,,,,,,,,,,,,,,,,,,,,,,,,,,up,,,,,
Time Stands Still,2010-10-07,,0,0,5,5,0,0,,,,,,,,,,up,,,,,,,,,,,,,,,,,,,,,,,,,,,,,up,,,,,,,,up,,,up,,,,,,,,,,,,,,,,,,,,,,,,,,,up,,,,,,,,,,,,,,,,,,,,,,,,,,
A Life in the Theatre,2010-10-12,,0,0,5,3,1,1,,,,,,,up,,,,,,,,,,,,,,,,,,,,,,,,,,,,,,,,,,,,,,,,,,,down,,,,,,,,,,,,,,,,,,,,,,,,,,,,,,,,,,,,,,,,,up,,,,,,,up,,,meh,,
Bloody Bloody Andrew Jackson,2010-10-13,,0,0,5,4,1,0,,,,,,meh,,,,,,,,,up,,,,,,,up,,,,,,,,,,,,,,,,,,,,,,,,,,,,up,,,,,,,,,,,,,,,,,,,,,,,,,,,,,,,,,,,,,,,,,,,,,,,,up,,,,,
La Bête,2010-10-14,,0,0,5,4,1,0,,,,,,up,,,,,,,,,up,,,,,,,,,,,,,,,,,,,,,,,,,up,,,,,,,,,,meh,,,,,,,,,,,,,,,,,,,,,,,,,,,,,,,,,,,,,,,,,up,,,,,,,,,,,,
The Language Archive,2010-10-17,,0,0,5,0,1,4,,,,,,,,,,,,,,,,,,,,,,,,,,,,,,,,,,,,,,,down,down,,down,,,,,,,,meh,,,,,,,,,,,,,,,,,,,,,,,,,,,,,,,,,,,,,,,,,down,,,,,,,,,,,,
Lombardi,2010-10-21,,0,0,6,3,1,2,,,,,,up,,,,,,,,,,,,,,,,,,,,,meh,,,,,,,,,,,,,,,,,,,,,,,down,,,,,,,,,,,,,,,,,,,,,,,,,,,,,,,,,,,,,,,,,up,,,,,down,,,,,up,,
Wings,2010-10-24,,0,0,5,3,2,0,,,,,,,up,,,,,,,,,,,,,,,up,,,,,,,,,,,,,,,,,,,,,,,,,,,,meh,,,,,,,,meh,,up,,,,,,,,,,,,,,,,,,,,,,,,,,,,,,,,,,,,,,,,,,,
"Miss Abigail's Guide to Dating, Mating, & Marriage",2010-10-24,,0,0,0,0,0,0,,,,,,,,,,,,,,,,,,,,,,,,,,,,,,,,,,,,,,,,,,,,,,,,,,,,,,,,,,,,,,,,,,,,,,,,,,,,,,,,,,,,,,,,,,,,,,,,,,,,,,,
Driving Miss Daisy,2010-10-25,,0,0,5,4,0,1,,,,,,up,down,,,,,,,,,,,,,,,,,,,,,,,,,,,,,,,,,,,,,,,,,,,up,,,,,,,,,,,,,,,,,,,,,,,,,,,,,,,,,,,,,,,,,,,,,,up,,,,,up,,
RAIN - A Tribute to the Beatles,2010-10-26,,0,0,5,2,2,1,,,,,,,down,,,,,,,,,,,,,,,,,,,,up,,,,,,,,,,,,,,,,,,,,,,,meh,,,,,,,,,,,,,,,,,,,,,,,,,,,,,,,,,,,,,,,,,meh,,,,,up,,,,,,,
Perfect Harmony,2010-10-27,,0,0,0,0,0,0,,,,,,,,,,,,,,,,,,,,,,,,,,,,,,,,,,,,,,,,,,,,,,,,,,,,,,,,,,,,,,,,,,,,,,,,,,,,,,,,,,,,,,,,,,,,,,,,,,,,,,,
The Merry Wives of Windsor,2010-10-28,,0,0,3,3,0,0,,,,,,,,,,,,,,,,,,,,,,,,,,,,,,,,,,,,,,,,up,,,,,,,,,,up,,,,,,,,,,,,,,,,,,,,,,,,,,,,,,,,,,,,,,,,,up,,,,,,,,,,,,
Angels in America,2010-10-28,,0,0,5,5,0,0,,,,,,,,,,,,,,,,,,,,,,up,,,,,up,,,,,,,,,,,,up,,,,,,,,,,,up,,,,,,,,,,,,,,,,,,,,,,,,,,,,,,,,,,,,,,,,,,,,,,,,up,,,,,
Nevermore,2010-10-29,,0,0,0,0,0,0,,,,,,,,,,,,,,,,,,,,,,,,,,,,,,,,,,,,,,,,,,,,,,,,,,,,,,,,,,,,,,,,,,,,,,,,,,,,,,,,,,,,,,,,,,,,,,,,,,,,,,,
The Scottsboro Boys,2010-10-31,,0,0,7,4,3,0,,,,,,up,,,,,,,,,,,,,,,,,,,,,up,,,,,,,,,,,,up,up,,,,,,,,,,meh,,,,,,,,,,,,,,,,,,,,,,,,,,,,,,,,,,,,,,,,,,,,,,meh,,,,,meh,,
In the Wake,2010-11-01,,0,0,5,0,4,1,,,,,,,meh,,,,,,,,,,,,,,,meh,,,,,,,,,,,,,,,,,,,,meh,,,,,,,,meh,,,,,,,,,,,,,,,,,,,,,,,,,,,,,,,,,,,,,,,,,down,,,,,,,,,,,,
That Hopey Changey Thing,2010-11-02,,0,0,5,3,2,0,,,,,,,up,,,,,,,,,,meh,,,,,,,,,,,,,,,,,,,,,,up,,,,,,,,,,,meh,,,,,,,,,,,,,,,,,,,,,,,,,,,,,,,,,,,,,,,,,up,,,,,,,,,,,,
Middletown,2010-11-03,,0,0,5,3,1,1,,,,,,,,,,,,,,,,,up,,,,,,,,,,,,,,,,,,,,,up,,down,,,,,,,,,,up,,,,,,,,,,,,,,,,,,,,,,,,,,,,,,,,,,,,,,,,,,,,,,,,meh,,,,,
Women on the Verge of a Nervous Breakdown,2010-11-04,,0,0,8,0,0,8,,,,,,down,down,,,down,,,,,,,,,,,,,,,,,,,down,,,,,,,,,,,down,,,,,,,,,,down,,,,,,,,,,,,,,,,,,,,,,,,,,,,,,,,,,,,,,,,,,,,,,down,,,,,down,,
The Merchant of Venice (Broadway),2010-11-07,,0,0,0,0,0,0,,,,,,,,,,,,,,,,,,,,,,,,,,,,,,,,,,,,,,,,,,,,,,,,,,,,,,,,,,,,,,,,,,,,,,,,,,,,,,,,,,,,,,,,,,,,,,,,,,,,,,,
Lingua Franca,2010-11-09,,0,0,0,0,0,0,,,,,,,,,,,,,,,,,,,,,,,,,,,,,,,,,,,,,,,,,,,,,,,,,,,,,,,,,,,,,,,,,,,,,,,,,,,,,,,,,,,,,,,,,,,,,,,,,,,,,,,
After the Revolution,2010-11-10,,0,0,5,2,2,1,,,,,,,up,,,,,,,,,,,,,,,,,,,,,,,,,,,,,,,meh,,,,down,,,,,,,,up,,,,,,,,,,,,,,,,,,,,,,,,,,,,,,,,,,,,,,,,,meh,,,,,,,,,,,,
There Are No More Big Secrets,2010-11-11,,0,0,1,0,0,1,,,,,,,down,,,,,,,,,,,,,,,,,,,,,,,,,,,,,,,,,,,,,,,,,,,,,,,,,,,,,,,,,,,,,,,,,,,,,,,,,,,,,,,,,,,,,,,,,,,,,,,,
In the Footprint: The Battle Over Atlantic Yards,2010-11-12,,0,0,0,0,0,0,,,,,,,,,,,,,,,,,,,,,,,,,,,,,,,,,,,,,,,,,,,,,,,,,,,,,,,,,,,,,,,,,,,,,,,,,,,,,,,,,,,,,,,,,,,,,,,,,,,,,,,
Ghosts in the Cottonwoods,2010-11-13,,0,0,2,1,0,1,,,,,,,up,,,,,,,,,,,,,,,,,,,,,,,,,,,,,,,,,,,,,,,,,,,down,,,,,,,,,,,,,,,,,,,,,,,,,,,,,,,,,,,,,,,,,,,,,,,,,,,,,
Elf(2010),2010-11-14,,0,0,7,1,2,4,,,down,,,,down,,,,,,,,,,,,,,,up,,,,,down,,,,,,,,,,,,,,,,,,,,,,,down,,,,,,,,,,,,,,,,,,,,,,,,,,,,,,,,,,,,,,,,,meh,,,,,meh,,,,,,,
Mistakes Were Made,2010-11-14,,0,0,5,3,0,2,,,,,,,,,,,,,,,,,,,,,,,,,,,,,,,,,,,,,,,,up,,up,down,,,,,,,down,,,,,,,,,,up,,,,,,,,,,,,,,,,,,,,,,,,,,,,,,,,,,,,,,,,,,,
Wintuk,2010-11-17,,0,0,0,0,0,0,,,,,,,,,,,,,,,,,,,,,,,,,,,,,,,,,,,,,,,,,,,,,,,,,,,,,,,,,,,,,,,,,,,,,,,,,,,,,,,,,,,,,,,,,,,,,,,,,,,,,,,
A Free Man of Color,2010-11-18,,0,0,8,1,3,4,,,,,,down,down,,,,,,,,,,,,,,,,,,,,,,,,,,,,,,,meh,down,meh,,,,,,,,,,down,,,,,,,,,,,,,,,,,,,,,,,,,,,,,,,,,,,,,,,,,,,,,,,meh,,,,up,,
Do Androids Dream of Electric Sheep?,2010-11-18,,0,0,0,0,0,0,,,,,,,,,,,,,,,,,,,,,,,,,,,,,,,,,,,,,,,,,,,,,,,,,,,,,,,,,,,,,,,,,,,,,,,,,,,,,,,,,,,,,,,,,,,,,,,,,,,,,,,
The Red Shoes,2010-11-19,,0,0,0,0,0,0,,,,,,,,,,,,,,,,,,,,,,,,,,,,,,,,,,,,,,,,,,,,,,,,,,,,,,,,,,,,,,,,,,,,,,,,,,,,,,,,,,,,,,,,,,,,,,,,,,,,,,,
Looking At Christmas,2010-11-20,,0,0,0,0,0,0,,,,,,,,,,,,,,,,,,,,,,,,,,,,,,,,,,,,,,,,,,,,,,,,,,,,,,,,,,,,,,,,,,,,,,,,,,,,,,,,,,,,,,,,,,,,,,,,,,,,,,,
The Collection & A Kind of Alaska,2010-11-21,,0,0,4,4,0,0,,,,,,,up,,,,,,,,,,,,,,,,,,,,,,,,,,,,,,,,,,,,,,,,,,,up,,,,,,,,,,,,,,,,,,,,,,,,,,,,,,up,,,,,,,,,,,up,,,,,,,,,,,,
Knock Me A Kiss,2010-11-21,,0,0,1,1,0,0,,,,,,,,,,,,,,,,,,,,,,,,,,,,,,,,,,,,,,,,,,,,,,,,,,up,,,,,,,,,,,,,,,,,,,,,,,,,,,,,,,,,,,,,,,,,,,,,,,,,,,,,
Elling,2010-11-21,,0,0,8,3,2,3,,,down,,,up,,,,,,,,,,,,,,,,,,,,,meh,,,,,,,,,,,meh,up,up,,,,,,,,,,down,,,,,,,,,,,,,,,,,,,,,,,,,,,,,,,,,,,,,,,,,,,,,,,,,,,down,,
The Break of Noon,2010-11-22,,0,0,5,1,0,4,,,,,,,,,,,,,,,,,up,,,,,down,,,,,down,,,,,,,,,,,,down,,,,,,,,,,,down,,,,,,,,,,,,,,,,,,,,,,,,,,,,,,,,,,,,,,,,,,,,,,,,,,,,,
Being Sellers,2010-11-23,,0,0,0,0,0,0,,,,,,,,,,,,,,,,,,,,,,,,,,,,,,,,,,,,,,,,,,,,,,,,,,,,,,,,,,,,,,,,,,,,,,,,,,,,,,,,,,,,,,,,,,,,,,,,,,,,,,,
Metamorphosis,2010-11-30,,0,0,1,1,0,0,,,,,,,,,,,,,,,,,,,,,,,,,,,,,,,,,,,,,,,,,,,,,,,,,,up,,,,,,,,,,,,,,,,,,,,,,,,,,,,,,,,,,,,,,,,,,,,,,,,,,,,,
Lay of the Land,2010-12-01,,0,0,1,1,0,0,,,,,,,up,,,,,,,,,,,,,,,,,,,,,,,,,,,,,,,,,,,,,,,,,,,,,,,,,,,,,,,,,,,,,,,,,,,,,,,,,,,,,,,,,,,,,,,,,,,,,,,,
Who's Afraid of Virginia Woolf? original,2010-12-02,,0,0,0,0,0,0,,,,,,,,,,,,,,,,,,,,,,,,,,,,,,,,,,,,,,,,,,,,,,,,,,,,,,,,,,,,,,,,,,,,,,,,,,,,,,,,,,,,,,,,,,,,,,,,,,,,,,,
Let Them Eat Cake,2010-12-02,,0,0,0,0,0,0,,,,,,,,,,,,,,,,,,,,,,,,,,,,,,,,,,,,,,,,,,,,,,,,,,,,,,,,,,,,,,,,,,,,,,,,,,,,,,,,,,,,,,,,,,,,,,,,,,,,,,,
With Aaron's Arms Around Me and The Mire,2010-12-03,,0,0,0,0,0,0,,,,,,,,,,,,,,,,,,,,,,,,,,,,,,,,,,,,,,,,,,,,,,,,,,,,,,,,,,,,,,,,,,,,,,,,,,,,,,,,,,,,,,,,,,,,,,,,,,,,,,,
Momentum,2010-12-03,,0,0,0,0,0,0,,,,,,,,,,,,,,,,,,,,,,,,,,,,,,,,,,,,,,,,,,,,,,,,,,,,,,,,,,,,,,,,,,,,,,,,,,,,,,,,,,,,,,,,,,,,,,,,,,,,,,,
Michael & Edie,2010-12-03,,0,0,3,3,0,0,,,,,,,up,,,,,,,,,,,,,,,,,,,,,,,,,,,,,,,,,,,,,,,,,,,,,,,,,,,,,up,,,,,,,,,,,,,,,,,,,,,,,,,,,,,,,up,,,,,,,,,,,,
"Pass the Blutwurst, Bitte",2010-12-05,,0,0,3,2,1,0,,up,,,,,,,,,,,,,,,,,,,,,,,,,,,,,,,,,,,,,,,,meh,,,,,,,,,,,,,,,,,,,,,,,,,,,,,,,,,,,,,,,,,,,,,,,,,up,,,,,,,,,,,,
The Wife,2010-12-05,,0,0,0,0,0,0,,,,,,,,,,,,,,,,,,,,,,,,,,,,,,,,,,,,,,,,,,,,,,,,,,,,,,,,,,,,,,,,,,,,,,,,,,,,,,,,,,,,,,,,,,,,,,,,,,,,,,,
Three Pianos,2010-12-07,,0,0,0,0,0,0,,,,,,,,,,,,,,,,,,,,,,,,,,,,,,,,,,,,,,,,,,,,,,,,,,,,,,,,,,,,,,,,,,,,,,,,,,,,,,,,,,,,,,,,,,,,,,,,,,,,,,,
The Great Game: Afghanistan,2010-12-07,,0,0,5,5,0,0,,,,,,,up,,,,,,,,,,,,,,,,,,,,,,,,,,,,,,,up,,,,,,,,,,,,up,,,,,,up,,,,,,,,,,,,,,,,,,,,,,,,,,,,,,,,,,,up,,,,,,,,,,,,
I'm Going To Make A Small Incision Behind Your Ear to Check and See IF You're Actually Human,2010-12-08,,0,0,0,0,0,0,,,,,,,,,,,,,,,,,,,,,,,,,,,,,,,,,,,,,,,,,,,,,,,,,,,,,,,,,,,,,,,,,,,,,,,,,,,,,,,,,,,,,,,,,,,,,,,,,,,,,,,
Haunted,2010-12-08,,0,0,5,1,1,3,,,,,,,up,,,,,,,,,,,,,,,,,,,,down,,,,,,,,,,,,,,,,,,,,,,,meh,,,,,,,,,,,,,,,,,,,,,,,,,,,,,,,,,,,,,,,,,down,,,,,,,down,,,,,
Korach: The Biblical Antichrist,2010-12-08,,0,0,0,0,0,0,,,,,,,,,,,,,,,,,,,,,,,,,,,,,,,,,,,,,,,,,,,,,,,,,,,,,,,,,,,,,,,,,,,,,,,,,,,,,,,,,,,,,,,,,,,,,,,,,,,,,,,
Donny & Marie – A Broadway Christmas,2010-12-14,,0,0,7,3,4,0,,,meh,,,meh,meh,,,,,,,,,,,,,,,up,,,,,up,,,,,,,,,,,up,,,,,,,,,,,,meh,,,,,,,,,,,,,,,,,,,,,,,,,,,,,,,,,,,,,,,,,,,,,,,,,,,,,
Mummenschanz,2010-12-21,,0,0,3,1,1,1,,,,,,,meh,,,,,,,,,,,,,,,,,,,,,,,,,,,,,,,,,,,,,,,,,,,down,,,,,,,,,,,,,,,,,,,,,,,,,,,,,,,,,,,,,,,,,up,,,,,,,,,,,,
Dollface,2010-12-23,,0,0,0,0,0,0,,,,,,,,,,,,,,,,,,,,,,,,,,,,,,,,,,,,,,,,,,,,,,,,,,,,,,,,,,,,,,,,,,,,,,,,,,,,,,,,,,,,,,,,,,,,,,,,,,,,,,,
Dracula,2011-01-05,,0,0,5,0,0,5,,,,,,down,,,,,,,,,,,,,,,,,,,,,,,,,,,,,,,,down,down,,,,,,,,,,,down,,,,,,,,down,,,,,,,,,,,,,,,,,,,,,,,,,,,,,,,,,,,,,,,,,,,,,
A Small Fire,2011-01-06,,0,0,3,2,1,0,,,,,,,,,,,,,,,,,,,,,,,,,,,,,,,,,,,,,,up,meh,,,,,,,,,,,up,,,,,,,,,,,,,,,,,,,,,,,,,,,,,,,,,,,,,,,,,,,,,,,,,,,,,
The Interminable Suicide of Gregory Church,2011-01-06,,0,0,0,0,0,0,,,,,,,,,,,,,,,,,,,,,,,,,,,,,,,,,,,,,,,,,,,,,,,,,,,,,,,,,,,,,,,,,,,,,,,,,,,,,,,,,,,,,,,,,,,,,,,,,,,,,,,
The How and the Why,2011-01-07,,0,0,0,0,0,0,,,,,,,,,,,,,,,,,,,,,,,,,,,,,,,,,,,,,,,,,,,,,,,,,,,,,,,,,,,,,,,,,,,,,,,,,,,,,,,,,,,,,,,,,,,,,,,,,,,,,,,
Nearly Lear,2011-01-07,,0,0,3,2,1,0,,,,,,,up,,,,,,,,,,meh,,,,,,,,,,,,,,,,,,,,,,,,,up,,,,,,,,,,,,,,,,,,,,,,,,,,,,,,,,,,,,,,,,,,,,,,,,,,,,,,,,,,,,,
Baby Wants Candy,2011-01-08,,0,0,0,0,0,0,,,,,,,,,,,,,,,,,,,,,,,,,,,,,,,,,,,,,,,,,,,,,,,,,,,,,,,,,,,,,,,,,,,,,,,,,,,,,,,,,,,,,,,,,,,,,,,,,,,,,,,
Blood From a Stone,2011-01-12,,0,0,5,1,4,0,,,,,,,meh,,,,,,,,,,meh,,,,,,,,,,up,,,,,,,,,,,,meh,,,,,,,,,,,meh,,,,,,,,,,,,,,,,,,,,,,,,,,,,,,,,,,,,,,,,,,,,,,,,,,,,,
Honey Brown Eyes,2011-01-13,,0,0,0,0,0,0,,,,,,,,,,,,,,,,,,,,,,,,,,,,,,,,,,,,,,,,,,,,,,,,,,,,,,,,,,,,,,,,,,,,,,,,,,,,,,,,,,,,,,,,,,,,,,,,,,,,,,,
The Importance of Being Earnest,2011-01-13,,0,0,5,5,0,0,,,,,,up,,,,,,,,,,,,,,,,,,,,,up,,,,,,,,,,,,up,,,,,,,,,,,up,,,,,,,,,,,,,,,,,,,,,,,,,,,,,,,,,,,,,,,,,up,,,,,,,,,,,,
Room 17B,2011-01-13,,0,0,1,1,0,0,,,,,,,,,,,,,,,,,,,,,,,,,,,,,,,,,,,,,,,,,,,,,,,,,,,,,,,,,,,,up,,,,,,,,,,,,,,,,,,,,,,,,,,,,,,,,,,,,,,,,,,,
Cymbeline,2011-01-16,,0,0,1,1,0,0,,,,,,,,,,,,,,,,,,,,,,,,,,,,,,,,,,,,,,,,,,,,,,,,,,up,,,,,,,,,,,,,,,,,,,,,,,,,,,,,,,,,,,,,,,,,,,,,,,,,,,,,
Carnival Round the Central Figure,2011-01-17,,0,0,5,3,2,0,,,,,,,up,,,,,,,,,,,,,,,,up,,,,,,,,,,,,,,,,,,,,,,,,,,,up,,,,,,,,,,meh,,,,,,,,,,,,,,,,,,,,,,,,,,,,,,,meh,,,,,,,,,,,,
The Walk Across America for Mother Earth,2011-01-20,,0,0,5,1,2,2,,,,,,,down,,,,,,,,,,meh,,,,,,,,,,,,,,,,,,,,,,,,,,,,,,,,,up,,,,,,,,,,,,,,,,,,,,,,,,,,,,,,,,,,,,,,,,,meh,,,down,,,,,,,,,
The Misanthrope,2011-01-23,,0,0,5,3,2,0,,,,,,,up,,,,,,,,,,meh,,,,,,,,,,,,,,,,,,,,,,,,,,,,,,,,,up,,,,,,,,,,up,,,,,,,,,,,,,,,,,,,,,,,,,,,,,,,meh,,,,,,,,,,,,
The New York Idea,2011-01-26,,0,0,6,0,4,2,,,,,,,,,,,,,,,,,meh,,,,,,,,,,,,,,,,,,,,,down,down,,,,,,,,,,,meh,,,,,,,,,,,,,,,,,,,,,,,,,,,,,,,,,,,,,,,,,meh,,,meh,,,,,,,,,
What The Public Wants,2011-01-27,,0,0,4,2,0,2,,,,,,up,down,,,,,,,,,,,,,,,,,,,,,,,,,,,,,,,,,,,up,,,,,,,,down,,,,,,,,,,,,,,,,,,,,,,,,,,,,,,,,,,,,,,,,,,,,,,,,,,,,,
How I Fell In Love,2011-01-30,,0,0,3,2,1,0,,,,,,,up,,,,,,,,,,,,,,,,,,,,,,,,,,,,,,,,,,,,,,,,,,,meh,,,,,,,,,,,,,,,,,,,,,,,,,,,,,,,,,,,,,,,,,up,,,,,,,,,,,,
The Milk Train Doesn’t Stop Here Anymore,2011-01-30,,0,0,5,3,2,0,,,,,,,up,,,,,,,,,,meh,,,,,,,,,,,,,,,,,,,,,,,,,,,,,,,,,up,,,,,,,,,,,,,,,,,,,,meh,,,,,,,,,,,,,,,,,,,,,up,,,,,,,,,,,,
Molly Sweeney,2011-01-30,,0,0,5,4,1,0,,,,,,up,up,,,,,,,,,,,,,,,,,,,,,,,,,,,,,,,,,,,,,,,,,,,up,,,,,,,,,,,,,,,,,,,,,,,,,,,,,,,,,,,,,,,,,up,,,meh,,,,,,,,,
Gruesome Playground Injuries,2011-01-31,,0,0,5,2,2,1,,,,,,up,meh,,,,,,,,,,,,,,,,,,,,,,,,,,,,,,,,up,,,meh,,,,,,,,down,,,,,,,,,,,,,,,,,,,,,,,,,,,,,,,,,,,,,,,,,,,,,,,,,,,,,
The Whipping Man,2011-02-01,,0,0,5,3,2,0,,,,,,up,,,,,,,,,,,up,,,,,,,,,,,,,,,,,,,,,,,,,meh,,,,,,,,up,,,,,,,,,,,,,,,,,,,,,,,,,,,,,,,,,,,,,,,,,,,,meh,,,,,,,,,
Vieux Carré,2011-02-02,,0,0,0,0,0,0,,,,,,,,,,,,,,,,,,,,,,,,,,,,,,,,,,,,,,,,,,,,,,,,,,,,,,,,,,,,,,,,,,,,,,,,,,,,,,,,,,,,,,,,,,,,,,,,,,,,,,,
My Scandalous Life,2011-02-02,,0,0,0,0,0,0,,,,,,,,,,,,,,,,,,,,,,,,,,,,,,,,,,,,,,,,,,,,,,,,,,,,,,,,,,,,,,,,,,,,,,,,,,,,,,,,,,,,,,,,,,,,,,,,,,,,,,,
The Witch of Edmonton,2011-02-03,,0,0,5,3,1,1,,,,,,,up,up,,,,,,,,,down,,,,,,,,,,,,,,,,,,,,,,,,,,,,,,,,,up,,,,,,,,,,,,,,,,,,,,,,,,,,,,,,,,,,,,,,,,,,,,meh,,,,,,,,,
Three Sisters (2011),2011-02-03,,0,0,5,3,1,1,,,,,,up,,meh,,,,,,,,,,,,,,,,,,,,,,,,,,,,,,,,,,down,,,,,,,,up,,,,,,,,,,,,,,,,,,,,,,,,,,,,,,,,,,,,,,,,,,,,up,,,,,,,,,
The Road to Qatar!,2011-02-03,,0,0,4,0,0,4,,,,,,down,,,,,,,,,,,,,,,,,,,,,,,,,,,,,,,,,,,,,,,,,,,,down,,,,,,,,,,,,,,,,,,,,,,,,,,,,,,,,,,,,,,,,,down,,,,,,,,down,,,,
"A Couple of Poor, Polish-Speaking Romanians",2011-02-04,,0,0,0,0,0,0,,,,,,,,,,,,,,,,,,,,,,,,,,,,,,,,,,,,,,,,,,,,,,,,,,,,,,,,,,,,,,,,,,,,,,,,,,,,,,,,,,,,,,,,,,,,,,,,,,,,,,,
Apple Cove,2011-02-06,,0,0,4,2,1,1,,,,,,up,down,,,,,,,,,,,,,,,,,,,,,,,,,,,,,,,,,,,,,,,,,,,,,,,,,,,,,,,,,,,,,,,,,,,,,,,,,,,,,,,,,,,,up,,,meh,,,,,,,,,
Black Tie,2011-02-08,,0,0,5,2,2,1,,,,,,up,,,,,,,,,,,,,,,,,,,,,,,,,,,,,,,,,,,,meh,,,,,,,,up,,,,,,,,,,,,,,,,,,,,,,,,,,,,,,,,,,,,,,,,,meh,,,down,,,,,,,,,
In the Pony Palace/Football,2011-02-08,,0,0,0,0,0,0,,,,,,,,,,,,,,,,,,,,,,,,,,,,,,,,,,,,,,,,,,,,,,,,,,,,,,,,,,,,,,,,,,,,,,,,,,,,,,,,,,,,,,,,,,,,,,,,,,,,,,,
Interviewing the Audience,2011-02-10,,0,0,5,1,4,0,,,,,,up,,,,,,,,,,,,,,,,,,,,,,,,,,,,,,,,,meh,,,meh,,,,,,,,meh,,,,,,,,,,,,,,,,,,,,,,,,,,,,,,,,,,,,,,,,,,,,meh,,,,,,,,,
Thinner Than Water,2011-02-13,,0,0,0,0,0,0,,,,,,,,,,,,,,,,,,,,,,,,,,,,,,,,,,,,,,,,,,,,,,,,,,,,,,,,,,,,,,,,,,,,,,,,,,,,,,,,,,,,,,,,,,,,,,,,,,,,,,,
Little Miss Sunshine (La Jolla Playhouse),2011-02-15,,0,0,0,0,0,0,,,,,,,,,,,,,,,,,,,,,,,,,,,,,,,,,,,,,,,,,,,,,,,,,,,,,,,,,,,,,,,,,,,,,,,,,,,,,,,,,,,,,,,,,,,,,,,,,,,,,,,
Diary of a Madman,2011-02-16,,0,0,1,0,1,0,,,,,,,,,,,,,,,,,,,,,,,,,,,,,,,,,,,,,,,,,,,,,,,,,,meh,,,,,,,,,,,,,,,,,,,,,,,,,,,,,,,,,,,,,,,,,,,,,,,,,,,,,
La Barberia,2011-02-17,,0,0,3,3,0,0,,,,,,up,up,,,,,,,,,,,,,,,,,,,,,,,,,,,,,,,,,,,,,,,,,,,,,,,,,,,,,,,,,,,,,,,,,,,,,,,,,,,,,,,,,,,,up,,,,,,,,,,,,
Compulsion,2011-02-17,,0,0,1,1,0,0,,,,,,,,,,,,,,,,,,,,,,,,,,,,,,,,,,,,,,,,,,,,,,,,,,up,,,,,,,,,,,,,,,,,,,,,,,,,,,,,,,,,,,,,,,,,,,,,,,,,,,,,
A Perfect Future,2011-02-17,,0,0,3,0,0,3,,,,,,,,,,,,,,,,,,,,,,,,,,,,,,,,,,,,,,,,,,,down,,,,,,,,,,,,,,,,,,,,,,,,,,,,,,,,,,,,,,,,,,,,,,,,down,,,,,,,down,,,,,
Storm Still,2011-02-19,,0,0,1,1,0,0,,,,,,,,,,,,,,,,,,,,,,,,,,,,,,,,,,,,,,,,,,,,,,,,,,,,,,,,,,,,up,,,,,,,,,,,,,,,,,,,,,,,,,,,,,,,,,,,,,,,,,,,
Frankenstein,2011-02-22,,0,0,1,1,0,0,,,,,,,,,,,,,,,,,,,,,,,,,,,,,,,,,,,,,,,,,,,,,,,,,,up,,,,,,,,,,,,,,,,,,,,,,,,,,,,,,,,,,,,,,,,,,,,,,,,,,,,,
Cactus Flower,2011-02-24,,0,0,0,0,0,0,,,,,,,,,,,,,,,,,,,,,,,,,,,,,,,,,,,,,,,,,,,,,,,,,,,,,,,,,,,,,,,,,,,,,,,,,,,,,,,,,,,,,,,,,,,,,,,,,,,,,,,
The Hallway Trilogy,2011-02-24,,0,0,4,0,4,0,,,,,,,,,,,,,,,,,,,,,,,,,,,,,,,,,,,,,,meh,meh,,,,,,,,,,,meh,,,,,,,,,,,,,,,,,,,,,,,,,,,,,,,,,,,,,,,,,,,,meh,,,,,,,,,
The Merchant of Venice Off-Broadway,2011-02-27,,0,0,0,0,0,0,,,,,,,,,,,,,,,,,,,,,,,,,,,,,,,,,,,,,,,,,,,,,,,,,,,,,,,,,,,,,,,,,,,,,,,,,,,,,,,,,,,,,,,,,,,,,,,,,,,,,,,
Beautiful Burnout,2011-03-01,,0,0,1,0,1,0,,,,,,,,,,,,,,,,,,,,,,,,,,,,,,,,,,,,,,,,,,,,,,,,,,meh,,,,,,,,,,,,,,,,,,,,,,,,,,,,,,,,,,,,,,,,,,,,,,,,,,,,,
The Method Gun,2011-03-02,,0,0,0,0,0,0,,,,,,,,,,,,,,,,,,,,,,,,,,,,,,,,,,,,,,,,,,,,,,,,,,,,,,,,,,,,,,,,,,,,,,,,,,,,,,,,,,,,,,,,,,,,,,,,,,,,,,,
Good People,2011-03-03,,0,0,5,4,1,0,,,,,,,,,,,,,,,,,,,,,,,,,,,,,,,,,,,,,,,,,,up,,,,,,,,up,,,,,,,,,,,,,,,,,,,,,,,,up,,,,,,,,,,,,,,,,,up,,,,,,,,,,meh,,
Treasure Island,2011-03-05,,0,0,1,1,0,0,,,,,,,,,,,,,,,,,,,,,,,,,,,,,,,,,,,,,,,,,,,,,,,,,,up,,,,,,,,,,,,,,,,,,,,,,,,,,,,,,,,,,,,,,,,,,,,,,,,,,,,,
That Championship Season,2011-03-06,,0,0,5,0,1,4,,,down,,,,,,,,,,,,,,,,,,,,,,,,down,,,,,,,,,,,down,,,,,,,,,,,,down,,,,,,,,,,,,,,,,,,,,,,,,,,,,,,,,,,,,,,,,,,,,,,meh,,,,,,,
Sleep No More,2011-03-07,,0,0,0,0,0,0,,,,,,,,,,,,,,,,,,,,,,,,,,,,,,,,,,,,,,,,,,,,,,,,,,,,,,,,,,,,,,,,,,,,,,,,,,,,,,,,,,,,,,,,,,,,,,,,,,,,,,,
Peter and the Starcatcher Off-Broadway,2011-03-09,,0,0,5,4,1,0,,,up,,,,,,,,,,,,,,,,,,,,,,,,up,,,,,,,,,,,,meh,,,,,,,,,,,up,,,,,,,,,,,,,,,,,,,,,,,,,,,,,,up,,,,,,,,,,,,,,,,,,,,,,,
Kathy Griffin Wants A Tony,2011-03-11,,0,0,2,2,0,0,,,,,,,,,,,,,,,,,,,,,,,,,,,,,,,,,,,,,,,,,,,,,,,,,,up,,,,,,,,up,,,,,,,,,,,,,,,,,,,,,,,,,,,,,,,,,,,,,,,,,,,,,
The Other Place(2011),2011-03-11,,0,0,0,0,0,0,,,,,,,,,,,,,,,,,,,,,,,,,,,,,,,,,,,,,,,,,,,,,,,,,,,,,,,,,,,,,,,,,,,,,,,,,,,,,,,,,,,,,,,,,,,,,,,,,,,,,,,
Macbeth - Theatre for a New Audience,2011-03-12,,0,0,0,0,0,0,,,,,,,,,,,,,,,,,,,,,,,,,,,,,,,,,,,,,,,,,,,,,,,,,,,,,,,,,,,,,,,,,,,,,,,,,,,,,,,,,,,,,,,,,,,,,,,,,,,,,,,
Clifford Chase's Winkie,2011-03-13,,0,0,1,0,0,1,,,,,,,,,,,,,,,,,,,,,,,,,,,,,,,,,,,,,,,,,,,,,,,,,,down,,,,,,,,,,,,,,,,,,,,,,,,,,,,,,,,,,,,,,,,,,,,,,,,,,,,,
Where's Charley?,2011-03-17,,0,0,1,1,0,0,,,,,,,,,,,,,,,,,,,,,,,,,,,,,,,,,,,,,,,,,,,,,,,,,,up,,,,,,,,,,,,,,,,,,,,,,,,,,,,,,,,,,,,,,,,,,,,,,,,,,,,,
Arcadia,2011-03-17,,0,0,5,2,3,0,,,,,,,,,,,,,,,,,,,,,,,,,,,,,,,,,,,,,,,,meh,,meh,,,,,,,,up,,,,,,,,,,,,,,,,,,,,,,,,,,,,,,,,,,,,,,,,,,,,,,,,up,,,meh,,
Wittenberg,2011-03-20,,0,0,0,0,0,0,,,,,,,,,,,,,,,,,,,,,,,,,,,,,,,,,,,,,,,,,,,,,,,,,,,,,,,,,,,,,,,,,,,,,,,,,,,,,,,,,,,,,,,,,,,,,,,,,,,,,,,
Priscilla Queen of the Desert,2011-03-20,,0,0,7,4,1,2,,,down,,,,,,,,,,,,up,,,,,,,meh,,,,,up,,,,,,,,,,,,,,,up,,,,,,,,down,,,up,,,,,,,,,,,,,,,,,,,,,,,,,,,,,,,,,,,,,,,,,,,,,,,,,,
Hello Again,2011-03-20,,0,0,1,0,1,0,,,,,,,,,,,,,,,,,,,,,,,,,,,,,,,,,,,,,,,,,,,,,,,,,,meh,,,,,,,,,,,,,,,,,,,,,,,,,,,,,,,,,,,,,,,,,,,,,,,,,,,,,
A Tree Grows in Brooklyn,2011-03-20,,0,0,1,0,0,1,,,,,,,,,,,,,,,,,,,,,,,,,,,,,,,,,,,,,,,,,,,,,,,,,,down,,,,,,,,,,,,,,,,,,,,,,,,,,,,,,,,,,,,,,,,,,,,,,,,,,,,,
Tomorrow Morning,2011-03-21,,0,0,0,0,0,0,,,,,,,,,,,,,,,,,,,,,,,,,,,,,,,,,,,,,,,,,,,,,,,,,,,,,,,,,,,,,,,,,,,,,,,,,,,,,,,,,,,,,,,,,,,,,,,,,,,,,,,
Kin,2011-03-21,,0,0,5,3,2,0,,,,,,,meh,,,,,,,,,,,,,,,,,,,,,,,,,,,,,,,,up,,,,,,,,,,,up,,,,,,,,,,,,,,,,,,,,,,,,,,,,,,,,,,,,,,,,,meh,,,up,,,,,,,,,
Ghetto Klown,2011-03-22,,0,0,7,3,4,0,,,up,,,,up,,,up,,,,,,,,,,,,,,,,,meh,,,,,,,,,,,,meh,,,,,,,,,,,meh,,,,,,,,,,,,,,,,,,,,,,,,,,,,,,,,,,,,,,,,,,,,,,,,meh,,,,,
The Dream of the Burning Boy,2011-03-23,,0,0,1,1,0,0,,,,,,,,,,,,,,,,,,,,,,,,,,,,,,,,,,,,,,,,,,,,,,,,,,up,,,,,,,,,,,,,,,,,,,,,,,,,,,,,,,,,,,,,,,,,,,,,,,,,,,,,
The Book of Mormon,2011-03-24,,0,0,7,7,0,0,,,up,,,,,,,,,,,,up,,,,,,,,,,,,up,,up,,,,,,,,,,,,,,,,,,,,,up,,,,,,,,,,,,,,,,,,,,,,,,,,,,,,,,,,,,,,,,,,,,,,,,up,,,,,up
Three Men on a Horse,2011-03-24,,0,0,0,0,0,0,,,,,,,,,,,,,,,,,,,,,,,,,,,,,,,,,,,,,,,,,,,,,,,,,,,,,,,,,,,,,,,,,,,,,,,,,,,,,,,,,,,,,,,,,,,,,,,,,,,,,,,
How to Succeed in Business Without Really Trying,2011-03-27,,0,0,10,4,5,1,,,up,,,,,,,,,,,,meh,,,,,,,up,,,,,meh,,meh,,,,,,,,,,meh,,,up,,,,,,,,meh,,,,,,,,,,,,,,,,,,,,,,,,,,,,,,,,,,,,,,,,,,,,,,up,,,,,,,down
Bengal Tiger at the Baghdad Zoo,2011-03-31,,0,0,6,4,1,1,,,meh,,,up,,,,,,,,,down,,,,,,,,,,,,up,,up,,,,,,,,,,,,,,,,,,,,,up,,,,,,,,,,,,,,,,,,,,,,,,,,,,,,,,,,,,,,,,,,,,,,,,,,,,,
We're Gonna Die,2011-04-01,,0,0,0,0,0,0,,,,,,,,,,,,,,,,,,,,,,,,,,,,,,,,,,,,,,,,,,,,,,,,,,,,,,,,,,,,,,,,,,,,,,,,,,,,,,,,,,,,,,,,,,,,,,,,,,,,,,,
One Night with Fanny Brice,2011-04-03,,0,0,0,0,0,0,,,,,,,,,,,,,,,,,,,,,,,,,,,,,,,,,,,,,,,,,,,,,,,,,,,,,,,,,,,,,,,,,,,,,,,,,,,,,,,,,,,,,,,,,,,,,,,,,,,,,,,
Love Song,2011-04-05,,0,0,0,0,0,0,,,,,,,,,,,,,,,,,,,,,,,,,,,,,,,,,,,,,,,,,,,,,,,,,,,,,,,,,,,,,,,,,,,,,,,,,,,,,,,,,,,,,,,,,,,,,,,,,,,,,,,
Benefactors,2011-04-05,,0,0,0,0,0,0,,,,,,,,,,,,,,,,,,,,,,,,,,,,,,,,,,,,,,,,,,,,,,,,,,,,,,,,,,,,,,,,,,,,,,,,,,,,,,,,,,,,,,,,,,,,,,,,,,,,,,,
Macbeth at BAM,2011-04-05,,0,0,1,1,0,0,,,,,,,,,,,,,,,,,,,,,,,,,,,,,,,,,,,,,,,,,,,,,,,,,,up,,,,,,,,,,,,,,,,,,,,,,,,,,,,,,,,,,,,,,,,,,,,,,,,,,,,,
Marie and Bruce,2011-04-05,,0,0,5,2,1,2,,,down,,,,,,,,,,,,,,,,,,,meh,,,,,,,,,,,,,,,,,down,,,up,,,,,,,,up,,,,,,,,,,,,,,,,,,,,,,,,,,,,,,,,,,,,,,,,,,,,,,,,,,,,,
Born Bad,2011-04-07,,0,0,1,1,0,0,,,,,,,,,,,,,,,,,,,,,,,,,,,,,,,,,,,,,,,,,,,,,,,,,,up,,,,,,,,,,,,,,,,,,,,,,,,,,,,,,,,,,,,,,,,,,,,,,,,,,,,,
Anything Goes,2011-04-07,,0,0,6,5,1,0,,,up,,,,,,,,,,,,,,,,,,,,,,,,,,,,,,,,,,,,,,,,,,,,,,,up,,,up,,,,,,,,,,,,,,,,,,,,,,,,,,,,,,,,,,,,,,up,,,,,,,up,,,meh,,
Catch Me If You Can,2011-04-10,,0,0,10,0,6,4,,,down,,,meh,,,,,,,,,down,,,,,,,,,,,,meh,,,,,,,,,,,,meh,,,meh,,,,,,,,down,,,down,,,,,,,,,,,,,,,,,,,,,,,,,,,,,,,,,,,,,,,,,,,meh,,meh,,,,,
Go Back to Where You Are,2011-04-12,,0,0,5,3,2,0,,,,,,up,,,,,,,,,,,,,,,,,,,,,,,,,,,,,,,,up,up,,,,,,,,,,,meh,,,,,,,,,,,,,,,,,,,,,,,,,,,,,,,,,,,,,,,,,,,,,,,,meh,,,,,
War Horse,2011-04-14,,0,0,5,5,0,0,,,up,,,,,,,,,,,,up,,,,,,,,,,,,up,,,,,,,,,,,,,,,,,,,,,,,up,,,,,,,,,,,,,,,,,,,,,,,,,,,,,,,,,,,,,,,,,,,,,,,,up,,,,,
Sixteen Wounded,2011-04-15,,0,0,0,0,0,0,,,,,,,,,,,,,,,,,,,,,,,,,,,,,,,,,,,,,,,,,,,,,,,,,,,,,,,,,,,,,,,,,,,,,,,,,,,,,,,,,,,,,,,,,,,,,,,,,,,,,,,
The Escape Artist,2011-04-15,,0,0,0,0,0,0,,,,,,,,,,,,,,,,,,,,,,,,,,,,,,,,,,,,,,,,,,,,,,,,,,,,,,,,,,,,,,,,,,,,,,,,,,,,,,,,,,,,,,,,,,,,,,,,,,,,,,,
Future Anxiety,2011-04-15,,0,0,0,0,0,0,,,,,,,,,,,,,,,,,,,,,,,,,,,,,,,,,,,,,,,,,,,,,,,,,,,,,,,,,,,,,,,,,,,,,,,,,,,,,,,,,,,,,,,,,,,,,,,,,,,,,,,
Reading Under the Influence,2011-04-16,,0,0,1,0,0,1,,,,,,,,,,,,,,,,,,,,,,,,,,,,,,,,,,,,,,,,,,,,,,,,,,down,,,,,,,,,,,,,,,,,,,,,,,,,,,,,,,,,,,,,,,,,,,,,,,,,,,,,
Camelot,2011-04-16,,0,0,0,0,0,0,,,,,,,,,,,,,,,,,,,,,,,,,,,,,,,,,,,,,,,,,,,,,,,,,,,,,,,,,,,,,,,,,,,,,,,,,,,,,,,,,,,,,,,,,,,,,,,,,,,,,,,
Wonderland,2011-04-17,,0,0,5,0,0,5,,,,,,,down,,,,,,,,,,,,,,,,,,,,down,,,,,,,,,,,,,,,,,,,,,,,down,,,,,,,,,,,,,,,,,,,,,,,,,,,,,,,,,,,,,,,,,down,,,,,,,down,,,,,
High,2011-04-19,,0,0,5,1,2,2,,,,,,up,,,,,,,,,,,,,,,,,,,,,meh,,,,,,,,,,,,,,,,,,,,,,,meh,,,,,,,,,,,,,,,,,,,,,,,,,,,,,,,,,,,,,,,,,,,,,,,,down,,,down,,
Sister Act,2011-04-20,,0,0,5,1,2,2,,,up,,,,,,,,,,,,,,,,,,,,,,,,meh,,,,,,,,,,,,,,,,,,,,,,,down,,,,,,,,,,,,,,,,,,,,,,,,,,,,,,,,,,,,,,,,,meh,,,,,,,down,,,,,
Be A Good Little Widow,2011-04-20,,0,0,0,0,0,0,,,,,,,,,,,,,,,,,,,,,,,,,,,,,,,,,,,,,,,,,,,,,,,,,,,,,,,,,,,,,,,,,,,,,,,,,,,,,,,,,,,,,,,,,,,,,,,,,,,,,,,
Picked,2011-04-20,,0,0,1,0,1,0,,,,,,,,,,,,,,,,,,,,,,,,,,,,,,,,,,,,,,,,,,,,,,,,,,meh,,,,,,,,,,,,,,,,,,,,,,,,,,,,,,,,,,,,,,,,,,,,,,,,,,,,,
Under Construction,2011-04-21,,0,0,0,0,0,0,,,,,,,,,,,,,,,,,,,,,,,,,,,,,,,,,,,,,,,,,,,,,,,,,,,,,,,,,,,,,,,,,,,,,,,,,,,,,,,,,,,,,,,,,,,,,,,,,,,,,,,
Jerusalem,2011-04-21,,0,0,5,5,0,0,,,up,,,,,,,,,,,,,,,,,,,,,,,,up,,,,,,,,,,,,,,,,,,,,,,,up,,,,,,,,,,,,,,,,,,,,,,,,,,,,,,,,,,,,,,,,,up,,,,,,,up,,,,,
Born Yesterday,2011-04-24,,0,0,5,4,1,0,,,up,,,,up,,,,,,,,,,,,,,,,,,,,up,,,,,,,,,,,,,,,,,,,,,,,meh,,,up,,,,,,,,,,,,,,,,,,,,,,,,,,,,,,,,,,,,,,,,,,,,,,,,,,
The House of Blue Leaves,2011-04-25,,0,0,5,0,3,2,,,down,,,,,,,,,,,,meh,,,,,,,,,,,,meh,,,,,,,,,,,,,,,,,,,,,,,down,,,,,,,,,,,,,,,,,,,,,,,,,,,,,,,,,,,,,,,,,meh,,,,,,,,,,,,
The Normal Heart,2011-04-27,,0,0,8,8,0,0,,,up,,,up,up,,,,,,,,,,,,,,,,,,,,up,,,,,,,,,,,,,,,up,,,,,,,,up,,,up,,,,,,,,,,,,,,,,,,,,,,,,,,,,,,,,,,,,,,,,,,,,,up,,,,,
Baby It's You,2011-04-27,,0,0,8,0,2,6,,,,,,down,,,,,,,,,down,,,,,,,meh,,,,,,,,,,,,,,,,,,down,,,,,,,,,,down,,,down,,,,,,,,,,,,,,,,,,,,,,,,,,,,,,,,,,,,,,meh,,,,,,,down,,,,,
The People in the Picture,2011-04-28,,0,0,5,1,3,1,,,,,,meh,down,,,,,,,,,,,,,,,,,,,,meh,,,,,,,,,,,,,,,,,,,,,,,meh,,,,,,,,,,,,,,,,,,,,,,,,,,,,,,,,,,,,,,,,,up,,,,,,,,,,,,
The Tragical Life of Cheeseboy,2011-04-29,,0,0,1,0,0,1,,,,,,,,,,,,,,,,,,,,,,,,,,,,,,,,,,,,,,,,,,,,,,,,,,down,,,,,,,,,,,,,,,,,,,,,,,,,,,,,,,,,,,,,,,,,,,,,,,,,,,,,
The Shaughraun,2011-05-01,,0,0,0,0,0,0,,,,,,,,,,,,,,,,,,,,,,,,,,,,,,,,,,,,,,,,,,,,,,,,,,,,,,,,,,,,,,,,,,,,,,,,,,,,,,,,,,,,,,,,,,,,,,,,,,,,,,,
The School for Lies,2011-05-01,,0,0,5,5,0,0,,,,,,,up,,,,,,,,,,,,,,,up,,,,,,,,,,,,,,,,,up,,,,,,,,,,,up,,,,,,,,,,,,,,,,,,,,,,,,,,,,,,,,,,,,,,,,,up,,,,,,,,,,,,
King Lear (BAM),2011-05-04,,0,0,1,1,0,0,,,,,,,,,,,,,,,,,,,,,,,,,,,,,,,,,,,,,,,,,,,,,,,,,,up,,,,,,,,,,,,,,,,,,,,,,,,,,,,,,,,,,,,,,,,,,,,,,,,,,,,,
The Intelligent Homosexual’s Guide to Capitalism and Socialism With a Key to the Scriptures,2011-05-05,,0,0,1,0,1,0,,,,,,,,,,,,,,,,,,,,,,,,,,,,,,,,,,,,,,,,,,,,,,,,,,meh,,,,,,,,,,,,,,,,,,,,,,,,,,,,,,,,,,,,,,,,,,,,,,,,,,,,,
Little Black Dress,2011-05-05,,0,0,0,0,0,0,,,,,,,,,,,,,,,,,,,,,,,,,,,,,,,,,,,,,,,,,,,,,,,,,,,,,,,,,,,,,,,,,,,,,,,,,,,,,,,,,,,,,,,,,,,,,,,,,,,,,,,
The Human Comedy,2011-05-05,,0,0,0,0,0,0,,,,,,,,,,,,,,,,,,,,,,,,,,,,,,,,,,,,,,,,,,,,,,,,,,,,,,,,,,,,,,,,,,,,,,,,,,,,,,,,,,,,,,,,,,,,,,,,,,,,,,,
Sleeping Beauty Wakes,2011-05-06,,0,0,0,0,0,0,,,,,,,,,,,,,,,,,,,,,,,,,,,,,,,,,,,,,,,,,,,,,,,,,,,,,,,,,,,,,,,,,,,,,,,,,,,,,,,,,,,,,,,,,,,,,,,,,,,,,,,
Radio Play,2011-05-06,,0,0,0,0,0,0,,,,,,,,,,,,,,,,,,,,,,,,,,,,,,,,,,,,,,,,,,,,,,,,,,,,,,,,,,,,,,,,,,,,,,,,,,,,,,,,,,,,,,,,,,,,,,,,,,,,,,,
Follies at Kennedy Center,2011-05-07,,0,0,0,0,0,0,,,,,,,,,,,,,,,,,,,,,,,,,,,,,,,,,,,,,,,,,,,,,,,,,,,,,,,,,,,,,,,,,,,,,,,,,,,,,,,,,,,,,,,,,,,,,,,,,,,,,,,
A Minister's Wife,2011-05-08,,0,0,5,2,2,1,,,meh,,,up,,,,,,,,,,,,,,,,,,,,,,,,,,,,,,,,,meh,,,,,,,,,,,up,,,,,,,,,,,,,,,,,,,,,,,,,,,,,,,,,,,,,,,,,,,,,,,,down,,,,,
"By the Way, Meet Vera Stark",2011-05-09,,0,0,1,0,1,0,,,,,,,,,,,,,,,,,,,,,,,,,,,,,,,,,,,,,,,,,,,,,,,,,,meh,,,,,,,,,,,,,,,,,,,,,,,,,,,,,,,,,,,,,,,,,,,,,,,,,,,,,
The Tempest at HERE Arts,2011-05-09,,0,0,1,1,0,0,,,,,,,,,,,,,,,,,,,,,,,,,,,,,,,,,,,,,,,,,,,,,,,,,,up,,,,,,,,,,,,,,,,,,,,,,,,,,,,,,,,,,,,,,,,,,,,,,,,,,,,,
Tearing Down the Walls,2011-05-12,,0,0,0,0,0,0,,,,,,,,,,,,,,,,,,,,,,,,,,,,,,,,,,,,,,,,,,,,,,,,,,,,,,,,,,,,,,,,,,,,,,,,,,,,,,,,,,,,,,,,,,,,,,,,,,,,,,,
Jesus Christ Superstar at Avon,2011-05-16,,0,0,0,0,0,0,,,,,,,,,,,,,,,,,,,,,,,,,,,,,,,,,,,,,,,,,,,,,,,,,,,,,,,,,,,,,,,,,,,,,,,,,,,,,,,,,,,,,,,,,,,,,,,,,,,,,,,
Lucky Guy the Musical,2011-05-19,,0,0,5,1,3,1,,,,,,,up,,,down,,,,,,,,,,,,,,,,,,,,,,,,,,,,meh,,,,,,,,,,,,meh,,,,,,,,,,,,,,,,,,,,,,,,,,,,,,,,,,,,,,,,,meh,,,,,,,,,,,,
World Trade Center View,2011-05-19,,0,0,0,0,0,0,,,,,,,,,,,,,,,,,,,,,,,,,,,,,,,,,,,,,,,,,,,,,,,,,,,,,,,,,,,,,,,,,,,,,,,,,,,,,,,,,,,,,,,,,,,,,,,,,,,,,,,
As It Is in Heaven,2011-05-20,,0,0,0,0,0,0,,,,,,,,,,,,,,,,,,,,,,,,,,,,,,,,,,,,,,,,,,,,,,,,,,,,,,,,,,,,,,,,,,,,,,,,,,,,,,,,,,,,,,,,,,,,,,,,,,,,,,,
I Married Wyatt Earp,2011-05-20,,0,0,0,0,0,0,,,,,,,,,,,,,,,,,,,,,,,,,,,,,,,,,,,,,,,,,,,,,,,,,,,,,,,,,,,,,,,,,,,,,,,,,,,,,,,,,,,,,,,,,,,,,,,,,,,,,,,
"Mama, I Want to Sing: The Next Generation",2011-05-21,,0,0,0,0,0,0,,,,,,,,,,,,,,,,,,,,,,,,,,,,,,,,,,,,,,,,,,,,,,,,,,,,,,,,,,,,,,,,,,,,,,,,,,,,,,,,,,,,,,,,,,,,,,,,,,,,,,,
The Best is Yet to Come,2011-05-25,,0,0,5,2,3,0,,,,,,,up,,,,,,,,,,,,,,,,,,,,,,,,,,,,,,,,,,,meh,,,,,,,,meh,,,,,,,,,,,,,,,,,,,,,,,,,,,,,,,,,,,,,,,,,up,,,meh,,,,,,,,,
Cradle and All,2011-05-25,,0,0,5,1,4,0,,,,,,,meh,,,,,,,,,,,,,,,meh,,,,,,,,,,,,,,,,,meh,,,,,,,,,,,meh,,,,,up,,,,,,,,,,,,,,,,,,,,,,,,,,,,,,,,,,,,,,,,,,,,,,,,
Shakespeare's Slave,2011-05-29,,0,0,1,0,0,1,,,,,,,,,,,,,,,,,,,,,,,,,,,,,,,,,,,,,,,,,,,,,,,,,,down,,,,,,,,,,,,,,,,,,,,,,,,,,,,,,,,,,,,,,,,,,,,,,,,,,,,,
Wax Wings,2011-06-01,,0,0,0,0,0,0,,,,,,,,,,,,,,,,,,,,,,,,,,,,,,,,,,,,,,,,,,,,,,,,,,,,,,,,,,,,,,,,,,,,,,,,,,,,,,,,,,,,,,,,,,,,,,,,,,,,,,,
Under the Cross,2011-06-03,,0,0,0,0,0,0,,,,,,,,,,,,,,,,,,,,,,,,,,,,,,,,,,,,,,,,,,,,,,,,,,,,,,,,,,,,,,,,,,,,,,,,,,,,,,,,,,,,,,,,,,,,,,,,,,,,,,,
Ajax in Iraq,2011-06-03,,0,0,0,0,0,0,,,,,,,,,,,,,,,,,,,,,,,,,,,,,,,,,,,,,,,,,,,,,,,,,,,,,,,,,,,,,,,,,,,,,,,,,,,,,,,,,,,,,,,,,,,,,,,,,,,,,,,
Lysistrata Jones (Off-Broadway),2011-06-05,,0,0,5,5,0,0,,,,,,,up,,,,,,,,,,,,,,,,,,,,up,,,,,,,,,,,,,,,,,,,,,,,up,,,,,,,,,,,,,,,,,,,,,,,,,,,,,,,,,,,,,,,,,up,,,,,,,up,,,,,
The Illusion,2011-06-05,,0,0,5,3,2,0,,,,,,up,up,,,meh,,,,,,,,,,,,,,,,,,,,,,,,,,,,,,,,,,,,,,,,up,,,,,,,,,,,,,,,,,,,,,,,,,,,,,,,,,,,,,,,,,meh,,,,,,,,,,,,
Measure for Measure (Shakespeare in the Park),2011-06-06,,0,0,0,0,0,0,,,,,,,,,,,,,,,,,,,,,,,,,,,,,,,,,,,,,,,,,,,,,,,,,,,,,,,,,,,,,,,,,,,,,,,,,,,,,,,,,,,,,,,,,,,,,,,,,,,,,,,
A Little Journey,2011-06-06,,0,0,0,0,0,0,,,,,,,,,,,,,,,,,,,,,,,,,,,,,,,,,,,,,,,,,,,,,,,,,,,,,,,,,,,,,,,,,,,,,,,,,,,,,,,,,,,,,,,,,,,,,,,,,,,,,,,
Through a Glass Darkly,2011-06-06,,0,0,5,0,4,1,,,,,,,meh,,,,,,,,,,,,,,,,,,,,,,,,,,,,,,,,,,,down,,,,,,,,meh,,,,,,,,,,,,,,,,,,,,,,,,,,,,,,,,,,,,,,,,,meh,,,,,,,meh,,,,,
Sex Lives of Our Parents,2011-06-07,,0,0,0,0,0,0,,,,,,,,,,,,,,,,,,,,,,,,,,,,,,,,,,,,,,,,,,,,,,,,,,,,,,,,,,,,,,,,,,,,,,,,,,,,,,,,,,,,,,,,,,,,,,,,,,,,,,,
The Shaggs: Philosophy of the World,2011-06-07,,0,0,5,1,2,2,,,,,,,meh,,,,,,,,,,,,,,,,,,,,,,,,,,,,,,,,up,,,,,,,,,,,down,,,,,down,,,,,,,,,,,,,,,,,,,,,,,,,,,,,,,,,,,,meh,,,,,,,,,,,,
Drawn and Quartered,2011-06-07,,0,0,0,0,0,0,,,,,,,,,,,,,,,,,,,,,,,,,,,,,,,,,,,,,,,,,,,,,,,,,,,,,,,,,,,,,,,,,,,,,,,,,,,,,,,,,,,,,,,,,,,,,,,,,,,,,,,
Theatre for One,2011-06-08,,0,0,1,1,0,0,,,,,,,,,,,,,,,,,,,,,,,,,,,,,,,,,,,,,,,,,,,,,,,,,,up,,,,,,,,,,,,,,,,,,,,,,,,,,,,,,,,,,,,,,,,,,,,,,,,,,,,,
One Arm,2011-06-09,,0,0,5,1,4,0,,,,,,,meh,,,,,,,,,,,,,,,,,,,,,,,,,,,,,,,meh,,,,,,,,,,,,meh,,,,,,,,,,,,,,,,,,,,,,,,,,,,,,,,,,,,,,,,,up,,,meh,,,,,,,,,
Zarkana,2011-06-09,,0,0,0,0,0,0,,,,,,,,,,,,,,,,,,,,,,,,,,,,,,,,,,,,,,,,,,,,,,,,,,,,,,,,,,,,,,,,,,,,,,,,,,,,,,,,,,,,,,,,,,,,,,,,,,,,,,,
All's Well That Ends Well,2011-06-11,,0,0,0,0,0,0,,,,,,,,,,,,,,,,,,,,,,,,,,,,,,,,,,,,,,,,,,,,,,,,,,,,,,,,,,,,,,,,,,,,,,,,,,,,,,,,,,,,,,,,,,,,,,,,,,,,,,,
Our Lot,2011-06-12,,0,0,1,0,1,0,,,,,,,,,,,,,,,,,,,,,,,,,,,,,,,,,,,,,,,,,,,,,,,,,,meh,,,,,,,,,,,,,,,,,,,,,,,,,,,,,,,,,,,,,,,,,,,,,,,,,,,,,
Spider-Man: Turn Off the Dark,2011-06-14,,0,0,8,1,3,4,,,down,,,,up,,,,,,,,meh,,,,,,,down,,,,,down,,,,,,,,,,,,meh,,,,,,,,,,,down,,,,,,,,,,,,,,,,,,,,,,,,,,,,,,,,,,,,,,,,,,,,,,,,,,,,,meh
The Play About My Dad,2011-06-16,,0,0,0,0,0,0,,,,,,,,,,,,,,,,,,,,,,,,,,,,,,,,,,,,,,,,,,,,,,,,,,,,,,,,,,,,,,,,,,,,,,,,,,,,,,,,,,,,,,,,,,,,,,,,,,,,,,,
Side Effects,2011-06-19,,0,0,5,2,2,1,,,down,,,up,up,,,,,,,,,,,,,,,,,,,,,,,,,,,,,,,,,,,,,,,,,,,meh,,,,,,,,,,,,,,,,,,,,,,,,,,,,,,,,,,,,,,,,,meh,,,,,,,,,,,,
4000 Miles (2011),2011-06-20,,0,0,5,2,1,2,,,,,,,meh,,,,,,,,,,,,,,,,,,,,,,,,,,,,,,,,up,,,,,,,,,,,up,,,,,,,,,,,,,,,,,,,,,,,,,,,,,,,,,,,,,,,,,down,,,,,,,down,,,,,
Berenstain Bears LIVE!,2011-06-25,,0,0,0,0,0,0,,,,,,,,,,,,,,,,,,,,,,,,,,,,,,,,,,,,,,,,,,,,,,,,,,,,,,,,,,,,,,,,,,,,,,,,,,,,,,,,,,,,,,,,,,,,,,,,,,,,,,,
The Rap Guide to Evolution,2011-06-26,,0,0,4,2,2,0,,,,,,,meh,,,,,,,,,,,,,,,,,,,,,,,,,,,,,,,,,,,meh,,,,,,,,up,,,,,,,,,,,,,,,,,,,,,,,,,,,,,,,,,,,,,,,,,up,,,,,,,,,,,,
The Magdalene,2011-06-28,,0,0,0,0,0,0,,,,,,,,,,,,,,,,,,,,,,,,,,,,,,,,,,,,,,,,,,,,,,,,,,,,,,,,,,,,,,,,,,,,,,,,,,,,,,,,,,,,,,,,,,,,,,,,,,,,,,,
Manipulation,2011-06-28,,0,0,0,0,0,0,,,,,,,,,,,,,,,,,,,,,,,,,,,,,,,,,,,,,,,,,,,,,,,,,,,,,,,,,,,,,,,,,,,,,,,,,,,,,,,,,,,,,,,,,,,,,,,,,,,,,,,
The Greenwich Village Follies,2011-06-28,,0,0,0,0,0,0,,,,,,,,,,,,,,,,,,,,,,,,,,,,,,,,,,,,,,,,,,,,,,,,,,,,,,,,,,,,,,,,,,,,,,,,,,,,,,,,,,,,,,,,,,,,,,,,,,,,,,,
Three Hotels,2011-06-29,,0,0,0,0,0,0,,,,,,,,,,,,,,,,,,,,,,,,,,,,,,,,,,,,,,,,,,,,,,,,,,,,,,,,,,,,,,,,,,,,,,,,,,,,,,,,,,,,,,,,,,,,,,,,,,,,,,,
MoLoRa,2011-06-30,,0,0,0,0,0,0,,,,,,,,,,,,,,,,,,,,,,,,,,,,,,,,,,,,,,,,,,,,,,,,,,,,,,,,,,,,,,,,,,,,,,,,,,,,,,,,,,,,,,,,,,,,,,,,,,,,,,,
Victory - Choices in Reaction,2011-07-05,,0,0,0,0,0,0,,,,,,,,,,,,,,,,,,,,,,,,,,,,,,,,,,,,,,,,,,,,,,,,,,,,,,,,,,,,,,,,,,,,,,,,,,,,,,,,,,,,,,,,,,,,,,,,,,,,,,,
Julius by Design,2011-07-05,,0,0,0,0,0,0,,,,,,,,,,,,,,,,,,,,,,,,,,,,,,,,,,,,,,,,,,,,,,,,,,,,,,,,,,,,,,,,,,,,,,,,,,,,,,,,,,,,,,,,,,,,,,,,,,,,,,,
The Accidental Pervert,2011-07-05,,0,0,0,0,0,0,,,,,,,,,,,,,,,,,,,,,,,,,,,,,,,,,,,,,,,,,,,,,,,,,,,,,,,,,,,,,,,,,,,,,,,,,,,,,,,,,,,,,,,,,,,,,,,,,,,,,,,
The Judy Show: My Life as a Sitcom,2011-07-06,,0,0,1,1,0,0,,,,,,,,,,,,,,,,,,,,,,,,,,,,,,,,,,,,,,,,,,,,,,,,,,up,,,,,,,,,,,,,,,,,,,,,,,,,,,,,,,,,,,,,,,,,,,,,,,,,,,,,
As You Like It (2011),2011-07-07,,0,0,1,1,0,0,,,,,,,,,,,,,,,,,,,,,,,,,,,,,,,,,,,,,,,,,,,,,,,,,,up,,,,,,,,,,,,,,,,,,,,,,,,,,,,,,,,,,,,,,,,,,,,,,,,,,,,,
Master Class,2011-07-07,,0,0,7,4,1,2,,,up,,,,up,,,,,,,,,,,,,,,,,,,,,,,,,,,,,,,,,,,,,,,,,,,up,,,,,,,,,,,,,,,,,,,,,,,,,,,down,,,,,,,,,,,,,,,,,down,,,,,,,meh,,up
Tryst,2011-07-07,,0,0,0,0,0,0,,,,,,,,,,,,,,,,,,,,,,,,,,,,,,,,,,,,,,,,,,,,,,,,,,,,,,,,,,,,,,,,,,,,,,,,,,,,,,,,,,,,,,,,,,,,,,,,,,,,,,,
Romeo and Juliet,2011-07-11,,0,0,1,0,1,0,,,,,,,,,,,,,,,,,,,,,,,,,,,,,,,,,,,,,,,,,,,,,,,,,,meh,,,,,,,,,,,,,,,,,,,,,,,,,,,,,,,,,,,,,,,,,,,,,,,,,,,,,
Voca People,2011-07-12,,0,0,5,3,2,0,,,,,,,meh,,,,,,up,,,,,,,,,,,,,,,,,,,,,,,,,,,,,,,,,,,,,meh,,,,,,,,,,,,,,,,,,,,,,,,,,,,,,,,,,,,,,,,,up,,,up,,,,,,,,,
Hair: Summer of Love 2011,2011-07-13,,0,0,5,2,3,0,,,meh,,,,,,,,,,,,,,,,,,,,,,,,,,,,,,,,,,,,meh,,,,,,,,,,,up,,,,,,,,meh,,,,,,,,,,,,,,,,,,,,,,,,,,,,,,,,,up,,,,,,,,,,,,
Salome,2011-07-13,,0,0,1,0,0,1,,,,,,,,,,,,,,,,,,,,,,,,,,,,,,,,,,,,,,,,,,,,,,,,,,down,,,,,,,,,,,,,,,,,,,,,,,,,,,,,,,,,,,,,,,,,,,,,,,,,,,,,
The Patsy,2011-07-15,,0,0,0,0,0,0,,,,,,,,,,,,,,,,,,,,,,,,,,,,,,,,,,,,,,,,,,,,,,,,,,,,,,,,,,,,,,,,,,,,,,,,,,,,,,,,,,,,,,,,,,,,,,,,,,,,,,,
King Lear 2011,2011-07-16,,0,0,1,0,1,0,,,,,,,,,,,,,,,,,,,,,,,,,,,,,,,,,,,,,,,,,,,,,,,,,,meh,,,,,,,,,,,,,,,,,,,,,,,,,,,,,,,,,,,,,,,,,,,,,,,,,,,,,
The Yellow Brick Road,2011-07-19,,0,0,0,0,0,0,,,,,,,,,,,,,,,,,,,,,,,,,,,,,,,,,,,,,,,,,,,,,,,,,,,,,,,,,,,,,,,,,,,,,,,,,,,,,,,,,,,,,,,,,,,,,,,,,,,,,,,
A Strange and Separate People,2011-07-19,,0,0,5,0,3,2,,,,,,,down,,,,,,,,,,,,,,,,,,,,,,,,,,,,,,,,,,,,,,,,,,,meh,,,,,,,,down,,,,,,,,,,,,meh,,,,,,,,,,,,,,,,,,,,,meh,,,,,,,,,,,,
The Parting Glass,2011-07-20,,0,0,0,0,0,0,,,,,,,,,,,,,,,,,,,,,,,,,,,,,,,,,,,,,,,,,,,,,,,,,,,,,,,,,,,,,,,,,,,,,,,,,,,,,,,,,,,,,,,,,,,,,,,,,,,,,,,
Death Takes a Holiday,2011-07-21,,0,0,5,2,2,1,,,up,,,,down,,,,,,,,,,,,,,,,,,,,,,,,,,,,,,,,,,,,,,,,,,,meh,,,,,,up,,,,,,,,,,,,,,,,,,,,,,,,,,,,,,,,,,,meh,,,,,,,,,,,,
The Winter's Tale,2011-07-22,,0,0,4,0,3,1,,,meh,,,,,,,,,,,,,,,,,,,,,,,,,,,,,,,,,,,,,,,,,,,,,,,meh,,,,,,,,,,,,,,,,,,,,,,,,,,,down,,,,,,,,,,,,,,meh,,,,,,,,,,,,
The Shoemaker,2011-07-24,,0,0,1,0,1,0,,,,,,,,,,,,,,,,,,,,,,,,,,,,,,,,,,,,,,,,,,,,,,,,,,meh,,,,,,,,,,,,,,,,,,,,,,,,,,,,,,,,,,,,,,,,,,,,,,,,,,,,,
The Silver Tassie,2011-07-25,,0,0,1,0,1,0,,,,,,,,,,,,,,,,,,,,,,,,,,,,,,,,,,,,,,,,,,,,,,,,,,meh,,,,,,,,,,,,,,,,,,,,,,,,,,,,,,,,,,,,,,,,,,,,,,,,,,,,,
All New People,2011-07-25,,0,0,5,1,2,2,,,down,,,,,,,,,,,,,,,,,,,,,,,,meh,,,,,,,,,,,,up,,,,,,,,,,,down,,,,,,,,,,,,,,,,,,,,,,,,,,,,,,,,,,,,,,,,,meh,,,,,,,,,,,,
Million Dollar Quartet,2011-07-28,,0,0,0,0,0,0,,,,,,,,,,,,,,,,,,,,,,,,,,,,,,,,,,,,,,,,,,,,,,,,,,,,,,,,,,,,,,,,,,,,,,,,,,,,,,,,,,,,,,,,,,,,,,,,,,,,,,,
It Ain't Nothin' But the Blues,2011-07-28,,0,0,0,0,0,0,,,,,,,,,,,,,,,,,,,,,,,,,,,,,,,,,,,,,,,,,,,,,,,,,,,,,,,,,,,,,,,,,,,,,,,,,,,,,,,,,,,,,,,,,,,,,,,,,,,,,,,
Julius Caesar (Park Avenue Armory),2011-07-29,,0,0,1,0,1,0,,,,,,,,,,,,,,,,,,,,,,,,,,,,,,,,,,,,,,,,,,,,,,,,,,meh,,,,,,,,,,,,,,,,,,,,,,,,,,,,,,,,,,,,,,,,,,,,,,,,,,,,,
The Talls,2011-08-01,,0,0,0,0,0,0,,,,,,,,,,,,,,,,,,,,,,,,,,,,,,,,,,,,,,,,,,,,,,,,,,,,,,,,,,,,,,,,,,,,,,,,,,,,,,,,,,,,,,,,,,,,,,,,,,,,,,,
The Pretty Trap,2011-08-02,,0,0,1,0,1,0,,,,,,,,,,,,,,,,,,,,,,,,,,,,,,,,,,,,,,,,,,,,,,,,,,meh,,,,,,,,,,,,,,,,,,,,,,,,,,,,,,,,,,,,,,,,,,,,,,,,,,,,,
Uncle Vanya (2011),2011-08-04,,0,0,1,1,0,0,,,,,,,,,,,,,,,,,,,,,,,,,,,,,,,,,,,,,,,,,,,,,,,,,,up,,,,,,,,,,,,,,,,,,,,,,,,,,,,,,,,,,,,,,,,,,,,,,,,,,,,,
Henry V,2011-08-05,,0,0,0,0,0,0,,,,,,,,,,,,,,,,,,,,,,,,,,,,,,,,,,,,,,,,,,,,,,,,,,,,,,,,,,,,,,,,,,,,,,,,,,,,,,,,,,,,,,,,,,,,,,,,,,,,,,,
Traces,2011-08-08,,0,0,5,2,3,0,,,,,,,,,,,,,,,,,,,,,,,,,,,,,,,,,,,,,,,,,,meh,,,,,,,,up,,,,,,,,,,,,,,,,meh,,,,up,,,,,,,,,,,,,,,,,,,,,meh,,,,,,,,,,,,
Olive and the Bitter Herbs,2011-08-09,,0,0,0,0,0,0,,,,,,,,,,,,,,,,,,,,,,,,,,,,,,,,,,,,,,,,,,,,,,,,,,,,,,,,,,,,,,,,,,,,,,,,,,,,,,,,,,,,,,,,,,,,,,,,,,,,,,,
HotelMotel,2011-08-10,,0,0,1,0,0,1,,,,,,,,,,,,,,,,,,,,,,,,,,,,,,,,,,,,,,,,,,,,,,,,,,down,,,,,,,,,,,,,,,,,,,,,,,,,,,,,,,,,,,,,,,,,,,,,,,,,,,,,
Ten Cents a Dance,2011-08-11,,0,0,0,0,0,0,,,,,,,,,,,,,,,,,,,,,,,,,,,,,,,,,,,,,,,,,,,,,,,,,,,,,,,,,,,,,,,,,,,,,,,,,,,,,,,,,,,,,,,,,,,,,,,,,,,,,,,
Rent,2011-08-11,,0,0,7,3,2,2,,,up,,,,up,,,,,meh,,,,,,,,,,,,,,,,,,,,,,,,,,,,,,,,,,,,,,down,,,,,,,,,,,,,,,,,,,,,,,,,,,,,,,,,,,,,,,,,,,,down,,,,up,,,meh,,
The Wood,2011-08-15,,0,0,0,0,0,0,,,,,,,,,,,,,,,,,,,,,,,,,,,,,,,,,,,,,,,,,,,,,,,,,,,,,,,,,,,,,,,,,,,,,,,,,,,,,,,,,,,,,,,,,,,,,,,,,,,,,,,
The Gershwins' Porgy and Bess (Massachusetts),2011-08-17,,0,0,0,0,0,0,,,,,,,,,,,,,,,,,,,,,,,,,,,,,,,,,,,,,,,,,,,,,,,,,,,,,,,,,,,,,,,,,,,,,,,,,,,,,,,,,,,,,,,,,,,,,,,,,,,,,,,
Bluebird,2011-08-22,,0,0,5,2,3,0,,,,,,,up,,,,,,,,,,,,,,,,,,,,,,,,,,,,,,,,meh,,,,,,,,,,,meh,,,,,,,,,,,,,,,,,,,,meh,,,,,,,,,,,,,,,,,,,,,up,,,,,,,,,,,,
Temporal Powers,2011-08-29,,0,0,1,1,0,0,,,,,,,,,,,,,,,,,,,,,,,,,,,,,,,,,,,,,,,,,,,,,,,,,,up,,,,,,,,,,,,,,,,,,,,,,,,,,,,,,,,,,,,,,,,,,,,,,,,,,,,,
The Lapsburgh Layover,2011-08-31,,0,0,0,0,0,0,,,,,,,,,,,,,,,,,,,,,,,,,,,,,,,,,,,,,,,,,,,,,,,,,,,,,,,,,,,,,,,,,,,,,,,,,,,,,,,,,,,,,,,,,,,,,,,,,,,,,,,
Sweet and Sad,2011-09-06,,0,0,0,0,0,0,,,,,,,,,,,,,,,,,,,,,,,,,,,,,,,,,,,,,,,,,,,,,,,,,,,,,,,,,,,,,,,,,,,,,,,,,,,,,,,,,,,,,,,,,,,,,,,,,,,,,,,
The Select (The Sun Also Rises),2011-09-11,,0,0,1,1,0,0,,,,,,,,,,,,,,,,,,,,,,,,,,,,,,,,,,,,,,,,,,,,,,,,,,up,,,,,,,,,,,,,,,,,,,,,,,,,,,,,,,,,,,,,,,,,,,,,,,,,,,,,
Follies,2011-09-12,,0,0,5,4,1,0,,,,,,up,meh,,,,,up,,,,,,,,,,,,,,,up,,,,,,,,,,,,,,,,,,,,,,,up,,,,,,,,,,,,,,,,,,,,,,,,,,,,,,,,,,,,,,,,,,,,,,,,,,,,,
Invasion!,2011-09-13,,0,0,0,0,0,0,,,,,,,,,,,,,,,,,,,,,,,,,,,,,,,,,,,,,,,,,,,,,,,,,,,,,,,,,,,,,,,,,,,,,,,,,,,,,,,,,,,,,,,,,,,,,,,,,,,,,,,
Completeness,2011-09-13,,0,0,1,0,1,0,,,,,,,,,,,,,,,,,,,,,,,,,,,,,,,,,,,,,,,,,,,,,,,,,,meh,,,,,,,,,,,,,,,,,,,,,,,,,,,,,,,,,,,,,,,,,,,,,,,,,,,,,
Lucia's Chapters of Coming Forth by Day,2011-09-14,,0,0,0,0,0,0,,,,,,,,,,,,,,,,,,,,,,,,,,,,,,,,,,,,,,,,,,,,,,,,,,,,,,,,,,,,,,,,,,,,,,,,,,,,,,,,,,,,,,,,,,,,,,,,,,,,,,,
Play it Cool,2011-09-14,,0,0,3,2,1,0,,,,,,,up,,,,,,,,,,,,,,,,,,,,,,,,,,,,,,,,,,,,,,,,,,,,,,,,,,,,,,,,,,,,,,,,,,,,,,,,,,,,,,,,,,,,meh,,,,,,,up,,,,,
Arias With a Twist 2011,2011-09-14,,0,0,0,0,0,0,,,,,,,,,,,,,,,,,,,,,,,,,,,,,,,,,,,,,,,,,,,,,,,,,,,,,,,,,,,,,,,,,,,,,,,,,,,,,,,,,,,,,,,,,,,,,,,,,,,,,,,
Dublin by Lamplight,2011-09-14,,0,0,0,0,0,0,,,,,,,,,,,,,,,,,,,,,,,,,,,,,,,,,,,,,,,,,,,,,,,,,,,,,,,,,,,,,,,,,,,,,,,,,,,,,,,,,,,,,,,,,,,,,,,,,,,,,,,
Newsies at Paper Mill,2011-09-15,,0,0,0,0,0,0,,,,,,,,,,,,,,,,,,,,,,,,,,,,,,,,,,,,,,,,,,,,,,,,,,,,,,,,,,,,,,,,,,,,,,,,,,,,,,,,,,,,,,,,,,,,,,,,,,,,,,,
Crane Story,2011-09-15,,0,0,0,0,0,0,,,,,,,,,,,,,,,,,,,,,,,,,,,,,,,,,,,,,,,,,,,,,,,,,,,,,,,,,,,,,,,,,,,,,,,,,,,,,,,,,,,,,,,,,,,,,,,,,,,,,,,
Seed,2011-09-16,,0,0,0,0,0,0,,,,,,,,,,,,,,,,,,,,,,,,,,,,,,,,,,,,,,,,,,,,,,,,,,,,,,,,,,,,,,,,,,,,,,,,,,,,,,,,,,,,,,,,,,,,,,,,,,,,,,,
After.,2011-09-21,,0,0,1,0,1,0,,,,,,,,,,,,,,,,,,,,,,,,,,,,,,,,,,,,,,,,,,,,,,,,,,meh,,,,,,,,,,,,,,,,,,,,,,,,,,,,,,,,,,,,,,,,,,,,,,,,,,,,,
The Love Letter You've Been meaning to Write New York,2011-09-21,,0,0,0,0,0,0,,,,,,,,,,,,,,,,,,,,,,,,,,,,,,,,,,,,,,,,,,,,,,,,,,,,,,,,,,,,,,,,,,,,,,,,,,,,,,,,,,,,,,,,,,,,,,,,,,,,,,,
From Rags to Riches,2011-09-23,,0,0,1,1,0,0,,,,,,,,,,,,,,,,,,,,,,,,,,,,,,,,,,,,,,,,,,,,,,,,,,up,,,,,,,,,,,,,,,,,,,,,,,,,,,,,,,,,,,,,,,,,,,,,,,,,,,,,
Lemon Sky,2011-09-27,,0,0,5,2,3,0,,,,,,,,,,meh,,,,,,,,,,,,,,,,,,,,,,,,,,,,,,,,meh,,,,,,,,up,,,,,,,,,,,,,,,,,,,,,,,,,,,,,,,,,,,,,,,,,up,,,meh,,,,,,,,,
The Submission,2011-09-27,,0,0,6,2,3,1,,,,,,,up,,,,,,,,,,,,,,,,,,,,,,,,,,,,,,,,meh,down,,,,,,,,,,meh,,,,,,,,,,,,,,,,,,,,,,,,,,,,,,,,,,,,,,,,,up,,,,,,,meh,,,,,
Lidless,2011-09-28,,0,0,0,0,0,0,,,,,,,,,,,,,,,,,,,,,,,,,,,,,,,,,,,,,,,,,,,,,,,,,,,,,,,,,,,,,,,,,,,,,,,,,,,,,,,,,,,,,,,,,,,,,,,,,,,,,,,
The Little Prince,2011-10-01,,0,0,0,0,0,0,,,,,,,,,,,,,,,,,,,,,,,,,,,,,,,,,,,,,,,,,,,,,,,,,,,,,,,,,,,,,,,,,,,,,,,,,,,,,,,,,,,,,,,,,,,,,,,,,,,,,,,
Dreams of Flying Dreams of Falling,2011-10-03,,0,0,5,3,1,1,,,,,,,up,,,,,,,,,,,,,,,,,,,,,,,,,,,,,,,,,,,up,,,,,,,,down,,,,,,,,,,,,,,,,,,,,,,,,,,,,,,,,,,,,,,,,,up,,,,,,,meh,,,,,
Motherhood Out Loud,2011-10-04,,0,0,5,1,3,1,,,,,,,up,,,,,,,,,,,,,,,,,,,,,,,,,,,,,,,,meh,,,,,,,,,,,down,,,,,,meh,,,,,,,,,,,,,,,,,,,,,,,,,,,,,,,,,,,meh,,,,,,,,,,,,
The Threepenny Opera 2011,2011-10-04,,0,0,1,1,0,0,,,,,,,,,,,,,,,,,,,,,,,,,,,,,,,,,,,,,,,,,,,,,,,,,,up,,,,,,,,,,,,,,,,,,,,,,,,,,,,,,,,,,,,,,,,,,,,,,,,,,,,,
Man and Boy,2011-10-09,,0,0,5,2,3,0,,,,,,meh,meh,,,,,,,,,,,,,,,,,,,,,,,,,,,,,,,,,,,,,,,,,,,meh,,,up,,,,,,,,,,,,,,,,,,,,,,,,,,,,,,,,,,,,,,up,,,,,,,,,,,,
The Lyons Off-Broadway,2011-10-11,,0,0,5,2,3,0,,,,,,,up,,,,,,,,,,,,,,,,,,,,,,,,,,,,,,,,meh,,,,,,,,,,,meh,,,,,,,,,,,,,,,,,,,,,,,,,,,,,,,,,,,,,,,,,up,,,meh,,,,,,,,,
The Agony and the Ecstasy of Steve Jobs,2011-10-11,,0,0,0,0,0,0,,,,,,,,,,,,,,,,,,,,,,,,,,,,,,,,,,,,,,,,,,,,,,,,,,,,,,,,,,,,,,,,,,,,,,,,,,,,,,,,,,,,,,,,,,,,,,,,,,,,,,,
We Live Here,2011-10-12,,0,0,5,2,1,2,,,,,,,,,,,,,,,,,,,,,,up,,,,,,,,,,,,,,,,,,,,,,,,,,,,meh,,,,,,,,,,,,,,,,,,,,down,,,,,,,,,,,,,,,,,,,,,up,,,,,,,down,,,,,
The Mountaintop,2011-10-13,,0,0,5,2,0,3,,,down,,,up,down,,,,,,,,,,,,,,,,,,,,,,,,,,,,,,,,,,,,,,,,,,,down,,,up,,,,,,,,,,,,,,,,,,,,,,,,,,,,,,,,,,,,,,,,,,,,,,,,,,
Relatively Speaking,2011-10-20,,0,0,5,0,4,1,,,down,,,,meh,,,,,,,,,,,,,,,,,,,,,,,,,,,,,,,,,,,,,,,,,,,meh,,,,,,,,,,,,,,,,,,,,,,,,,,,,,,,,,,,,,,,,,meh,,,,,meh,,,,,,,
Sons of the Prophet,2011-10-20,,0,0,5,5,0,0,,,,,,,up,,,,,,,,,,,,,,,,,,,,,,,,,,,,,,,,up,,,,,,,,,,,up,,,,,,,,,,,,,,,,,,,,,,,,,,,,,,,,,,,,,,,,,up,,,,,,,up,,,,,
Cries and Whispers,2011-10-26,,0,0,5,2,1,2,,,,,,,up,,,,,,,,,,,,,,,,,,,,,,,,,,,,,,,,,down,,down,,,,,,,,meh,,,,,,,,,,,,,,,,,,,,,,,,,,,,,,,,,,,,,,,,,up,,,,,,,,,,,,
Chinglish,2011-10-27,,0,0,5,4,1,0,,,up,,,up,up,,,,,,,,,,,,,,,,,,,,,,,,,,,,,,,,,,,,,,,,,,,meh,,,,,,,,,,,,,,,,,,,,,,,,,,,,,,,,,,,,,,,,,up,,,,,,,,,,,,
Asuncion,2011-10-27,,0,0,5,0,5,0,,,,,,,,,,,,,,,,,,,,,,,,,,,meh,,,,,,,,,,,,,,,,,,,,,,,meh,,,,,,,,meh,,,,,,,,,,,,,,,,,,,,,,,,,,,,,,,,,,,,meh,,,,meh,,,,,
Dancing at Lughnasa,2011-10-30,,0,0,1,1,0,0,,,,,,,,,,,,,,,,,,,,,,,,,,,,,,,,,,,,,,,,,,,,,,,,,,up,,,,,,,,,,,,,,,,,,,,,,,,,,,,,,,,,,,,,,,,,,,,,,,,,,,,,
The Atmosphere of Memory,2011-10-30,,0,0,5,1,2,2,,,,,,,down,,,,,,,,,,,,,,,,,,,,,,,,,,,,,,,,,,,up,,,,,,,,down,,,,,,,,,,,,,,,,,,,,meh,,,,,,,,,,,,,,,,,,,,,meh,,,,,,,,,,,,
Love's Labor's Lost,2011-10-31,,0,0,5,2,3,0,,,,,,,up,,,,,,,,,,,,,,,,,,,,,,,,,,,,,,,,,,,meh,,,,,,,,up,,,,,,,,,,,,,,,,,,,,meh,,,,,,,,,,,,,,,,,,,,,meh,,,,,,,,,,,,
Bring It On Tour,2011-10-31,,0,0,0,0,0,0,,,,,,,,,,,,,,,,,,,,,,,,,,,,,,,,,,,,,,,,,,,,,,,,,,,,,,,,,,,,,,,,,,,,,,,,,,,,,,,,,,,,,,,,,,,,,,,,,,,,,,,
Milk Like Sugar,2011-11-01,,0,0,5,4,1,0,,,,,,,up,,,,,,,,,,,,,,,,,,,,,,,,,,,,,,,up,,,,,,,,,,,,meh,,,,,,,,,,,,,,,,,,,,,,,,,,,,,,,,,,,,,,,,,up,,,,,,,up,,,,,
"Suicide, Incorporated",2011-11-02,,0,0,5,3,2,0,,,,,,,up,,,,,,,,,,,,,,,,,,,,,up,,,,,,,,,,,,,,,,,,,,,,meh,,,,,,,,,,,,,,,,,,,,,,,,,,,,,,,,,,,,,,,,,meh,,,,,,,up,,,,,
Other Desert Cities,2011-11-03,,0,0,5,5,0,0,,,up,,,,up,,,,,,,,,,,,,,,,,,,,,,,,,,,,,,,,,,,,,,,,,,,up,,,,,,,,,,,,,,,,,,,,,,,,,,,,,,,,,,,,,,,,,up,,,,,,,,,,up,,
Queen of the Mist,2011-11-06,,0,0,5,2,3,0,,,,,,up,,,,,,,,,,,,,,,,,,,,,,,,,,,,,,,,,,,,meh,,,,,,,,meh,,,,,,,,,,,,,,,,,,,,,,,,,,,,,,,,,,,,,,,,,meh,,,,,,,up,,,,,
Godspell,2011-11-07,,0,0,6,4,2,0,,,,,,up,,,,,,,,,,,,,,,,,,,,,,,,,,,,,,,,,,meh,,,,,,,,,,meh,,,,,,up,,,,,,,,,,,,,,up,,,,,,,,,,,,,,,,,,,,,,,,,,up,,,,,,,
Freckleface The Musical,2011-11-08,,0,0,0,0,0,0,,,,,,,,,,,,,,,,,,,,,,,,,,,,,,,,,,,,,,,,,,,,,,,,,,,,,,,,,,,,,,,,,,,,,,,,,,,,,,,,,,,,,,,,,,,,,,,,,,,,,,,
The Blue Flower,2011-11-09,,0,0,5,2,1,2,,,,,,,up,,,,,,,,,,,,,,,,,,,,,,,,,,,,,,,,,,,down,,,,,,,,down,,,,,,,,,,,,,,,,,,,,meh,,,,,,,,,,,,,,,,,,,,,,,,,,,,up,,,,,
Hugh Jackman Back on Broadway,2011-11-10,,0,0,5,5,0,0,,,,,,up,,,,,,,,,,,,,,,,,,,,,,,,,,,,,,,,,,up,,up,,,,,,,,up,,,,,,,,,,,,,,,,,,,,,,,,,,,,,,,,,,,,,,,,,,,,,,up,,,,,,,
Standing on Ceremony: The Gay Marriage Plays,2011-11-13,,0,0,5,5,0,0,,,,,,up,up,,,,,,,,,,,,,,,,,,,,,,,,,,,,,,,,,,,,,,,,,,,up,,,,,,,,,,,,,,,,,,,,,,,,,,,up,,,,,,,,,,,,,,up,,,,,,,,,,,,
Happy Hour,2011-11-16,,0,0,0,0,0,0,,,,,,,,,,,,,,,,,,,,,,,,,,,,,,,,,,,,,,,,,,,,,,,,,,,,,,,,,,,,,,,,,,,,,,,,,,,,,,,,,,,,,,,,,,,,,,,,,,,,,,,
Private Lives,2011-11-17,,0,0,5,2,1,2,,,down,,,,down,,,,,,,,,,,,,,,up,,,,,,,,,,,,,,,,,,,,,,,,,,,,up,,,,,,,,,,,,,,,,,,,,,,,,,,,,,,,,,,,,,,,,,,,,,,,,,,,meh,,
Wild Animals You Should Know,2011-11-20,,0,0,5,1,4,0,,,,,,,,,,meh,,,,,,,,,,,,meh,,,,,,,,,,,,,,,,,meh,,,,,,,,,,,meh,,,,,,,,,,,,,,,,,,,,,,,,,,,,,,,,,,,,,,,,,up,,,,,,,,,,,,
Seminar,2011-11-20,,0,0,5,4,1,0,,,,,,up,,,,,,,,,,,,,,,,,,,,,up,,,,,,,,,,,,,,,,,,,,,,,meh,,,,,,,,,,,,,,,,,,,,,,,,,,,,,,,,,,,,,,,,,,,,,,up,,up,,,,,
Blood and Gifts,2011-11-21,,0,0,5,5,0,0,,,,,,up,up,,,,,,,,,,,,,,,,,,,,,,,,,,,,,,,,,,,,,,,,,,,up,,,,,,,,,,,,,,,,,,,,up,,,,,,,,,,,,,,,,,,,,,,,,up,,,,,,,,,
An Evening with Patti LuPone and Mandy Patinkin,2011-11-21,,0,0,5,3,2,0,up,,,,,up,,,,,,,,,,,,,,,,,,,,,meh,,,,,,,,,,,,,,,,,,,,,,,up,,,,,,,,,,,,,,,,,,,,,,,,,,,,,,,,,,,,,,,,,,,,,,,,meh,,,,,
Titus Andronicus at Public Lab,2011-11-29,,0,0,0,0,0,0,,,,,,,,,,,,,,,,,,,,,,,,,,,,,,,,,,,,,,,,,,,,,,,,,,,,,,,,,,,,,,,,,,,,,,,,,,,,,,,,,,,,,,,,,,,,,,,,,,,,,,,
Misterman,2011-11-30,,0,0,0,0,0,0,,,,,,,,,,,,,,,,,,,,,,,,,,,,,,,,,,,,,,,,,,,,,,,,,,,,,,,,,,,,,,,,,,,,,,,,,,,,,,,,,,,,,,,,,,,,,,,,,,,,,,,
Neighbourhood Watch,2011-11-30,,0,0,0,0,0,0,,,,,,,,,,,,,,,,,,,,,,,,,,,,,,,,,,,,,,,,,,,,,,,,,,,,,,,,,,,,,,,,,,,,,,,,,,,,,,,,,,,,,,,,,,,,,,,,,,,,,,,
Bonnie & Clyde,2011-12-01,,0,0,5,0,2,3,,,,,,,,,,,,,,,,,,,,,,,,,,,down,,,,,,,,,,,,,,,,,,,,,,,down,,,meh,,,,,,,,,,,,,,,,,,,,,,,,,,,,,,,,,,,,,,,,,,,,,meh,,,down,,
The Cherry Orchard at CSC,2011-12-04,,0,0,5,3,2,0,,,,,,,,,,,,,,,,,,,,,,meh,,,,,,,,,,,,,,,,meh,up,,,up,,,,,,,,up,,,,,,,,,,,,,,,,,,,,,,,,,,,,,,,,,,,,,,,,,,,,,,,,,,,,,
Once at NYTW,2011-12-06,,0,0,5,3,2,0,,,,,,,,,,,,,,,,,,,,,,,,,,,up,up,,,,,,,,,,,,,,,,,,,,,,meh,,,,,meh,,,,,,,,,,,,,,,,,,,,,,,,,,,,,,,,,,,,,,,,,,,up,,,,,
Maple and Vine,2011-12-07,,0,0,5,2,3,0,,,,,,,up,,,,,,,,,,,,,,,,,,,,,,,,,,,,,,,,meh,,,,,,,,,,,meh,,,,,,,,meh,,,,,,,,,,,,,,,,,,,,,,,,,,,,,,,,,up,,,,,,,,,,,,
Stick Fly,2011-12-08,,0,0,6,0,3,3,,,down,,,,meh,,,,,,,,,,,,,,,,,,,,down,,,,,,,,,,,,,,,,,,,,,,,down,,,meh,,,,,,,,,,,,,,,,,,,,,,,,,,,,,,,,,,,,,,meh,,,,,,,,,,,,
On A Clear Day You Can See Forever,2011-12-11,,0,0,5,1,2,2,,,,,,meh,,,,,,,,,,,,,,,,,,,,,meh,,,,,,,,,,,,,,,,,,,,,,,down,,,up,,,,,,,,,,,,,,,,,,,,,,,,,,,,,,,,,,,,,,,,,,,,,down,,,,,
Lysistrata Jones,2011-12-14,,0,0,7,3,3,1,,,,,,meh,up,,,,,,,,down,,,,,,,meh,,,,,meh,,,,,,,,,,,,,,,,,,,,,,,up,,,,,,,,,,,,,,,,,,,,,,,,,,,,,,,,,,,,,,,,,,,,,,,,up,,,,,
Kissing Sid James,2011-12-18,,0,0,1,0,1,0,,,,,,,,,,,,,,,,,,,,,,,,,,,,,,,,,,,,,,,,,,,,,,,,,,meh,,,,,,,,,,,,,,,,,,,,,,,,,,,,,,,,,,,,,,,,,,,,,,,,,,,,,
Close Up Space,2011-12-19,,0,0,5,0,3,2,,,,,,meh,meh,,,,,,,,,,,,,,,,,,,,down,,,,,,,,,,,,,,,,,,,,,,,down,,,,,,,,,,,,,,,,,,,,,,,,,,,,,,,,,,,,,,,,,,,,,,,,meh,,,,,
The History of the World,2011-12-31,,0,0,0,0,0,0,,,,,,,,,,,,,,,,,,,,,,,,,,,,,,,,,,,,,,,,,,,,,,,,,,,,,,,,,,,,,,,,,,,,,,,,,,,,,,,,,,,,,,,,,,,,,,,,,,,,,,,
Goodbar,2012-01-04,,0,0,1,0,1,0,,,,,,,,,,,,,,,,,,,,,,,,,,,,,,,,,,,,,,,,,,,,,,,,,,meh,,,,,,,,,,,,,,,,,,,,,,,,,,,,,,,,,,,,,,,,,,,,,,,,,,,,,
Alexis. A Greek Tragedy,2012-01-04,,0,0,1,1,0,0,,,,,,,,,,,,,,,,,,,,,,,,,,,,,,,,,,,,,,,,,,,,,,,,,,up,,,,,,,,,,,,,,,,,,,,,,,,,,,,,,,,,,,,,,,,,,,,,,,,,,,,,
Bridesburg,2012-01-09,,0,0,4,1,0,3,,,,,,,down,,,,,,,,,,down,,,,,,,,,,,,,,,,,,,,,,,,,,,,,,,,,,,,,,,,,down,,,,,,,,,,,,,,,,,,,,,,,,,,,,,,,,,up,,,,,,,,,,,,
Richard III (2012),2012-01-10,,0,0,0,0,0,0,,,,,,,,,,,,,,,,,,,,,,,,,,,,,,,,,,,,,,,,,,,,,,,,,,,,,,,,,,,,,,,,,,,,,,,,,,,,,,,,,,,,,,,,,,,,,,,,,,,,,,,
The Gershwins' Porgy and Bess,2012-01-12,,0,0,5,2,3,0,,,,,,up,,,,,,,,,,,,,,,,meh,,,,,up,,,,,,,,,,,,,,,,,,,,,,,meh,,,,,,,,,,,,,,,,,,,,,,,,,,,,,,,,,,,,,,,,,,,,,,,,meh,,,,,
The Fall to Earth,2012-01-13,,0,0,0,0,0,0,,,,,,,,,,,,,,,,,,,,,,,,,,,,,,,,,,,,,,,,,,,,,,,,,,,,,,,,,,,,,,,,,,,,,,,,,,,,,,,,,,,,,,,,,,,,,,,,,,,,,,,
The Convert,2012-01-13,,0,0,0,0,0,0,,,,,,,,,,,,,,,,,,,,,,,,,,,,,,,,,,,,,,,,,,,,,,,,,,,,,,,,,,,,,,,,,,,,,,,,,,,,,,,,,,,,,,,,,,,,,,,,,,,,,,,
The Road to Mecca,2012-01-17,,0,0,5,1,3,1,,,down,,,meh,,,,,,,,,,,,,,,,,,,,,meh,,,,,,,,,,,,,,,,,,,,,,,up,,,,,,,,,,,,,,,,,,,,,,,,,,,,,,,,,,,,,,,,,,,,,,,,meh,,,,,
These Seven Sicknesses,2012-01-19,,0,0,0,0,0,0,,,,,,,,,,,,,,,,,,,,,,,,,,,,,,,,,,,,,,,,,,,,,,,,,,,,,,,,,,,,,,,,,,,,,,,,,,,,,,,,,,,,,,,,,,,,,,,,,,,,,,,
Stopped Bridge of Dreams,2012-01-20,,0,0,3,0,3,0,,,,,,,meh,,,,,,,,,,,,,,,,,,,,,,,,,,,,,,,,,,,,,,,,,,,,,,,,,,,meh,,meh,,,,,,,,,,,,,,,,,,,,,,,,,,,,,,,,,,,,,,,,,,,
The Philanderer,2012-01-22,,0,0,3,3,0,0,,,,,,,,,,,,,,,,,,,,,,,,,,,,,,,,,,,,,,,,,,,,,,,,,,,,,,,,,,,,,,,,,,,up,,,,,,,,,,,,,up,,,,,,,,,,,up,,,,,,,,,,,,
Seth Rudetsky's Disaster,2012-01-22,,0,0,1,0,1,0,,,,,,,meh,,,,,,,,,,,,,,,,,,,,,,,,,,,,,,,,,,,,,,,,,,,,,,,,,,,,,,,,,,,,,,,,,,,,,,,,,,,,,,,,,,,,,,,,,,,,,,,,
Gonna See a Movie Called Gunga Din,2012-01-25,,0,0,1,0,1,0,,,,,,,,,,,,,,,,,,,,,,,,,,,,,,,,,,,,,,,,,,,,,,,,,,,,,,,,,,,,,,,,,,,,,,,,,,,,,,,,,,,,,,,,,,,,,,,,,,,meh,,,,
Yosemite,2012-01-26,,0,0,6,0,1,5,,,,,,,,,,,,,,,,,meh,,,,,,,,,,,,,,,,,,,,,,,,,down,,,,,,,,down,,,,,,,,,,,,,,,,,,,,,,,,,,,,,,,,,,,,,,,,,down,,,down,,,,down,,,,,
Wit,2012-01-26,,0,0,6,4,1,1,,,up,,,,up,,,,,,,,,,,,,,,,,,,,up,,,,,,,,,,,,,,,,,,,,,,,up,,,,,,,,,,,,,,,,,,,,,,,,,,,,,,,,,,,,,,,,,,,,,,meh,,,,,down,,
Growing Up Gonzales,2012-01-26,,0,0,0,0,0,0,,,,,,,,,,,,,,,,,,,,,,,,,,,,,,,,,,,,,,,,,,,,,,,,,,,,,,,,,,,,,,,,,,,,,,,,,,,,,,,,,,,,,,,,,,,,,,,,,,,,,,,
"Wuthering Heights, Restless Souls",2012-01-27,,0,0,1,1,0,0,,,,,,,,,,,,,,,,,,,,,,,,,,,,,,,,,,,,,,,,,,,,,,,,,,up,,,,,,,,,,,,,,,,,,,,,,,,,,,,,,,,,,,,,,,,,,,,,,,,,,,,,
Botanica,2012-01-28,,0,0,0,0,0,0,,,,,,,,,,,,,,,,,,,,,,,,,,,,,,,,,,,,,,,,,,,,,,,,,,,,,,,,,,,,,,,,,,,,,,,,,,,,,,,,,,,,,,,,,,,,,,,,,,,,,,,
Russian Transport,2012-01-30,,0,0,8,5,2,1,,,,,,up,down,,,,,,,,,,,,,,,,meh,,,,,,,,,,,,,,,,,,,up,,,,,,,,meh,,,,,,,,,,,,,,,,,,,,,,,,,,,,,,,,,,,,,,,,,up,,,up,,,,up,,,,,
Myths and Hymns,2012-01-31,,0,0,0,0,0,0,,,,,,,,,,,,,,,,,,,,,,,,,,,,,,,,,,,,,,,,,,,,,,,,,,,,,,,,,,,,,,,,,,,,,,,,,,,,,,,,,,,,,,,,,,,,,,,,,,,,,,,
Look Back in Anger,2012-02-02,,0,0,7,4,1,2,,,down,,,,meh,,,,,,,,,,,,,,,up,,,,,,,,,,,,,,,,,,,,,,,,,,,,down,,,,,,,,,,,,,,,,,,,,,,,,,,,,,,,,,,,,,,,,,up,,,up,,,,up,,,,,
Ionescopade,2012-02-02,,0,0,5,1,3,1,,,,,,,meh,,,,,,,,,,up,,,,,,,,,,,,,,,,,,,,,,,,,,,,,,,,,,,,,,,,,down,,,,,,,,,,,,meh,,,,,,,,,,,,,,,,,,,,,,,,meh,,,,,,,,,
Assistance,2012-02-03,,0,0,0,0,0,0,,,,,,,,,,,,,,,,,,,,,,,,,,,,,,,,,,,,,,,,,,,,,,,,,,,,,,,,,,,,,,,,,,,,,,,,,,,,,,,,,,,,,,,,,,,,,,,,,,,,,,,
The Broken Heart,2012-02-04,,0,0,0,0,0,0,,,,,,,,,,,,,,,,,,,,,,,,,,,,,,,,,,,,,,,,,,,,,,,,,,,,,,,,,,,,,,,,,,,,,,,,,,,,,,,,,,,,,,,,,,,,,,,,,,,,,,,
Tokio Confidential,2012-02-05,,0,0,0,0,0,0,,,,,,,,,,,,,,,,,,,,,,,,,,,,,,,,,,,,,,,,,,,,,,,,,,,,,,,,,,,,,,,,,,,,,,,,,,,,,,,,,,,,,,,,,,,,,,,,,,,,,,,
The Ugly One,2012-02-07,,0,0,5,3,2,0,,,,,,,up,,,,,,,,,,,,,,,,,,,,,meh,,,,,,,,,,,,,,,,,,,,,,meh,,,,,,,,,,,,,,,,,,,,,,,,,,,,,,,,,,,,,,,,,up,,,,,,,,up,,,,
Venus in Fur,2012-02-07,,0,0,0,0,0,0,,,,,,,,,,,,,,,,,,,,,,,,,,,,,,,,,,,,,,,,,,,,,,,,,,,,,,,,,,,,,,,,,,,,,,,,,,,,,,,,,,,,,,,,,,,,,,,,,,,,,,,
Rx,2012-02-07,,0,0,5,4,1,0,,,,,,,up,,,,,,,,,,,,,,,,,,,,,,,,,,,,,,,,,,,,,,,,,,,up,,,,,,,,,,meh,,,,,,,,,,,,,,,,,,,,,,,,,,,,,,,up,,,up,,,,,,,,,
Chekhovek,2012-02-07,,0,0,4,1,3,0,,,,,,up,meh,,,,,,,,,,,,,,,,,,,,,,,,,,,,,,,,,,,,,,,,,,,meh,,,,,,,,,,,,,,,,,,,,,,,,,,,,,,,,,,,,,,,,,meh,,,,,,,,,,,,
Psycho Therapy,2012-02-07,,0,0,3,0,2,1,,,,,,,,,,,,,,,,,,,,,,,,,,,,,,,,,,,,,,down,,,,,,,,,,,,meh,,,,,,,,,,,,,,,,,,,,meh,,,,,,,,,,,,,,,,,,,,,,,,,,,,,,,,,
Merrily We Roll Along,2012-02-08,,0,0,5,3,2,0,,,up,,,,,,,,,,,,,,,,,,,meh,,,,,,,,,,,,,,,,,,,,,,,,,,,,meh,,,,,,up,,,,,,,,,,,,,,,,,,,,,,,,,,,,,,,,,,,,,,,,,,up,,,,,
Poetic License,2012-02-09,,0,0,0,0,0,0,,,,,,,,,,,,,,,,,,,,,,,,,,,,,,,,,,,,,,,,,,,,,,,,,,,,,,,,,,,,,,,,,,,,,,,,,,,,,,,,,,,,,,,,,,,,,,,,,,,,,,,
Leave the Balcony Open,2012-02-09,,0,0,0,0,0,0,,,,,,,,,,,,,,,,,,,,,,,,,,,,,,,,,,,,,,,,,,,,,,,,,,,,,,,,,,,,,,,,,,,,,,,,,,,,,,,,,,,,,,,,,,,,,,,,,,,,,,,
Samuel & Alasdair: A Personal History of the Robot War,2012-02-09,,0,0,1,1,0,0,,,,,,,,,,,,,,,,,,,,,,,,,,,,,,,,,,,,,,,,,,,,,,,,,,up,,,,,,,,,,,,,,,,,,,,,,,,,,,,,,,,,,,,,,,,,,,,,,,,,,,,,
A Map of Virtue,2012-02-09,,0,0,0,0,0,0,,,,,,,,,,,,,,,,,,,,,,,,,,,,,,,,,,,,,,,,,,,,,,,,,,,,,,,,,,,,,,,,,,,,,,,,,,,,,,,,,,,,,,,,,,,,,,,,,,,,,,,
I Killed My Mother,2012-02-10,,0,0,0,0,0,0,,,,,,,,,,,,,,,,,,,,,,,,,,,,,,,,,,,,,,,,,,,,,,,,,,,,,,,,,,,,,,,,,,,,,,,,,,,,,,,,,,,,,,,,,,,,,,,,,,,,,,,
The Navigator,2012-02-11,,0,0,0,0,0,0,,,,,,,,,,,,,,,,,,,,,,,,,,,,,,,,,,,,,,,,,,,,,,,,,,,,,,,,,,,,,,,,,,,,,,,,,,,,,,,,,,,,,,,,,,,,,,,,,,,,,,,
How I Learned To Drive,2012-02-13,,0,0,7,3,4,0,,,up,,,meh,meh,,,,,,,,,,,,,,,,,,,,,,,,,,,,,,,,,,,,,,,,,,,up,,,,,,,,meh,,,,,,,,,,,,meh,,,,,,,,,,,,,,,,,,,,,,,,,,,,up,,,,,
The Lady from Dubuque,2012-02-14,,0,0,0,0,0,0,,,,,,,,,,,,,,,,,,,,,,,,,,,,,,,,,,,,,,,,,,,,,,,,,,,,,,,,,,,,,,,,,,,,,,,,,,,,,,,,,,,,,,,,,,,,,,,,,,,,,,,
The Inexplicable Redemption of Agent G,2012-02-14,,0,0,2,2,0,0,,,,,,,,,,,,,,,,,,,,,,,,,,,,,,,,,,,,,,,,,,,,,,,,,,,,,,,,,,,,up,,,,,,,,,,,,,,,,,,,,,,,,,,,,,,,up,,,,,,,,,,,,
Beyond the Horizon,2012-02-15,,0,0,0,0,0,0,,,,,,,,,,,,,,,,,,,,,,,,,,,,,,,,,,,,,,,,,,,,,,,,,,,,,,,,,,,,,,,,,,,,,,,,,,,,,,,,,,,,,,,,,,,,,,,,,,,,,,,
An Iliad,2012-02-15,,0,0,0,0,0,0,,,,,,,,,,,,,,,,,,,,,,,,,,,,,,,,,,,,,,,,,,,,,,,,,,,,,,,,,,,,,,,,,,,,,,,,,,,,,,,,,,,,,,,,,,,,,,,,,,,,,,,
CQ/CX,2012-02-15,,0,0,5,1,3,1,,,,,,up,down,,,,,,,,,,,,,,,,,,,,,,,,,,,,,,,,,,,,,,,,,,,meh,,,,,,,,meh,,,,,,,,,,,,meh,,,,,,,,,,,,,,,,,,,,,,,,,,,,,,,,,
Shatner's World: We Just Live In It,2012-02-16,,0,0,5,2,2,1,,,up,,,,,,,meh,,,,,,,,,,,,,,,,,up,,,,,,,,,,,,,,,,,,,,,,,meh,,,,,,,,,,,,,,,,,,,,,,,,,,,down,,,,,,,,,,,,,,,,,,,,,,,,,,
Bad Kid,2012-02-17,,0,0,0,0,0,0,,,,,,,,,,,,,,,,,,,,,,,,,,,,,,,,,,,,,,,,,,,,,,,,,,,,,,,,,,,,,,,,,,,,,,,,,,,,,,,,,,,,,,,,,,,,,,,,,,,,,,,
Evelyn,2012-02-22,,0,0,0,0,0,0,,,,,,,,,,,,,,,,,,,,,,,,,,,,,,,,,,,,,,,,,,,,,,,,,,,,,,,,,,,,,,,,,,,,,,,,,,,,,,,,,,,,,,,,,,,,,,,,,,,,,,,
Early Plays,2012-02-22,,0,0,2,1,1,0,,,,,,,,,,,,,,,,,,,,,,,,,,,,,,,,,,,,,,,,,,,,,,,,,,meh,,,,,,,,up,,,,,,,,,,,,,,,,,,,,,,,,,,,,,,,,,,,,,,,,,,,,,
Galileo,2012-02-23,,0,0,5,2,3,0,,,,,,up,,,,,,,,,,,,,,,,,,,,,,,,,,,,,,,,,up,,,,,,,,,,,meh,,,,,,,,meh,,,,,,,,,,,,,,,,,,,,,,,,,,,,,,,,,,,,meh,,,,,,,,,
Rutherford & Son,2012-02-27,,0,0,4,3,1,0,,,,,,up,,,,,,,,,,,,,,,,,,,,,,,,,,,,,,,,,,,,up,,,,,,,,meh,,,,,,,,,,,,,,,,,up,,,,,,,,,,,,,,,,,,,,,,,,,,,,,,,,,,,,
As Wide As I Can See,2012-02-29,,0,0,1,0,1,0,,,,,,,,,,,,,,,,,,,,,,,,,,,,,,,,,,,,,,,,,,,,,,,,,,meh,,,,,,,,,,,,,,,,,,,,,,,,,,,,,,,,,,,,,,,,,,,,,,,,,,,,,
Rated P for Parenthood,2012-02-29,,0,0,5,1,4,0,,,,,,,meh,,,,,,,,,,,,,,,,meh,,,,,,,,,,,,,,,,,,,,,,,,,,,meh,,,,,,,,,,,,,,,,,,,,,,,,,,,,,,,,,,,,,,,,,,,,up,,,,meh,,,,,
I ♥ Alice ♥ I,2012-02-29,,0,0,0,0,0,0,,,,,,,,,,,,,,,,,,,,,,,,,,,,,,,,,,,,,,,,,,,,,,,,,,,,,,,,,,,,,,,,,,,,,,,,,,,,,,,,,,,,,,,,,,,,,,,,,,,,,,,
The Big Meal,2012-03-01,,0,0,0,0,0,0,,,,,,,,,,,,,,,,,,,,,,,,,,,,,,,,,,,,,,,,,,,,,,,,,,,,,,,,,,,,,,,,,,,,,,,,,,,,,,,,,,,,,,,,,,,,,,,,,,,,,,,
Carrie,2012-03-01,,0,0,4,1,0,3,,,,,,,,,,,,,,,,,,,,,,down,,,,,down,,,,,,,,,,,,,,,,,,,,,,,down,,,,,,,,,,,,,,,,,,,,,,,,,,,,,,,,,,,,,,,,,,,,up,,,,,,,,,
Hot Lunch Apostles,2012-03-01,,0,0,0,0,0,0,,,,,,,,,,,,,,,,,,,,,,,,,,,,,,,,,,,,,,,,,,,,,,,,,,,,,,,,,,,,,,,,,,,,,,,,,,,,,,,,,,,,,,,,,,,,,,,,,,,,,,,
Eternal Equinox,2012-03-01,,0,0,0,0,0,0,,,,,,,,,,,,,,,,,,,,,,,,,,,,,,,,,,,,,,,,,,,,,,,,,,,,,,,,,,,,,,,,,,,,,,,,,,,,,,,,,,,,,,,,,,,,,,,,,,,,,,,
The Adventures Of Tom Sawyer,2012-03-02,,0,0,3,2,1,0,,,,,,,up,,,,,,,,,,,,,,,,,,,,,,,,,,,,,,,,,,,,,,,,,,,meh,,,,,,,,up,,,,,,,,,,,,,,,,,,,,,,,,,,,,,,,,,,,,,,,,,,,,,
Deep are the Roots,2012-03-03,,0,0,0,0,0,0,,,,,,,,,,,,,,,,,,,,,,,,,,,,,,,,,,,,,,,,,,,,,,,,,,,,,,,,,,,,,,,,,,,,,,,,,,,,,,,,,,,,,,,,,,,,,,,,,,,,,,,
Tribes,2012-03-04,,0,0,7,7,0,0,,,,,,up,up,,,,,,,,,,,,,,,,,,,,,,,,,,,,,,,,,,,,,,,,,,,up,,,,,,,,up,,up,,,,,,,,,,,,,,,,,,,,,,,,,,,,,,,up,,,up,,,,,,,,,
Make Mine Manhattan,2012-03-04,,0,0,1,1,0,0,,,,,,,,,,,,,,,,,,,,,,,,,,,,,,,,,,,,,,,,,,,,,,,,,,up,,,,,,,,,,,,,,,,,,,,,,,,,,,,,,,,,,,,,,,,,,,,,,,,,,,,,
Painting Churches,2012-03-06,,0,0,6,2,3,1,,,,,,up,,,,,,,,,,,,,,,,up,,,,,,,,,,,,,,,,,,,,meh,,,,,,,,meh,,,meh,,,,,,,,,,,,,,,,,,,,,,,,,,,,,,,,,,,,,,,,,down,,,,,,,,,
Flight,2012-03-07,,0,0,1,0,0,1,,,,,,,,,,,,,,,,,,,,,,,,,,,,,,,,,,,,,,,,,,,,,,,,,,down,,,,,,,,,,,,,,,,,,,,,,,,,,,,,,,,,,,,,,,,,,,,,,,,,,,,,
Give Me Your Hand,2012-03-07,,0,0,1,0,1,0,,,,,,,,,,,,,,,,,,,,,,,,,,,,,,,,,,,,,,,,,,,,,,,,,,,,,,,,,,,,,,,,,,,,,,,,,,,,,,,,meh,,,,,,,,,,,,,,,,,,,,,,,
The Kreutzer Sonata,2012-03-08,,0,0,4,3,1,0,,,,,,,up,,,,,,,,,,,,,,,,,,,,,,,,,,,,,,,,,,,,,,,,,,,up,,,,,,,,up,,,,,,,,,,,,,,,,,,,,,,,,,,,,,,,,,,,,meh,,,,,,,,,
The Deepest Play Ever: The Catharsis of Pathos,2012-03-09,,0,0,0,0,0,0,,,,,,,,,,,,,,,,,,,,,,,,,,,,,,,,,,,,,,,,,,,,,,,,,,,,,,,,,,,,,,,,,,,,,,,,,,,,,,,,,,,,,,,,,,,,,,,,,,,,,,,
All Hands,2012-03-10,,0,0,1,1,0,0,,,,,,,,,,,,,,,,,,,,,,,,,,,,,,,,,,,,,,,,,,,,,,,,,,up,,,,,,,,,,,,,,,,,,,,,,,,,,,,,,,,,,,,,,,,,,,,,,,,,,,,,
No Place to Go,2012-03-14,,0,0,0,0,0,0,,,,,,,,,,,,,,,,,,,,,,,,,,,,,,,,,,,,,,,,,,,,,,,,,,,,,,,,,,,,,,,,,,,,,,,,,,,,,,,,,,,,,,,,,,,,,,,,,,,,,,,
Swell,2012-03-15,,0,0,0,0,0,0,,,,,,,,,,,,,,,,,,,,,,,,,,,,,,,,,,,,,,,,,,,,,,,,,,,,,,,,,,,,,,,,,,,,,,,,,,,,,,,,,,,,,,,,,,,,,,,,,,,,,,,
Death of a Salesman,2012-03-15,,0,0,5,2,3,0,,,,,,,meh,,,,,,,,,,,,,,,,,,,,,,meh,,,,,,,,,,,,,,,,,,,,,meh,,,up,,,,,,,,,,,,,,,,,,,,,,,,,,,,,,,,,,,,,,,,,,,,,up,,,,,
Hindsight,2012-03-15,,0,0,1,0,1,0,,,,,,,,,,,,,,,,,,,,,,,,,,,,,,,,,,,,,,,,,,,,,,,,,,meh,,,,,,,,,,,,,,,,,,,,,,,,,,,,,,,,,,,,,,,,,,,,,,,,,,,,,
That Beautiful Laugh,2012-03-16,,0,0,0,0,0,0,,,,,,,,,,,,,,,,,,,,,,,,,,,,,,,,,,,,,,,,,,,,,,,,,,,,,,,,,,,,,,,,,,,,,,,,,,,,,,,,,,,,,,,,,,,,,,,,,,,,,,,
Lucky Duck,2012-03-16,,0,0,5,3,1,1,,,,,,,meh,,,,,,,,,,,,,,,,,,,,,,,,,,,,,,,,,,,,,,,,,,,down,,,,,,,,up,,,,,,,,,,,,up,,,,,,,,,,,,,,,,,,,,,up,,,,,,,,,,,,
The Taming of the Shrew,2012-03-17,,0,0,0,0,0,0,,,,,,,,,,,,,,,,,,,,,,,,,,,,,,,,,,,,,,,,,,,,,,,,,,,,,,,,,,,,,,,,,,,,,,,,,,,,,,,,,,,,,,,,,,,,,,,,,,,,,,,
Court-Martial at Fort Devens,2012-03-18,,0,0,2,2,0,0,,,,,,,,,,,,,,,,,up,,,,,,,,,,,,,,,,,,,,,,,,,,,,,,,,,,,,,,,,,,,up,,,,,,,,,,,,,,,,,,,,,,,,,,,,,,,,,,,,,,,,,,,
A Moon for the Misbegotten,2012-03-18,,0,0,2,2,0,0,,,,,,,up,,,,,,,,,,,,,,,,,,,,,,,,,,,,,,,,,,,,,,,,,,,,,,,,,,,up,,,,,,,,,,,,,,,,,,,,,,,,,,,,,,,,,,,,,,,,,,,,,
Lifeline,2012-03-18,,0,0,1,1,0,0,,,,,,,,,,,,,,,,,,,,,,,,,,,,,,,,,,,,,,,,,,,,,,,,,,up,,,,,,,,,,,,,,,,,,,,,,,,,,,,,,,,,,,,,,,,,,,,,,,,,,,,,
Peter and the Starcatcher (New World Stages),2012-03-18,,0,0,0,0,0,0,,,,,,,,,,,,,,,,,,,,,,,,,,,,,,,,,,,,,,,,,,,,,,,,,,,,,,,,,,,,,,,,,,,,,,,,,,,,,,,,,,,,,,,,,,,,,,,,,,,,,,,
Once,2012-03-18,,0,0,5,4,1,0,,,,,,up,,,,,,,,,,,,,,,,,,,,,up,,meh,,,,,,,,,,,,,,,,,,,,,up,,,up,,,,,,,,,,,,,,,,,,,,,,,,,,,,,,,,,,,,,,,,,,,,,,,,,,
'Tis Pity She's a Whore,2012-03-20,,0,0,1,0,1,0,,,,,,,,,,,,,,,,,,,,,,,,,,,,,,,,,,,,,,,,,,,,,,,,,,meh,,,,,,,,,,,,,,,,,,,,,,,,,,,,,,,,,,,,,,,,,,,,,,,,,,,,,
My Occasion of Sin,2012-03-21,,0,0,4,1,2,1,,,,,,,meh,,,,,,,,,,meh,,,,,,,,,,,,,,,,,,,,,,,,,,,,,,,,,,,,,,,,,,,up,,,,,,,,,,,,,,,,,,,,,,,,,,,,,,,down,,,,,,,,,,,,
Just Sex,2012-03-22,,0,0,0,0,0,0,,,,,,,,,,,,,,,,,,,,,,,,,,,,,,,,,,,,,,,,,,,,,,,,,,,,,,,,,,,,,,,,,,,,,,,,,,,,,,,,,,,,,,,,,,,,,,,,,,,,,,,
Lost In Yonkers,2012-03-22,,0,0,5,4,1,0,,,,,,up,,,,,,,,,,,,,,,,,,,,,,,,,,,,,,,,,up,,,,,,,,,,,up,,,,,,,,up,,,,,,,,,,,,,,,,,,,,,,,,,,,,,,,,,,,,meh,,,,,,,,,
Jesus Christ Superstar,2012-03-22,,0,0,5,2,1,2,,,,,,down,,,,,,,,,,,,,,,,,,,,,up,,,,,,,,,,,,,,,,,,,,,,,down,,,up,,,,,,,,,,,,,,,,,,,,,,,,,,,,,,,,,,,,,,,,,,,meh,,,,,,,
Elephant Room,2012-03-22,,0,0,0,0,0,0,,,,,,,,,,,,,,,,,,,,,,,,,,,,,,,,,,,,,,,,,,,,,,,,,,,,,,,,,,,,,,,,,,,,,,,,,,,,,,,,,,,,,,,,,,,,,,,,,,,,,,,
The Soap Myth,2012-03-23,,0,0,0,0,0,0,,,,,,,,,,,,,,,,,,,,,,,,,,,,,,,,,,,,,,,,,,,,,,,,,,,,,,,,,,,,,,,,,,,,,,,,,,,,,,,,,,,,,,,,,,,,,,,,,,,,,,,
Out of Iceland,2012-03-24,,0,0,0,0,0,0,,,,,,,,,,,,,,,,,,,,,,,,,,,,,,,,,,,,,,,,,,,,,,,,,,,,,,,,,,,,,,,,,,,,,,,,,,,,,,,,,,,,,,,,,,,,,,,,,,,,,,,
Out of Iceland,2012-03-24,,0,0,0,0,0,0,,,,,,,,,,,,,,,,,,,,,,,,,,,,,,,,,,,,,,,,,,,,,,,,,,,,,,,,,,,,,,,,,,,,,,,,,,,,,,,,,,,,,,,,,,,,,,,,,,,,,,,
Regrets,2012-03-27,,0,0,6,1,3,2,,,,,,up,down,,,,,,,,,,,,,,,,,,,,,,,,,,,,,,,,meh,,,,,,,,,,,meh,,,,,,,,down,,,,,,,,,,,,,,,,,,,,,,,,,,,,,,,,,,,,,,,,meh,,,,,
Cascabel,2012-03-27,,0,0,0,0,0,0,,,,,,,,,,,,,,,,,,,,,,,,,,,,,,,,,,,,,,,,,,,,,,,,,,,,,,,,,,,,,,,,,,,,,,,,,,,,,,,,,,,,,,,,,,,,,,,,,,,,,,,
Now. Here. This.,2012-03-28,,0,0,6,3,3,0,,,,,,,up,,,,,,,,,,,,,,,,,,,,,,,,,,,,,,,,,,,,,,,,,,,up,,,,,,,,meh,,,,,,,,,,,,meh,,,,,,,,,,,,,,,,,,,,,up,,,,,,,meh,,,,,
Pipe Dream,2012-03-28,,0,0,0,0,0,0,,,,,,,,,,,,,,,,,,,,,,,,,,,,,,,,,,,,,,,,,,,,,,,,,,,,,,,,,,,,,,,,,,,,,,,,,,,,,,,,,,,,,,,,,,,,,,,,,,,,,,,
Newsies,2012-03-29,,0,0,5,4,1,0,,,,,,up,,,,,,,,,up,,,,,,,,,,,,up,,,,,,,,,,,,,,,,,,,,,,,meh,,,up,,,,,,,,,,,,,,,,,,,,,,,,,,,,,,,,,,,,,,,,,,,,,,,,,,
Blast Radius,2012-03-30,,0,0,0,0,0,0,,,,,,,,,,,,,,,,,,,,,,,,,,,,,,,,,,,,,,,,,,,,,,,,,,,,,,,,,,,,,,,,,,,,,,,,,,,,,,,,,,,,,,,,,,,,,,,,,,,,,,,
The Best Man,2012-04-01,,0,0,5,4,1,0,,,,,,up,,,,,,,,,,,,,,,,,,,,,up,,,,,,,,,,,,,,,,,,,,,,,meh,,,up,,,,,,,,,,,,,,,,,,,,,,,,,,,,,,,,,,,,,,,,,,,up,,,,,,,
4000 Miles,2012-04-02,,0,0,1,1,0,0,,,,,,,,,,,,,,,,,,,,,,,,,,,,,,,,,,,,,,,,,,,,,,,,,,up,,,,,,,,,,,,,,,,,,,,,,,,,,,,,,,,,,,,,,,,,,,,,,,,,,,,,
End of the Rainbow,2012-04-02,,0,0,6,2,2,2,,,meh,,,up,meh,,,,,,,,,,,,,,,,,,,,,,,,,,,,,,,,,,,,,,,,,,,up,,,down,,,,,,,,,,,,,,,,,,,,,,,,,,,,,,,,,,,,,,,,,down,,,,,,,,,
Federer Versus Murray,2012-04-04,,0,0,0,0,0,0,,,,,,,,,,,,,,,,,,,,,,,,,,,,,,,,,,,,,,,,,,,,,,,,,,,,,,,,,,,,,,,,,,,,,,,,,,,,,,,,,,,,,,,,,,,,,,,,,,,,,,,
Being Shakespeare,2012-04-04,,0,0,5,5,0,0,,,,,,up,up,,,,,,,,,,,,,,,,,,,,,,,,,,,,,,,,,,,,,,,,,,,up,,,,,,,,up,,,,,,,,,,,,,,,,,,,,,,,,,,,,,,,,,,,,up,,,,,,,,,
The March,2012-04-05,,0,0,0,0,0,0,,,,,,,,,,,,,,,,,,,,,,,,,,,,,,,,,,,,,,,,,,,,,,,,,,,,,,,,,,,,,,,,,,,,,,,,,,,,,,,,,,,,,,,,,,,,,,,,,,,,,,,
From the Same Cloth,2012-04-05,,0,0,0,0,0,0,,,,,,,,,,,,,,,,,,,,,,,,,,,,,,,,,,,,,,,,,,,,,,,,,,,,,,,,,,,,,,,,,,,,,,,,,,,,,,,,,,,,,,,,,,,,,,,,,,,,,,,
Ninth and Joanie,2012-04-05,,0,0,0,0,0,0,,,,,,,,,,,,,,,,,,,,,,,,,,,,,,,,,,,,,,,,,,,,,,,,,,,,,,,,,,,,,,,,,,,,,,,,,,,,,,,,,,,,,,,,,,,,,,,,,,,,,,,
Evita,2012-04-05,,0,0,5,3,1,1,,,,,,meh,,,,,,,,,,,,,,,,,,,,,,,,,,,,,,,,,,,,,,,,,,,,down,,,,,,,,,,,,,,,,,,,,,,,,,,,,,,,,,,,,,,,,,,,,,,up,,up,,,up,,
Broke House,2012-04-06,,0,0,0,0,0,0,,,,,,,,,,,,,,,,,,,,,,,,,,,,,,,,,,,,,,,,,,,,,,,,,,,,,,,,,,,,,,,,,,,,,,,,,,,,,,,,,,,,,,,,,,,,,,,,,,,,,,,
Your Boyfriend May Be Imaginary,2012-04-06,,0,0,0,0,0,0,,,,,,,,,,,,,,,,,,,,,,,,,,,,,,,,,,,,,,,,,,,,,,,,,,,,,,,,,,,,,,,,,,,,,,,,,,,,,,,,,,,,,,,,,,,,,,,,,,,,,,,
Julius Caesar (Baruch),2012-04-09,,0,0,0,0,0,0,,,,,,,,,,,,,,,,,,,,,,,,,,,,,,,,,,,,,,,,,,,,,,,,,,,,,,,,,,,,,,,,,,,,,,,,,,,,,,,,,,,,,,,,,,,,,,,,,,,,,,,
Magic/Bird,2012-04-11,,0,0,5,0,2,3,,,,,,meh,,,,,,,,,,,,,,,,down,,,,,down,,,,,,,,,,,,,,,,,,,,,,,down,,,meh,,,,,,,,,,,,,,,,,,,,,,,,,,,,,,,,,,,,,,,,,,,,,,,,,,
MoM - A Rock Concert Musical,2012-04-12,,0,0,0,0,0,0,,,,,,,,,,,,,,,,,,,,,,,,,,,,,,,,,,,,,,,,,,,,,,,,,,,,,,,,,,,,,,,,,,,,,,,,,,,,,,,,,,,,,,,,,,,,,,,,,,,,,,,
Fat Camp,2012-04-12,,0,0,0,0,0,0,,,,,,,,,,,,,,,,,,,,,,,,,,,,,,,,,,,,,,,,,,,,,,,,,,,,,,,,,,,,,,,,,,,,,,,,,,,,,,,,,,,,,,,,,,,,,,,,,,,,,,,
A Slow Air,2012-04-12,,0,0,2,1,1,0,,,,,,up,,,,,,,,,,,,,,,,,,,,,,,,,,,,,,,,,,,,,,,,,,,,meh,,,,,,,,,,,,,,,,,,,,,,,,,,,,,,,,,,,,,,,,,,,,,,,,,,,,,
You Better Sit Down: Tales from My Parents' Divorce,2012-04-12,,0,0,5,5,0,0,,,,,,,up,,,,,,,,,,,,,,,,,,,,,,,,,,,,,,,,,,,,,,,,,,,up,,,,,,,,up,,,,,,,,,,,,,,,,,,,,,,,,,,,,,,,,,,,,up,,,,up,,,,,
Blogologues: Younger Than Springtime,2012-04-13,,0,0,0,0,0,0,,,,,,,,,,,,,,,,,,,,,,,,,,,,,,,,,,,,,,,,,,,,,,,,,,,,,,,,,,,,,,,,,,,,,,,,,,,,,,,,,,,,,,,,,,,,,,,,,,,,,,,
Pinocchio's Ashes,2012-04-13,,0,0,0,0,0,0,,,,,,,,,,,,,,,,,,,,,,,,,,,,,,,,,,,,,,,,,,,,,,,,,,,,,,,,,,,,,,,,,,,,,,,,,,,,,,,,,,,,,,,,,,,,,,,,,,,,,,,
Prometheus Within,2012-04-13,,0,0,0,0,0,0,,,,,,,,,,,,,,,,,,,,,,,,,,,,,,,,,,,,,,,,,,,,,,,,,,,,,,,,,,,,,,,,,,,,,,,,,,,,,,,,,,,,,,,,,,,,,,,,,,,,,,,
Poor Baby Bree in I Am Going to Run Away,2012-04-13,,0,0,0,0,0,0,,,,,,,,,,,,,,,,,,,,,,,,,,,,,,,,,,,,,,,,,,,,,,,,,,,,,,,,,,,,,,,,,,,,,,,,,,,,,,,,,,,,,,,,,,,,,,,,,,,,,,,
Peter and the Starcatcher,2012-04-15,,0,0,5,3,1,1,,,,,,down,up,,,,,,,,,,,,,,,up,,,,,meh,,,,,,,,,,,,,,,,,,,,,,,up,,,,,,,,,,,,,,,,,,,,,,,,,,,,,,,,,,,,,,,,,,,,,,,,,,,,,
In Masks Outrageous and Austere,2012-04-16,,0,0,5,0,3,2,,,,,,,meh,,,,,,,,,,,,,,,,,,,,,down,,,,,,,,,,,down,,,meh,,,,,,,,meh,,,,,,,,,,,,,,,,,,,,,,,,,,,,,,,,,,,,,,,,,,,,,,,,,,,,,
Three Sisters,2012-04-18,,0,0,1,1,0,0,,,,,,,,,,,,,,,,,,,,,,,,,,,,,,,,,,,,,,,,,,,,,,,,,,up,,,,,,,,,,,,,,,,,,,,,,,,,,,,,,,,,,,,,,,,,,,,,,,,,,,,,
"One Man, Two Guvnors",2012-04-18,,0,0,6,5,1,0,,,,,,up,,,,,,,,,,,,,,,,up,,,,,up,,,,,,,,,,,,,,,,,,,,,,,up,,,meh,,,,,,,,,,,,,,,,,,,,,,,,,,,,,,,,,,,,,,,,,up,,,,,,,,,
Clybourne Park,2012-04-19,,0,0,5,5,0,0,,,,,,up,,,,,,,,,,,,,,,,up,,,,,up,,,,,,,,,,,,,,,,,,,,,,,up,,,up,,,,,,,,,,,,,,,,,,,,,,,,,,,,,,,,,,,,,,,,,,,,,,,,,,
The Book of Everything,2012-04-20,,0,0,1,1,0,0,,,,,,,,,,,,,,,,,,,,,,,,,,,,,,,,,,,,,,,,,,,,,,,,,,up,,,,,,,,,,,,,,,,,,,,,,,,,,,,,,,,,,,,,,,,,,,,,,,,,,,,,
Festen (the Celebration),2012-04-20,,0,0,1,1,0,0,,,,,,,,,,,,,,,,,,,,,,,,,,,,,,,,,,,,,,,,,,,,,,,,,,up,,,,,,,,,,,,,,,,,,,,,,,,,,,,,,,,,,,,,,,,,,,,,,,,,,,,,
The Ash Girl,2012-04-21,,0,0,0,0,0,0,,,,,,,,,,,,,,,,,,,,,,,,,,,,,,,,,,,,,,,,,,,,,,,,,,,,,,,,,,,,,,,,,,,,,,,,,,,,,,,,,,,,,,,,,,,,,,,,,,,,,,,
The Iceman Cometh,2012-04-21,,0,0,0,0,0,0,,,,,,,,,,,,,,,,,,,,,,,,,,,,,,,,,,,,,,,,,,,,,,,,,,,,,,,,,,,,,,,,,,,,,,,,,,,,,,,,,,,,,,,,,,,,,,,,,,,,,,,
The Merchant of Venice,2012-04-22,,0,0,1,0,1,0,,,,,,,,,,,,,,,,,,,,,,,,,,,,,,,,,,,,,,,,,,,,,,,,,,meh,,,,,,,,,,,,,,,,,,,,,,,,,,,,,,,,,,,,,,,,,,,,,,,,,,,,,
A Streetcar Named Desire,2012-04-22,,0,0,5,2,1,2,,,,,,up,down,,,,,,,,,,,,,,,,,,,,up,,,,,,,,,,,,,,,,,,,,,,,down,,,,,,,,,,,,,,,,,,,,,,,,,,,meh,,,,,,,,,,,,,,,,,,,,,,,,,,
An Early History of Fire,2012-04-23,,0,0,0,0,0,0,,,,,,,,,,,,,,,,,,,,,,,,,,,,,,,,,,,,,,,,,,,,,,,,,,,,,,,,,,,,,,,,,,,,,,,,,,,,,,,,,,,,,,,,,,,,,,,,,,,,,,,
Ghost the Musical,2012-04-23,,0,0,5,1,0,4,,,down,,,up,down,,,,,,,,,,,,,,,,,,,,,,,,,,,,,,,,,,,,,,,,,,,down,,,,,,,,,,,,,,,,,,,,,,,,,,,,,,,,,,,,,,,,,,,,,,down,,,,,,,
The Lyons,2012-04-23,,0,0,5,3,2,0,,,meh,,,up,,,,,,,,,,,,,,,,,,,,,up,,,,,,,,,,,,,,,,,,,,,,,up,,,,,,,,,,,,,,,,,,,,,,,,,,,meh,,,,,,,,,,,,,,,,,,,,,,,,,,
Nice Work If You Can Get It,2012-04-24,,0,0,5,3,2,0,,,up,,,up,,,,,,,,,,,,,,,,meh,,,,,up,,,,,,,,,,,,,,,,,,,,,,,meh,,,,,,,,,,,,,,,,,,,,,,,,,,,,,,,,,,,,,,,,,,,,,,,,,,,,,
The Columnist,2012-04-25,,0,0,5,1,4,0,,,,,,meh,,,,,,,,,,,,,,,,meh,,,,,meh,,,,,,,,,,,,,,,,,,,,,,,meh,,,up,,,,,,,,,,,,,,,,,,,,,,,,,,,,,,,,,,,,,,,,,,,,,,,,,,
You Are in an Open Field,2012-04-26,,0,0,1,1,0,0,,,,,,,,,,,,,,,,,,,,,,,,,,,,,,,,,,,,,,,,,,,,,,,,,,,,,,,,,,,,up,,,,,,,,,,,,,,,,,,,,,,,,,,,,,,,,,,,,,,,,,,,
The Realistic Joneses - Yale,2012-04-26,,0,0,3,3,0,0,,,,,,,,,,,,,,,,,,,,,,,up,,,,,,,,,,,,,,,,,,,,,,,,,,,,,,,,,,,,,,,,,,,,,,,,,,,,,,,,,,,,,,,,,,,,up,,,,,,,up,,,,,
Color Between the Lines,2012-04-26,,0,0,0,0,0,0,,,,,,,,,,,,,,,,,,,,,,,,,,,,,,,,,,,,,,,,,,,,,,,,,,,,,,,,,,,,,,,,,,,,,,,,,,,,,,,,,,,,,,,,,,,,,,,,,,,,,,,
Leap of Faith,2012-04-26,,0,0,5,0,0,5,,,,,,down,,,,,,,,,,,,,,,,,,,,,down,,,,,,,,,,,,,,,,,,,,,,,down,,,down,,,,,,,,,,,,,,,,,,,,,,,,,,,,,,,,,,,,,,,,,down,,,,,,,,,
Don't Dress for Dinner,2012-04-26,,0,0,5,1,1,3,,,,,,down,,,,,,,,,,,,,,,,up,,,,,meh,,,,,,,,,,,,,,,,,,,,,,,down,,,,,,,,,,,,,,,,,,,,,,,,,,,,,,,,,,,,,,,,,,,,down,,,,,,,,,
Eavesdropping on Dreams,2012-04-27,,0,0,2,1,0,1,,,,,,,,,,,,,,,,,,,,,,,,,,,,,,,,,,,,,,,,,,,,,,,,,,,,,,,,,,,,,,,,,,,,,,,,,,,,,,,,,,,,,,,,,,,down,up,,,,,,,,,,,
Protected,2012-04-28,,0,0,0,0,0,0,,,,,,,,,,,,,,,,,,,,,,,,,,,,,,,,,,,,,,,,,,,,,,,,,,,,,,,,,,,,,,,,,,,,,,,,,,,,,,,,,,,,,,,,,,,,,,,,,,,,,,,
A Midsummer Night's Dream,2012-04-29,,0,0,5,2,3,0,,,,,,up,,,,,,,,,,,,,,,,meh,,,,,,,,,,,,,,,,,up,,,,,,,,,,,meh,,,,,,,,meh,,,,,,,,,,,,,,,,,,,,,,,,,,,,,,,,,,,,,,,,,,,,,
Uncle Vanya(HERE Arts Cener 2012),2012-04-30,,0,0,3,0,2,1,,,,,,,meh,,,,,,,,,,,,,,,,,,,,,,,,,,,,,,,,,,,,,,,,,,,,,,,,,,,,,,,,,,,,,,,,,,,,,,,,,meh,,,,,,,,,,,down,,,,,,,,,,,,
My Children! My Africa!,2012-05-01,,0,0,0,0,0,0,,,,,,,,,,,,,,,,,,,,,,,,,,,,,,,,,,,,,,,,,,,,,,,,,,,,,,,,,,,,,,,,,,,,,,,,,,,,,,,,,,,,,,,,,,,,,,,,,,,,,,,
Heat Wave,2012-05-03,,0,0,0,0,0,0,,,,,,,,,,,,,,,,,,,,,,,,,,,,,,,,,,,,,,,,,,,,,,,,,,,,,,,,,,,,,,,,,,,,,,,,,,,,,,,,,,,,,,,,,,,,,,,,,,,,,,,
The Runner Stumbles,2012-05-03,,0,0,1,1,0,0,,,,,,,,,,,,,,,,,,,,,,,,,,,,,,,,,,,,,,,,,,,,,,,,,,up,,,,,,,,,,,,,,,,,,,,,,,,,,,,,,,,,,,,,,,,,,,,,,,,,,,,,
The Caretaker,2012-05-03,,0,0,1,1,0,0,,,,,,,,,,,,,,,,,,,,,,,,,,,,,,,,,,,,,,,,,,,,,,,,,,up,,,,,,,,,,,,,,,,,,,,,,,,,,,,,,,,,,,,,,,,,,,,,,,,,,,,,
"Are You There, McPhee?",2012-05-04,,0,0,0,0,0,0,,,,,,,,,,,,,,,,,,,,,,,,,,,,,,,,,,,,,,,,,,,,,,,,,,,,,,,,,,,,,,,,,,,,,,,,,,,,,,,,,,,,,,,,,,,,,,,,,,,,,,,
Man and Superman,2012-05-06,,0,0,0,0,0,0,,,,,,,,,,,,,,,,,,,,,,,,,,,,,,,,,,,,,,,,,,,,,,,,,,,,,,,,,,,,,,,,,,,,,,,,,,,,,,,,,,,,,,,,,,,,,,,,,,,,,,,
"Lonely, I'm Not",2012-05-07,,0,0,5,4,1,0,,,,,,up,,,,,,,,,,,,,,,,,,,,,,,,,,,,,,,,,meh,,,,,,,,,,,up,,,,,,,,up,,,,,,,,,,,,,,,,,,,,,,,,,,,,,,,,,,,,,,,,up,,,,,
Gentlemen Prefer Blondes,2012-05-09,,0,0,1,1,0,0,,,,,,,,,,,,,,,,,,,,,,,,,,,,,,,,,,,,,,,,,,,,,,,,,,up,,,,,,,,,,,,,,,,,,,,,,,,,,,,,,,,,,,,,,,,,,,,,,,,,,,,,
Cock,2012-05-17,,0,0,5,5,0,0,,,,,,up,,,,,,,,,,,,,,,,,,,,,,,,,,,,,,,,up,,,,,,,,,,,,up,,,,,,,,,,,,,,,,,,,,,,,,,,,,,,,,,,,,,,,,,up,,,,,,,up,,,,,
Old Jews Telling Jokes,2012-05-20,,0,0,1,1,0,0,,,,,,,,,,,,,,,,,,,,,,,,,,,,,,,,,,,,,,,,,,,,,,,,,,up,,,,,,,,,,,,,,,,,,,,,,,,,,,,,,,,,,,,,,,,,,,,,,,,,,,,,
Title and Deed,2012-05-20,,0,0,1,1,0,0,,,,,,,,,,,,,,,,,,,,,,,,,,,,,,,,,,,,,,,,,,,,,,,,,,up,,,,,,,,,,,,,,,,,,,,,,,,,,,,,,,,,,,,,,,,,,,,,,,,,,,,,
February House,2012-05-22,,0,0,1,0,1,0,,,,,,,,,,,,,,,,,,,,,,,,,,,,,,,,,,,,,,,,,,,,,,,,,,meh,,,,,,,,,,,,,,,,,,,,,,,,,,,,,,,,,,,,,,,,,,,,,,,,,,,,,
Chimichangas and Zoloft,2012-05-23,,0,0,0,0,0,0,,,,,,,,,,,,,,,,,,,,,,,,,,,,,,,,,,,,,,,,,,,,,,,,,,,,,,,,,,,,,,,,,,,,,,,,,,,,,,,,,,,,,,,,,,,,,,,,,,,,,,,
The Common Pursuit,2012-05-24,,0,0,4,1,1,2,,,,,,,,,,,,,,,,,,,,,,,,,,,,,,,,,,,,,,,up,,,,,,,,,,,down,,,,,,,,,,,,,,,,,,down,,meh,,,,,,,,,,,,,,,,,,,,,,,,,,,,,,,,,
Murder In the First,2012-05-25,,0,0,0,0,0,0,,,,,,,,,,,,,,,,,,,,,,,,,,,,,,,,,,,,,,,,,,,,,,,,,,,,,,,,,,,,,,,,,,,,,,,,,,,,,,,,,,,,,,,,,,,,,,,,,,,,,,,
Jukebox Jackie,2012-05-30,,0,0,5,5,0,0,,,,,,,up,,,,,,,,,,,,,,,,,,,,,,,,,,,,,,,up,up,,,,,,,,,,,up,,,,,,,,,,,,,,,,,,,,,,,,,,,,,,,,,,,,,up,,,,,,,,,,,,,,,,
Playing With Fire,2012-05-31,,0,0,1,1,0,0,,,,,,,,,,,,,,,,,,,,,,,,,,,,,,,,,,,,,,,,,,,,,,,,,,up,,,,,,,,,,,,,,,,,,,,,,,,,,,,,,,,,,,,,,,,,,,,,,,,,,,,,
Rangoon,2012-05-31,,0,0,5,1,0,4,,,,,,,down,,,,,,,,,,,,,,,,,,,,,,,,,,,,,,,,,,,down,,,,,,,,down,,,,,,,,,,,,,,,,,,,,,,,,,,,,,,,,,,,,,,,,,up,,,,,,,down,,,,,
I Am a Tree,2012-05-31,,0,0,4,1,2,1,,,,,,,up,,,,,,,,,,meh,,,,,,,,,,,,,,,,,,,,,,,,,down,,,,,,,,,,,,,,,,,,,,,,,,,,,,,,,,,,,,,,,,,,,,,,,,,meh,,,,,,,,,,,,
The Matchmaker,2012-06-02,,0,0,0,0,0,0,,,,,,,,,,,,,,,,,,,,,,,,,,,,,,,,,,,,,,,,,,,,,,,,,,,,,,,,,,,,,,,,,,,,,,,,,,,,,,,,,,,,,,,,,,,,,,,,,,,,,,,
Potted Potter,2012-06-03,,0,0,7,4,0,3,,,,,,,,,,,,,,,,,,,,,,up,up,,,,,,,,,,down,,,,,up,,,,,,,,,,,,up,,,down,,,,,,,,,,,,,,,,,,,,,,,,,,,,,,,,,,,,,,,,,,,,,down,,,,,
The Bad Guys,2012-06-04,,0,0,5,0,3,2,,,,,,,down,,,,,,,,,,,,,,,,,,,,,,,,,,,,,,,,,,,meh,,,,,,,,meh,,,,,,,,,,,,,,,,,,,,,,,,,,,,,,,,,,,,,,,,,down,,,,,,,meh,,,,,
As You Like It,2012-06-05,,0,0,0,0,0,0,,,,,,,,,,,,,,,,,,,,,,,,,,,,,,,,,,,,,,,,,,,,,,,,,,,,,,,,,,,,,,,,,,,,,,,,,,,,,,,,,,,,,,,,,,,,,,,,,,,,,,,
Closer Than Ever,2012-06-05,,0,0,0,0,0,0,,,,,,,,,,,,,,,,,,,,,,,,,,,,,,,,,,,,,,,,,,,,,,,,,,,,,,,,,,,,,,,,,,,,,,,,,,,,,,,,,,,,,,,,,,,,,,,,,,,,,,,
3C,2012-06-06,,0,0,0,0,0,0,,,,,,,,,,,,,,,,,,,,,,,,,,,,,,,,,,,,,,,,,,,,,,,,,,,,,,,,,,,,,,,,,,,,,,,,,,,,,,,,,,,,,,,,,,,,,,,,,,,,,,,
Hands On a Hardbody at La Jolla,2012-06-06,,0,0,1,1,0,0,,,,,,,,,,,,,,,,,,,,,,,,,,,,,,,,,,,,,,,,,,,,,,,,,,up,,,,,,,,,,,,,,,,,,,,,,,,,,,,,,,,,,,,,,,,,,,,,,,,,,,,,
Medieval Play,2012-06-07,,0,0,6,2,1,3,,,,,,,,,,,,,,,,,,,,,,,,,,,,,,,,,,,,,,down,down,,,down,,,,,,,,meh,,,,,,,,,,,,,,,,,,,,,,,,,,,,,,,,,,,,,,,,,up,,,,,,,,,,up,,
Food and Fadwa,2012-06-07,,0,0,5,4,0,1,,,,,,,down,,,,,,,,,,,,,,,,,,,,,up,,,,,,,,,,,up,,,,,,,,,,,up,,,,,,,,,,,,,,,,,,,,,,,,,,,,,,,,,,,,,,,,,up,,,,,,,,,,,,
Tiny Dynamite,2012-06-07,,0,0,0,0,0,0,,,,,,,,,,,,,,,,,,,,,,,,,,,,,,,,,,,,,,,,,,,,,,,,,,,,,,,,,,,,,,,,,,,,,,,,,,,,,,,,,,,,,,,,,,,,,,,,,,,,,,,
Uncle Vanya (2012),2012-06-07,,0,0,0,0,0,0,,,,,,,,,,,,,,,,,,,,,,,,,,,,,,,,,,,,,,,,,,,,,,,,,,,,,,,,,,,,,,,,,,,,,,,,,,,,,,,,,,,,,,,,,,,,,,,,,,,,,,,
The Hunchback Variations,2012-06-10,,0,0,3,2,1,0,,,,,,,up,,,,,,,,,,,,,,,,,,,,,,,,,,,,,,,,,,,,,,,,,,,meh,,,,,,,,,,,,,,,,,,,,,,,,,,,,,,,,,,,,,,,,,up,,,,,,,,,,,,
Storefront Church,2012-06-11,,0,0,5,3,1,1,,,,,,,,,,,,,,,,,,,,,,,,,,,,,,,,,,,,,,,,,,,,,,,,,,meh,,,,,up,,,,,,,,,,,,,,,down,,,,,,,,,,,,,,,,,,,,,up,,,,,,,,,,,,up
"Rapture, Blister, Burn",2012-06-12,,0,0,5,3,2,0,,,,,,,,,,,,,,,,,,,,,,up,,,,,,,,,,,,,,,,,up,,,,,,,,,,,up,,,,,,,,,,,,,,,,,,,,meh,,,,,,,,,,,,,,,,,,,,,meh,,,,,,,,,,,,
The Bad and the Better,2012-06-14,,0,0,0,0,0,0,,,,,,,,,,,,,,,,,,,,,,,,,,,,,,,,,,,,,,,,,,,,,,,,,,,,,,,,,,,,,,,,,,,,,,,,,,,,,,,,,,,,,,,,,,,,,,,,,,,,,,,
Harvey,2012-06-14,,0,0,5,2,2,1,,,,,,down,,,,,,,,,,,,,,,,meh,,,,,up,,,,,,,,,,,,,,,,,,,,,,,up,,,,,,,,,,,,,,,,,,,,,,,,,,,,,,,,,,,,,,,,,,,,,,,,meh,,,,,
This Is Fiction,2012-06-15,,0,0,0,0,0,0,,,,,,,,,,,,,,,,,,,,,,,,,,,,,,,,,,,,,,,,,,,,,,,,,,,,,,,,,,,,,,,,,,,,,,,,,,,,,,,,,,,,,,,,,,,,,,,,,,,,,,,
Slowgirl,2012-06-18,,0,0,5,5,0,0,,,,,,,,,,,,,,,,,,,,,,up,,,,,,,,,,,,,,,,,up,,,,,,,,,,,up,,,,,,,,,,,,,,,,,,,,,,,,,,,,,,,,,,,,,,,,,up,,,,,,,,,,,up,
More of Our Parts,2012-06-21,,0,0,0,0,0,0,,,,,,,,,,,,,,,,,,,,,,,,,,,,,,,,,,,,,,,,,,,,,,,,,,,,,,,,,,,,,,,,,,,,,,,,,,,,,,,,,,,,,,,,,,,,,,,,,,,,,,,
Motel Cherry,2012-06-21,,0,0,2,1,0,1,,,,,,,down,,,,,,,,,,,,,,,,,,,,,,,,,,,,,,,,,,,,,,,,,,,,,,,,,,,,,up,,,,,,,,,,,,,,,,,,,,,,,,,,,,,,,,,,,,,,,,,,,
7th Monarch,2012-06-24,,0,0,5,2,2,1,,,,,,,,,,,,,,,,,,,,,,,,,,,,up,,,,,,,,,,,,,,down,,,,,,,,meh,,,,,,,,,,,,,,,,,,meh,,,,,,,,,,,,,,,,,,,,,,,up,,,,,,,,,,,,
Triassic Parq,2012-06-27,,0,0,4,2,1,1,,,,,,,meh,,,,,,,,,,,,,,,,,,,,,up,,,,,,,,,,,,,,,,,,,,,,,,,,,,,,,,,,,,,,,,,,down,,,,,,,,,,,,,,,,,,,,,up,,,,,,,,,,,,
Monster,2012-07-03,,0,0,0,0,0,0,,,,,,,,,,,,,,,,,,,,,,,,,,,,,,,,,,,,,,,,,,,,,,,,,,,,,,,,,,,,,,,,,,,,,,,,,,,,,,,,,,,,,,,,,,,,,,,,,,,,,,,
Macbeth at Lincoln Center Festival,2012-07-05,,0,0,1,1,0,0,,,,,,,,,,,,,,,,,,,,,,,,,,,,,,,,,,,,,,,,,,,,,,,,,,,,,,,,,,,,,,,,,,,,,,,,,,,,,,,,,,,,,,,,,,,up,,,,,,,,,,,,
Nymph Errant,2012-07-07,,0,0,0,0,0,0,,,,,,,,,,,,,,,,,,,,,,,,,,,,,,,,,,,,,,,,,,,,,,,,,,,,,,,,,,,,,,,,,,,,,,,,,,,,,,,,,,,,,,,,,,,,,,,,,,,,,,,
DruidMurphy,2012-07-08,,0,0,6,5,1,0,,,up,,,up,,,,,,,,,,,,,,,,,,,,,,,,,,,,,,,,,up,,,meh,,,,,,,,up,,,,,,,,,,,,,,,,,,,,,,,,,,,,,,,,,,,,,,,,,,,,,,,,up,,,,,
Warrior Class,2012-07-11,,0,0,0,0,0,0,,,,,,,,,,,,,,,,,,,,,,,,,,,,,,,,,,,,,,,,,,,,,,,,,,,,,,,,,,,,,,,,,,,,,,,,,,,,,,,,,,,,,,,,,,,,,,,,,,,,,,,
Fela!,2012-07-12,,0,0,5,3,1,1,,,up,,,,meh,,,,,,,,,,,,,,,,,,,,,,,,,,,,,,,,,,,,,,,,,,,up,,,,,,,,,,,,,,,,,,,,down,,,,,,,,,,,,,,,,,,,,,up,,,,,,,,,,,,
Probation,2012-07-12,,0,0,1,0,1,0,,,,,,,meh,,,,,,,,,,,,,,,,,,,,,,,,,,,,,,,,,,,,,,,,,,,,,,,,,,,,,,,,,,,,,,,,,,,,,,,,,,,,,,,,,,,,,,,,,,,,,,,,
Feast,2012-07-13,,0,0,0,0,0,0,,,,,,,,,,,,,,,,,,,,,,,,,,,,,,,,,,,,,,,,,,,,,,,,,,,,,,,,,,,,,,,,,,,,,,,,,,,,,,,,,,,,,,,,,,,,,,,,,,,,,,,
Dogfight,2012-07-16,,0,0,5,3,2,0,,,,,,up,up,,,,,,,,,,,,,,,,,,,,meh,,,,,,,,,,,,,,,,,,,,,,,meh,,,up,,,,,,,,,,,,,,,,,,,,,,,,,,,,,,,,,,,,,,,,,,,,,,,,,,
Tiny Bubbles,2012-07-16,,0,0,2,0,1,1,,,,,,,meh,,,,,,,,,,,,,,,,,,,,,,,,,,,,,,,,,,,,,,,,,,,,,,,,,,,,,,,,,,,,,,,,,,,,,,,,,,,,,,,,,,,,down,,,,,,,,,,,,
Skippyjon Jones,2012-07-17,,0,0,0,0,0,0,,,,,,,,,,,,,,,,,,,,,,,,,,,,,,,,,,,,,,,,,,,,,,,,,,,,,,,,,,,,,,,,,,,,,,,,,,,,,,,,,,,,,,,,,,,,,,,,,,,,,,,
Hand Stories,2012-07-19,,0,0,1,1,0,0,,,,,,,,,,,,,,,,,,,,,,,,,,,,,,,,,,,,,,,,,,,,,,,,,,up,,,,,,,,,,,,,,,,,,,,,,,,,,,,,,,,,,,,,,,,,,,,,,,,,,,,,
The Tempest,2012-07-19,,0,0,0,0,0,0,,,,,,,,,,,,,,,,,,,,,,,,,,,,,,,,,,,,,,,,,,,,,,,,,,,,,,,,,,,,,,,,,,,,,,,,,,,,,,,,,,,,,,,,,,,,,,,,,,,,,,,
Lady and the Champ,2012-07-22,,0,0,1,0,1,0,,,,,,,,,,,,,,,,,,,,,,,,,,,,,,,,,,,,,,,,,,,,,,,,,,meh,,,,,,,,,,,,,,,,,,,,,,,,,,,,,,,,,,,,,,,,,,,,,,,,,,,,,
Harrison TX,2012-07-24,,0,0,0,0,0,0,,,,,,,,,,,,,,,,,,,,,,,,,,,,,,,,,,,,,,,,,,,,,,,,,,,,,,,,,,,,,,,,,,,,,,,,,,,,,,,,,,,,,,,,,,,,,,,,,,,,,,,
New Girl In Town,2012-07-26,,0,0,5,1,3,1,,,,,,up,down,,,,,,,,,,,,,,,,,,,,,,,,,,,,,,,,meh,,,,,,,,,,,meh,,,,,,,,,,,,,,,,,,,,meh,,,,,,,,,,,,,,,,,,,,,,,,,,,,,,,,,
Bring It On,2012-08-01,,0,0,5,3,2,0,,,up,,,,meh,,,,,,,,,,,,,,,,,,,,meh,,,,,,,,,,,,,,,,,,,,,,,up,,,up,,,,,,,,,,,,,,,,,,,,,,,,,,,,,,,,,,,,,,,,,,,,,,,,,,
Richard III at the Public Theater,2012-08-07,,0,0,0,0,0,0,,,,,,,,,,,,,,,,,,,,,,,,,,,,,,,,,,,,,,,,,,,,,,,,,,,,,,,,,,,,,,,,,,,,,,,,,,,,,,,,,,,,,,,,,,,,,,,,,,,,,,,
Bullet for Adolf,2012-08-08,,0,0,7,2,1,4,,,,,,up,down,,,,,,,,,,,,,,,up,,,,,,,,,,,meh,,,,,,down,,,,,,,,,,,down,,,,,,,,,,,,,,,,,,,,,,,,,,,,,,,,,,,,,,,,,down,,,,,,,,,,,,
Into the Woods at the Delacorte Theater,2012-08-09,,0,0,5,3,0,2,,,,,,up,,,,,,,,,,,,,,,,up,,,,,,,,,,,,,,,,,,,,,,,,,,,,down,,,,,,,,,,,,,,,,,,,,,,,,,,,,,,,,,,,,,,,,,,,,,,up,,,,,down,,
Mary Broome,2012-08-18,,0,0,0,0,0,0,,,,,,,,,,,,,,,,,,,,,,,,,,,,,,,,,,,,,,,,,,,,,,,,,,,,,,,,,,,,,,,,,,,,,,,,,,,,,,,,,,,,,,,,,,,,,,,,,,,,,,,
Fried Chicken & Latkes,2012-08-26,,0,0,0,0,0,0,,,,,,,,,,,,,,,,,,,,,,,,,,,,,,,,,,,,,,,,,,,,,,,,,,,,,,,,,,,,,,,,,,,,,,,,,,,,,,,,,,,,,,,,,,,,,,,,,,,,,,,
Cougar the Musical,2012-08-26,,0,0,0,0,0,0,,,,,,,,,,,,,,,,,,,,,,,,,,,,,,,,,,,,,,,,,,,,,,,,,,,,,,,,,,,,,,,,,,,,,,,,,,,,,,,,,,,,,,,,,,,,,,,,,,,,,,,
Heartless,2012-08-27,,0,0,5,1,3,1,,,,,,,,,,,,,,,,,,,,,,meh,,,,,,up,,,,,,,,,,,down,,,,,,,,,,,meh,,,,,,,,,,,,,,,,,,,,,,,,,,,,,,,,,,,,,,,,,,,,,,,,meh,,,,,
Tender Napalm,2012-08-29,,0,0,1,1,0,0,,,,,,,,,,,,,,,,,,,,,,,,,,,,,,,,,,,,,,,,,,,,,,,,,,up,,,,,,,,,,,,,,,,,,,,,,,,,,,,,,,,,,,,,,,,,,,,,,,,,,,,,
Us,2012-09-05,,0,0,0,0,0,0,,,,,,,,,,,,,,,,,,,,,,,,,,,,,,,,,,,,,,,,,,,,,,,,,,,,,,,,,,,,,,,,,,,,,,,,,,,,,,,,,,,,,,,,,,,,,,,,,,,,,,,
The Train Driver,2012-09-09,,0,0,1,0,1,0,,,,,,,,,,,,,,,,,,,,,,,,,,,,,,,,,,,,,,,,,,,,,,,,,,meh,,,,,,,,,,,,,,,,,,,,,,,,,,,,,,,,,,,,,,,,,,,,,,,,,,,,,
Chaplin,2012-09-10,,0,0,5,0,0,5,,,down,,,,down,,,,,,,,down,,,,,,,,,,,,,,,,,,,,,,,,,,,,,,,,,,,down,,,,,,,,,,,,,,,,,,,,,,,,,,,,,,,,,,,,,,,,,,,,,,,,down,,,,,
Fly Me to the Moon,2012-09-12,,0,0,1,0,0,1,,,,,,,,,,,,,,,,,,,,,,,,,,,,,,,,,,,,,,,,,,,,,,,,,,down,,,,,,,,,,,,,,,,,,,,,,,,,,,,,,,,,,,,,,,,,,,,,,,,,,,,,
Sweet Bird of Youth,2012-09-15,,0,0,0,0,0,0,,,,,,,,,,,,,,,,,,,,,,,,,,,,,,,,,,,,,,,,,,,,,,,,,,,,,,,,,,,,,,,,,,,,,,,,,,,,,,,,,,,,,,,,,,,,,,,,,,,,,,,
Detroit,2012-09-18,,0,0,1,1,0,0,,,,,,,,,,,,,,,,,,,,,,,,,,,,,,,,,,,,,,,,,,,,,,,,,,up,,,,,,,,,,,,,,,,,,,,,,,,,,,,,,,,,,,,,,,,,,,,,,,,,,,,,
The Exonerated,2012-09-19,,0,0,0,0,0,0,,,,,,,,,,,,,,,,,,,,,,,,,,,,,,,,,,,,,,,,,,,,,,,,,,,,,,,,,,,,,,,,,,,,,,,,,,,,,,,,,,,,,,,,,,,,,,,,,,,,,,,
Job,2012-09-19,,0,0,1,1,0,0,,,,,,,,,,,,,,,,,,,,,,,,,,,,,,,,,,,,,,,,,,,,,,,,,,up,,,,,,,,,,,,,,,,,,,,,,,,,,,,,,,,,,,,,,,,,,,,,,,,,,,,,
If There Is I Haven't Found It Yet,2012-09-20,,0,0,1,0,1,0,,,,,,,,,,,,,,,,,,,,,,,,,,,,,,,,,,,,,,,,,,,,,,,,,,meh,,,,,,,,,,,,,,,,,,,,,,,,,,,,,,,,,,,,,,,,,,,,,,,,,,,,,
Habit,2012-09-21,,0,0,1,1,0,0,,,,,,,,,,,,,,,,,,,,,,,,,,,,,,,,,,,,,,,,,,,,,,,,,,up,,,,,,,,,,,,,,,,,,,,,,,,,,,,,,,,,,,,,,,,,,,,,,,,,,,,,
Children of Killers,2012-09-21,,0,0,0,0,0,0,,,,,,,,,,,,,,,,,,,,,,,,,,,,,,,,,,,,,,,,,,,,,,,,,,,,,,,,,,,,,,,,,,,,,,,,,,,,,,,,,,,,,,,,,,,,,,,,,,,,,,,
An Enemy of the People (2012),2012-09-27,,0,0,5,2,3,0,,,meh,,,up,up,,,,,,,,,,,,,,,meh,,,,,,,,,,,,,,,,,,,,,,,,,,,,meh,,,,,,,,,,,,,,,,,,,,,,,,,,,,,,,,,,,,,,,,,,,,,,,,,,,,,
Marry Me A Little,2012-10-02,,0,0,0,0,0,0,,,,,,,,,,,,,,,,,,,,,,,,,,,,,,,,,,,,,,,,,,,,,,,,,,,,,,,,,,,,,,,,,,,,,,,,,,,,,,,,,,,,,,,,,,,,,,,,,,,,,,,
Grace,2012-10-04,,0,0,5,3,2,0,,,meh,,,up,,,,,,,,,,,,,,,,,,,,,up,,,,,,,,,,,,,,,,,,,,,,,meh,,,up,,,,,,,,,,,,,,,,,,,,,,,,,,,,,,,,,,,,,,,,,,,,,,,,,,
The Old Man and The Old Moon,2012-10-07,,0,0,1,1,0,0,,,,,,,,,,,,,,,,,,,,,,,,,,,,,,,,,,,,,,,,,,,,,,,,,,up,,,,,,,,,,,,,,,,,,,,,,,,,,,,,,,,,,,,,,,,,,,,,,,,,,,,,
Him,2012-10-09,,0,0,1,1,0,0,,,,,,,,,,,,,,,,,,,,,,,,,,,,,,,,,,,,,,,,,,,,,,,,,,up,,,,,,,,,,,,,,,,,,,,,,,,,,,,,,,,,,,,,,,,,,,,,,,,,,,,,
Helen & Edgar,2012-10-09,,0,0,0,0,0,0,,,,,,,,,,,,,,,,,,,,,,,,,,,,,,,,,,,,,,,,,,,,,,,,,,,,,,,,,,,,,,,,,,,,,,,,,,,,,,,,,,,,,,,,,,,,,,,,,,,,,,,
Lewis Black: Running on Empty,2012-10-09,,0,0,3,2,1,0,,,,,,,,,,,,,,,,,,,,,,,,,,,,,,,,,,,,,,,meh,,,,,,,,,,,up,,,,,,,,,,,,,,,,,,,,,,,,,,,,,,,,,,,,,,,,,,,,,,up,,,,,,,
Harper Regan,2012-10-10,,0,0,1,1,0,0,,,,,,,,,,,,,,,,,,,,,,,,,,,,,,,,,,,,,,,,,,,,,,,,,,up,,,,,,,,,,,,,,,,,,,,,,,,,,,,,,,,,,,,,,,,,,,,,,,,,,,,,
Heresy,2012-10-11,,0,0,0,0,0,0,,,,,,,,,,,,,,,,,,,,,,,,,,,,,,,,,,,,,,,,,,,,,,,,,,,,,,,,,,,,,,,,,,,,,,,,,,,,,,,,,,,,,,,,,,,,,,,,,,,,,,,
Cyrano de Bergerac,2012-10-11,,0,0,5,1,1,3,,,down,,,meh,,,,,,,,,,,,,,,,,,,,,down,,,,,,,,,,,,,,,,,,,,,,,up,,,down,,,,,,,,,,,,,,,,,,,,,,,,,,,,,,,,,,,,,,,,,,,,,,,,,,
Who's Afraid of Virginia Woolf,2012-10-13,,0,0,6,6,0,0,,,,,,up,,,,,,,,,up,,,,,,,up,,,,,,,,,,,,,,,,,,,,,,,,,,,,up,,,,,up,,,,,,,,,,,,,,,,,,,,,,,,,,,,,,,,,,,,,,,,,up,,,,,,,
5 Lesbians Eating A Quiche,2012-10-13,,0,0,0,0,0,0,,,,,,,,,,,,,,,,,,,,,,,,,,,,,,,,,,,,,,,,,,,,,,,,,,,,,,,,,,,,,,,,,,,,,,,,,,,,,,,,,,,,,,,,,,,,,,,,,,,,,,,
Falling,2012-10-15,,0,0,0,0,0,0,,,,,,,,,,,,,,,,,,,,,,,,,,,,,,,,,,,,,,,,,,,,,,,,,,,,,,,,,,,,,,,,,,,,,,,,,,,,,,,,,,,,,,,,,,,,,,,,,,,,,,,
A Celebration of Harold Pinter,2012-10-16,,0,0,1,1,0,0,,,,,,,,,,,,,,,,,,,,,,,,,,,,,,,,,,,,,,,,,,,,,,,,,,up,,,,,,,,,,,,,,,,,,,,,,,,,,,,,,,,,,,,,,,,,,,,,,,,,,,,,
Neutral Hero,2012-10-18,,0,0,0,0,0,0,,,,,,,,,,,,,,,,,,,,,,,,,,,,,,,,,,,,,,,,,,,,,,,,,,,,,,,,,,,,,,,,,,,,,,,,,,,,,,,,,,,,,,,,,,,,,,,,,,,,,,,
Modern Terrorism,2012-10-18,,0,0,1,0,0,1,,,,,,,,,,,,,,,,,,,,,,,,,,,,,,,,,,,,,,,,,,,,,,,,,,down,,,,,,,,,,,,,,,,,,,,,,,,,,,,,,,,,,,,,,,,,,,,,,,,,,,,,
Big Apple Circus: Legendarium,2012-10-20,,0,0,0,0,0,0,,,,,,,,,,,,,,,,,,,,,,,,,,,,,,,,,,,,,,,,,,,,,,,,,,,,,,,,,,,,,,,,,,,,,,,,,,,,,,,,,,,,,,,,,,,,,,,,,,,,,,,
The Other Josh Cohen,2012-10-21,,0,0,5,5,0,0,,,,,,up,up,,,,,,,,,,,,,,,,,,,,,,,,,,,,,,,,,,,,,,,,,,,up,,,,,,,,,,,,,,,,,,,,,,,,,,,,,,,,,,,,,,,,,up,up,,,,,,,,,,,
Disgraced,2012-10-22,,0,0,1,1,0,0,,,,,,,,,,,,,,,,,,,,,,,,,,,,,,,,,,,,,,,,,,,,,,,,,,up,,,,,,,,,,,,,,,,,,,,,,,,,,,,,,,,,,,,,,,,,,,,,,,,,,,,,
Sistas: The Musical,2012-10-23,,0,0,1,1,0,0,,,,,,,,,,,,,,,,,,,,,,,,,,,,,,,,,,,,,,,,,,,,,,,,,,up,,,,,,,,,,,,,,,,,,,,,,,,,,,,,,,,,,,,,,,,,,,,,,,,,,,,,
Wild With Happy,2012-10-24,,0,0,1,1,0,0,,,,,,,,,,,,,,,,,,,,,,,,,,,,,,,,,,,,,,,,,,,,,,,,,,up,,,,,,,,,,,,,,,,,,,,,,,,,,,,,,,,,,,,,,,,,,,,,,,,,,,,,
House For Sale,2012-10-24,,0,0,1,0,0,1,,,,,,,,,,,,,,,,,,,,,,,,,,,,,,,,,,,,,,,,,,,,,,,,,,down,,,,,,,,,,,,,,,,,,,,,,,,,,,,,,,,,,,,,,,,,,,,,,,,,,,,,
Bad Jews,2012-10-30,,0,0,1,1,0,0,,,,,,,,,,,,,,,,,,,,,,,,,,,,,,,,,,,,,,,,,,,,,,,,,,up,,,,,,,,,,,,,,,,,,,,,,,,,,,,,,,,,,,,,,,,,,,,,,,,,,,,,
The Heiress,2012-11-01,,0,0,5,3,2,0,,,up,,,up,,,,,,,,,,,,,,,,up,,,,,meh,,,,,,,,,,,,,,,,,,,,,,,meh,,,,,,,,,,,,,,,,,,,,,,,,,,,,,,,,,,,,,,,,,,,,,,,,,,,,,
The Whale,2012-11-05,,0,0,1,0,1,0,,,,,,,,,,,,,,,,,,,,,,,,,,,,,,,,,,,,,,,,,,,,,,,,,,meh,,,,,,,,,,,,,,,,,,,,,,,,,,,,,,,,,,,,,,,,,,,,,,,,,,,,,
The Freedom of the City,2012-11-05,,0,0,0,0,0,0,,,,,,,,,,,,,,,,,,,,,,,,,,,,,,,,,,,,,,,,,,,,,,,,,,,,,,,,,,,,,,,,,,,,,,,,,,,,,,,,,,,,,,,,,,,,,,,,,,,,,,,
Sorry,2012-11-06,,0,0,1,1,0,0,,,,,,,,,,,,,,,,,,,,,,,,,,,,,,,,,,,,,,,,,,,,,,,,,,up,,,,,,,,,,,,,,,,,,,,,,,,,,,,,,,,,,,,,,,,,,,,,,,,,,,,,
Annie,2012-11-08,,0,0,5,3,2,0,,,,,,meh,,,,,,,,,,,,,,,,,,,,,up,,,,,,,,,,,,,,,,,,,,,,,meh,,,up,,,,,,,,,,,,,,,,,,,,,,,,,,,,,,,,,,,,,,,,,,,,,,,,,,up
Elf,2012-11-09,,0,0,0,0,0,0,,,,,,,,,,,,,,,,,,,,,,,,,,,,,,,,,,,,,,,,,,,,,,,,,,,,,,,,,,,,,,,,,,,,,,,,,,,,,,,,,,,,,,,,,,,,,,,,,,,,,,,
Ivanov,2012-11-11,,0,0,1,0,1,0,,,,,,,,,,,,,,,,,,,,,,,,,,,,,,,,,,,,,,,,,,,,,,,,,,meh,,,,,,,,,,,,,,,,,,,,,,,,,,,,,,,,,,,,,,,,,,,,,,,,,,,,,
The Mystery of Edwin Drood,2012-11-13,,0,0,5,3,0,2,,,up,,,up,,,,,,,,,,,,,,,,,,,,,down,,,,,,,,,,,,,,,,,,,,,,,up,,,down,,,,,,,,,,,,,,,,,,,,,,,,,,,,,,,,,,,,,,,,,,,,,,,,,,
Giant,2012-11-13,,0,0,1,0,1,0,,,,,,,,,,,,,,,,,,,,,,,,,,,,,,,,,,,,,,,,,,,,,,,,,,meh,,,,,,,,,,,,,,,,,,,,,,,,,,,,,,,,,,,,,,,,,,,,,,,,,,,,,
The Performers,2012-11-14,,0,0,5,3,1,1,,,up,,,up,,,,,,,,,,,,,,,,up,,,,,meh,,,,,,,,,,,,,,,,,,,,,,,down,,,,,,,,,,,,,,,,,,,,,,,,,,,,,,,,,,,,,,,,,,,,,,,,,,,,,
Murder Ballad,2012-11-15,,0,0,1,1,0,0,,,,,,,,,,,,,,,,,,,,,,,,,,,,,,,,,,,,,,,,,,,,,,,,,,up,,,,,,,,,,,,,,,,,,,,,,,,,,,,,,,,,,,,,,,,,,,,,,,,,,,,,
Scandalous,2012-11-15,,0,0,5,0,1,4,,,down,,,,meh,,,,,,,,,,,,,,,,,,,,,,,,,,,,,,,,,,,,,,,,,,,down,,,down,,,,,,,,,,,,,,,,,down,,,,,,,,,,,,,,,,,,,,,,,,,,,,,,,,,
The Piano Lesson,2012-11-18,,0,0,1,1,0,0,,,,,,,,,,,,,,,,,,,,,,,,,,,,,,,,,,,,,,,,,,,,,,,,,,up,,,,,,,,,,,,,,,,,,,,,,,,,,,,,,,,,,,,,,,,,,,,,,,,,,,,,
Forever Dusty,2012-11-18,,0,0,0,0,0,0,,,,,,,,,,,,,,,,,,,,,,,,,,,,,,,,,,,,,,,,,,,,,,,,,,,,,,,,,,,,,,,,,,,,,,,,,,,,,,,,,,,,,,,,,,,,,,,,,,,,,,,
A Christmas Story the Musical (Lunt-Fontanne),2012-11-19,,0,0,5,4,1,0,,,meh,,,up,,,,,,,,,,,,,,,,up,,,,,up,,,,,,,,,,,,,,,,,,,,,,,up,,,,,,,,,,,,,,,,,,,,,,,,,,,,,,,,,,,,,,,,,,,,,,,,,,,,,
The Boss,2012-11-24,,0,0,0,0,0,0,,,,,,,,,,,,,,,,,,,,,,,,,,,,,,,,,,,,,,,,,,,,,,,,,,,,,,,,,,,,,,,,,,,,,,,,,,,,,,,,,,,,,,,,,,,,,,,,,,,,,,,
The Killing of Sister George,2012-11-28,,0,0,0,0,0,0,,,,,,,,,,,,,,,,,,,,,,,,,,,,,,,,,,,,,,,,,,,,,,,,,,,,,,,,,,,,,,,,,,,,,,,,,,,,,,,,,,,,,,,,,,,,,,,,,,,,,,,
Dead Accounts,2012-11-29,,0,0,5,0,0,5,,,,,,down,,,,,,,,,,,,,,,,down,,,,,down,,,,,,,,,,,,,,,,,,,,,,,down,,,down,,,,,,,,,,,,,,,,,,,,,,,,,,,,,,,,,,,,,,,,,,,,,,,,,,
The Anarchist,2012-12-02,,0,0,5,1,0,4,,,,,,,,,,,,,,,up,,,,,,,down,,,,,down,,,,,,,,,,,,,,,,,,,,,,,down,,,down,,,,,,,,,,,,,,,,,,,,,,,,,,,,,,,,,,,,,,,,,,,,,,,,,,
A Civil War Christmas,2012-12-04,,0,0,1,1,0,0,,,,,,,,,,,,,,,,,,,,,,,,,,,,,,,,,,,,,,,,,,,,,,,,,,up,,,,,,,,,,,,,,,,,,,,,,,,,,,,,,,,,,,,,,,,,,,,,,,,,,,,,
Golden Age,2012-12-04,,0,0,1,0,0,1,,,,,,,,,,,,,,,,,,,,,,,,,,,,,,,,,,,,,,,,,,,,,,,,,,down,,,,,,,,,,,,,,,,,,,,,,,,,,,,,,,,,,,,,,,,,,,,,,,,,,,,,
Golden Boy,2012-12-06,,0,0,5,5,0,0,,,,,,up,,,,,,,,,,,,,,,,up,,,,,up,,,,,,,,,,,,,,,,,,,,,,,up,,,up,,,,,,,,,,,,,,,,,,,,,,,,,,,,,,,,,,,,,,,,,,,,,,,,,,
Dear Elizabeth,2012-12-06,,0,0,0,0,0,0,,,,,,,,,,,,,,,,,,,,,,,,,,,,,,,,,,,,,,,,,,,,,,,,,,,,,,,,,,,,,,,,,,,,,,,,,,,,,,,,,,,,,,,,,,,,,,,,,,,,,,,
Glengarry Glen Ross,2012-12-08,,0,0,5,1,2,2,,,down,,,,,,,,,,,,meh,,,,,,,,,,,,meh,,,,,,,,,,,,,,,,,,,,,,,down,,,,,,,,,,,,,,,,,,,,,,,,,,,,,,,,,,,,,,,,,,,,,,,,,,,,,up
Dr. Seuss' How the Grinch Stole Christmas the Musical,2012-12-13,,0,0,0,0,0,0,,,,,,,,,,,,,,,,,,,,,,,,,,,,,,,,,,,,,,,,,,,,,,,,,,,,,,,,,,,,,,,,,,,,,,,,,,,,,,,,,,,,,,,,,,,,,,,,,,,,,,,
Invisible Man,2013-01-09,,0,0,0,0,0,0,,,,,,,,,,,,,,,,,,,,,,,,,,,,,,,,,,,,,,,,,,,,,,,,,,,,,,,,,,,,,,,,,,,,,,,,,,,,,,,,,,,,,,,,,,,,,,,,,,,,,,,
The Other Place,2013-01-10,,0,0,5,4,0,1,,,down,,,up,up,,,,,,,,,,,,,,,,,,,,up,,,,,,,,,,,,,,,,,,,,,,,up,,,,,,,,,,,,,,,,,,,,,,,,,,,,,,,,,,,,,,,,,,,,,,,,,,,,,
Picnic,2013-01-13,,0,0,5,0,3,2,,,,,,meh,down,,,,,,,,,,,,,,,,,,,,meh,,,,,,,,,,,,,,,,,,,,,,,down,,,meh,,,,,,,,,,,,,,,,,,,,,,,,,,,,,,,,,,,,,,,,,,,,,,,,,,
Life and Times: Episodes 1-4,2013-01-16,,0,0,0,0,0,0,,,,,,,,,,,,,,,,,,,,,,,,,,,,,,,,,,,,,,,,,,,,,,,,,,,,,,,,,,,,,,,,,,,,,,,,,,,,,,,,,,,,,,,,,,,,,,,,,,,,,,,
Cat on a Hot Tin Roof,2013-01-17,,0,0,5,0,1,4,,,down,,,meh,,,,,,,,,down,,,,,,,,,,,,down,,,,,,,,,,,,,,,,,,,,,,,down,,,,,,,,,,,,,,,,,,,,,,,,,,,,,,,,,,,,,,,,,,,,,,,,,,,,,
The Jammer,2013-01-22,,0,0,1,0,1,0,,,,,,,,,,,,,,,,,,,,,,,,,,,,,,,,,,,,,,,,,,,,,,,,,,meh,,,,,,,,,,,,,,,,,,,,,,,,,,,,,,,,,,,,,,,,,,,,,,,,,,,,,
Collision,2013-01-22,,0,0,1,0,0,1,,,,,,,,,,,,,,,,,,,,,,,,,,,,,,,,,,,,,,,,,,,,,,,,,,down,,,,,,,,,,,,,,,,,,,,,,,,,,,,,,,,,,,,,,,,,,,,,,,,,,,,,
The House of Von Macramé,2013-01-23,,0,0,0,0,0,0,,,,,,,,,,,,,,,,,,,,,,,,,,,,,,,,,,,,,,,,,,,,,,,,,,,,,,,,,,,,,,,,,,,,,,,,,,,,,,,,,,,,,,,,,,,,,,,,,,,,,,,
Manilow on Broadway,2013-01-29,,0,0,1,0,1,0,,,,,,,,,,,,,,,,,,,,,,,,,,,,,,,,,,,,,,,,,,,,,,,,,,meh,,,,,,,,,,,,,,,,,,,,,,,,,,,,,,,,,,,,,,,,,,,,,,,,,,,,,
Moose Murders,2013-01-29,,0,0,1,0,0,1,,,,,,,,,,,,,,,,,,,,,,,,,,,,,,,,,,,,,,,,,,,,,,,,,,down,,,,,,,,,,,,,,,,,,,,,,,,,,,,,,,,,,,,,,,,,,,,,,,,,,,,,
All The Rage,2013-01-30,,0,0,1,1,0,0,,,,,,,,,,,,,,,,,,,,,,,,,,,,,,,,,,,,,,,,,,,,,,,,,,up,,,,,,,,,,,,,,,,,,,,,,,,,,,,,,,,,,,,,,,,,,,,,,,,,,,,,
Fiorello!,2013-01-30,,0,0,1,1,0,0,,,,,,,,,,,,,,,,,,,,,,,,,,,,,,,,,,,,,,,,,,,,,,,,,,up,,,,,,,,,,,,,,,,,,,,,,,,,,,,,,,,,,,,,,,,,,,,,,,,,,,,,
Women of Will,2013-02-03,,0,0,1,1,0,0,,,,,,,,,,,,,,,,,,,,,,,,,,,,,,,,,,,,,,,,,,,,,,,,,,up,,,,,,,,,,,,,,,,,,,,,,,,,,,,,,,,,,,,,,,,,,,,,,,,,,,,,
"Really, Really",2013-02-19,,0,0,5,2,2,1,,,,,,,down,,,,,,,,,,meh,,,,,,,,,,up,,,,,,,,,,,,,,,,,,,,,,,meh,,,,,,,,,,,,,,,,,,,,,,,,,,,,,,,,,up,,,,,,,,,,,,,,,,,,,,
Passion,2013-02-28,,0,0,1,1,0,0,,,,,,,,,,,,,,,,,,,,,,,,,,,,,,,,,,,,,,,,,,,,,,,,,,up,,,,,,,,,,,,,,,,,,,,,,,,,,,,,,,,,,,,,,,,,,,,,,,,,,,,,
Cinderella,2013-03-03,,0,0,5,4,1,0,,,,,,up,,,,,,,,,,,,,,,,,,,,,up,,,,,,,,,,,,,,,,,,,,,,,meh,,,,,up,,,,,,,,,,,,,,,,,,,,,,,,,,,,,,,,,,,,,,,,,,,up,,,,,
Ann,2013-03-07,,0,0,5,2,3,0,,,meh,,,up,up,,,,,,,,,,,,,,,,,,,,,,,,,,,,,,,,,,,,,,,,,,,meh,,,,,,,,,,,,,,,,,,,,,,,,,,,,,,,,,,,,,,,,,,,,,,meh,,,,,,,
13,2013-03-12,,0,0,0,0,0,0,,,,,,,,,,,,,,,,,,,,,,,,,,,,,,,,,,,,,,,,,,,,,,,,,,,,,,,,,,,,,,,,,,,,,,,,,,,,,,,,,,,,,,,,,,,,,,,,,,,,,,,
Vanya and Sonia and Masha and Spike,2013-03-14,,0,0,5,5,0,0,,,,,,up,,,,up,,,,,,,,,,,,up,,,,,,,,,,,,,,,,,,,,up,,,,,,,,up,,,,,,,,,,,,,,,,,,,,,,,,,,,,,,,,,,,,,,,,,,,,,,,,,,,,,
Breakfast at Tiffany's,2013-03-20,,0,0,5,0,0,5,,,down,,,,,,,,,,,,down,,,,,,,,,,down,,,down,,,,,,,,,,,,,,,,,,,,,,down,,,,,,,,,,,,,,,,,,,,,,,,,,,,,,,,,,,,,,,,,,,,,,,,,,,,,
Hands on a Hardbody,2013-03-21,,0,0,6,3,3,0,,,up,,,up,,,,,,,,,,,,,,,,meh,,,,,,,,,,,,,,,,,,,,,,,,,,,,meh,,,,,,,,,,,,,,,,,,,,,,,,,,,,,,,,,,,,,,,,,,,,,,,,up,,meh,,,
Good With People,2013-03-27,,0,0,0,0,0,0,,,,,,,,,,,,,,,,,,,,,,,,,,,,,,,,,,,,,,,,,,,,,,,,,,,,,,,,,,,,,,,,,,,,,,,,,,,,,,,,,,,,,,,,,,,,,,,,,,,,,,,
Lucky Guy,2013-04-01,,0,0,5,2,3,0,,,,,,meh,meh,,,,,,,,,,,,,,,,,,,,up,,,,,,,,,,,,,,,,,,,,,,,meh,,,,,,,,,,,,,,,,,,,,,,,,,,,,,,,,,,,,,,,,,,,,,,up,,,,,,,
The Last Five Years,2013-04-02,,0,0,1,0,1,0,,,,,,,,,,,,,,,,,,,,,,,,,,,,,,,,,,,,,,,,,,,,,,,,,,meh,,,,,,,,,,,,,,,,,,,,,,,,,,,,,,,,,,,,,,,,,,,,,,,,,,,,,
Here Lies Love (2013),2013-04-02,,0,0,0,0,0,0,,,,,,,,,,,,,,,,,,,,,,,,,,,,,,,,,,,,,,,,,,,,,,,,,,,,,,,,,,,,,,,,,,,,,,,,,,,,,,,,,,,,,,,,,,,,,,,,,,,,,,,
Kinky Boots The Musical,2013-04-04,,0,0,5,4,1,0,,,,,,up,,,,,,,,,up,,,,,,,,,,up,,meh,,,,,,,,,,,,,,,,,,,,,,,up,,,,,,,,,,,,,,,,,,,,,,,,,,,,,,,,,,,,,,,,,,,,,,,,,,,,,
Kinky Boots,2013-04-04,,0,0,4,4,0,0,,,,,,,,,,up,,,,,up,,,,,,,,,,,,,,,,,,,,,,,,,,,,,,,,,,,up,,,,,,,,,,,,,,,,,,,,,,,,,,,,,,,,,,,,,,,,,,,,,,up,,,,,,,
Bullet Catch,2013-04-06,,0,0,0,0,0,0,,,,,,,,,,,,,,,,,,,,,,,,,,,,,,,,,,,,,,,,,,,,,,,,,,,,,,,,,,,,,,,,,,,,,,,,,,,,,,,,,,,,,,,,,,,,,,,,,,,,,,,
Bunty Berman Presents,2013-04-08,,0,0,0,0,0,0,,,,,,,,,,,,,,,,,,,,,,,,,,,,,,,,,,,,,,,,,,,,,,,,,,,,,,,,,,,,,,,,,,,,,,,,,,,,,,,,,,,,,,,,,,,,,,,,,,,,,,,
RSC's Julius Caesar,2013-04-10,,0,0,0,0,0,0,,,,,,,,,,,,,,,,,,,,,,,,,,,,,,,,,,,,,,,,,,,,,,,,,,,,,,,,,,,,,,,,,,,,,,,,,,,,,,,,,,,,,,,,,,,,,,,,,,,,,,,
Matilda the Musical,2013-04-11,,0,0,5,5,0,0,,,,,,,up,,,up,,,,,,,,,,,,,,,up,,,,,,,,,,,,,,,,,,,,,,,,,up,,,,,,,,,,,,,,,,,,,,,,,,,,,,,,,,,,,,,,,,,,,,,,,,,,,,,up
Motown The Musical,2013-04-14,,0,0,5,0,2,3,,,down,,,down,down,,,,,,,,,,,,,,,,,,,,,,,,,,,,,,,meh,,,,,,,,,,,,meh,,,,,,,,,,,,,,,,,,,,,,,,,,,,,,,,,,,,,,,,,,,,,,,,,,,,,
The Nance,2013-04-15,,0,0,5,3,2,0,,,meh,,,up,,,,,,,,,,,,,,,,up,,,,,,up,,,,,,,,,,,,,,,,,,,,,,meh,,,,,,,,,,,,,,,,,,,,,,,,,,,,,,,,,,,,,,,,,,,,,,,,,,,,,
Transport Group's The Memory Show,2013-04-16,,0,0,0,0,0,0,,,,,,,,,,,,,,,,,,,,,,,,,,,,,,,,,,,,,,,,,,,,,,,,,,,,,,,,,,,,,,,,,,,,,,,,,,,,,,,,,,,,,,,,,,,,,,,,,,,,,,,
The Rascals: Once Upon A Dream (Richard Rodgers),2013-04-16,,0,0,0,0,0,0,,,,,,,,,,,,,,,,,,,,,,,,,,,,,,,,,,,,,,,,,,,,,,,,,,,,,,,,,,,,,,,,,,,,,,,,,,,,,,,,,,,,,,,,,,,,,,,,,,,,,,,
The Big Knife,2013-04-16,,0,0,5,2,1,2,,,down,,,,meh,,,,,,,,,,,,,,,,,,,,up,up,,,,,,,,,,,,,,,,,,,,,,down,,,,,,,,,,,,,,,,,,,,,,,,,,,,,,,,,,,,,,,,,,,,,,,,,,,,,
The Assembled Parties,2013-04-17,,0,0,5,5,0,0,,,,,,up,,,,,,,,,,,,,,,,up,,,,,up,,,,,,,,,,,,,,,,,,,,,,,up,,,,,,,,,,,,,,,,,,,,,,,,,,,,,,,,,,,,,,,,,,,,up,,,,,,,,,
Orphans,2013-04-18,,0,0,5,1,1,3,,,,,,down,down,,,,,,,,,,,,,,,,,,,,up,,,,,,,,,,,,,,,,,,,,,,,down,,,,,,,,,,,,,,,,,,,,,,,,,,,,,,,,,,,,,,,,,,,,,,,,,,meh,,,
Jekyll & Hyde,2013-04-18,,0,0,5,1,1,3,,,,,,up,,,,,,,,,,,,,,,,down,,,,,meh,,,,,,,,,,,,,,,,,,,,,,,down,,,,,,,,,,,,,,,,,,,,,,,,,,,,,,,,,,,,,,,,,,,,,,,,,,down,,,
Macbeth (2013),2013-04-21,,0,0,5,4,1,0,,,,,,up,,,,,,,,,,,,,,,,up,,,,,up,,,,,,,,,,,,,,,,,,,,,,,meh,,,,,,,,,,,,,,,,,,,,,,,,,,,,,,,,,,,,,,,,,,,,,,,,up,,,,,
The Testament of Mary,2013-04-22,,0,0,5,3,1,1,,,up,,,meh,,,,,,,,,,,,,,,,,,,,,up,,,,,,,,,,,,,,,,,,,,,,,down,,,,,,,,,,,,,,,,,,,,,,,,,,,,,,,,,,,,,,,,,,,,,,,,,,up,,,
The Trip to Bountiful,2013-04-23,,0,0,5,3,2,0,,,up,,,up,,,,,,,,,,,,,,,,up,,,,,meh,,,,,,,,,,,,,,,,,,,,,,,meh,,,,,,,,,,,,,,,,,,,,,,,,,,,,,,,,,,,,,,,,,,,,,,,,,,,,,
I'll Eat You Last,2013-04-24,,0,0,5,2,3,0,,,meh,,,,,,,meh,,,,,,,,,,,,,,,,,up,,meh,,,,,,,,,,,,,,,,,,,,,up,,,,,,,,,,,,,,,,,,,,,,,,,,,,,,,,,,,,,,,,,,,,,,,,,,,,,
Bull,2013-04-25,,0,0,0,0,0,0,,,,,,,,,,,,,,,,,,,,,,,,,,,,,,,,,,,,,,,,,,,,,,,,,,,,,,,,,,,,,,,,,,,,,,,,,,,,,,,,,,,,,,,,,,,,,,,,,,,,,,,
Pippin,2013-04-25,,0,0,5,4,1,0,,,,,,up,,,,,,,,,,,,,,,,up,,,,,up,,,,,,,,,,,,,,,,,,,,,,,meh,,,,,,,,,,,,,,,,,,,,,,,,,,,,,,,,,,,,,,,,,,,,,,up,,,,,,,
A Public Reading of an Unproduced Screenplay About the Death of Walt Disney,2013-04-30,,0,0,0,0,0,0,,,,,,,,,,,,,,,,,,,,,,,,,,,,,,,,,,,,,,,,,,,,,,,,,,,,,,,,,,,,,,,,,,,,,,,,,,,,,,,,,,,,,,,,,,,,,,,,,,,,,,,
Fiasco Theater's Into the Woods,2013-05-03,,0,0,0,0,0,0,,,,,,,,,,,,,,,,,,,,,,,,,,,,,,,,,,,,,,,,,,,,,,,,,,,,,,,,,,,,,,,,,,,,,,,,,,,,,,,,,,,,,,,,,,,,,,,,,,,,,,,
Old Fashioned Prostitutes (A True Romance),2013-05-07,,0,0,3,1,1,1,,,down,,,,,,,,,,,,,,,,,,,,,,,,,,,,,,,,,,,,,,,meh,,,,,,,,up,,,,,,,,,,,,,,,,,,,,,,,,,,,,,,,,,,,,,,,,,,,,,,,,,,,,,
The Golden Dragon,2013-05-08,,0,0,0,0,0,0,,,,,,,,,,,,,,,,,,,,,,,,,,,,,,,,,,,,,,,,,,,,,,,,,,,,,,,,,,,,,,,,,,,,,,,,,,,,,,,,,,,,,,,,,,,,,,,,,,,,,,,
On Your Toes,2013-05-08,,0,0,1,1,0,0,,,,,,,,,,,,,,,,,,,,,,,,,,,,,,,,,,,,,,,,,,,,,,,,,,up,,,,,,,,,,,,,,,,,,,,,,,,,,,,,,,,,,,,,,,,,,,,,,,,,,,,,
A Family For All Occasions,2013-05-12,,0,0,1,0,0,1,,,,,,,,,,,,,,,,,,,,,,,,,,,,,,,,,,,,,,,,,,,,,,,,,,down,,,,,,,,,,,,,,,,,,,,,,,,,,,,,,,,,,,,,,,,,,,,,,,,,,,,,
The Master Builder,2013-05-20,,0,0,1,0,1,0,,,,,,,,,,,,,,,,,,,,,,,,,,,,,,,,,,,,,,,,,,,,,,,,,,meh,,,,,,,,,,,,,,,,,,,,,,,,,,,,,,,,,,,,,,,,,,,,,,,,,,,,,
Around the World in 80 Days,2013-05-30,,0,0,1,1,0,0,,,,,,,,,,,,,,,,,,,,,,,,,,,,,,,,,,,,,,,,,,up,,,,,,,,,,,,,,,,,,,,,,,,,,,,,,,,,,,,,,,,,,,,,,,,,,,,,,,,,,,,,
The Giacomo Variations,2013-05-30,,0,0,1,0,0,1,,,,,,,,,,,,,,,,,,,,,,,,,,,,,,,,,,,,,,,,,,,,,,,,,,down,,,,,,,,,,,,,,,,,,,,,,,,,,,,,,,,,,,,,,,,,,,,,,,,,,,,,
Far From Heaven,2013-06-02,,0,0,1,0,1,0,,,,,,,,,,,,,,,,,,,,,,,,,,,,,,,,,,,,,,,,,,,,,,,,,,meh,,,,,,,,,,,,,,,,,,,,,,,,,,,,,,,,,,,,,,,,,,,,,,,,,,,,,
3 Kinds of Exile,2013-06-11,,0,0,1,0,1,0,,,,,,,,,,,,,,,,,,,,,,,,,,,,,,,,,,,,,,,,,,,,,,,,,,meh,,,,,,,,,,,,,,,,,,,,,,,,,,,,,,,,,,,,,,,,,,,,,,,,,,,,,
Reasons to Be Happy,2013-06-11,,0,0,1,1,0,0,,,,,,,,,,,,,,,,,,,,,,,,,,,,,,,,,,,,,,,,,,,,,,,,,,up,,,,,,,,,,,,,,,,,,,,,,,,,,,,,,,,,,,,,,,,,,,,,,,,,,,,,
A Kid Like Jake,2013-06-17,,0,0,1,0,1,0,,,,,,,,,,,,,,,,,,,,,,,,,,,,,,,,,,,,,,,,,,,,,,,,,,meh,,,,,,,,,,,,,,,,,,,,,,,,,,,,,,,,,,,,,,,,,,,,,,,,,,,,,
The Comedy of Errors,2013-06-18,,0,0,1,1,0,0,,,,,,,,,,,,,,,,,,,,,,,,,,,,,,,,,,,,,,,,,,,,,,,,,,up,,,,,,,,,,,,,,,,,,,,,,,,,,,,,,,,,,,,,,,,,,,,,,,,,,,,,
On the Town (Barrington Stage Company),2013-06-19,,0,0,1,1,0,0,,,,,,,,,,,,,,,,,,,,,,,,,,,,,,,,,,,,,,,,,,,,,,,,,,up,,,,,,,,,,,,,,,,,,,,,,,,,,,,,,,,,,,,,,,,,,,,,,,,,,,,,
The Two-Character Play,2013-06-19,,0,0,1,0,1,0,,,,,,,,,,,,,,,,,,,,,,,,,,,,,,,,,,,,,,,,,,,,,,,,,,meh,,,,,,,,,,,,,,,,,,,,,,,,,,,,,,,,,,,,,,,,,,,,,,,,,,,,,
The Explorers Club,2013-06-20,,0,0,1,1,0,0,,,,,,,,,,,,,,,,,,,,,,,,,,,,,,,,,,,,,,,,,,,,,,,,,,up,,,,,,,,,,,,,,,,,,,,,,,,,,,,,,,,,,,,,,,,,,,,,,,,,,,,,
Buyer and Cellar,2013-06-24,,0,0,3,2,1,0,,,,,,,,,,,,,meh,,,,,,,,,,,,,,,,,,,,,,,,up,,,,,,,,,,,,,,,,,,,,,,,,,,,,,,,,,,,,,,,,,,,,,,,,,,,,,,,,,,,,,up,,,,,
Charlie and the Chocolate Factory,2013-06-25,,0,0,1,0,0,1,,,,,,,,,,,,,,,,,,,,,,,,,,,,,,,,,,,,,,,,,,,,,,,,,,down,,,,,,,,,,,,,,,,,,,,,,,,,,,,,,,,,,,,,,,,,,,,,,,,,,,,,
Choir Boy,2013-07-02,,0,0,1,1,0,0,,,,,,,,,,,,,,,,,,,,,,,,,,,,,,,,,,,,,,,,,,,,,,,,,,up,,,,,,,,,,,,,,,,,,,,,,,,,,,,,,,,,,,,,,,,,,,,,,,,,,,,,
The Old Woman 2013,2013-07-08,,0,0,1,1,0,0,,,,,,,,,,,,,,,,,,,,,,,,,,,,,,,,,,,,,,,,,,,,,,,,,,up,,,,,,,,,,,,,,,,,,,,,,,,,,,,,,,,,,,,,,,,,,,,,,,,,,,,,
Monkey: Journey to the West,2013-07-09,,0,0,1,0,0,1,,,,,,,,,,,,,,,,,,,,,,,,,,,,,,,,,,,,,,,,,,,,,,,,,,down,,,,,,,,,,,,,,,,,,,,,,,,,,,,,,,,,,,,,,,,,,,,,,,,,,,,,
Forever Tango,2013-07-14,,0,0,1,0,0,1,,,,,,,,,,,,,,,,,,,,,,,,,,,,,,,,,,,,,,,,,,,,,,,,,,down,,,,,,,,,,,,,,,,,,,,,,,,,,,,,,,,,,,,,,,,,,,,,,,,,,,,,
Violet at City Center,2013-07-18,,0,0,1,1,0,0,,,,,,,,,,,,,,,,,,,,,,,,,,,,,,,,,,,,,,,,,,,,,,,,,,up,,,,,,,,,,,,,,,,,,,,,,,,,,,,,,,,,,,,,,,,,,,,,,,,,,,,,
Nobody Loves You,2013-07-18,,0,0,1,1,0,0,,,,,,,,,,,,,,,,,,,,,,,,,,,,,,,,,,,,,,,,,,,,,,,,,,up,,,,,,,,,,,,,,,,,,,,,,,,,,,,,,,,,,,,,,,,,,,,,,,,,,,,,
iLuminate,2013-07-18,,0,0,1,1,0,0,,,,,,,,,,,,,,,,,,,,,,,,,,,,,,,,,,,,,,,,,,,,,,,,,,,,,,,,,,,,,,,,,,,,,,,,,,,,,,,,,,,,,,,,,,,up,,,,,,,,,,,,
Let it Be,2013-07-24,,0,0,5,3,1,1,,,down,,,up,,,,,,,,,,,,,,,,,,,,,up,,,,,,,,,,,,,,,,,,,,,,,up,,,,,,,,,,,,,,,,,,,,,,,,,,,,,,,,,,,,,,,,,,,,,,meh,,,,,,,
"Mr. Burns, a Post-Electric Play",2013-08-03,,0,0,0,0,0,0,,,,,,,,,,,,,,,,,,,,,,,,,,,,,,,,,,,,,,,,,,,,,,,,,,,,,,,,,,,,,,,,,,,,,,,,,,,,,,,,,,,,,,,,,,,,,,,,,,,,,,,
First Date,2013-08-04,,0,0,0,0,0,0,,,,,,,,,,,,,,,,,,,,,,,,,,,,,,,,,,,,,,,,,,,,,,,,,,,,,,,,,,,,,,,,,,,,,,,,,,,,,,,,,,,,,,,,,,,,,,,,,,,,,,,
The Jungle Book (Chicago),2013-08-06,,0,0,1,1,0,0,,,,,,,,,,,,,,,,,,,,,,,,,,,,,,,,,,,,,,,,,,,,,,,,,,up,,,,,,,,,,,,,,,,,,,,,,,,,,,,,,,,,,,,,,,,,,,,,,,,,,,,,
Love's Labour's Lost (Shakespeare in the Park),2013-08-12,,0,0,1,0,1,0,,,,,,,,,,,,,,,,,,,,,,,,,,,,,,,,,,,,,,,,,,,,,,,,,,meh,,,,,,,,,,,,,,,,,,,,,,,,,,,,,,,,,,,,,,,,,,,,,,,,,,,,,
SOUL DOCTOR: Journey of a Rock-Star Rabbi,2013-08-15,,0,0,5,1,0,4,,,,,,down,,,,,,,,,,,,,,,,down,,,,,,,,,,,,,,,,,,,,,,,,,,,,down,,,up,,,,,,,,,,,,,,,,,,,,,,,,,,,,,,,,,,,,,,,,,,,,,down,,,,,
Everything Is Ours,2013-08-31,,0,0,0,0,0,0,,,,,,,,,,,,,,,,,,,,,,,,,,,,,,,,,,,,,,,,,,,,,,,,,,,,,,,,,,,,,,,,,,,,,,,,,,,,,,,,,,,,,,,,,,,,,,,,,,,,,,,
The Machine,2013-09-04,,0,0,0,0,0,0,,,,,,,,,,,,,,,,,,,,,,,,,,,,,,,,,,,,,,,,,,,,,,,,,,,,,,,,,,,,,,,,,,,,,,,,,,,,,,,,,,,,,,,,,,,,,,,,,,,,,,,
The Tempest: Public Theater,2013-09-06,,0,0,1,1,0,0,,,,,,,,,,,,,,,,,,,,,,,,,,,,,,,,,,,,,,,,,,,,,,,,,,up,,,,,,,,,,,,,,,,,,,,,,,,,,,,,,,,,,,,,,,,,,,,,,,,,,,,,
All The Way (ART),2013-09-13,,0,0,0,0,0,0,,,,,,,,,,,,,,,,,,,,,,,,,,,,,,,,,,,,,,,,,,,,,,,,,,,,,,,,,,,,,,,,,,,,,,,,,,,,,,,,,,,,,,,,,,,,,,,,,,,,,,,
Romeo & Juliet,2013-09-19,,0,0,5,0,2,3,,,,,,down,,,,,,,down,,,,,,,,,,,,,,,,,,,,,,,,,,,,,,,,,,,,,meh,,,,,,,,,,,,,,,,,,,,,,,,,,,,,,,,,,,,,,,,,,,,meh,,,,,,,down,,
The Glass Menagerie,2013-09-26,,0,0,5,5,0,0,,,,,,up,,,,,,,,,,,,,,,,,,,,,up,,,,,,,,,,,,,,,,,,,,,,,up,,,up,,,,,,,,,,,,,,,,,,,,,,,,,,,,,,,,,,,,,,,,,,,,,up,,,,,
Big Fish,2013-10-06,,0,0,5,3,1,1,,,,,,,,,,up,,,up,,,,,,,,,up,,,,,,,,,,,,,,,meh,,,,,,,,,,,,,down,,,,,,,,,,,,,,,,,,,,,,,,,,,,,,,,,,,,,,,,,,,,,,,,,,,,,
Honeymoon in Vegas,2013-10-09,,0,0,1,1,0,0,,,,,,,,,,,,,,,,,,,,,,,,,,,,,,,,,,,,,,,,,,,,,,,,,,up,,,,,,,,,,,,,,,,,,,,,,,,,,,,,,,,,,,,,,,,,,,,,,,,,,,,,
Julius Caesar,2013-10-09,,0,0,1,1,0,0,,,,,,,,,,,,,,,,,,,,,,,,,,,,,,,,,,,,,,,,,,,,,,,,,,up,,,,,,,,,,,,,,,,,,,,,,,,,,,,,,,,,,,,,,,,,,,,,,,,,,,,,
Bronx Bombers (off-broadway),2013-10-09,,0,0,1,0,0,1,,,,,,,,,,,,,,,,,,,,,,,,,,,,,,,,,,,,,,,,,,,,,,,,,,down,,,,,,,,,,,,,,,,,,,,,,,,,,,,,,,,,,,,,,,,,,,,,,,,,,,,,
A Night With Janis Joplin,2013-10-10,,0,0,5,2,1,2,,,,,,up,,,,,,,up,,,,,,,,,,,,,,down,,,,,,,,,,,,,,,,,,,,,,,meh,,,,,,,,,,,,,,,,,,,,,,,,,,,,,,,,,,,,,,,,,,,,,,,,down,,,,,
Gettin' the Band Back Together,2013-10-10,,0,0,5,5,0,0,,,,,up,,,,,,,,up,up,,,up,,,,,,,,,,,,,,,,,,,,,,,,,,,,,,,,,up,,,,,,,,,,,,,,,,,,,,,,,,,,,,,,,,,,,,,,,,,,,,,,,,,,,,,
A Mind-Bending Evening of Beckett,2013-10-16,,0,0,0,0,0,0,,,,,,,,,,,,,,,,,,,,,,,,,,,,,,,,,,,,,,,,,,,,,,,,,,,,,,,,,,,,,,,,,,,,,,,,,,,,,,,,,,,,,,,,,,,,,,,,,,,,,,,
The Winslow Boy,2013-10-17,,0,0,5,5,0,0,,,,,,up,,,,,,,,,,,,,,,,,,,,,up,,,,,,,,,,up,,,,,,,,,,,,,up,,,up,,,,,,,,,,,,,,,,,,,,,,,,,,,,,,,,,,,,,,,,,,,,,,,,,,
RoosevElvis,2013-10-18,,0,0,1,1,0,0,,,,,,,,,,,,,,,,,,,,,,,,,,,,,,,,,,,,,,,,,,,,,,,,,,up,,,,,,,,,,,,,,,,,,,,,,,,,,,,,,,,,,,,,,,,,,,,,,,,,,,,,
A Time to Kill,2013-10-20,,0,0,5,0,1,4,,,,,,down,,,,,,,,,,,,,,,,meh,,,,,,,,,,,,,,,down,,,,,,,,,,,,,down,,,down,,,,,,,,,,,,,,,,,,,,,,,,,,,,,,,,,,,,,,,,,,,,,,,,,,
Luce,2013-10-21,,0,0,1,1,0,0,,,,,,,,,,,,,,,,,,,,,,,,,,,,,,,,,,,,,,,,,,,,,,,,,,up,,,,,,,,,,,,,,,,,,,,,,,,,,,,,,,,,,,,,,,,,,,,,,,,,,,,,
Fun Home,2013-10-22,,0,0,4,4,0,0,,,,,,,,,,,,,,,,,,,,,,,,,,,,,,,,,,,,,up,,,,,,,,,,,,,up,,,,,,,,,,,,,,,,,,,,,,,,,,,,,,,,,,,,,,,,,,,,up,,,,up,,,,,
The Landing,2013-10-23,,0,0,1,1,0,0,,,,,,,,,,,,,,,,,,,,,,,,,,,,,,,,,,,,,,,,,,,,,,,,,,up,,,,,,,,,,,,,,,,,,,,,,,,,,,,,,,,,,,,,,,,,,,,,,,,,,,,,
Year of the Rooster,2013-10-24,,0,0,1,1,0,0,,,,,,,,,,,,,,,,,,,,,,,,,,,,,,,,,,,,,,,,,,,,,,,,,,up,,,,,,,,,,,,,,,,,,,,,,,,,,,,,,,,,,,,,,,,,,,,,,,,,,,,,
In the Wine Time,2013-10-24,,0,0,0,0,0,0,,,,,,,,,,,,,,,,,,,,,,,,,,,,,,,,,,,,,,,,,,,,,,,,,,,,,,,,,,,,,,,,,,,,,,,,,,,,,,,,,,,,,,,,,,,,,,,,,,,,,,,
The Last Saint on Sugar Hill,2013-10-24,,0,0,0,0,0,0,,,,,,,,,,,,,,,,,,,,,,,,,,,,,,,,,,,,,,,,,,,,,,,,,,,,,,,,,,,,,,,,,,,,,,,,,,,,,,,,,,,,,,,,,,,,,,,,,,,,,,,
The Snow Geese,2013-10-24,,0,0,5,0,2,3,,,meh,,,,,,,,,,meh,,,,,,,,,,,,,,down,,,,,,,,,,,,,,,,,,,,,,,down,,,down,,,,,,,,,,,,,,,,,,,,,,,,,,,,,,,,,,,,,,,,,,,,,,,,,,
Betrayal,2013-10-27,,0,0,5,2,1,2,,,,,,,,,,,,,,,up,,,,,,,,,,,,up,,,,,,,,,,,,,,,,,,,,,,,down,,,meh,,,,,,,,,,,,,,,,,,,,,,,,,,down,,,,,,,,,,,,,,,,,,,,,,,,
Small Engine Repair,2013-10-30,,0,0,0,0,0,0,,,,,,,,,,,,,,,,,,,,,,,,,,,,,,,,,,,,,,,,,,,,,,,,,,,,,,,,,,,,,,,,,,,,,,,,,,,,,,,,,,,,,,,,,,,,,,,,,,,,,,,
Sleeping Beauty,2013-11-01,,0,0,0,0,0,0,,,,,,,,,,,,,,,,,,,,,,,,,,,,,,,,,,,,,,,,,,,,,,,,,,,,,,,,,,,,,,,,,,,,,,,,,,,,,,,,,,,,,,,,,,,,,,,,,,,,,,,
The Mutliated,2013-11-01,,0,0,0,0,0,0,,,,,,,,,,,,,,,,,,,,,,,,,,,,,,,,,,,,,,,,,,,,,,,,,,,,,,,,,,,,,,,,,,,,,,,,,,,,,,,,,,,,,,,,,,,,,,,,,,,,,,,
Strawberry & Chocolate,2013-11-01,,0,0,0,0,0,0,,,,,,,,,,,,,,,,,,,,,,,,,,,,,,,,,,,,,,,,,,,,,,,,,,,,,,,,,,,,,,,,,,,,,,,,,,,,,,,,,,,,,,,,,,,,,,,,,,,,,,,
After Midnight,2013-11-03,,0,0,7,7,0,0,,,,,,up,,,,,,,up,,,,,,,,,up,,,,,up,,,,,,,,,,up,,,,,,,,,,,,,up,,,,,,,,,,,,,,,,,,,,,,,,,,,,,,,,,,,,,,,,,,,,,,up,,,,,,,
Domesticated,2013-11-04,,0,0,4,1,3,0,,,,,,,,,,,,,,,,,,,,,,,,,,,meh,,,,,,,,,,up,,,,,,,,,,,,,meh,,,,,,,,,,,,,,,,,,,,,,,,,,,,,,,,,,,,,,,,,,,,,,,,meh,,,,,
Disaster!,2013-11-04,,0,0,3,2,1,0,,,,,,,,,,,,,,,,,,,,,,up,,,,,,,,,,,,,,,,,,,,,,,,,,,,meh,,,,,,,,,,,,,,,,,,,,,,,,,,,,,,,,,,,,,,,,,,,,up,,,,,,,,,
How I Learned What I Learned,2013-11-05,,0,0,0,0,0,0,,,,,,,,,,,,,,,,,,,,,,,,,,,,,,,,,,,,,,,,,,,,,,,,,,,,,,,,,,,,,,,,,,,,,,,,,,,,,,,,,,,,,,,,,,,,,,,,,,,,,,,
Nothing to Hide,2013-11-06,,0,0,3,2,1,0,,,,,,,,,,,,,,,,,,,,,,,,,,,,,,,,,,,,,,,meh,,,up,,,,,,,,up,,,,,,,,,,,,,,,,,,,,,,,,,,,,,,,,,,,,,,,,,,,,,,,,,,,,,
An Enemy of the People,2013-11-06,,0,0,1,1,0,0,,,,,,,,,,,,,,,,,,,,,,,,,,,,,,,,,,,,,,,,,,,,,,,,,,up,,,,,,,,,,,,,,,,,,,,,,,,,,,,,,,,,,,,,,,,,,,,,,,,,,,,,
Sunset Baby,2013-11-06,,0,0,0,0,0,0,,,,,,,,,,,,,,,,,,,,,,,,,,,,,,,,,,,,,,,,,,,,,,,,,,,,,,,,,,,,,,,,,,,,,,,,,,,,,,,,,,,,,,,,,,,,,,,,,,,,,,,
One Night...,2013-11-06,,0,0,0,0,0,0,,,,,,,,,,,,,,,,,,,,,,,,,,,,,,,,,,,,,,,,,,,,,,,,,,,,,,,,,,,,,,,,,,,,,,,,,,,,,,,,,,,,,,,,,,,,,,,,,,,,,,,
Murder For Two,2013-11-06,,0,0,1,1,0,0,up,,,,,,,,,,,,,,,,,,,,,,,,,,,,,,,,,,,,,,,,,,,,,,,,,,,,,,,,,,,,,,,,,,,,,,,,,,,,,,,,,,,,,,,,,,,,,,,,,,,,,,
The Jacksonian,2013-11-07,,0,0,5,4,1,0,,,,,,,,,,,,,up,,,,,,,,,up,,,,,,,,,,,,,,,,,,,,,,,,,,,,up,,,meh,,,,,,,,,,,,,,,,,,,,,,,,,,,,,,,,,,,,,,up,,,,,,,,,,,,
La Soiree,2013-11-07,,0,0,4,3,1,0,,,,,,,,,,,,,,,,,,,,,,up,,,,,,,,,,,,,,,,,,,,,,,,,,,,meh,,,,,,,,,,,,,,,,,,,,,,,,,,,,,,,,,,,,,,,,,up,,,up,,,,,,,,,
Cloven Tongues,2013-11-08,,0,0,0,0,0,0,,,,,,,,,,,,,,,,,,,,,,,,,,,,,,,,,,,,,,,,,,,,,,,,,,,,,,,,,,,,,,,,,,,,,,,,,,,,,,,,,,,,,,,,,,,,,,,,,,,,,,,
Radio City Christmas Spectacular,2013-11-08,,0,0,0,0,0,0,,,,,,,,,,,,,,,,,,,,,,,,,,,,,,,,,,,,,,,,,,,,,,,,,,,,,,,,,,,,,,,,,,,,,,,,,,,,,,,,,,,,,,,,,,,,,,,,,,,,,,,
TWELFTH NIGHT AND RICHARD III,2013-11-10,,0,0,7,6,1,0,,,,,,,,,,,,,,,,,,,,,,up,,,,,up,,,,,,,,,,meh,,,,,,,,,,,,,up,,,,,,,,,,,,,,,,,,,,,,,,,,,,,,,up,,,,,,,,,,,,,,,up,,up,,,,,
Lies My Father Told Me,2013-11-10,,0,0,0,0,0,0,,,,,,,,,,,,,,,,,,,,,,,,,,,,,,,,,,,,,,,,,,,,,,,,,,,,,,,,,,,,,,,,,,,,,,,,,,,,,,,,,,,,,,,,,,,,,,,,,,,,,,,
Family Furniture,2013-11-12,,0,0,0,0,0,0,,,,,,,,,,,,,,,,,,,,,,,,,,,,,,,,,,,,,,,,,,,,,,,,,,,,,,,,,,,,,,,,,,,,,,,,,,,,,,,,,,,,,,,,,,,,,,,,,,,,,,,
And Away We Go,2013-11-12,,0,0,0,0,0,0,,,,,,,,,,,,,,,,,,,,,,,,,,,,,,,,,,,,,,,,,,,,,,,,,,,,,,,,,,,,,,,,,,,,,,,,,,,,,,,,,,,,,,,,,,,,,,,,,,,,,,,
Water,2013-11-13,,0,0,1,0,1,0,,,,,,,,,,,,,,,,,,,,,,,,,,,,,,,,,,,,,,,,,,,,,,,,,,meh,,,,,,,,,,,,,,,,,,,,,,,,,,,,,,,,,,,,,,,,,,,,,,,,,,,,,
Little Miss Sunshine,2013-11-14,,0,0,5,1,2,2,,,,,,,,,,,,,,,,,,,,,,,,,,,down,,,,,,,,,,meh,,,,,,,,,,,,,meh,,,up,,,,,,,,,,,,,,,,,,,,,,,,,,,,,,,,,,,,,,,,,down,,,,,,,,,
Every Day A Visitor,2013-11-14,,0,0,0,0,0,0,,,,,,,,,,,,,,,,,,,,,,,,,,,,,,,,,,,,,,,,,,,,,,,,,,,,,,,,,,,,,,,,,,,,,,,,,,,,,,,,,,,,,,,,,,,,,,,,,,,,,,,
This is My Office,2013-11-15,,0,0,1,0,0,1,,,,,,,,,,,,,,,,,,,,,,,,,,,,,,,,,,,,,,,,,,,,,,,,,,down,,,,,,,,,,,,,,,,,,,,,,,,,,,,,,,,,,,,,,,,,,,,,,,,,,,,,
A Christmas Carol (St. Clement's),2013-11-16,,0,0,0,0,0,0,,,,,,,,,,,,,,,,,,,,,,,,,,,,,,,,,,,,,,,,,,,,,,,,,,,,,,,,,,,,,,,,,,,,,,,,,,,,,,,,,,,,,,,,,,,,,,,,,,,,,,,
A Gentleman's Guide to Love and Murder,2013-11-17,,0,0,7,7,0,0,,,,,,,,,,,,,up,,,,,,,,,up,,,,,up,,,,,,,,,,,,,,,,,,,,,,,up,,,,,,,,,,,,,,,,,,,,up,,,,,,,,,,,,,,,,,,,,,,,,,,up,,up,,,,,
Taking Care of Baby,2013-11-19,,0,0,5,3,2,0,,,,,,,,,,,,,,,,,,,,,,meh,,,,,,,,,,,,,,,,,,,up,,,,,,,,,meh,,,,,,,,,,,,,,,,,,,,,,,,,,,,,,,,,,,,,,,,,up,,,up,,,,,,,,,
"Too Much, Too Much, Too Many",2013-11-20,,0,0,5,2,3,0,,,,,,,,,,,,,,,,,,,,,,meh,,,,,,,,,,,,,,,,,up,,,,,,,,,,,meh,,,,,,,,,,,,,,,,,,,,,,,,,,,,,,,,,,,,,,,,,up,,,meh,,,,,,,,,
The Commons of Pensacola,2013-11-21,,0,0,5,2,3,0,,,,,,,,,,,,,,,,,,,,,,,,,,,up,,,,,,,,,,,,meh,,,,,,,,,,,up,,,,,,,,,,,,,,,,,,,,,,,,,,,,,,,,,,,,,,,,,,,,,,,,meh,,meh,,,
Macbeth LCT,2013-11-21,,0,0,6,1,1,4,,,,,,up,,,,,,,,,,,,,,,,meh,,,,,down,,,,,,,,,,,,,,,,,,,,,,,down,,,,,,,,,,,,,,,,,,,,,,,,,,,,,,,,,,,,,,,,,,,,,,down,,,,down,,,
Regular Singing,2013-11-24,,0,0,5,4,1,0,,,,,,,,,,,,,,,,,,,,,,up,,,,,,,,,,,,,,,,,,,,,,,,,meh,,,up,,,,,,,,,,,,,,,,,,,,up,,,,,,,,,,,,,,,,,,,,,up,,,,,,,,,,,,
No Man's Land/Waiting for Godot,2013-11-24,,0,0,7,7,0,0,,,,,,up,,,,,,,up,,,,,,,,,,,,,,up,,,,,,,,,,up,,,,,,,,,,,,,up,,,up,,,,,,,,,,,,,,,,,,,,,,,,,,,,,,,,,,,,,,,,,,,,,up,,,,,
Self,2013-11-27,,0,0,0,0,0,0,,,,,,,,,,,,,,,,,,,,,,,,,,,,,,,,,,,,,,,,,,,,,,,,,,,,,,,,,,,,,,,,,,,,,,,,,,,,,,,,,,,,,,,,,,,,,,,,,,,,,,,
Handle With Care,2013-12-03,,0,0,0,0,0,0,,,,,,,,,,,,,,,,,,,,,,,,,,,,,,,,,,,,,,,,,,,,,,,,,,,,,,,,,,,,,,,,,,,,,,,,,,,,,,,,,,,,,,,,,,,,,,,,,,,,,,,
Bodycast,2013-12-04,,0,0,1,1,0,0,,,,,,,,,,,,,,,,,,,,,,,,,,,,,,,,,,,,,,,,,,,,,,,,,,up,,,,,,,,,,,,,,,,,,,,,,,,,,,,,,,,,,,,,,,,,,,,,,,,,,,,,
Struck,2013-12-05,,0,0,0,0,0,0,,,,,,,,,,,,,,,,,,,,,,,,,,,,,,,,,,,,,,,,,,,,,,,,,,,,,,,,,,,,,,,,,,,,,,,,,,,,,,,,,,,,,,,,,,,,,,,,,,,,,,,
Cheri,2013-12-08,,0,0,4,1,3,0,,,,meh,,,,,,,,,,,,,,,,,,,,,,,,,,,,,,,,,,,,,,,,,,,,,,meh,,,,,,,,,,,,,,,,,,,,up,,,,,,,,,,,,,,,,,,,,,meh,,,,,,,,,,,,
The (Curious Case of the) Watson Intelligence,2013-12-09,,0,0,5,2,3,0,,,,,,,,,,,,,meh,,,,,,,,,up,,,,,,,,,,,,,,,,,meh,,,,,,,,,,,meh,,,,,,,,,,,,,,,,,,,,,,,,,,,,,,,,,,,,,,,,,,,,up,,,,,,,,,
The Rime of the Ancient Mariner,2013-12-10,,0,0,3,1,2,0,,,,,,,,,,,,,,,,,,,,,,,,,,,,,,,,,,,,,,,,,,,,,,,,,,meh,,,,,,,,up,,,,,,,,,,,,,,,,,,,,,,,,,,,,,,,,,,,,,,,,,,meh,,,
Blue Wizard/Black Wizard,2013-12-11,,0,0,1,0,1,0,,,,,,,,,,,,,,,,,,,,,,,,,,,,,,,,,,,,,,,,,,,,,,,,,,meh,,,,,,,,,,,,,,,,,,,,,,,,,,,,,,,,,,,,,,,,,,,,,,,,,,,,,
"A Christmas Story, The Musical",2013-12-11,,0,0,3,3,0,0,,,,,,,,,,,,,,,,,,,,,,,,,,,,up,,,,,,,,,,,,,,,,,,,,,,,,,,,,up,,,,,,,,,,,,,,,,,,,,,,,,,,,,,,,,,,,up,,,,,,,,,,,,
Wolf Hall and Bring Up The Bodies (LONDON),2013-12-11,,0,0,0,0,0,0,,,,,,,,,,,,,,,,,,,,,,,,,,,,,,,,,,,,,,,,,,,,,,,,,,,,,,,,,,,,,,,,,,,,,,,,,,,,,,,,,,,,,,,,,,,,,,,,,,,,,,,
The Night Alive,2013-12-12,,0,0,6,4,2,0,up,,,,,,,,,,,,up,,,,,,,,,,,,,,up,,,,,,,,,,,,meh,,,,,,,,,,,up,,,,,meh,,,,,,,,,,,,,,,,,,,,,,,,,,,,,,,,,,,,,,,,,,,,,,,,
What We Know,2013-12-12,,0,0,1,0,0,1,,,,,,,,,,,,,,,,,,,,,,,,,,,,,,,,,,,,,,,,,,,,,,,,,,down,,,,,,,,,,,,,,,,,,,,,,,,,,,,,,,,,,,,,,,,,,,,,,,,,,,,,
The Life and Death of Marina Abramovic,2013-12-13,,0,0,1,0,1,0,,,,,,,,,,,,,,,,,,,,,,,,,,,,,,,,,,,,,,,,,,,,,,,,,,meh,,,,,,,,,,,,,,,,,,,,,,,,,,,,,,,,,,,,,,,,,,,,,,,,,,,,,
"Love, Linda: The Life of Mrs. Cole Porter",2013-12-15,,0,0,1,0,0,1,,,,,,,,,,,,,,,,,,,,,,,,,,,,,,,,,,,,,,,,,,,,,,,,,,down,,,,,,,,,,,,,,,,,,,,,,,,,,,,,,,,,,,,,,,,,,,,,,,,,,,,,
A Piece of Work,2013-12-18,,0,0,1,0,1,0,,,,,,,,,,,,,,,,,,,,,,,,,,,,,,,,,,,,,,,,,,,,,,,,,,meh,,,,,,,,,,,,,,,,,,,,,,,,,,,,,,,,,,,,,,,,,,,,,,,,,,,,,
Tyson vs. Ali,2014-01-03,,0,0,0,0,0,0,,,,,,,,,,,,,,,,,,,,,,,,,,,,,,,,,,,,,,,,,,,,,,,,,,,,,,,,,,,,,,,,,,,,,,,,,,,,,,,,,,,,,,,,,,,,,,,,,,,,,,,
King Lear (BAM 2014),2014-01-07,,0,0,0,0,0,0,,,,,,,,,,,,,,,,,,,,,,,,,,,,,,,,,,,,,,,,,,,,,,,,,,,,,,,,,,,,,,,,,,,,,,,,,,,,,,,,,,,,,,,,,,,,,,,,,,,,,,,
Cherokee,2014-01-08,,0,0,0,0,0,0,,,,,,,,,,,,,,,,,,,,,,,,,,,,,,,,,,,,,,,,,,,,,,,,,,,,,,,,,,,,,,,,,,,,,,,,,,,,,,,,,,,,,,,,,,,,,,,,,,,,,,,
Grounded,2014-01-08,,0,0,0,0,0,0,,,,,,,,,,,,,,,,,,,,,,,,,,,,,,,,,,,,,,,,,,,,,,,,,,,,,,,,,,,,,,,,,,,,,,,,,,,,,,,,,,,,,,,,,,,,,,,,,,,,,,,
The Loneliness of the Long Distance Runner,2014-01-08,,0,0,0,0,0,0,,,,,,,,,,,,,,,,,,,,,,,,,,,,,,,,,,,,,,,,,,,,,,,,,,,,,,,,,,,,,,,,,,,,,,,,,,,,,,,,,,,,,,,,,,,,,,,,,,,,,,,
Thank You for Being a Friend,2014-01-08,,0,0,0,0,0,0,,,,,,,,,,,,,,,,,,,,,,,,,,,,,,,,,,,,,,,,,,,,,,,,,,,,,,,,,,,,,,,,,,,,,,,,,,,,,,,,,,,,,,,,,,,,,,,,,,,,,,,
Craving for Travel,2014-01-09,,0,0,0,0,0,0,,,,,,,,,,,,,,,,,,,,,,,,,,,,,,,,,,,,,,,,,,,,,,,,,,,,,,,,,,,,,,,,,,,,,,,,,,,,,,,,,,,,,,,,,,,,,,,,,,,,,,,
I Am the Wind,2014-01-09,,0,0,0,0,0,0,,,,,,,,,,,,,,,,,,,,,,,,,,,,,,,,,,,,,,,,,,,,,,,,,,,,,,,,,,,,,,,,,,,,,,,,,,,,,,,,,,,,,,,,,,,,,,,,,,,,,,,
Fences,2014-01-10,,0,0,1,1,0,0,,,,,,,,,,,,,,,,,up,,,,,,,,,,,,,,,,,,,,,,,,,,,,,,,,,,,,,,,,,,,,,,,,,,,,,,,,,,,,,,,,,,,,,,,,,,,,,,,,,,,,,,
The Record,2014-01-10,,0,0,1,1,0,0,,,,,,,,,,,,,,,,,,,,,,,,,,,,,,,,,,,,,,,,,,,,,,,,,,up,,,,,,,,,,,,,,,,,,,,,,,,,,,,,,,,,,,,,,,,,,,,,,,,,,,,,
Ellen Terry With Eileen Atkins (London),2014-01-12,,0,0,0,0,0,0,,,,,,,,,,,,,,,,,,,,,,,,,,,,,,,,,,,,,,,,,,,,,,,,,,,,,,,,,,,,,,,,,,,,,,,,,,,,,,,,,,,,,,,,,,,,,,,,,,,,,,,
Beautiful: The Carole King Musical,2014-01-12,,0,0,6,5,1,0,,,up,,,,,,,,,,,,,,,,,,,up,,,,,up,up,,,,,,,,,up,,,,,,,,,,,,,meh,,,,,,,,,,,,,,,,,,,,,,,,,,,,,,,,,,,,,,,,,,,,,,,,,,,,,
Take Me Home,2014-01-13,,0,0,1,1,0,0,,,,,,,,,,,,,,,,,,,,,,,,,,,,,,,,,,,,,,,,,,,,,,,,,,,,,,,,,,,,,,,,,,,,,,,up,,,,,,,,,,,,,,,,,,,,,,,,,,,,,,,,
King Lear (London),2014-01-14,,0,0,0,0,0,0,,,,,,,,,,,,,,,,,,,,,,,,,,,,,,,,,,,,,,,,,,,,,,,,,,,,,,,,,,,,,,,,,,,,,,,,,,,,,,,,,,,,,,,,,,,,,,,,,,,,,,,
My Daughter Keeps Our Hammer,2014-01-15,,0,0,0,0,0,0,,,,,,,,,,,,,,,,,,,,,,,,,,,,,,,,,,,,,,,,,,,,,,,,,,,,,,,,,,,,,,,,,,,,,,,,,,,,,,,,,,,,,,,,,,,,,,,,,,,,,,,
Row After Row,2014-01-15,,0,0,0,0,0,0,,,,,,,,,,,,,,,,,,,,,,,,,,,,,,,,,,,,,,,,,,,,,,,,,,,,,,,,,,,,,,,,,,,,,,,,,,,,,,,,,,,,,,,,,,,,,,,,,,,,,,,
Machinal,2014-01-16,,0,0,7,5,2,0,,,up,,,,,,,,,,,,,,,,,,,meh,,,,,up,up,,,,,,,,,meh,,,up,,,,,,,,,,up,,,,,,,,,,,,,,,,,,,,,,,,,,,,,,,,,,,,,,,,,,,,,,,,,,,,,
Loot,2014-01-16,,0,0,4,0,2,2,,,,,,,,,,,,,,,,,,,,,,down,,,,,,,,,,,,,,,,,,,,,,,,,down,,,meh,,,,,,,,,,,,,,,,,,,,,,,,,,meh,,,,,,,,,,,,,,,,,,,,,,,,,,,
East Towards Home,2014-01-16,,0,0,0,0,0,0,,,,,,,,,,,,,,,,,,,,,,,,,,,,,,,,,,,,,,,,,,,,,,,,,,,,,,,,,,,,,,,,,,,,,,,,,,,,,,,,,,,,,,,,,,,,,,,,,,,,,,,
A Great Wilderness,2014-01-17,,0,0,0,0,0,0,,,,,,,,,,,,,,,,,,,,,,,,,,,,,,,,,,,,,,,,,,,,,,,,,,,,,,,,,,,,,,,,,,,,,,,,,,,,,,,,,,,,,,,,,,,,,,,,,,,,,,,
Luna Gale,2014-01-18,,0,0,0,0,0,0,,,,,,,,,,,,,,,,,,,,,,,,,,,,,,,,,,,,,,,,,,,,,,,,,,,,,,,,,,,,,,,,,,,,,,,,,,,,,,,,,,,,,,,,,,,,,,,,,,,,,,,
Almost Maine,2014-01-21,,0,0,0,0,0,0,,,,,,,,,,,,,,,,,,,,,,,,,,,,,,,,,,,,,,,,,,,,,,,,,,,,,,,,,,,,,,,,,,,,,,,,,,,,,,,,,,,,,,,,,,,,,,,,,,,,,,,
The Tribute Artist,2014-01-21,,0,0,1,1,0,0,,,,,,,,,,,,,,,,,,,,,,,,,,,,up,,,,,,,,,,,,,,,,,,,,,,,,,,,,,,,,,,,,,,,,,,,,,,,,,,,,,,,,,,,,,,,,,,,,,,,,,,,
I Call My Brothers,2014-01-22,,0,0,0,0,0,0,,,,,,,,,,,,,,,,,,,,,,,,,,,,,,,,,,,,,,,,,,,,,,,,,,,,,,,,,,,,,,,,,,,,,,,,,,,,,,,,,,,,,,,,,,,,,,,,,,,,,,,
Outside Mullingar,2014-01-23,,0,0,6,3,3,0,,,meh,,,,,,,,,,,,,,,,,,,meh,,,,,up,,,,,,,,,,up,,,,,,,,,,,,,up,,,meh,,,,,,,,,,,,,,,,,,,,,,,,,,,,,,,,,,,,,,,,,,,,,,,,,,
Stop Hitting Yourself,2014-01-27,,0,0,5,0,3,2,,,,,,,,,,,,,,,,,,,,,,meh,,,,,,,,,,,,,,,,,down,,,meh,,,,,,,,meh,,,,,,,,,,,,,,,,,,,,,,,,,,,,,,,,,,,,,,,,,,,,,,,,down,,,,,
The Wong Kids in the Secret of the Space Chupacabra Go!,2014-01-28,,0,0,0,0,0,0,,,,,,,,,,,,,,,,,,,,,,,,,,,,,,,,,,,,,,,,,,,,,,,,,,,,,,,,,,,,,,,,,,,,,,,,,,,,,,,,,,,,,,,,,,,,,,,,,,,,,,,
Rosencrantz and Guildenstern Are Dead,2014-01-28,,0,0,1,0,1,0,,,,,,,,,,,,,,,,,,,,,,,,,,,,,,,,,,,,,,,,,,,,,,,,,,,,,,,,,,,,,,,,,,,,,,,,,,,,,,,,,,,,,,,,,,,meh,,,,,,,,,,,,
Intimacy,2014-01-29,,0,0,5,0,2,3,,,,,,,,,,,,,,,,,,,,,,,,,,,,,,,,,,,,,,,meh,,,,,,,down,,,,meh,,,,,,,,,,,,,,,,,,,,down,,,,,,,,,,,,,,,,,,,,,,,,,,,,,,down,,,
Beertown,2014-01-29,,0,0,0,0,0,0,,,,,,,,,,,,,,,,,,,,,,,,,,,,,,,,,,,,,,,,,,,,,,,,,,,,,,,,,,,,,,,,,,,,,,,,,,,,,,,,,,,,,,,,,,,,,,,,,,,,,,,
Actress Fury,2014-01-29,,0,0,0,0,0,0,,,,,,,,,,,,,,,,,,,,,,,,,,,,,,,,,,,,,,,,,,,,,,,,,,,,,,,,,,,,,,,,,,,,,,,,,,,,,,,,,,,,,,,,,,,,,,,,,,,,,,,
A Man’s a Man,2014-01-30,,0,0,5,0,0,5,,,down,,,,,,,,,,,,,,,,,,,,,,down,,down,,,,,,,,,,,,,,,,,,,,,,,down,,,,,,,,,,,,,,,,,,,,,,,,,,,,,,,,,,,,,,,,,down,,,,,,,,,,,,
Adult,2014-01-30,,0,0,1,0,1,0,,,,,,,,,,,,,,,,,,,,,,,,,,,,,,,,,,,,,,,,,,,,,,,,,,meh,,,,,,,,,,,,,,,,,,,,,,,,,,,,,,,,,,,,,,,,,,,,,,,,,,,,,
The Chocolate Show,2014-02-01,,0,0,0,0,0,0,,,,,,,,,,,,,,,,,,,,,,,,,,,,,,,,,,,,,,,,,,,,,,,,,,,,,,,,,,,,,,,,,,,,,,,,,,,,,,,,,,,,,,,,,,,,,,,,,,,,,,,
Queen of the Night,2014-02-02,,0,0,4,4,0,0,,,,,,,,,,,,,,,,,,,,,,up,,,,,up,,,,,,,,,,,,,,,,,,,,,,,up,,,,,,,,,,,,,,,,,,,,,,,,,,,,,,,,,,,,,,,,,,,,,,,,,,up,,,
Philosophy For Gangsters,2014-02-04,,0,0,0,0,0,0,,,,,,,,,,,,,,,,,,,,,,,,,,,,,,,,,,,,,,,,,,,,,,,,,,,,,,,,,,,,,,,,,,,,,,,,,,,,,,,,,,,,,,,,,,,,,,,,,,,,,,,
Twelfth Night (Abrons Arts Center),2014-02-04,,0,0,1,1,0,0,,,,,,,,,,,,,,,,,,,,,,,,,,,,,,,,,,,,,,,,,,,,,,,,,,,,,,,,,,,,,,,,,,,,,,,,,,,,,,,,,,,,,,,,,,,up,,,,,,,,,,,,
Little Me,2014-02-05,,0,0,1,0,1,0,,,,,,,,,,,,,,,,,,,,,,,,,,,,,,,,,,,,,,,,,,,,,,,,,,meh,,,,,,,,,,,,,,,,,,,,,,,,,,,,,,,,,,,,,,,,,,,,,,,,,,,,,
Riding the Midnight Express,2014-02-05,,0,0,5,4,1,0,,,,,,,,,up,,,,,,,,up,,,,,,,,,,,,,,,,,,,,,,,,,,,,,,,,,up,,,,,,,,,,,,,,,,,,,,,,,,,,,,,,,,,,,,,,,,up,meh,,,,,,,,,,,,
Bronx Bombers,2014-02-06,,0,0,5,0,2,3,,,down,,,,,,,,,,,,,,,,,,,down,,,,,,,,,,,,,,,meh,,,,,,,,,,,,,meh,,,,,,,,,,,,,,,,,,,,,,,,,,,,,,,,,,,,,,,,,,,,down,,,,,,,,,
Bob Marley's Three Little Birds,2014-02-07,,0,0,0,0,0,0,,,,,,,,,,,,,,,,,,,,,,,,,,,,,,,,,,,,,,,,,,,,,,,,,,,,,,,,,,,,,,,,,,,,,,,,,,,,,,,,,,,,,,,,,,,,,,,,,,,,,,,
The Faire,2014-02-07,,0,0,1,1,0,0,,,,,,,,,,,,,,,,,,,,,,,,,,,,,,,,,,,,,,,,,,,,,,,up,,,,,,,,,,,,,,,,,,,,,,,,,,,,,,,,,,,,,,,,,,,,,,,,,,,,,,,,
Transport,2014-02-07,,0,0,0,0,0,0,,,,,,,,,,,,,,,,,,,,,,,,,,,,,,,,,,,,,,,,,,,,,,,,,,,,,,,,,,,,,,,,,,,,,,,,,,,,,,,,,,,,,,,,,,,,,,,,,,,,,,,
Stage Kiss,2014-02-07,,0,0,0,0,0,0,,,,,,,,,,,,,,,,,,,,,,,,,,,,,,,,,,,,,,,,,,,,,,,,,,,,,,,,,,,,,,,,,,,,,,,,,,,,,,,,,,,,,,,,,,,,,,,,,,,,,,,
Sex Tips for Straight Women From a Gay Man,2014-02-09,,0,0,4,3,0,1,,,,,,,,,,,,,up,,,,,,,,,,,,,,,,,,,,,,,,,,,,,,,,,,,,,down,,,,,,,,,,,,,,,,,,,,,,,,,,,,,,,,,,,,,,,,,up,up,,,,,,,,,,,
The Open House,2014-02-11,,0,0,0,0,0,0,,,,,,,,,,,,,,,,,,,,,,,,,,,,,,,,,,,,,,,,,,,,,,,,,,,,,,,,,,,,,,,,,,,,,,,,,,,,,,,,,,,,,,,,,,,,,,,,,,,,,,,
Ode to Joy,2014-02-12,,0,0,0,0,0,0,,,,,,,,,,,,,,,,,,,,,,,,,,,,,,,,,,,,,,,,,,,,,,,,,,,,,,,,,,,,,,,,,,,,,,,,,,,,,,,,,,,,,,,,,,,,,,,,,,,,,,,
Arlington,2014-02-12,,0,0,0,0,0,0,,,,,,,,,,,,,,,,,,,,,,,,,,,,,,,,,,,,,,,,,,,,,,,,,,,,,,,,,,,,,,,,,,,,,,,,,,,,,,,,,,,,,,,,,,,,,,,,,,,,,,,
The Correspondent,2014-02-13,,0,0,4,1,2,1,,,,,,,,,,,,,,,,,,,,,,meh,,,,,,,,,,,,,,,,,down,,,,,,,,,,,,,,,,,,,,,,,,,,,,,,,,,,,,,,,,,,,,,,,,,,,,up,,,,,,,meh,,,,,
Dinner With Friends,2014-02-13,,0,0,5,2,2,1,,,,,,up,,,,,,,,,,,,,,,,,,,,,,,,,,,,,,,,,meh,,,,,,,,,,,meh,,,,,,,,,,,,,,,,,,,,,,,,,,,,,,,,,,,,,,,,,down,,,,,,,,,up,,,
Sotto Voce,2014-02-15,,0,0,1,0,1,0,,,,,,,,,,,,,,,,,,,,,,,,,,,,,,,,,,,,,,,,,,,,,,,,,,meh,,,,,,,,,,,,,,,,,,,,,,,,,,,,,,,,,,,,,,,,,,,,,,,,,,,,,
Satchmo at the Waldorf,2014-02-15,,0,0,0,0,0,0,,,,,,,,,,,,,,,,,,,,,,,,,,,,,,,,,,,,,,,,,,,,,,,,,,,,,,,,,,,,,,,,,,,,,,,,,,,,,,,,,,,,,,,,,,,,,,,,,,,,,,,
Bikeman: A 9/11 Play,2014-02-18,,0,0,4,0,2,2,,,,,,,,,,,,,,,,,meh,,,,,,,,,,,,,,,,,,,,meh,down,,,,,,,,,,,,down,,,,,,,,,,,,,,,,,,,,,,,,,,,,,,,,,,,,,,,,,,,,,,,,,,,,,
Antony and Cleopatra,2014-02-18,,0,0,0,0,0,0,,,,,,,,,,,,,,,,,,,,,,,,,,,,,,,,,,,,,,,,,,,,,,,,,,,,,,,,,,,,,,,,,,,,,,,,,,,,,,,,,,,,,,,,,,,,,,,,,,,,,,,
Hand to God,2014-02-19,,0,0,0,0,0,0,,,,,,,,,,,,,,,,,,,,,,,,,,,,,,,,,,,,,,,,,,,,,,,,,,,,,,,,,,,,,,,,,,,,,,,,,,,,,,,,,,,,,,,,,,,,,,,,,,,,,,,
Love and Information,2014-02-19,,0,0,5,3,1,1,,,down,,,,,,,,,,,,,,,,,,,,,,,,,,,,,,,,,,,,,,,,,,,up,,,,up,,,,,,,,,,,,,,,,,,,,,,,,,,,,,,,,,,,,,,,,,meh,,,,,,,,,up,,,
Til Divorce Do Us Part,2014-02-19,,0,0,4,2,1,1,,,,,,,,,,,,,,,,,,,,,,,,,,,,,,,,,,,,,,,,,,,,,,,,,,up,,,,,,,,,,,,,,,,,,meh,,,,,,,,,,,,,,,,,,,,,,up,down,,,,,,,,,,,,
The Bridges of Madison County,2014-02-20,,0,0,5,4,1,0,,,,,,,,,,,,,,,,,,,,,,up,,,,,,,,,,,,,,,up,,,,,,,,,,,,,meh,,,up,,,,,,,,,,,,,,,,,,,,,,,,,,,,,,,,,,,,,,,,,up,,,,,,,,,
My Mother Has 4 Noses,2014-02-20,,0,0,3,2,1,0,,,,,,,,,,,,,,,,,,,,,,,,,,,,,,,,,,,,,up,,,,,,,,,,,,,up,,,,,,,,,,,,,,,,,,,,,,,,,,,,,,,,,,,,,,,,meh,,,,,,,,,,,,,
London Wall,2014-02-24,,0,0,5,5,0,0,,,,,,,,,,,,,up,,,,,,,,,,,,,,,,,,up,,,,,,,,,,,,,,,,,,,up,,,,,up,,,,,,,,,,,,,,,,,,,,,,,,,,,,,,,,,,,,,,,up,,,,,,,,,
Kung Fu,2014-02-24,,0,0,5,1,2,2,,,,,,,,,,,,,,,,,,,,,,,,,,,,,,,,,,,,,,,,,,,,,,,,,,down,,,down,,,,,,,,,,,,,,,,,,,,,,,,,,,,,,,,,,,,,,meh,,,,,up,,meh,,,,,
Appropriate,2014-02-25,,0,0,0,0,0,0,,,,,,,,,,,,,,,,,,,,,,,,,,,,,,,,,,,,,,,,,,,,,,,,,,,,,,,,,,,,,,,,,,,,,,,,,,,,,,,,,,,,,,,,,,,,,,,,,,,,,,,
No Exit,2014-02-25,,0,0,0,0,0,0,,,,,,,,,,,,,,,,,,,,,,,,,,,,,,,,,,,,,,,,,,,,,,,,,,,,,,,,,,,,,,,,,,,,,,,,,,,,,,,,,,,,,,,,,,,,,,,,,,,,,,,
Nothing on Earth Can Hold Houdini,2014-02-27,,0,0,0,0,0,0,,,,,,,,,,,,,,,,,,,,,,,,,,,,,,,,,,,,,,,,,,,,,,,,,,,,,,,,,,,,,,,,,,,,,,,,,,,,,,,,,,,,,,,,,,,,,,,,,,,,,,,
Measure for Measure,2014-02-28,,0,0,1,1,0,0,,,,,,,,,,,,,,,,,,,,,,,,,,,,,,,,,,,,,,,,,,,,,,,,,,up,,,,,,,,,,,,,,,,,,,,,,,,,,,,,,,,,,,,,,,,,,,,,,,,,,,,,
Character Man,2014-02-28,,0,0,0,0,0,0,,,,,,,,,,,,,,,,,,,,,,,,,,,,,,,,,,,,,,,,,,,,,,,,,,,,,,,,,,,,,,,,,,,,,,,,,,,,,,,,,,,,,,,,,,,,,,,,,,,,,,,
The Hero,2014-03-01,,0,0,0,0,0,0,,,,,,,,,,,,,,,,,,,,,,,,,,,,,,,,,,,,,,,,,,,,,,,,,,,,,,,,,,,,,,,,,,,,,,,,,,,,,,,,,,,,,,,,,,,,,,,,,,,,,,,
The Happiest Song Plays Last,2014-03-03,,0,0,5,2,3,0,,,,,,,,,,,,,,,,,,,,,,,,,,,,,,,,,,,,,,,meh,,,,,,,,,,,meh,,,,,,,,,,,,,,,,,,,,,,,,,,,,,,,,,,,,,,,,,up,,,up,,,,meh,,,,,
Stockholm,2014-03-05,,0,0,0,0,0,0,,,,,,,,,,,,,,,,,,,,,,,,,,,,,,,,,,,,,,,,,,,,,,,,,,,,,,,,,,,,,,,,,,,,,,,,,,,,,,,,,,,,,,,,,,,,,,,,,,,,,,,
"The Pig, or Vaclav Havel’s Hunt for a Pig",2014-03-06,,0,0,0,0,0,0,,,,,,,,,,,,,,,,,,,,,,,,,,,,,,,,,,,,,,,,,,,,,,,,,,,,,,,,,,,,,,,,,,,,,,,,,,,,,,,,,,,,,,,,,,,,,,,,,,,,,,,
All The Way,2014-03-06,,0,0,6,4,2,0,,,meh,,,up,,,,,,,,,,,,,,,,,,,,,up,,,,,,,,,,meh,,,,,,,,,,,,,up,,,,,,,,,,,,,,,,,,,,,,,,,,,,,,,,,,,,,,,,,,,,up,,,,,,,,,
And Baby Makes Seven,2014-03-11,,0,0,0,0,0,0,,,,,,,,,,,,,,,,,,,,,,,,,,,,,,,,,,,,,,,,,,,,,,,,,,,,,,,,,,,,,,,,,,,,,,,,,,,,,,,,,,,,,,,,,,,,,,,,,,,,,,,
Beyond Therapy,2014-03-11,,0,0,0,0,0,0,,,,,,,,,,,,,,,,,,,,,,,,,,,,,,,,,,,,,,,,,,,,,,,,,,,,,,,,,,,,,,,,,,,,,,,,,,,,,,,,,,,,,,,,,,,,,,,,,,,,,,,
Fast Company,2014-03-12,,0,0,0,0,0,0,,,,,,,,,,,,,,,,,,,,,,,,,,,,,,,,,,,,,,,,,,,,,,,,,,,,,,,,,,,,,,,,,,,,,,,,,,,,,,,,,,,,,,,,,,,,,,,,,,,,,,,
Take Me Back,2014-03-12,,0,0,2,2,0,0,,,,,,,,,,,,,,,,,,,,,,,,,,,,,,,,,,,,,,,,,,,,,,,,,,up,,,,,,,,,,,,,,,,,,,,,,,,,,,,,,,,,,,,,,,,up,,,,,,,,,,,,,
50 Shades! The Musical,2014-03-12,,0,0,5,3,2,0,,,,,,,,,,,,,,,,,,,,,,meh,,,,,,,,,,,,,,,,,up,,,,,,,,,,,up,,,,,,,,,,,,,,,,,,,,,,,,,,,,,,,,,,,,,,,,,up,,,meh,,,,,,,,,
Adoration of the Old Woman,2014-03-13,,0,0,0,0,0,0,,,,,,,,,,,,,,,,,,,,,,,,,,,,,,,,,,,,,,,,,,,,,,,,,,,,,,,,,,,,,,,,,,,,,,,,,,,,,,,,,,,,,,,,,,,,,,,,,,,,,,,
The Real Americans,2014-03-13,,0,0,0,0,0,0,,,,,,,,,,,,,,,,,,,,,,,,,,,,,,,,,,,,,,,,,,,,,,,,,,,,,,,,,,,,,,,,,,,,,,,,,,,,,,,,,,,,,,,,,,,,,,,,,,,,,,,
Beauty and the Beast,2014-03-13,,0,0,0,0,0,0,,,,,,,,,,,,,,,,,,,,,,,,,,,,,,,,,,,,,,,,,,,,,,,,,,,,,,,,,,,,,,,,,,,,,,,,,,,,,,,,,,,,,,,,,,,,,,,,,,,,,,,
Rocky,2014-03-13,,0,0,5,2,1,2,,,down,,,,,,,,,,,,,,,,,,,up,,,,,meh,,,,,,,,,,,,,,,up,,,,,,,,down,,,,,,,,,,,,,,,,,,,,,,,,,,,,,,,,,,,,,,,,,,,,,,,,,,,,,
The Junket,2014-03-14,,0,0,1,1,0,0,,,,,,,,,,,,,,,,,,,,,,,,,,,,,,,,,,,,,,,,,,,,,,,,,,,,,,,,,,,,,,,up,,,,,,,,,,,,,,,,,,,,,,,,,,,,,,,,,,,,,,,,
Hellman v. McCarthy,2014-03-14,,0,0,0,0,0,0,,,,,,,,,,,,,,,,,,,,,,,,,,,,,,,,,,,,,,,,,,,,,,,,,,,,,,,,,,,,,,,,,,,,,,,,,,,,,,,,,,,,,,,,,,,,,,,,,,,,,,,
Uriel Acosta: I Want That Man!,2014-03-14,,0,0,0,0,0,0,,,,,,,,,,,,,,,,,,,,,,,,,,,,,,,,,,,,,,,,,,,,,,,,,,,,,,,,,,,,,,,,,,,,,,,,,,,,,,,,,,,,,,,,,,,,,,,,,,,,,,,
King Lear,2014-03-14,,0,0,0,0,0,0,,,,,,,,,,,,,,,,,,,,,,,,,,,,,,,,,,,,,,,,,,,,,,,,,,,,,,,,,,,,,,,,,,,,,,,,,,,,,,,,,,,,,,,,,,,,,,,,,,,,,,,
These Paper Bullets!,2014-03-14,,0,0,0,0,0,0,,,,,,,,,,,,,,,,,,,,,,,,,,,,,,,,,,,,,,,,,,,,,,,,,,,,,,,,,,,,,,,,,,,,,,,,,,,,,,,,,,,,,,,,,,,,,,,,,,,,,,,
Sir Patient Fancy,2014-03-15,,0,0,2,2,0,0,,,,,,,,,up,,,,,,,,,,,,,,,,,,,,,,,,,,,,,,,,,,,,,,,,,,,,,,,,,,,,,,,,,,,,,,,,,,,,,,,,,,,,,,,,,,,up,,,,,,,,,,,
Jasper in Deadland,2014-03-16,,0,0,0,0,0,0,,,,,,,,,,,,,,,,,,,,,,,,,,,,,,,,,,,,,,,,,,,,,,,,,,,,,,,,,,,,,,,,,,,,,,,,,,,,,,,,,,,,,,,,,,,,,,,,,,,,,,,
I Remember Mama,2014-03-16,,0,0,0,0,0,0,,,,,,,,,,,,,,,,,,,,,,,,,,,,,,,,,,,,,,,,,,,,,,,,,,,,,,,,,,,,,,,,,,,,,,,,,,,,,,,,,,,,,,,,,,,,,,,,,,,,,,,
Tales from Red Vienna,2014-03-18,,0,0,5,1,2,2,,,,,,,,,,,,,,,,,,,,,,,,,,,,,,,,,,,,,,,down,,,,,,,,,,,meh,,,,,,,,,,,,,,,,,,,,,,,,,,,,,,,,,,,,,,,,,up,,,,,,,meh,,down,,,
Don Juan Comes Home From Iraq,2014-03-19,,0,0,0,0,0,0,,,,,,,,,,,,,,,,,,,,,,,,,,,,,,,,,,,,,,,,,,,,,,,,,,,,,,,,,,,,,,,,,,,,,,,,,,,,,,,,,,,,,,,,,,,,,,,,,,,,,,,
The Bardy Bunch,2014-03-20,,0,0,0,0,0,0,,,,,,,,,,,,,,,,,,,,,,,,,,,,,,,,,,,,,,,,,,,,,,,,,,,,,,,,,,,,,,,,,,,,,,,,,,,,,,,,,,,,,,,,,,,,,,,,,,,,,,,
Aladdin,2014-03-20,,0,0,5,4,1,0,,,,,,,,,,,,,,,,,,,,,,,,,,,up,,,,,,,,,,up,,,,,,,,,,,,,up,,,up,,,,,,,,,,,,,,,,,,,,,,,,,,,,,,,,,,,,,,,,,,,,,meh,,,,,
Breathing Time,2014-03-21,,0,0,0,0,0,0,,,,,,,,,,,,,,,,,,,,,,,,,,,,,,,,,,,,,,,,,,,,,,,,,,,,,,,,,,,,,,,,,,,,,,,,,,,,,,,,,,,,,,,,,,,,,,,,,,,,,,,
Les Miserables,2014-03-23,,0,0,5,4,1,0,,,,,,up,,,,,,,,,,,,,,,,up,,,,,up,,,,,,,,,,up,,,,,,,,,,,,,meh,,,,,,,,,,,,,,,,,,,,,,,,,,,,,,,,,,,,,,,,,,,,,,,,,,,,,
Mothers and Sons,2014-03-24,,0,0,6,5,1,0,,,,,,up,,,,,,,,,,,,,,,,,,,,,,,,,,,,,,,up,,,,,,,,,,,,,meh,,,,,,,,,,,,,,,,,,up,,,,,,,,,,,,,,,,,,,,up,,,,,,up,,,,,,,,,
Red Velvet,2014-03-25,,0,0,0,0,0,0,,,,,,,,,,,,,,,,,,,,,,,,,,,,,,,,,,,,,,,,,,,,,,,,,,,,,,,,,,,,,,,,,,,,,,,,,,,,,,,,,,,,,,,,,,,,,,,,,,,,,,,
The Shadow of the Hummingbird,2014-03-26,,0,0,0,0,0,0,,,,,,,,,,,,,,,,,,,,,,,,,,,,,,,,,,,,,,,,,,,,,,,,,,,,,,,,,,,,,,,,,,,,,,,,,,,,,,,,,,,,,,,,,,,,,,,,,,,,,,,
Let the Right One In (London),2014-03-26,,0,0,0,0,0,0,,,,,,,,,,,,,,,,,,,,,,,,,,,,,,,,,,,,,,,,,,,,,,,,,,,,,,,,,,,,,,,,,,,,,,,,,,,,,,,,,,,,,,,,,,,,,,,,,,,,,,,
Your Mother’s Copy of the Kama Sutra,2014-03-29,,0,0,0,0,0,0,,,,,,,,,,,,,,,,,,,,,,,,,,,,,,,,,,,,,,,,,,,,,,,,,,,,,,,,,,,,,,,,,,,,,,,,,,,,,,,,,,,,,,,,,,,,,,,,,,,,,,,
The Most Deserving,2014-03-30,,0,0,0,0,0,0,,,,,,,,,,,,,,,,,,,,,,,,,,,,,,,,,,,,,,,,,,,,,,,,,,,,,,,,,,,,,,,,,,,,,,,,,,,,,,,,,,,,,,,,,,,,,,,,,,,,,,,
If/Then,2014-03-30,,0,0,6,2,3,1,,,up,,,,,,,,,,,,,,,,,,,meh,,,,,,,,,,,,,,,meh,,,up,,,,,,,,,,down,,,,,,,,,,,,,,,,,,,,,,,,,,,,,,,,,,,,,,,,,,,,meh,,,,,,,,,
A Second Chance,2014-03-30,,0,0,4,1,2,1,,,,up,,,,,,,,,,,,,,,,,,,,,,,,,,,,,,,,,,,,,,,,,,,,,,down,,,,,,,,,,,,,,,,,,,,meh,,,,,,,,,,,,,,,,,,,,,meh,,,,,,,,,,,,
Heathers The Musical,2014-03-31,,0,0,7,2,3,2,,,,,,up,,,,,,,,,,,,,,,,down,,,,,meh,,,,,,,,,,meh,,,,,up,,,,,,,,meh,,,,,,,,,,,,,,,,,,,,,,,,,,,,,,,,,,,,,,,,,,,,,,,,,,down,,,
Chang in a Void Moon,2014-04-01,,0,0,1,0,1,0,,,,,,,,,,,,,,,,,,,,,,,,,,,,,,,,,,,,,,,,,,,,,,,,,,meh,,,,,,,,,,,,,,,,,,,,,,,,,,,,,,,,,,,,,,,,,,,,,,,,,,,,,
The Most Happy Fella,2014-04-02,,0,0,5,4,1,0,,,,,,,,,,,,,,,,,,,,,,,,,,,,,,,,,,,,,,,,,,up,,,,,,,,up,,,,,,,,,,,,,,,,,,,,meh,,,,,,,,,,,,,,,,,,,,,up,,,,,,,,,up,,,
Cirque du Soleil: Amulana,2014-04-02,,0,0,4,2,1,1,,,,,,,,,,,,,,,,,,,,,,,,,,,,down,,,,,,,,,,,,,,,,,,,,,,meh,,,,,,,,,,,,,,,,,,,,,,,,,,up,,,,,,,,,,,,,,up,,,,,,,,,,,,,
A Respectable Widow Takes to Vulgarity,2014-04-02,,0,0,0,0,0,0,,,,,,,,,,,,,,,,,,,,,,,,,,,,,,,,,,,,,,,,,,,,,,,,,,,,,,,,,,,,,,,,,,,,,,,,,,,,,,,,,,,,,,,,,,,,,,,,,,,,,,,
Greed: A Musical for Our Times,2014-04-03,,0,0,5,0,2,3,,,,,,,,,,,,,,,,,,,,,,,,,,,,,,,,,,,,,,,,,,,,,,,,,,down,,,,,,,,,meh,,,,,,,,,,,,,,,,,,,,,,,,,,down,,,,,,down,meh,,,,,,,,,,,
A Raisin in the Sun,2014-04-03,,0,0,6,3,2,1,,,down,,,,,,,,,,,,,,,,,,,,,,,,up,,,,,,,,,,up,,,,,,,,,,,,,meh,,,,,,,,,,,,,,,,,,,,,,,,,,,,,,,,,,,,,,,,,,,,meh,,,,up,,,,,
The Mysteries,2014-04-03,,0,0,0,0,0,0,,,,,,,,,,,,,,,,,,,,,,,,,,,,,,,,,,,,,,,,,,,,,,,,,,,,,,,,,,,,,,,,,,,,,,,,,,,,,,,,,,,,,,,,,,,,,,,,,,,,,,,
Our God’s Brother,2014-04-04,,0,0,0,0,0,0,,,,,,,,,,,,,,,,,,,,,,,,,,,,,,,,,,,,,,,,,,,,,,,,,,,,,,,,,,,,,,,,,,,,,,,,,,,,,,,,,,,,,,,,,,,,,,,,,,,,,,,
The Realistic Joneses,2014-04-06,,0,0,6,2,4,0,,,,,,,,,,,,,,,,,,,,,,meh,,,,,meh,,,,,,,,,,meh,,,,,,,,,,,,,up,,,,,,,,,,,,,,,,,,,,,,,,,,,,,,,,,,,,,,,,,,,,up,,,,meh,,,,,
The Threepenny Opera,2014-04-07,,0,0,6,1,3,2,,,,,,up,,,,,,,,,,,,,,,,,,,,,,,,,,,,,,,,,down,,,,,,,,,,,meh,,,,,,,,,,,,,,,,,,,,,,,,,,,,,,,,,,,,,,,,,down,,,meh,,,,,,,meh,,
The Heir Apparent,2014-04-09,,0,0,5,3,1,1,,,,,,,,,,,,,up,,,,,,,,,meh,,,,,,,,,,,,,,,,,,,,down,,,,,,,,up,,,,,,,,,,,,,,,,,,,,,,,,,,,,,,,,,,,,,,,,,,,,up,,,,,,,,,
Ubu Sings Ubu,2014-04-09,,0,0,0,0,0,0,,,,,,,,,,,,,,,,,,,,,,,,,,,,,,,,,,,,,,,,,,,,,,,,,,,,,,,,,,,,,,,,,,,,,,,,,,,,,,,,,,,,,,,,,,,,,,,,,,,,,,,
Isolde,2014-04-10,,0,0,1,1,0,0,,,,,,,,,,,,,,,,,,,,,,,,,,,,,,,,,,,,,,,,,,,,,,,,,,up,,,,,,,,,,,,,,,,,,,,,,,,,,,,,,,,,,,,,,,,,,,,,,,,,,,,,
Bullets Over Broadway,2014-04-10,,0,0,7,1,3,3,,,down,,,,,,,,,,,,,,,,,,,,,,meh,,down,,,,,,,,,,up,,meh,,,,,,,,,,,down,,,,,,,,,,,,,,,,,,,,,,,,,,,,,,,,,,,,,,,,,,,,,,,,meh,,,,,
The Mystery of Irma Vep,2014-04-10,,0,0,0,0,0,0,,,,,,,,,,,,,,,,,,,,,,,,,,,,,,,,,,,,,,,,,,,,,,,,,,,,,,,,,,,,,,,,,,,,,,,,,,,,,,,,,,,,,,,,,,,,,,,,,,,,,,,
Lady Day at Emerson's Bar & Grill,2014-04-13,,0,0,6,5,1,0,,,,,,,,,,,,,up,,,,,,,,,up,,,,,,,up,,,,,,,,up,,,,,,,,,,,,,meh,,,,,,,,,,,,,,,,,,,,,,,,,,,,,,,,,,,,,,,,,,,,,,,,up,,,,,
Annapurna,2014-04-13,,0,0,0,0,0,0,,,,,,,,,,,,,,,,,,,,,,,,,,,,,,,,,,,,,,,,,,,,,,,,,,,,,,,,,,,,,,,,,,,,,,,,,,,,,,,,,,,,,,,,,,,,,,,,,,,,,,,
The Library,2014-04-15,,0,0,5,1,3,1,,,,,,,,,,,,,,,,,,,,,,,,,,,,,,,,,,,,,,,down,,,,,,,,,,,meh,,,,,,,,,,,,,,,,,,,,,,,,,,,,,,,,,,,,,,,,,up,,,,,,,meh,,meh,,,
Of Mice and Men,2014-04-16,,0,0,7,5,2,0,,,,,,up,,,,,,,,,,,,,,,,meh,,,,,up,,,,,,,,,,up,,,,,,,,,,,,,meh,,,,,,,,,,,,,,,,,,,,,,,,,,,,,,,,,,,,,,,,,,,,up,,up,,,,,,,
Act One,2014-04-17,,0,0,6,4,2,0,up,,,,,up,,,,,,,,,,,,,,,,,,,,,,,,,,,,,,,,,,,,,,,,,,,,up,,,meh,,,,,,,,,,,,,,,,,,,,,,,,,,,,,,,,,,,,,,,,,up,,,,,,,,,meh
The World Is Round,2014-04-17,,0,0,0,0,0,0,,,,,,,,,,,,,,,,,,,,,,,,,,,,,,,,,,,,,,,,,,,,,,,,,,,,,,,,,,,,,,,,,,,,,,,,,,,,,,,,,,,,,,,,,,,,,,,,,,,,,,,
The Cripple of Inishmaan,2014-04-20,,0,0,6,5,1,0,,,,,,,,,,,,,,,,,,,,,,,,,,,up,,,,,,,,,,up,,,,,,,,,,,,,up,,,,,,,,,,,,,,,,,,,,,,,,,,,,,,,,,,,,,,,,,up,,,meh,,,,up,,,,,
Violet,2014-04-20,,0,0,5,5,0,0,,,,,,up,,,,,,,,,,,,,,,,,,,,,up,,,,,,,,,,up,,,,,,,,,,,,,up,,,,,,,,,,,,,,,,,,,,,,,,,,,,,,,,,,,,,,,,,,,,up,,,,,,,,,
The Velocity of Autumn,2014-04-21,,0,0,6,2,3,1,,,meh,,,up,,,,,,,,,,,,,,,,up,,,,,meh,,,,,,,,,,,,,,,,,,,,,,,meh,,,,,,,,,,,,,,,,,,,,,,,,,,,,,,,,,,,,,,,,,,,,down,,,,,,,,,
Hedwig & the Angry Inch,2014-04-22,,0,0,5,5,0,0,,,up,,,,,,,,,,,,,,,,,,,,,,,,,,,,,,,,,,up,,,,,,,,,,,,,up,,,,,,,,,,,,,,,,,,,,,,,,,,,,,,,,,,,,,,,,,,,,up,,,,up,,,,,
Casa Valentina,2014-04-23,,0,0,4,2,2,0,meh,,,,,,,,,,,,,,,,,,,,,up,,,,,,,,,,,,,,,,,,,,up,,,,,,,,meh,,,,,,,,,,,,,,,,,,,,,,,,,,,,,,,,,,,,,,,,,,,,,,,,,,,,,
Cabaret,2014-04-24,,0,0,5,3,2,0,,,,,,up,,,,,,,,,,,,,,,,,,,,,,,,,,,,,,,up,,,,,,,,,,,,,meh,,,,,,,,,,,,,,,,,,,,,,,,,,,,,,,,,,,,,,,,,,,,up,,,,meh,,,,,
The Substance of Fire,2014-04-27,,0,0,4,1,3,0,,,,,,,,,,,,,,,,,,,,,,,,,,,,,,,,,,,,,,,meh,,,,,,,,,,,meh,,,,,,,,,,,,,,,,,,,,meh,,,,,,,,,,,,,,,,,,,,,up,,,,,,,,,,,,
Tony n’ Tina’s Wedding,2014-04-28,,0,0,3,1,2,0,,,,,,,,,,,,,,,,,,,,,,,,,,,,,,,,,,,,,,,,,,,,,,,,,,meh,,,,,,,,,,,,,,,,,,,,,,,,,,,,,,,,,,,,,,,,,up,meh,,,,,,,,,,,
Here Lies Love,2014-05-01,,0,0,5,4,1,0,,,up,,,,,,,,,,,,,,,,,,,,,,,,,,,,,,,,,,up,,up,,,,,,,,,,,up,,,,,,,,,,,,,,,,,,,,meh,,,,,,,,,,,,,,,,,,,,,,,,,,,,,,,,,
A Fable,2014-05-03,,0,0,0,0,0,0,,,,,,,,,,,,,,,,,,,,,,,,,,,,,,,,,,,,,,,,,,,,,,,,,,,,,,,,,,,,,,,,,,,,,,,,,,,,,,,,,,,,,,,,,,,,,,,,,,,,,,,
Forbidden Broadway Comes Out Swinging!,2014-05-04,,0,0,7,6,1,0,,,,,,,,,,,,,,,,,,,,,,,,,,,,up,,,,,,,,,,,up,,,up,,,,,,,,up,,,,,,,,,,,,,,,,,,,,,,,,,,,,,,,,,,,,,,,,,up,,,meh,,,,up,,,,,
Sea Marks,2014-05-05,,0,0,1,1,0,0,,,,,,,,,,,,,,,,,,,,,,,,,,,,,,,,,,,,,,,,,,,,,,,,,,,,,,,,,,,,,,,,,,,,,,,,,,,,,,,,,,,,,,,,,,,up,,,,,,,,,,,,
The City of Conversation,2014-05-05,,0,0,5,4,0,1,,,,,,up,,,,,,,,,,,,,,,,,,,,,,,,,,,,,,,,,up,,,,,,,,,,,up,,,,,,,,,,,,,,,,,,,,,,,,,,,,,,,,,,,,,,,,,up,,,,,,,,,down,,,
The Killer,2014-05-07,,0,0,0,0,0,0,,,,,,,,,,,,,,,,,,,,,,,,,,,,,,,,,,,,,,,,,,,,,,,,,,,,,,,,,,,,,,,,,,,,,,,,,,,,,,,,,,,,,,,,,,,,,,,,,,,,,,,
In The Park,2014-05-14,,0,0,2,1,1,0,,,,,,,,,,,,,,,,,,,,,,,,,,,,,,,,,,,,,,,,,,,,,,,,,,meh,,,,,,,,,,,,,,,,,,,,,,,,,,,,,,,,,,,,,,,,,,,,,,,,,up,,,,
Under My Skin,2014-05-15,,0,0,3,0,1,2,,,,,,,,,,,,,,,,,,,,,,,,,,,,,,,,,,,,,,,down,,,,,,,,,,,meh,,,,,,,,,,,,,,,,,,,,,,,,,,,,,,,,,,,,,,,,,,,,down,,,,,,,,,
Too Much Sun,2014-05-18,,0,0,5,0,4,1,,,meh,,,,,,,,,,,,,,,,,,,,,,,,,,,,,,,,,,,,down,,,,,,,,,,,meh,,,,,,,,,,,,,,,,,,,,,,,,,,,,,,,,,,,,,,,,,meh,,,,,,,meh,,,,,
Los Monólogos de la Vagina,2014-05-18,,0,0,0,0,0,0,,,,,,,,,,,,,,,,,,,,,,,,,,,,,,,,,,,,,,,,,,,,,,,,,,,,,,,,,,,,,,,,,,,,,,,,,,,,,,,,,,,,,,,,,,,,,,,,,,,,,,,
The Anthem,2014-05-19,,0,0,0,0,0,0,,,,,,,,,,,,,,,,,,,,,,,,,,,,,,,,,,,,,,,,,,,,,,,,,,,,,,,,,,,,,,,,,,,,,,,,,,,,,,,,,,,,,,,,,,,,,,,,,,,,,,,
American Hero,2014-05-22,,0,0,5,0,4,1,,,,,,,,,,,,,,,,,,,,,,,,,,,,,,,,,,,,,meh,,meh,,,,,,,,,,,meh,,,,,,,,,,,,,,,,,,,,,,,,,,,,,,,,,,,,,,,,,,,,,,,,meh,,down,,,
Deepest Man,2014-05-22,,0,0,0,0,0,0,,,,,,,,,,,,,,,,,,,,,,,,,,,,,,,,,,,,,,,,,,,,,,,,,,,,,,,,,,,,,,,,,,,,,,,,,,,,,,,,,,,,,,,,,,,,,,,,,,,,,,,
The Sonic Life of a Giant Tortoise,2014-05-24,,0,0,0,0,0,0,,,,,,,,,,,,,,,,,,,,,,,,,,,,,,,,,,,,,,,,,,,,,,,,,,,,,,,,,,,,,,,,,,,,,,,,,,,,,,,,,,,,,,,,,,,,,,,,,,,,,,,
When January Feels Like Summer,2014-05-28,,0,0,0,0,0,0,,,,,,,,,,,,,,,,,,,,,,,,,,,,,,,,,,,,,,,,,,,,,,,,,,,,,,,,,,,,,,,,,,,,,,,,,,,,,,,,,,,,,,,,,,,,,,,,,,,,,,,
Within the Law,2014-05-31,,0,0,0,0,0,0,,,,,,,,,,,,,,,,,,,,,,,,,,,,,,,,,,,,,,,,,,,,,,,,,,,,,,,,,,,,,,,,,,,,,,,,,,,,,,,,,,,,,,,,,,,,,,,,,,,,,,,
Blink,2014-06-03,,0,0,0,0,0,0,,,,,,,,,,,,,,,,,,,,,,,,,,,,,,,,,,,,,,,,,,,,,,,,,,,,,,,,,,,,,,,,,,,,,,,,,,,,,,,,,,,,,,,,,,,,,,,,,,,,,,,
Just Jim Dale,2014-06-03,,0,0,5,5,0,0,,,,,,,,,,,,,,,,,,,,,,up,,,,,,,,,,,,,,,,,up,,,,,,,,,,,up,,,,,,,,,,,,,,,,,,,,,,,,,,,,,,,,,,,,,,,,,up,,,,,,,up,,,,,
Donogoo,2014-06-03,,0,0,0,0,0,0,,,,,,,,,,,,,,,,,,,,,,,,,,,,,,,,,,,,,,,,,,,,,,,,,,,,,,,,,,,,,,,,,,,,,,,,,,,,,,,,,,,,,,,,,,,,,,,,,,,,,,,
Arrivals & Departures,2014-06-04,,0,0,5,2,2,1,up,,,,,,,,,,,,,,,,,,,,,,,,,,,,,,,,,,,,,,,,,,,,,,,,,up,,,,,,,,down,,,,,,,,,,meh,,,,,,,,,,,,,,,,,,,,,,,,,,,,,,,,meh,,,
They Call Me Q,2014-06-04,,0,0,1,0,1,0,,,,,,,,,,,,,,,,,,,,,,,,,,,,,,,,,,,,,,,,,,,,,,,,,,,,,,,,,,,,,,,,,,,,,,,,,,,,,,,,,,,,,,,,,,meh,,,,,,,,,,,,,
Macbeth,2014-06-05,,0,0,5,5,0,0,,,,,,,,,,,,,,,,,,,,,,up,,,,,up,,,,,,,,,,,,up,,,,,,,,,,,up,,,,,,,,,,,,,,,,,,,,,,,,,,,,,,,,,,,,,,,,,,,,,,,,up,,,,,
Carnival Kids,2014-06-05,,0,0,0,0,0,0,,,,,,,,,,,,,,,,,,,,,,,,,,,,,,,,,,,,,,,,,,,,,,,,,,,,,,,,,,,,,,,,,,,,,,,,,,,,,,,,,,,,,,,,,,,,,,,,,,,,,,,
Our New Girl,2014-06-10,,0,0,5,2,3,0,meh,,,,,,,,,,,,,,,,,,,,,,,,,,,meh,,,,,,,,,,,,,,,,,,,,,,meh,,,,,,,,,,,,,,,,,,,,up,,,,,,,,,,,,,,,,,,,,,up,,,,,,,,,,,,
Pat Kirkwood is Angry,2014-06-10,,0,0,0,0,0,0,,,,,,,,,,,,,,,,,,,,,,,,,,,,,,,,,,,,,,,,,,,,,,,,,,,,,,,,,,,,,,,,,,,,,,,,,,,,,,,,,,,,,,,,,,,,,,,,,,,,,,,
The Village Bike,2014-06-10,,0,0,5,2,3,0,,,,,,,,,,,,,,,,,,,,,,,,,,,,,,,,,,,,,,,up,,,,,,,,,,,up,,,,,,,,,,,,,,,,,,,,,,,,,,,,,,,,,,,,,,,,,meh,,,,,,,meh,,,,,
Fly by Night,2014-06-11,,0,0,5,3,2,0,,,,,,,,,,,,,,,,,,,,,,,,,,,,,,,,,,,,,up,,meh,,,up,,,,,,,,meh,,,,,,,,,,,,,,,,,,,,,,,,,,,,,,,,,,,,,,,,,up,,,,,,,,,,,,
Our Town (Green-Wood Cemetery),2014-06-11,,0,0,0,0,0,0,,,,,,,,,,,,,,,,,,,,,,,,,,,,,,,,,,,,,,,,,,,,,,,,,,,,,,,,,,,,,,,,,,,,,,,,,,,,,,,,,,,,,,,,,,,,,,,,,,,,,,,
Gertrude Stein Saints!,2014-06-12,,0,0,2,2,0,0,,,,,,,,,,,,,,,,,,,,,,,,,,,,,,,,,,,,,,,,,,,,,,,,,,,,,,,,,,,,,,,,,,,,,,,,,,,,,,,,,,,,,,,,,,up,,,,up,,,,,,,,,
The Bullpen,2014-06-12,,0,0,0,0,0,0,,,,,,,,,,,,,,,,,,,,,,,,,,,,,,,,,,,,,,,,,,,,,,,,,,,,,,,,,,,,,,,,,,,,,,,,,,,,,,,,,,,,,,,,,,,,,,,,,,,,,,,
Side Show (Kennedy Center),2014-06-14,,0,0,0,0,0,0,,,,,,,,,,,,,,,,,,,,,,,,,,,,,,,,,,,,,,,,,,,,,,,,,,,,,,,,,,,,,,,,,,,,,,,,,,,,,,,,,,,,,,,,,,,,,,,,,,,,,,,
The Muscles in Our Toes,2014-06-14,,0,0,0,0,0,0,,,,,,,,,,,,,,,,,,,,,,,,,,,,,,,,,,,,,,,,,,,,,,,,,,,,,,,,,,,,,,,,,,,,,,,,,,,,,,,,,,,,,,,,,,,,,,,,,,,,,,,
Much Ado About Nothing,2014-06-16,,0,0,5,3,2,0,,,,,,,,,,,,,,,,,,,,,,,,,,,meh,,,,,,,,,,,,up,,,,,,,,,,,up,,,,,,,,,,,,,,,,,,,,,,,,,,,,,,,,,,,,,,,,,,,,,,,,meh,,up,,,
The Who and the What,2014-06-16,,0,0,5,3,2,0,,,,,,,,,,,,,,,,,,,,,,,,,,,meh,,,,,,,,,,,,up,,,,,,,,,,,up,,,,,,,,,,,,,,,,,,,,meh,,,,,,,,,,,,,,,,,,,,,up,,,,,,,,,,,,
When We Were Young and Unafraid,2014-06-17,,0,0,5,0,4,1,,,,,,,,,,,,,,,,,,,,,,meh,,,,,,,,,,,,,,,meh,,,,,,,,,,,,,meh,,,,,,,,,,,,,,,,,,,,,,,,,,,,,,,,,,,,,,,,,,,,down,,,,meh,,,,,
The Religion Thing,2014-06-18,,0,0,0,0,0,0,,,,,,,,,,,,,,,,,,,,,,,,,,,,,,,,,,,,,,,,,,,,,,,,,,,,,,,,,,,,,,,,,,,,,,,,,,,,,,,,,,,,,,,,,,,,,,,,,,,,,,,
Barceló con Hielo,2014-06-18,,0,0,1,1,0,0,,,,,,,,,,,,,,,,,,,,,,,,,,,,,,,,,,,,,,,,,,,,,,,,,,,,,,,,,,,,,,,,,,,,,,,,,,,,,,,,,,,,,,,,,,,,,,up,,,,,,,,,
Holler If Ya Hear Me,2014-06-19,,0,0,5,0,3,2,,,,,,meh,,,,,,,,,,,,,,,,,,,,,down,,,,,,,,,,meh,,,,,,,,,,,,,down,,,,,,,,,,,,,,,,,,,,,,,,,,,,,,,,,,,,,,,,,,,,meh,,,,,,,,,
The Crucible (London),2014-06-21,,0,0,0,0,0,0,,,,,,,,,,,,,,,,,,,,,,,,,,,,,,,,,,,,,,,,,,,,,,,,,,,,,,,,,,,,,,,,,,,,,,,,,,,,,,,,,,,,,,,,,,,,,,,,,,,,,,,
The Old Woman,2014-06-22,,0,0,4,4,0,0,,,,,,,,,,,,,,,,,,,,,,,,,,,,,,,,,,,,,,,,,,up,,,,,,,,up,,,,,,,,,,,,,,,,,,up,,,,,,,,,,,,,,,,,,,,,,,up,,,,,,,,,,,,
Katogora,2014-06-24,,0,0,3,1,1,1,,,,,,,,,,,,,,,,,,,,,,,,,,,,,,,,,,,,,,,,,,,,,,,,,,meh,,,,,,,,,,,,,,,,,,,down,,,,,,,,,,,,,,,,,,,,,,,,,up,,,,,,,,,
"Tick, Tick ... Boom!",2014-06-25,,0,0,5,3,2,0,,,meh,,,,,,,,,,,,,,,,,,,,,,,,,,,,,,,,,,,up,meh,,,,,,,,,,,up,,,,,,,,,,,,,,,,,,,,,,,,,,,,,,,,,,,,,,,,,up,,,,,,,,,,,,
The Other Mozart,2014-06-25,,0,0,3,2,1,0,,,,,,,,,,,,,,,,,,,,,,,,,,,,,,,,,,,,,,,,,,,,,,,,,,,,meh,,,,,,,,,,,,,,,,,,,,,,,,,,,,,,,,,,,,,,,up,up,,,,,,,,,,,
Enter At Forest Lawn,2014-06-26,,0,0,0,0,0,0,,,,,,,,,,,,,,,,,,,,,,,,,,,,,,,,,,,,,,,,,,,,,,,,,,,,,,,,,,,,,,,,,,,,,,,,,,,,,,,,,,,,,,,,,,,,,,,,,,,,,,,
The Qualification of Douglas Evans,2014-06-26,,0,0,0,0,0,0,,,,,,,,,,,,,,,,,,,,,,,,,,,,,,,,,,,,,,,,,,,,,,,,,,,,,,,,,,,,,,,,,,,,,,,,,,,,,,,,,,,,,,,,,,,,,,,,,,,,,,,
Brigadoon (Chicago),2014-06-27,,0,0,0,0,0,0,,,,,,,,,,,,,,,,,,,,,,,,,,,,,,,,,,,,,,,,,,,,,,,,,,,,,,,,,,,,,,,,,,,,,,,,,,,,,,,,,,,,,,,,,,,,,,,,,,,,,,,
Great Britain (London),2014-06-30,,0,0,4,2,2,0,,,,,,,,,,,,,,,,,,,,,,,,,,,,,,,,,,,,,,,,,,,,,,,,,,meh,,,,,,,,,,,,,,,,,,,,,,meh,,,,,,,up,,up,,,,,,,,,,,,,,,,,,,,,,
Richard III (London),2014-07-01,,0,0,0,0,0,0,,,,,,,,,,,,,,,,,,,,,,,,,,,,,,,,,,,,,,,,,,,,,,,,,,,,,,,,,,,,,,,,,,,,,,,,,,,,,,,,,,,,,,,,,,,,,,,,,,,,,,,
Family Album (OSF),2014-07-01,,0,0,0,0,0,0,,,,,,,,,,,,,,,,,,,,,,,,,,,,,,,,,,,,,,,,,,,,,,,,,,,,,,,,,,,,,,,,,,,,,,,,,,,,,,,,,,,,,,,,,,,,,,,,,,,,,,,
The Qualms (Chicago),2014-07-03,,0,0,0,0,0,0,,,,,,,,,,,,,,,,,,,,,,,,,,,,,,,,,,,,,,,,,,,,,,,,,,,,,,,,,,,,,,,,,,,,,,,,,,,,,,,,,,,,,,,,,,,,,,,,,,,,,,,
Romeo N Juliet,2014-07-05,,0,0,1,0,0,1,,,,,,,,,,,,,,,,,,,,,,,,,,,,,,,,,,,,,,,,,,,,,,,,,,down,,,,,,,,,,,,,,,,,,,,,,,,,,,,,,,,,,,,,,,,,,,,,,,,,,,,,
Kaidan Chibusa no Enoki,2014-07-07,,0,0,4,4,0,0,,,,,,,,,,,,,,,,,,,,,,,,,up,,,,,,,,,,,,,,up,,,up,,,,,,,,up,,,,,,,,,,,,,,,,,,,,,,,,,,,,,,,,,,,,,,,,,,,,,,,,,,,,,
The Long Shrift,2014-07-07,,0,0,0,0,0,0,,,,,,,,,,,,,,,,,,,,,,,,,,,,,,,,,,,,,,,,,,,,,,,,,,,,,,,,,,,,,,,,,,,,,,,,,,,,,,,,,,,,,,,,,,,,,,,,,,,,,,,
Fuerza Bruta: Wayra,2014-07-08,,0,0,5,0,5,0,,,,meh,,meh,,,,,,,,,,,,,,,,,,,,,,,,,,,,,,,,,meh,,,,,,,,,,,meh,,,,,,,,,,,,,,,,,,,,,,,,,,,,,,,,,,,,,,,,,meh,,,,,,,,,,,,
Gertrude — The Cry,2014-07-08,,0,0,0,0,0,0,,,,,,,,,,,,,,,,,,,,,,,,,,,,,,,,,,,,,,,,,,,,,,,,,,,,,,,,,,,,,,,,,,,,,,,,,,,,,,,,,,,,,,,,,,,,,,,,,,,,,,,
Pentecost,2014-07-08,,0,0,0,0,0,0,,,,,,,,,,,,,,,,,,,,,,,,,,,,,,,,,,,,,,,,,,,,,,,,,,,,,,,,,,,,,,,,,,,,,,,,,,,,,,,,,,,,,,,,,,,,,,,,,,,,,,,
The Pigeoning,2014-07-09,,0,0,1,1,0,0,,,,,,,,,,,,,,,,,,,,,,,,,,,,,,,,,,,,,,,,,,,,,,,,,,,,,,,,,,,,,,,,,,,,,,,,,,,,,,,,,,,,,,,,,,,up,,,,,,,,,,,,
Picture Ourselves in Latvia,2014-07-10,,0,0,0,0,0,0,,,,,,,,,,,,,,,,,,,,,,,,,,,,,,,,,,,,,,,,,,,,,,,,,,,,,,,,,,,,,,,,,,,,,,,,,,,,,,,,,,,,,,,,,,,,,,,,,,,,,,,
Twelfth Night,2014-07-10,,0,0,0,0,0,0,,,,,,,,,,,,,,,,,,,,,,,,,,,,,,,,,,,,,,,,,,,,,,,,,,,,,,,,,,,,,,,,,,,,,,,,,,,,,,,,,,,,,,,,,,,,,,,,,,,,,,,
Atomic,2014-07-13,,0,0,5,0,3,2,,,,,,,,,,,,,,,,,,,,,,,,,,,,meh,,,,,,,,,,,,,,down,,,,,,,,meh,,,,,,,,,,,,,,,,,,,,,,,,,,,,,,,,,,,,,,,,,meh,,,,,,,,,down,,,
Pageant: The Musical,2014-07-14,,0,0,5,3,2,0,,,,up,,,,,,,,,,,,,up,,,,,,,,,,,,,,,,,,,,,,,,up,,,,,,,,,meh,,,,,,,,,,,,,,,,,,,,,,,,,,,,,,,,,,,,,,,,,meh,,,,,,,,,,,,
The Gig,2014-07-15,,0,0,0,0,0,0,,,,,,,,,,,,,,,,,,,,,,,,,,,,,,,,,,,,,,,,,,,,,,,,,,,,,,,,,,,,,,,,,,,,,,,,,,,,,,,,,,,,,,,,,,,,,,,,,,,,,,,
Drop Dead Perfect,2014-07-15,,0,0,1,1,0,0,,,,,,,,,,,,,,,,,,,,,,,,,,,,,,,,,,,,,,,up,,,,,,,,,,,,,,,,,,,,,,,,,,,,,,,,,,,,,,,,,,,,,,,,,,,,,,,,,,,,,,,,
Play/Date,2014-07-15,,0,0,4,1,3,0,,,,,,,,,,,,,,,,,,,,,,,,meh,,,,,,,meh,,,,,,,,,,,,,,,,,,,,,,,,,,,,,,,,,,,,,,,,,,,,,,,,,,,,,,,,,,,,,up,,meh,,,,,,,,,
Pump Boys and Dinettes,2014-07-16,,0,0,1,1,0,0,,,,,,,,,,,,,,,,,,,,,,,,,,,,,,,,,,,,,,,,,,,,,,,,,,up,,,,,,,,,,,,,,,,,,,,,,,,,,,,,,,,,,,,,,,,,,,,,,,,,,,,,
Living on Love (Williamstown),2014-07-16,,0,0,0,0,0,0,,,,,,,,,,,,,,,,,,,,,,,,,,,,,,,,,,,,,,,,,,,,,,,,,,,,,,,,,,,,,,,,,,,,,,,,,,,,,,,,,,,,,,,,,,,,,,,,,,,,,,,
Clinton The Musical,2014-07-18,,0,0,3,2,1,0,,,,,,,,,,,,,,,,,,,,,,,,,,,,,,,,,,,,up,,,,,,,,,,,,,,meh,,,,,,,,,,,,,,,,,,,,,,,,,,,,,,,,,,,,,,,,,up,,,,,,,,,,,,
Summer Shorts: Series A,2014-07-18,,0,0,0,0,0,0,,,,,,,,,,,,,,,,,,,,,,,,,,,,,,,,,,,,,,,,,,,,,,,,,,,,,,,,,,,,,,,,,,,,,,,,,,,,,,,,,,,,,,,,,,,,,,,,,,,,,,,
Piece of My Heart,2014-07-21,,0,0,5,1,1,3,,,,,,,,,,,,,,,,,,,,,,down,,,,,,,,,,,,,,,,,,,,,,,,,,,,meh,,,,,,,,,,,,,,,,,,,,,,,,,,,,,,,,,,,,,,,,,up,,,down,,,,,,down,,,
The Lightning Theif,2014-07-21,,0,0,2,1,1,0,,,,,,,,,,,,,,,,,,,,,,,,,,,,,,,,,,,,,,,up,,,meh,,,,,,,,,,,,,,,,,,,,,,,,,,,,,,,,,,,,,,,,,,,,,,,,,,,,,,,,,,,,,
The Pianist of Willesden Lane,2014-07-22,,0,0,3,3,0,0,,,,,,,,,,,,,,,,,,,,,,,,,,,,,,up,,,,,,,,,,,,,,,,,,,,up,,,,,,,,,,,,,,,,,,,,,,,,,,,,,,,,,,,,,,,,,up,,,,,,,,,,,,
Strictly Dishonorable,2014-07-22,,0,0,0,0,0,0,,,,,,,,,,,,,,,,,,,,,,,,,,,,,,,,,,,,,,,,,,,,,,,,,,,,,,,,,,,,,,,,,,,,,,,,,,,,,,,,,,,,,,,,,,,,,,,,,,,,,,,
Shakespeare in Love: The Play (London),2014-07-23,,0,0,5,3,2,0,,,,,,,,,,,,,,,,,,,,,,,,,,,,,,,,,,,,,,,,,,,,,,,,,,meh,,,,,,,,,,,,,,,,,,,,,,up,,,,,,,up,,up,,,,,,,,,,,,,,,,,meh,,,,,
Fool for Love (Williamstown),2014-07-23,,0,0,0,0,0,0,,,,,,,,,,,,,,,,,,,,,,,,,,,,,,,,,,,,,,,,,,,,,,,,,,,,,,,,,,,,,,,,,,,,,,,,,,,,,,,,,,,,,,,,,,,,,,,,,,,,,,,
The Great Society,2014-07-23,,0,0,0,0,0,0,,,,,,,,,,,,,,,,,,,,,,,,,,,,,,,,,,,,,,,,,,,,,,,,,,,,,,,,,,,,,,,,,,,,,,,,,,,,,,,,,,,,,,,,,,,,,,,,,,,,,,,
Summer Shorts: Series B,2014-07-26,,0,0,0,0,0,0,,,,,,,,,,,,,,,,,,,,,,,,,,,,,,,,,,,,,,,,,,,,,,,,,,,,,,,,,,,,,,,,,,,,,,,,,,,,,,,,,,,,,,,,,,,,,,,,,,,,,,,
Mala Hierba,2014-07-28,,0,0,4,3,1,0,,,,,,,,,,,,,,,,,,,,,,,,,,,,,,,,,,,,,,,,,,,,,,,,,,meh,,,,,,,,,,,,,,,,,,,,,,,,,,,,,,,,,,,,,,,,,up,,,up,,,,up,,,,,
Stupid Fucking Bird (DC),2014-07-28,,0,0,0,0,0,0,,,,,,,,,,,,,,,,,,,,,,,,,,,,,,,,,,,,,,,,,,,,,,,,,,,,,,,,,,,,,,,,,,,,,,,,,,,,,,,,,,,,,,,,,,,,,,,,,,,,,,,
Handball,2014-07-29,,0,0,1,0,1,0,,,,,,,,,,,,,,,,,,,,,,,,,,,,,,,,,,,,,,,,,,,,,,,,,,meh,,,,,,,,,,,,,,,,,,,,,,,,,,,,,,,,,,,,,,,,,,,,,,,,,,,,,
Sex with Strangers,2014-07-30,,0,0,5,5,0,0,,,,,,,,,,,,,,,,,,,,,,up,,,,,,,,,,,,,,,,,up,,,,,,,,,,,up,,,,,,,,,,,,,,,,,,,,,,,,,,,,,,,,,,,,,,,,,up,,,,,,,,,up,,,
Puppet Titus Andronicus,2014-07-30,,0,0,3,0,2,1,,,,,,,,,,,,,,,,,,,,,,meh,,,,,,,,,,,,,,,,,down,,,,,,,,,,,,,,,,,,,,,,,,,,,,,,,,,,,,,,,,,,,,,,,,,,,,,,,meh,,,,,,,,,
Between Riverside and Crazy,2014-07-31,,0,0,5,5,0,0,,,,,,,,,,,,,,,,,,,,,,up,,,,,,,,,,,,,,,,,up,,,,,,,,,,,up,,,,,,,,,,,,,,,,,,,,,,,,,,,,,,,,,,,,,,,,,up,,,,,,,up,,,,,
Othello,2014-07-31,,0,0,0,0,0,0,,,,,,,,,,,,,,,,,,,,,,,,,,,,,,,,,,,,,,,,,,,,,,,,,,,,,,,,,,,,,,,,,,,,,,,,,,,,,,,,,,,,,,,,,,,,,,,,,,,,,,,
Dark Meat on a Funny Mind,2014-07-31,,0,0,0,0,0,0,,,,,,,,,,,,,,,,,,,,,,,,,,,,,,,,,,,,,,,,,,,,,,,,,,,,,,,,,,,,,,,,,,,,,,,,,,,,,,,,,,,,,,,,,,,,,,,,,,,,,,,
The Law of Return,2014-08-01,,0,0,0,0,0,0,,,,,,,,,,,,,,,,,,,,,,,,,,,,,,,,,,,,,,,,,,,,,,,,,,,,,,,,,,,,,,,,,,,,,,,,,,,,,,,,,,,,,,,,,,,,,,,,,,,,,,,
The Good and the True,2014-08-03,,0,0,2,1,1,0,,,,,,,,,,,,,,,,,,,,,,,,,,,,,,,,,,,,,,,,,,,,,,,,,,meh,,,,,,,,,,,,,,,,,,,,,,,,,,,,,,,,,,,,,,,,,up,,,,,,,,,,,,
King Lear,2014-08-05,,0,0,5,1,4,0,,,up,,,,,,,,,,,,,,,,,,,,,,,,,,,,,,,,,,meh,,meh,,,,,,,,,,,meh,,,,,,,,,,,,,,,,,,,,,,,,,,,,,,,,,,,,,,,,,,,,,,,,meh,,,,,
The Opponent,2014-08-06,,0,0,3,0,1,2,,,,,,,,,,,,,,,,,,,,,,,,,,,,,,,,,,,,,,,,,,down,,,,,,,,down,,,,,,,,,,,,,,,,,,,,,,,,,,,,,,,,,,,,,,,,,meh,,,,,,,,,,,,
The Maids,2014-08-06,,0,0,3,2,1,0,,,,,,,,,,,,,,,,,,,,,,,,,,,,,,,,,,,,,,,up,,,,,,,,,,,,,,,,,,,,,,,,,,,,,,,,,,,,,,,,,,,,,,,,,,,,,,,,,up,,meh,,,,,
Daredevil,2014-08-06,,0,0,1,0,1,0,,,,,,,,,,,,,,,,,,,,,,,,,,,,,,,,,,,,,,,,,,,,,,,,,,meh,,,,,,,,,,,,,,,,,,,,,,,,,,,,,,,,,,,,,,,,,,,,,,,,,,,,,
Phoenix,2014-08-07,,0,0,5,1,0,4,,,,,,,,,,,,,,,,,,,,,,,,,,,up,,,,,,,,,,,,down,,,,,,,,,,,down,,,,,,,,,,,,,,,,,,,,,,,,,,,,,,,,,,,,,,,,,down,,,,,,,,,down,,,
The Visit (Williamstown),2014-08-07,,0,0,4,2,2,0,,,,,,,,,,,,,,,,,,,,,,,,,,,,,,,,,,,,,,,,,up,,,,,,,,,meh,,,,,,,,,,,,,,,,,,,,,,,,up,,,,,,,,,,,,,,,,,,,,,,,,meh,,,,,
Revolution in the Elbow of Ragnar Agnarsson,2014-08-13,,0,0,5,0,3,2,,,,,,,,,,,,,,,,,,,,,,,,,,,,,,,,,,,,,,,,,,,,,,down,,,,meh,,,,,,,,,,,,,,,,,,,,down,,,,,,,,,,,,,,,,,,,,,meh,,,meh,,,,,,,,,
Finding Neverland (American Rep),2014-08-13,,0,0,5,1,4,0,,,,,,,,,,,,,,,,,,,,,,,,,,up,,,,,,,,,,,,,,,,,,,,,,,,meh,,,,,,,,,,,,,,,,,,,,,,,meh,meh,,,,,,,,,,,,,,,,,,,,,,,,meh,,,,,
Voices of Swords,2014-08-15,,0,0,0,0,0,0,,,,,,,,,,,,,,,,,,,,,,,,,,,,,,,,,,,,,,,,,,,,,,,,,,,,,,,,,,,,,,,,,,,,,,,,,,,,,,,,,,,,,,,,,,,,,,,,,,,,,,,
Poor Behavior,2014-08-17,,0,0,5,1,3,1,,,,,,,,,,,,,,,,,,,,,,,,,,,down,,,,,,,,,,up,,,,,meh,,,,,,,,meh,,,,,,,,,,,,,,,,,,,,,,,,,,,,,,,,,,,,,,,,,meh,,,,,,,,,,,,
The Last Days of Cleopatra,2014-08-20,,0,0,0,0,0,0,,,,,,,,,,,,,,,,,,,,,,,,,,,,,,,,,,,,,,,,,,,,,,,,,,,,,,,,,,,,,,,,,,,,,,,,,,,,,,,,,,,,,,,,,,,,,,,,,,,,,,,
And I and Silence,2014-08-25,,0,0,5,1,3,1,,,,,,,,,,,,,,,,,,,,,,,,,,,,,,,,,,,,,,,,,,,,,,meh,,,,down,,,,,,,,,,,,,,,,,,,,meh,,,,,,,,,,,,,,,,,,,,,up,,,,,,,meh,,,,,
Olympics Über Alles,2014-08-27,,0,0,0,0,0,0,,,,,,,,,,,,,,,,,,,,,,,,,,,,,,,,,,,,,,,,,,,,,,,,,,,,,,,,,,,,,,,,,,,,,,,,,,,,,,,,,,,,,,,,,,,,,,,,,,,,,,,
Dead Behind These Eyes,2014-08-29,,0,0,1,1,0,0,,,,,,,,,,,,,,,,,,,,,,,,,,,,,,,,,,,,,,,,,,,,,,,,up,,,,,,,,,,,,,,,,,,,,,,,,,,,,,,,,,,,,,,,,,,,,,,,,,,,,,,,
Trade Practices,2014-08-31,,0,0,1,0,1,0,,,,,,,,,,,,,,,,,,,,,,,,,,,,,,,,,,,,,,,,,,,,,,,,,,meh,,,,,,,,,,,,,,,,,,,,,,,,,,,,,,,,,,,,,,,,,,,,,,,,,,,,,
Red Eye of Love,2014-09-04,,0,0,5,1,2,2,,,,,,,,,,,,,,,,,,,,,,,,,,,,,,,,,,,,,,,up,,,down,,,,,,,,down,,,,,,,,,,,,,,,,,,,,meh,,,,,,,,,,,,,,,,,,,,meh,,,,,,,,,,,,,
The Wayside Motor Inn,2014-09-04,,0,0,5,3,2,0,,,,,,,,,,,,,,,,,,,,,,up,,,,,,meh,,,,,,,,,,,meh,,,,,,,,,,,up,,,,,,,,,,,,,,,,,,,,,,,,,,,,,,,,,,,,,,,,,up,,,,,,,,,,,,
My Mañana Comes,2014-09-04,,0,0,4,4,0,0,,,,,,,,,,,,,,,,,,,,,,,,,,,,,,,,,,,,,,,up,,,,,,,up,,,,up,,,,,,,,,,,,,,,,,,,,,,,,,,,,,,,,,,,,,,,,,up,,,,,,,,,,,,
Bastards of Strindberg,2014-09-06,,0,0,5,0,4,1,,,,,,,,,,,,,,,,,,,,,,,,,,,,,,,,,,,,,,,,,,,,,,,,,,meh,,,,,,,,,,,,,,,,,,meh,,meh,,,,,,,,,,,,,,,,,,,,down,,meh,,,,,,,,,,,
Dry Land,2014-09-06,,0,0,1,1,0,0,,,,,,,,,,,,,,,,,,,,,,,,,,,,,,,,,,,,,,,,,,,,,,,,,,,,,,,,,,,,,,,,,,,,,up,,,,,,,,,,,,,,,,,,,,,,,,,,,,,,,,,,
3 Christs,2014-09-07,,0,0,1,1,0,0,,,,,,,,,,,,,,,,,,,,,,,,,,,,,,,,,,,,,,,,,,,,,,,,,,up,,,,,,,,,,,,,,,,,,,,,,,,,,,,,,,,,,,,,,,,,,,,,,,,,,,,,
Boys and Girls,2014-09-07,,0,0,4,2,1,1,,,,,,,,,,,,,,,,,,,,,,,,,,,,,,,,,,,,,,,,,,,,,,,,up,,meh,,,,,,,,,,,,,,,,,,,up,,,,,,,,,,,,,,,,,,,,,down,,,,,,,,,,,,,
Smoke,2014-09-08,,0,0,5,4,0,1,,,,,,,,,,,,,,,,,,,,,,,,,,,,,,,,,,,,,,,,,,,,,,down,,,,up,,,,,,,,,,,,,,,,,,up,,,,,,,,,,,,,,,,,,,,,,up,,up,,,,,,,,,,,
Bauer,2014-09-08,,0,0,3,1,2,0,,,,,,,,,,,,,,,,,,,,,,,,,,,,,,,,,,,,,,,,,,,,,,,,,,meh,,,,,,,,,,,,,,,,,,up,,,,,,,,,,,,,,,,,,,,,,,meh,,,,,,,,,,,,
Fabulous!,2014-09-08,,0,0,1,1,0,0,,,,,,,,,,,,,,,,,,,,,,,,,,,,,,,,,,,,,,,,,,,,,,,,,,,,,,,,,,,,,,,,,,,,,,,,,,,,,,,,,,,,,,,,,,,,,,up,,,,,,,,,
To The Bone,2014-09-09,,0,0,0,0,0,0,,,,,,,,,,,,,,,,,,,,,,,,,,,,,,,,,,,,,,,,,,,,,,,,,,,,,,,,,,,,,,,,,,,,,,,,,,,,,,,,,,,,,,,,,,,,,,,,,,,,,,,
Rococo Rouge,2014-09-09,,0,0,0,0,0,0,,,,,,,,,,,,,,,,,,,,,,,,,,,,,,,,,,,,,,,,,,,,,,,,,,,,,,,,,,,,,,,,,,,,,,,,,,,,,,,,,,,,,,,,,,,,,,,,,,,,,,,
Bootycandy,2014-09-10,,0,0,6,3,3,0,,,meh,,,,,,,,,,,,,,,,,,,up,,,,,,,,,,,,,,,,,meh,,,,,,,,,,,up,,,,,,,,,,,,,,,,,,,,meh,,,,,,,,,,,,,,,,,,,,,,,,,,,,,,up,,,
Juárez: A Documentary Mythology,2014-09-10,,0,0,3,0,2,1,,,,,,,,,,,,,,,,,,,,,,,,,,,,,,,,,,,,,,,,,,,,,,meh,,,,down,,,,,,,,,,,,,,,,,,,,,,,,,,,,,,,,,,,,,,,,,meh,,,,,,,,,,,,
A Sucker Emcee,2014-09-10,,0,0,0,0,0,0,,,,,,,,,,,,,,,,,,,,,,,,,,,,,,,,,,,,,,,,,,,,,,,,,,,,,,,,,,,,,,,,,,,,,,,,,,,,,,,,,,,,,,,,,,,,,,,,,,,,,,,
This Is Our Youth,2014-09-11,,0,0,5,5,0,0,,,up,,,up,,,,,,,,,,,,,,,,up,,,,,,,,,,,,,,,,,,,,,,,,,,,,up,,,,,,,,,,,,,,,,,,,,,,,,,,,,,,,,,,,,,,,,,,,,up,,,,,,,,,
Nico: Underground,2014-09-11,,0,0,1,1,0,0,,,,,,,,,,,,,,,,,,,,,,,,,,,,,,,,,,,,,,,,,,,,,,,,,,up,,,,,,,,,,,,,,,,,,,,,,,,,,,,,,,,,,,,,,,,,,,,,,,,,,,,,
"Teach, Teacher, Teachest",2014-09-12,,0,0,0,0,0,0,,,,,,,,,,,,,,,,,,,,,,,,,,,,,,,,,,,,,,,,,,,,,,,,,,,,,,,,,,,,,,,,,,,,,,,,,,,,,,,,,,,,,,,,,,,,,,,,,,,,,,,
Bright Star,2014-09-13,,0,0,0,0,0,0,,,,,,,,,,,,,,,,,,,,,,,,,,,,,,,,,,,,,,,,,,,,,,,,,,,,,,,,,,,,,,,,,,,,,,,,,,,,,,,,,,,,,,,,,,,,,,,,,,,,,,,
Bedbugs!!!,2014-09-14,,0,0,4,4,0,0,,,,,,,,,up,,,,,,,,,,,,,,,,,,,,,,,,,,,,,,,,,,,,,,,,,up,,,,,,,,,,,,,,,,,,,,,,,,,,,,,,,,,,,,,,,up,,,up,,,,,,,,,,,
The Valley of Astonishment,2014-09-14,,0,0,0,0,0,0,,,,,,,,,,,,,,,,,,,,,,,,,,,,,,,,,,,,,,,,,,,,,,,,,,,,,,,,,,,,,,,,,,,,,,,,,,,,,,,,,,,,,,,,,,,,,,,,,,,,,,,
Mighty Real,2014-09-14,,0,0,3,0,3,0,,,,,,,,,,,,,,,,,,,,,,,,,,,,meh,,,meh,,,,,,,,,,,,,,,,,,,,,,,,,,,,,,,,,,,,,,,,,,,,,,,,,,,,,,,,,,,,meh,,,,,,,,,,,,
Solitary Light,2014-09-15,,0,0,5,2,2,1,,,,,,,,,,,,,,,,,,,,,,,,,,,,,,,,,,,,,,,,,,,,,,,,up,,meh,,,,,,,,,,,,,,,,,,down,,up,,,,,,,,,,,,,,,,,,,,,meh,,,,,,,,,,,,
The Fatal Weakness,2014-09-15,,0,0,5,1,3,1,,,,,,,,,,,,,meh,,,,,,,,,,,,,,,,,,,,,,,,,,,,,meh,,,,,,,,up,,,,,,,,,,,,,,,,,,,,meh,,,,,,,,,,,,,,,,,,,,,down,,,,,,,,,,,,
Ndebele Funeral,2014-09-16,,0,0,4,2,2,0,,,,,,,,,,,,,,,,,,,,,,,,,,,,,,,meh,,,,,,,,,,,,,,,,,,,meh,,,,,,,,,,,,,,,,,,,,,,,,,,,,,,,,,,,,,,,,,up,up,,,,,,,,,,,
Rock Bottom,2014-09-17,,0,0,5,4,1,0,,,,,,,,,,,,,,,,,,,,,,,,,,,,,,,,,,,,,,,up,,,,,,,,,,,up,,,,,,,,,,,,,,,,,,,,,,,,,,,,,,,,,,,,,,,,,,,,up,,,,up,,meh,,,
Love Letters,2014-09-18,,0,0,5,4,0,1,,,,,,down,,,,,,,,,,,,,,,,up,,,,,up,,,,,,,,,,up,,,,,,,,,,,,,up,,,,,,,,,,,,,,,,,,,,,,,,,,,,,,,,,,,,,,,,,,,,,,,,,,,,,
Almost Home,2014-09-18,,0,0,4,0,4,0,,,,meh,,,,,,,,,,,,,,,,,,,,,,,,,,,,,,,,,,,,,,,,,,,,,,,,,,,,,,,,,,,,,,,,,,meh,,,,,,,,,,,,,,,,,,,,,meh,meh,,,,,,,,,,,
Icebound,2014-09-19,,0,0,0,0,0,0,,,,,,,,,,,,,,,,,,,,,,,,,,,,,,,,,,,,,,,,,,,,,,,,,,,,,,,,,,,,,,,,,,,,,,,,,,,,,,,,,,,,,,,,,,,,,,,,,,,,,,,
Belfast Blues,2014-09-20,,0,0,0,0,0,0,,,,,,,,,,,,,,,,,,,,,,,,,,,,,,,,,,,,,,,,,,,,,,,,,,,,,,,,,,,,,,,,,,,,,,,,,,,,,,,,,,,,,,,,,,,,,,,,,,,,,,,
Uncle Vanya,2014-09-21,,0,0,5,0,4,1,,,,,,,,,,,,,,,,,,,,,,,,,,,,,,,,,,,,,,,,,,,,,,,,meh,,meh,,,,,,,,,,,,,,,,,,meh,,,,,,,,,,,,,,,,,,,,,,,meh,,,down,,,,,,,,,
Scenes From a Marriage,2014-09-22,,0,0,5,3,2,0,,,,,,,,,,,,,,,,,,,,,,,,,,,,,,,,,,,,,,,meh,,,up,,,,,,,,up,,,,,,,,,,,,,,,,,,,,,,,,,,,,,,,,,,,,,,,,,up,,,,,,,,,meh,,,
The Money Shot,2014-09-22,,0,0,5,0,3,2,,,,,,,,,,,,,,,,,,,,,,,,,,,,,,,,,,,,,,,down,,,,,,,,,,,meh,,,,,,,,,,,,,,,,,,,,,,,,,,,,,,,,,,,,,,,,,meh,,,down,,,,meh,,,,,
Chinese Coffee,2014-09-24,,0,0,1,0,1,0,,,,,,,,,,,,,,,,,,,,,,,,,,,,,,,,,,,,,,,,,,,,,,,,,,,,,,,,,,,,,,,,,,,,meh,,,,,,,,,,,,,,,,,,,,,,,,,,,,,,,,,,,
The Old Man and the Old Moon,2014-09-26,,0,0,1,1,0,0,,,,,,,,,,,,,,,,,,,,,,,,,,,,up,,,,,,,,,,,,,,,,,,,,,,,,,,,,,,,,,,,,,,,,,,,,,,,,,,,,,,,,,,,,,,,,,,,,,,,,,,,
You Can’t Take It With You,2014-09-28,,0,0,5,4,1,0,,,,,,meh,,,,,,,,,,,,,,,,,,,,,up,up,,,,,,,,,up,,,,,,,,,,,,,up,,,,,,,,,,,,,,,,,,,,,,,,,,,,,,,,,,,,,,,,,,,,,,,,,,,,,
Stalking the Bogeyman,2014-09-29,,0,0,5,3,2,0,,,,,,,,,,,,,,,,,,,,,,,,,,,,up,,,,,,,,,,,,,up,,,,,,,,,up,,,,,,,,,,,,,,,,,,,,,,,,,,,,,,,,,,,,,,,,,meh,,,meh,,,,,,,,,
A Walk in the Woods,2014-09-30,,0,0,3,1,2,0,,,,,,,,,,,,,,,,,,,,,,meh,,,,,,,,,,,,,,,,,,,,up,,,,,,,,meh,,,,,,,,,,,,,,,,,,,,,,,,,,,,,,,,,,,,,,,,,,,,,,,,,,,,,
Indian Ink,2014-09-30,,0,0,5,3,2,0,,,,,,up,,,,,,,,,,,,,,,,,,,,,up,,,,,,,,,,,,meh,,,,,,,,,,,meh,,,,,,,,,,,,,,,,,,,,,,,,,,,,,,,,,,,,,,,,,,,,,,,,,,up,,,
Alan Smithee Directed This Play: Triple Feature,2014-09-30,,0,0,1,1,0,0,,,,,,,,,,,,,,,,,,,,,,,,,,,,,,,,,,,,,,,,,,,,,,,,,,up,,,,,,,,,,,,,,,,,,,,,,,,,,,,,,,,,,,,,,,,,,,,,,,,,,,,,
King Lear,2014-09-30,,0,0,1,0,0,1,,,,,,,,,,,,,,,,,,,,,,,,,,,,,,,,,,,,,,,,,,,,,,,,,,down,,,,,,,,,,,,,,,,,,,,,,,,,,,,,,,,,,,,,,,,,,,,,,,,,,,,,
Tail! Spin!,2014-10-01,,0,0,5,4,1,0,,,,,,,,,,,,,,,,,,,,,,,,,,,up,,,,,,,,,,,,up,,,,,,,,,,,up,,,,,,,,,,,,,,,,,,,,,,,,,,,,,,,,,,,,,,,,,up,,,,,,,,,meh,,,
The Country House,2014-10-02,,0,0,5,0,4,1,,,,,,,,,,,,,,,,,,,,,,,,,,,meh,down,,,,,,,,,meh,,,,,,,,,,,,,meh,,,,,,,,,,,,,,,,,,,,,,,,,,,,,,,,,,,,,,,,,,,,meh,,,,,,,,,
Port Authority,2014-10-02,,0,0,3,2,1,0,,,,,,up,,,,,,,,,,,,,,,,,,,,,,,,,,,,,,,,,,,,,,,,,,,,,,,,,,,,,,,,,,,,,,,,,,,,,,,,,,,,,,,,,,,,,meh,,,up,,,,,,,,,
Extreme Weather,2014-10-02,,0,0,0,0,0,0,,,,,,,,,,,,,,,,,,,,,,,,,,,,,,,,,,,,,,,,,,,,,,,,,,,,,,,,,,,,,,,,,,,,,,,,,,,,,,,,,,,,,,,,,,,,,,,,,,,,,,,
Tempest,2014-10-02,,0,0,0,0,0,0,,,,,,,,,,,,,,,,,,,,,,,,,,,,,,,,,,,,,,,,,,,,,,,,,,,,,,,,,,,,,,,,,,,,,,,,,,,,,,,,,,,,,,,,,,,,,,,,,,,,,,,
Written in Sand,2014-10-02,,0,0,0,0,0,0,,,,,,,,,,,,,,,,,,,,,,,,,,,,,,,,,,,,,,,,,,,,,,,,,,,,,,,,,,,,,,,,,,,,,,,,,,,,,,,,,,,,,,,,,,,,,,,,,,,,,,,
Uncanny Valley,2014-10-02,,0,0,0,0,0,0,,,,,,,,,,,,,,,,,,,,,,,,,,,,,,,,,,,,,,,,,,,,,,,,,,,,,,,,,,,,,,,,,,,,,,,,,,,,,,,,,,,,,,,,,,,,,,,,,,,,,,,
The Curious Incident of the Dog in the Night-Time,2014-10-05,,0,0,5,5,0,0,,,,,,up,,,,,,,,,,,,,,,,,,,,,up,,,,,,,,,,,,up,,,,,,,,,,,up,,,,,,,,,,,,,,,,,,,,,,,,,,,,,,,,,,,,,,,,,,,,up,,,,,,,,,
Can-Can,2014-10-05,,0,0,4,4,0,0,,,,,,,,,,,,,up,,,,,,,,,,,,,,,,,,,,,,,,,,,,,,,,,,,,,,,,,up,up,,,,,,,,,,,,,,,,,,,,,,,,,,,,,,,,,,,,up,,,,,,,,,,,,
That Poor Dream,2014-10-06,,0,0,3,0,2,1,,,,,,,,,,,,,,,,,,,,,,,,,,,,,,,,,,,,,,,,,,,,,,,,,,meh,,,,,,,,,,,,,,,,,,,,,,,,,,,,,,,,,,,,,,,,,,,,meh,,,,,down,,,,
The Killing of Sister George,2014-10-07,,0,0,5,2,3,0,,,,,,,,,,,,,,,,,,,,,,,,,,,,meh,,,,,,,,,,,,,up,,,,,,,,,meh,,,,,,,,,,,,,,,,,,,,,,,,,,,,,,,,,,,,,,,,,,meh,,up,,,,,,,,,
Shakespeare's Sonnets,2014-10-07,,0,0,3,1,1,1,,,,,,,,,,,,,,,,,,,,,,,,,,,,,,,,,,,,,,,,,,,,,,,,,,meh,,,,,,,,,,,,,,,,,,,,,,,,,,,,,,,,,,,,,,,,,up,,,,,,,,,down,,,
"Not I, Footfalls, Rockaby",2014-10-07,,0,0,1,1,0,0,,,,,,,,,,,,,,,,,,,,,,,,,,,,,,,,,,,,,,,,,,,,,,,,,,up,,,,,,,,,,,,,,,,,,,,,,,,,,,,,,,,,,,,,,,,,,,,,,,,,,,,,
Metamorphosis,2014-10-07,,0,0,0,0,0,0,,,,,,,,,,,,,,,,,,,,,,,,,,,,,,,,,,,,,,,,,,,,,,,,,,,,,,,,,,,,,,,,,,,,,,,,,,,,,,,,,,,,,,,,,,,,,,,,,,,,,,,
Ghost Quartet,2014-10-08,,0,0,2,2,0,0,,,,,,,,,,,,,,,,,,,,,,,,,,,,,,,,,,,,,,,,,,,,,,,,,,up,,,,,,,,,,,,,,,,,,,,,,,,,,,,,,,,,,,,,,,,,,,,up,,,,,,,,,
It's Only A Play,2014-10-09,,0,0,5,3,2,0,,,,,,up,,,,,,,,,,,,,,,,up,,,,,meh,,,,,,,,,,,,,,,,,,,,,,,meh,,,,,,,,,,,,,,,,,,,,,,,,,,,,,,,,,,,,,,,,,,,,,,,,up,,,,,
Labyrinth,2014-10-09,,0,0,0,0,0,0,,,,,,,,,,,,,,,,,,,,,,,,,,,,,,,,,,,,,,,,,,,,,,,,,,,,,,,,,,,,,,,,,,,,,,,,,,,,,,,,,,,,,,,,,,,,,,,,,,,,,,,
Deliverance,2014-10-10,,0,0,0,0,0,0,,,,,,,,,,,,,,,,,,,,,,,,,,,,,,,,,,,,,,,,,,,,,,,,,,,,,,,,,,,,,,,,,,,,,,,,,,,,,,,,,,,,,,,,,,,,,,,,,,,,,,,
While I Yet Live,2014-10-12,,0,0,5,1,3,1,,,,,,,,,,,,,,,,,,,,,,meh,,,,,down,,,,,,,,,,,,,,,,,,,,,,,meh,,,meh,,,,,,,,,,,,,,,,,,,,,,,,,,,,,,,,,,,,,,up,,,,,,,,,,,,
It Has to Be You,2014-10-12,,0,0,5,3,2,0,,,,,,,,,,,,,meh,,,,up,,,,,,,,,,,,,,,,,,,,,,,,,,,,,,,,,meh,,,,,,,,,,,,,,,,,,,,,,,,,,,,,,,,,,,,,,,,up,,up,,,,,,,,,,,
Jacuzzi,2014-10-13,,0,0,5,4,1,0,,,,,,,,,,,,,,,,,,,,,,up,,,,,,,,,,,,,,,,,up,,,,,,,,,,,meh,,,,,,,,,,,,,,,,,,,,,,,,,,,,,,,,,,,,,,,,,up,,,,,,,up,,,,,
Found,2014-10-14,,0,0,5,4,1,0,,,,,,,,,,,,,,,,,,,,,,meh,,,,,,,,,,,,,,,,,up,,,up,,,,,,,,up,,,,,,,,,,,,,,,,,,,,,,,,,,,,,,,,,,,,,,,,,,,,up,,,,,,,,,
Father Comes Home From the Wars,2014-10-14,,0,0,0,0,0,0,,,,,,,,,,,,,,,,,,,,,,,,,,,,,,,,,,,,,,,,,,,,,,,,,,,,,,,,,,,,,,,,,,,,,,,,,,,,,,,,,,,,,,,,,,,,,,,,,,,,,,,
Odd Birdz,2014-10-14,,0,0,0,0,0,0,,,,,,,,,,,,,,,,,,,,,,,,,,,,,,,,,,,,,,,,,,,,,,,,,,,,,,,,,,,,,,,,,,,,,,,,,,,,,,,,,,,,,,,,,,,,,,,,,,,,,,,
Lennon: Through a Glass Onion,2014-10-15,,0,0,5,2,2,1,,,,,,,,,,,,,,,,,,,,,,up,,,,,,meh,,,,,,,,,,,,,,meh,,,,,,,,up,,,,,,,,,,,,,,,,,,,,,,,,,,,,,,,,,,,,,,,,,down,,,,,,,,,,,,
Lippy,2014-10-15,,0,0,0,0,0,0,,,,,,,,,,,,,,,,,,,,,,,,,,,,,,,,,,,,,,,,,,,,,,,,,,,,,,,,,,,,,,,,,,,,,,,,,,,,,,,,,,,,,,,,,,,,,,,,,,,,,,,
On The Town,2014-10-16,,0,0,5,5,0,0,,,,,,up,,,,,,,,,,,,,,,,,,,,,up,,,,,,,,,,up,,up,,,,,,,,,,,up,,,,,,,,,,,,,,,,,,,,,,,,,,,,,,,,,,,,,,,,,,,,,,,,,,,,,
4:48 Psychosis,2014-10-16,,0,0,0,0,0,0,,,,,,,,,,,,,,,,,,,,,,,,,,,,,,,,,,,,,,,,,,,,,,,,,,,,,,,,,,,,,,,,,,,,,,,,,,,,,,,,,,,,,,,,,,,,,,,,,,,,,,,
Lift,2014-10-17,,0,0,0,0,0,0,,,,,,,,,,,,,,,,,,,,,,,,,,,,,,,,,,,,,,,,,,,,,,,,,,,,,,,,,,,,,,,,,,,,,,,,,,,,,,,,,,,,,,,,,,,,,,,,,,,,,,,
Buzz,2014-10-18,,0,0,0,0,0,0,,,,,,,,,,,,,,,,,,,,,,,,,,,,,,,,,,,,,,,,,,,,,,,,,,,,,,,,,,,,,,,,,,,,,,,,,,,,,,,,,,,,,,,,,,,,,,,,,,,,,,,
The Belle of Amherst,2014-10-19,,0,0,5,2,2,1,,,,,,,,,,,,,,,,,,,,,,,,,,,up,,,,,,,,,,,,meh,,,up,,,,,,,,meh,,,,,,,,,,,,,,,,,,,,,,,,,,,,,,,,,,,,,,,,,down,,,,,,,,,,,,
Billy & Ray,2014-10-19,,0,0,5,0,0,5,,,,,,,,,,,,,,,,,,,,,,,,,,,,,,,,,,,,,,,down,,,down,,,,,,,,down,,,,,,,,,,,,,,,,,,,,,,,,,,,,,,,,,,,,,,,,,down,,,down,,,,,,,,,
Not Afraid,2014-10-19,,0,0,1,0,1,0,,,,,,,,,,,,,,,,,,,,,,,,,,,,,,,,,,,,,,,,,,,,,,,,,,,,,,,,,,,,,,,,,,,,,,meh,,,,,,,,,,,,,,,,,,,,,,,,,,,,,,,,,
brownsville song (b-side for tray),2014-10-20,,0,0,5,2,2,1,,,,,,,,,,,,,,,,,,,,,,down,,,,,,up,,,,,,,,,,,,,,,,,,,,,,meh,,,,,,,,,,,,,,,,,,,,,,,,,,,,,,,,,,,,,,,,,meh,,,,,,,up,,,,,
The Fortress of Solitude,2014-10-22,,0,0,5,2,3,0,,,,,,,,,,,,,,,,,,,,,,,,,,,meh,,,,,,,,,,,,,,,meh,,,,,,,,meh,,,,,,,,,,,,,,,,,,,,,,,,,,,,,,,,,,,,,,,,,,,,up,,,,up,,,,,
Disgraced,2014-10-23,,0,0,5,5,0,0,,,,,,up,,,,,,,,,,,,,,,,up,,,,,,,,,,,,,,,up,,,,,,,,,,,,,up,,,,,,,,,,,,,,,,,,,,,,,,,,,,,,,,,,,,,,,,,,,,up,,,,,,,,,
Spacebar,2014-10-24,,0,0,1,0,1,0,,,,,,,,,,,,,,,,,meh,,,,,,,,,,,,,,,,,,,,,,,,,,,,,,,,,,,,,,,,,,,,,,,,,,,,,,,,,,,,,,,,,,,,,,,,,,,,,,,,,,,,,,
Carnaval,2014-10-25,,0,0,0,0,0,0,,,,,,,,,,,,,,,,,,,,,,,,,,,,,,,,,,,,,,,,,,,,,,,,,,,,,,,,,,,,,,,,,,,,,,,,,,,,,,,,,,,,,,,,,,,,,,,,,,,,,,,
Little Dancer,2014-10-25,,0,0,0,0,0,0,,,,,,,,,,,,,,,,,,,,,,,,,,,,,,,,,,,,,,,,,,,,,,,,,,,,,,,,,,,,,,,,,,,,,,,,,,,,,,,,,,,,,,,,,,,,,,,,,,,,,,,
The Last Ship,2014-10-26,,0,0,6,3,3,0,,,,,,up,,,,,,,,,,,,,,,,meh,,,,,meh,,,,,,,,,,up,,,,,,,,,,,,,meh,,,,,,,,,,,,,,,,,,,,,,,,,,,,,,,,,,,,,,,,,,,,up,,,,,,,,,
Salt of the Earth,2014-10-28,,0,0,1,0,1,0,,,,,,,,,,,,,,,,,,,,,,,,,,,,,,,,,,,,,,,,,,,,,,,,,,meh,,,,,,,,,,,,,,,,,,,,,,,,,,,,,,,,,,,,,,,,,,,,,,,,,,,,,
Six Characters in Search of an Author,2014-10-28,,0,0,1,1,0,0,,,,,,,,,,,,,,,,,,,,,,,,,,,,,,,,,,,,,,,,,,,,,,,,,,up,,,,,,,,,,,,,,,,,,,,,,,,,,,,,,,,,,,,,,,,,,,,,,,,,,,,,
"Lips Together, Teeth Apart",2014-10-29,,0,0,5,0,4,1,,,,,,,,,,,,,,,,,,,,,,,,,,,down,,,,,,,,,,,,meh,,,meh,,,,,,,,meh,,,,,,,,,,,,,,,,,,,,,,,,,,,,,,,,,,,,,,,,,meh,,,,,,,,,,,,
The Real Thing,2014-10-30,,0,0,5,3,1,1,,,,,,up,,,,,,,,,,,,,,,,up,,,,,meh,,,,,,,,,,,,,,,,,,,,,,,down,,,,,,,,,,,,,,,,,,,,,,,,,,,,,,,,,,,,,,,,,,,,up,,,,,,,,,
The Maids’ The Maids,2014-10-31,,0,0,0,0,0,0,,,,,,,,,,,,,,,,,,,,,,,,,,,,,,,,,,,,,,,,,,,,,,,,,,,,,,,,,,,,,,,,,,,,,,,,,,,,,,,,,,,,,,,,,,,,,,,,,,,,,,,
THE SEAGULL and SENSE & SENSIBILITY,2014-10-31,,0,0,0,0,0,0,,,,,,,,,,,,,,,,,,,,,,,,,,,,,,,,,,,,,,,,,,,,,,,,,,,,,,,,,,,,,,,,,,,,,,,,,,,,,,,,,,,,,,,,,,,,,,,,,,,,,,,
"Tamburlaine, Parts I & II",2014-11-01,,0,0,0,0,0,0,,,,,,,,,,,,,,,,,,,,,,,,,,,,,,,,,,,,,,,,,,,,,,,,,,,,,,,,,,,,,,,,,,,,,,,,,,,,,,,,,,,,,,,,,,,,,,,,,,,,,,,
The Oldest Boy,2014-11-03,,0,0,5,1,4,0,,,,,,,,,,,,,,,,,,,,,,,,,,,up,,,,,,,,,,,,,,,meh,,,,,,,,meh,,,,,,,,,,,,,,,,,,,,,,,,,,,,,,,,,,,,,,,,,meh,,,,,,,,,meh,,,
Powerhouse,2014-11-03,,0,0,0,0,0,0,,,,,,,,,,,,,,,,,,,,,,,,,,,,,,,,,,,,,,,,,,,,,,,,,,,,,,,,,,,,,,,,,,,,,,,,,,,,,,,,,,,,,,,,,,,,,,,,,,,,,,,
Major Barbara,2014-11-04,,0,0,0,0,0,0,,,,,,,,,,,,,,,,,,,,,,,,,,,,,,,,,,,,,,,,,,,,,,,,,,,,,,,,,,,,,,,,,,,,,,,,,,,,,,,,,,,,,,,,,,,,,,,,,,,,,,,
Wiesenthal,2014-11-05,,0,0,4,3,1,0,,,,,,,,,,,,,,,,,,,,,,,,,,,,up,,,,,,,,,,,,,,up,,,,,,,,meh,,,,,,,,,,,,,,,,,,,,,,,,,,,,,,,,,,,,,,,,,up,,,,,,,,,,,,
The Object Lesson,2014-11-05,,0,0,1,1,0,0,,,,,,,,,,,,,,,,,,,,,,,,,,,,,,,,,,,,,,,,,,,,,,,,,,up,,,,,,,,,,,,,,,,,,,,,,,,,,,,,,,,,,,,,,,,,,,,,,,,,,,,,
Show Boat,2014-11-05,,0,0,5,1,4,0,,,,,,,,,,,,,,,,,,,,,,,,,,,,meh,,,,,,,,,,,meh,,,up,,,,,,,,meh,,,,,,,,,,,,,,,,,,,,,,,,,,,,,,,,,,,,,,,,,,,,,,,,,,meh,,,
Livin’ la Vida Imelda,2014-11-05,,0,0,0,0,0,0,,,,,,,,,,,,,,,,,,,,,,,,,,,,,,,,,,,,,,,,,,,,,,,,,,,,,,,,,,,,,,,,,,,,,,,,,,,,,,,,,,,,,,,,,,,,,,,,,,,,,,,
Sticks and Bones,2014-11-06,,0,0,5,2,3,0,,,,,,up,,,,,,,,,,,,,,,,,,,,,meh,,,,,,,,,,,,,,,,,,,,,,,up,,,,,,,,,,,,,,,,,,,,,,,,,,,,,,,,,,,,,,,,,,,,,,,,meh,,,meh,,
The Band Wagon,2014-11-06,,0,0,5,0,5,0,,,,,,,,,,,,,,,,,,,,,,,,,,,meh,,,,,,,,,,,,meh,,,meh,,,,,,,,meh,,,,,,,,,,,,,,,,,,,,,,,,,,,,,,,,,,,,,,,,,,,,,,,,,,meh,,,
Chairs and a Long Table,2014-11-06,,0,0,0,0,0,0,,,,,,,,,,,,,,,,,,,,,,,,,,,,,,,,,,,,,,,,,,,,,,,,,,,,,,,,,,,,,,,,,,,,,,,,,,,,,,,,,,,,,,,,,,,,,,,,,,,,,,,
You Got Older,2014-11-07,,0,0,3,1,2,0,,,,,,,,,,,,,,,,,,,,,,,,,,,,,,,,,,,,,,,,,,,,,,,,,,meh,,,,,,,,,,,,,,,,,,,,,,,,,,,,,,,,,,,,,,,,,meh,,,up,,,,,,,,,
Radio City Christmas Spectacular,2014-11-07,,0,0,0,0,0,0,,,,,,,,,,,,,,,,,,,,,,,,,,,,,,,,,,,,,,,,,,,,,,,,,,,,,,,,,,,,,,,,,,,,,,,,,,,,,,,,,,,,,,,,,,,,,,,,,,,,,,,
Straight White Men,2014-11-07,,0,0,0,0,0,0,,,,,,,,,,,,,,,,,,,,,,,,,,,,,,,,,,,,,,,,,,,,,,,,,,,,,,,,,,,,,,,,,,,,,,,,,,,,,,,,,,,,,,,,,,,,,,,,,,,,,,,
Pitbulls,2014-11-07,,0,0,0,0,0,0,,,,,,,,,,,,,,,,,,,,,,,,,,,,,,,,,,,,,,,,,,,,,,,,,,,,,,,,,,,,,,,,,,,,,,,,,,,,,,,,,,,,,,,,,,,,,,,,,,,,,,,
Lost Lake,2014-11-11,,0,0,5,0,5,0,,,,,,,,,,,,,,,,,,,,,,,,,,,meh,,,,,,,,,,,,meh,,,meh,,,,,,,,meh,,,,,,,,,,,,,,,,,,,,,,,,,,,,,,,,,,,,,,,,,,,,,,,,meh,,,,,
Basetrack Live,2014-11-11,,0,0,2,2,0,0,,,,,,,,,,,,,,,,,,,,,,,,,,,,,,,,,,,,,,,,,,,,,,,,,,up,,,,,,,,,,,,,,,,,,,,,,,,,,,,,,,,,,,,,,,,,up,,,,,,,,,,,,
"Pericles, Prince of Tyre",2014-11-11,,0,0,0,0,0,0,,,,,,,,,,,,,,,,,,,,,,,,,,,,,,,,,,,,,,,,,,,,,,,,,,,,,,,,,,,,,,,,,,,,,,,,,,,,,,,,,,,,,,,,,,,,,,,,,,,,,,,
Grand Concourse,2014-11-12,,0,0,5,2,3,0,,,,,,,,,,,,,,,,,,,,,,meh,,,,,,,,,,,,,,,,,meh,,,up,,,,,,,,meh,,,,,,,,,,,,,,,,,,,,,,,,,,,,,,,,,,,,,,,,,up,,,,,,,,,,,,
Lypsinka! The Trilogy,2014-11-13,,0,0,2,2,0,0,,,,,,,,,,,,,,,,,,,,,,,,,,,,up,,,,,,,,,,,,,,,,,,,,,,up,,,,,,,,,,,,,,,,,,,,,,,,,,,,,,,,,,,,,,,,,,,,,,,,,,,,,
The Strange Case of Dr. Jekyll and Mr. Hyde,2014-11-14,,0,0,1,0,1,0,,,,,,,,,,,,,,,,,,,,,,,,,,,,,,,,,,,,,,,,,,,,,,,,,,meh,,,,,,,,,,,,,,,,,,,,,,,,,,,,,,,,,,,,,,,,,,,,,,,,,,,,,
Asymmetric,2014-11-14,,0,0,0,0,0,0,,,,,,,,,,,,,,,,,,,,,,,,,,,,,,,,,,,,,,,,,,,,,,,,,,,,,,,,,,,,,,,,,,,,,,,,,,,,,,,,,,,,,,,,,,,,,,,,,,,,,,,
On a Stool at the End of the Bar,2014-11-14,,0,0,0,0,0,0,,,,,,,,,,,,,,,,,,,,,,,,,,,,,,,,,,,,,,,,,,,,,,,,,,,,,,,,,,,,,,,,,,,,,,,,,,,,,,,,,,,,,,,,,,,,,,,,,,,,,,,
The River,2014-11-16,,0,0,5,1,4,0,,,,,,,,,,,,,,,,,,,,,,,,,,,,,,,,,,,,,,,meh,,,,,,,,,,,meh,,,,,,,,,,,,,,,,,,,,,,,,,,,,,,,,,,,,,,,,,,,,up,,,,meh,,meh,,,
Our Lady of Kibeho,2014-11-16,,0,0,5,4,1,0,,,,,,,,,,,,,,,,,,,,,,up,,,,,,,,,,,,,,,,,,,,,,,,,,,,up,,,,,,,,,,,,,,,,,,,,,,,,,,,,,,,,,,,,,,,,,up,up,,,,,,meh,,,,,
Tristan & Yseult,2014-11-16,,0,0,0,0,0,0,,,,,,,,,,,,,,,,,,,,,,,,,,,,,,,,,,,,,,,,,,,,,,,,,,,,,,,,,,,,,,,,,,,,,,,,,,,,,,,,,,,,,,,,,,,,,,,,,,,,,,,
Side Show,2014-11-17,,0,0,5,2,3,0,,,,,,,,,,,,,,,,,,,,,,meh,,,,,up,,,,,,,,,,,,meh,,,,,,,,,,,up,,,,,,,,,,,,,,,,,,,,,,,,,,,,,,,,,,,,,,,,,,,,meh,,,,,,,,,
I See You,2014-11-17,,0,0,1,0,1,0,,,,,,,,,,,,,,,,,,,,,,,,,,,,,,,,,,,,,,,,,,,,,,,,,,meh,,,,,,,,,,,,,,,,,,,,,,,,,,,,,,,,,,,,,,,,,,,,,,,,,,,,,
Punk Rock,2014-11-17,,0,0,5,2,2,1,,,,,,,,,,,,,,,,,,,,,,meh,,,,,up,,,,,,,,,,,,,,,meh,,,,,,,,up,,,,,,,,,,,,,,,,,,,,,,,,,,,,,,,,,,,,,,,,,down,,,,,,,,,,,,
Blank! The Musical,2014-11-17,,0,0,4,4,0,0,,,,,,,,,,,,,up,,,,,,,,,,,,,,,,,,,,,,,,,,,,,,,,,,,,,,,,,,,,,,,,,,,,,,,,up,,,,,,,,,,,,,,,,,up,,,up,,,,,,,,,,,,,,
By the Water,2014-11-18,,0,0,5,4,1,0,,,,,,,,,,,,,,,,,,,,,,meh,,,,,,,,,,,,,,,,,,,,,,,,,,,,up,,,,,,,,,,,,,,,,,,,,,,,,,,,,,,,,,,,,,,,,,up,up,,,,,,up,,,,,
Allegro,2014-11-19,,0,0,5,0,3,2,,,,,,,,,,,,,,,,,,,,,,meh,,,,,down,,,,,,,,,,,,,,,,,,,,,,,meh,,,,,,,,,,,,,,,,,,,,,,,,,,,,,,,,,,,,,,,,,down,,,,,,,,,meh,,,
The Underclassman,2014-11-19,,0,0,3,0,3,0,,,,,,,,,,,,,,,,,,,,,,,,,,,,,,,,,,,,,,,,,,,,,,,,,,meh,,,,,,,,,,,,,,,,,,,,,,,,,,,,,,,,,,,,,,,,meh,meh,,,,,,,,,,,,
The Invisible Hand,2014-11-19,,0,0,0,0,0,0,,,,,,,,,,,,,,,,,,,,,,,,,,,,,,,,,,,,,,,,,,,,,,,,,,,,,,,,,,,,,,,,,,,,,,,,,,,,,,,,,,,,,,,,,,,,,,,,,,,,,,,
Rollo's Wild Oat,2014-11-20,,0,0,0,0,0,0,,,,,,,,,,,,,,,,,,,,,,,,,,,,,,,,,,,,,,,,,,,,,,,,,,,,,,,,,,,,,,,,,,,,,,,,,,,,,,,,,,,,,,,,,,,,,,,,,,,,,,,
A Delicate Balance,2014-11-20,,0,0,5,3,2,0,,,,,,,,,,,,,,,,,,,,,,,,,,,,,up,,,,,,,,up,,,,,,,,,,,,,meh,,,,,,,,,,,,,,,,,,,,,,,,,,,,,,,,,,,,,,,,,,,,up,,,,,,,meh,,
Rollo's Wild Oat,2014-11-20,,0,0,0,0,0,0,,,,,,,,,,,,,,,,,,,,,,,,,,,,,,,,,,,,,,,,,,,,,,,,,,,,,,,,,,,,,,,,,,,,,,,,,,,,,,,,,,,,,,,,,,,,,,,,,,,,,,,
War,2014-11-21,,0,0,0,0,0,0,,,,,,,,,,,,,,,,,,,,,,,,,,,,,,,,,,,,,,,,,,,,,,,,,,,,,,,,,,,,,,,,,,,,,,,,,,,,,,,,,,,,,,,,,,,,,,,,,,,,,,,
Pocatello,2014-11-21,,0,0,0,0,0,0,,,,,,,,,,,,,,,,,,,,,,,,,,,,,,,,,,,,,,,,,,,,,,,,,,,,,,,,,,,,,,,,,,,,,,,,,,,,,,,,,,,,,,,,,,,,,,,,,,,,,,,
A Particle of Dread,2014-11-23,,0,0,5,1,3,1,,,,,,,,,,,,,,,,,,,,,,,,,,,down,,,,,,,,,,,,,,,up,,,,,,,,meh,,,,,,,,,,,,,,,,,,,,meh,,,,,,,,,,,,,,,,,,,,,meh,,,,,,,,,,,,
"Me, My Mouth & I",2014-11-23,,0,0,1,0,1,0,,,,,,,,,,,,,,,,,,,,,,,,,,,,,,,,,,,,,,,,,,,,,,,,,,meh,,,,,,,,,,,,,,,,,,,,,,,,,,,,,,,,,,,,,,,,,,,,,,,,,,,,,
A Christmas Memory,2014-11-25,,0,0,0,0,0,0,,,,,,,,,,,,,,,,,,,,,,,,,,,,,,,,,,,,,,,,,,,,,,,,,,,,,,,,,,,,,,,,,,,,,,,,,,,,,,,,,,,,,,,,,,,,,,,,,,,,,,,
Swamp Juice,2014-11-28,,0,0,1,1,0,0,,,,,,,,,,,,,,,,,,,,,,,,,,,,up,,,,,,,,,,,,,,,,,,,,,,,,,,,,,,,,,,,,,,,,,,,,,,,,,,,,,,,,,,,,,,,,,,,,,,,,,,,
On the Other Side of the River,2014-11-29,,0,0,0,0,0,0,,,,,,,,,,,,,,,,,,,,,,,,,,,,,,,,,,,,,,,,,,,,,,,,,,,,,,,,,,,,,,,,,,,,,,,,,,,,,,,,,,,,,,,,,,,,,,,,,,,,,,,
Send for the Million Men,2014-12-03,,0,0,0,0,0,0,,,,,,,,,,,,,,,,,,,,,,,,,,,,,,,,,,,,,,,,,,,,,,,,,,,,,,,,,,,,,,,,,,,,,,,,,,,,,,,,,,,,,,,,,,,,,,,,,,,,,,,
Horse Girls,2014-12-03,,0,0,0,0,0,0,,,,,,,,,,,,,,,,,,,,,,,,,,,,,,,,,,,,,,,,,,,,,,,,,,,,,,,,,,,,,,,,,,,,,,,,,,,,,,,,,,,,,,,,,,,,,,,,,,,,,,,
The Illusionists,2014-12-04,,0,0,5,1,2,2,,,down,,,,,,,,,,,,,,,,,,,,,,,,meh,,,,,,,,,,,,meh,,,,,,,,,,,down,,,,,,,,,,,,,,,,,,,,,,,,,,,,,,,,,,,,,,,,,up,,,,,,,,,,,,
Disenchanted!,2014-12-04,,0,0,2,0,1,1,,,,,,,,,,,,,,,,,,,,,,down,,,,,,,,,,,,,,,,,,,,,,,,,,,,,,,,,,,,,,,,,,,,,,,,,,,,,,,,,,,,,,,,,,,,,meh,,,,,,,,,,,,
Cirque Zíva,2014-12-05,,0,0,1,1,0,0,,,up,,,,,,,,,,,,,,,,,,,,,,,,,,,,,,,,,,,,,,,,,,,,,,,,,,,,,,,,,,,,,,,,,,,,,,,,,,,,,,,,,,,,,,,,,,,,,,,,,,,,
The Asphalt Christmas,2014-12-05,,0,0,0,0,0,0,,,,,,,,,,,,,,,,,,,,,,,,,,,,,,,,,,,,,,,,,,,,,,,,,,,,,,,,,,,,,,,,,,,,,,,,,,,,,,,,,,,,,,,,,,,,,,,,,,,,,,,
Dr. Seuss’ How the Grinch Stole Christmas! The Musical,2014-12-05,,0,0,0,0,0,0,,,,,,,,,,,,,,,,,,,,,,,,,,,,,,,,,,,,,,,,,,,,,,,,,,,,,,,,,,,,,,,,,,,,,,,,,,,,,,,,,,,,,,,,,,,,,,,,,,,,,,,
Every Brilliant Thing,2014-12-05,,0,0,0,0,0,0,,,,,,,,,,,,,,,,,,,,,,,,,,,,,,,,,,,,,,,,,,,,,,,,,,,,,,,,,,,,,,,,,,,,,,,,,,,,,,,,,,,,,,,,,,,,,,,,,,,,,,,
War Lesbian,2014-12-05,,0,0,0,0,0,0,,,,,,,,,,,,,,,,,,,,,,,,,,,,,,,,,,,,,,,,,,,,,,,,,,,,,,,,,,,,,,,,,,,,,,,,,,,,,,,,,,,,,,,,,,,,,,,,,,,,,,,
The Elephant Man,2014-12-07,,0,0,5,5,0,0,,,up,,,,,,,,,,,,,,,,,,,up,,,,,up,,,,,,,,,,up,,,,,,,,,,,,,up,,,,,,,,,,,,,,,,,,,,,,,,,,,,,,,,,,,,,,,,,,,,,,,,,,,,,
Nella Tempesta,2014-12-11,,0,0,1,1,0,0,,,,,,,,,,,,,,,,,,,,,,,,,,,,,,,,,,,,,,,,,,,,,,,,,,up,,,,,,,,,,,,,,,,,,,,,,,,,,,,,,,,,,,,,,,,,,,,,,,,,,,,,
Dying for It,2014-12-11,,0,0,0,0,0,0,,,,,,,,,,,,,,,,,,,,,,,,,,,,,,,,,,,,,,,,,,,,,,,,,,,,,,,,,,,,,,,,,,,,,,,,,,,,,,,,,,,,,,,,,,,,,,,,,,,,,,,
Cafe Society Swing,2014-12-16,,0,0,0,0,0,0,,,,,,,,,,,,,,,,,,,,,,,,,,,,,,,,,,,,,,,,,,,,,,,,,,,,,,,,,,,,,,,,,,,,,,,,,,,,,,,,,,,,,,,,,,,,,,,,,,,,,,,
My Son the Waiter: A Jewish Tragedy,2014-12-28,,0,0,1,1,0,0,,,,,,,,,,,,,,,,,,,,,,,,,,,,,,,,,,,,,,,,,,,,,,,,,,up,,,,,,,,,,,,,,,,,,,,,,,,,,,,,,,,,,,,,,,,,,,,,,,,,,,,,
The Temptations & The Four Tops,2014-12-29,,0,0,0,0,0,0,,,,,,,,,,,,,,,,,,,,,,,,,,,,,,,,,,,,,,,,,,,,,,,,,,,,,,,,,,,,,,,,,,,,,,,,,,,,,,,,,,,,,,,,,,,,,,,,,,,,,,,
Winners and Losers,2015-01-04,,0,0,5,1,3,1,,,,,,,,,,,,,,,,,,,,,,,,,,,,,,,down,,,,,,,,,,,meh,,,,,,,,meh,,,,,,,,,,,,,,,,,,,,,,,,,,,,,,,,,,,,,,,,,meh,,,up,,,,,,,,,
Sorry Robot,2015-01-06,,0,0,1,1,0,0,,,,,,,,,,,,,,,,,,,,,,,,,,,,,,,,,,,,,,,,,,,,,,,,,,up,,,,,,,,,,,,,,,,,,,,,,,,,,,,,,,,,,,,,,,,,,,,,,,,,,,,,
The Blind Date Project,2015-01-07,,0,0,1,1,0,0,,,,,,,,,,,,,,,,,,,,,,,,,,,,,,,,,,,,,,,,,,,,,,,,,,up,,,,,,,,,,,,,,,,,,,,,,,,,,,,,,,,,,,,,,,,,,,,,,,,,,,,,
Ancient Lives,2015-01-07,,0,0,0,0,0,0,,,,,,,,,,,,,,,,,,,,,,,,,,,,,,,,,,,,,,,,,,,,,,,,,,,,,,,,,,,,,,,,,,,,,,,,,,,,,,,,,,,,,,,,,,,,,,,,,,,,,,,
I’m Gonna Pray for You So Hard,2015-01-07,,0,0,0,0,0,0,,,,,,,,,,,,,,,,,,,,,,,,,,,,,,,,,,,,,,,,,,,,,,,,,,,,,,,,,,,,,,,,,,,,,,,,,,,,,,,,,,,,,,,,,,,,,,,,,,,,,,,
Kansas City Choir Boy,2015-01-08,,0,0,1,0,1,0,,,,,,,,,,,,,,,,,,,,,,,,,,,,,,,,,,,,,,,,,,,,,,,,,,meh,,,,,,,,,,,,,,,,,,,,,,,,,,,,,,,,,,,,,,,,,,,,,,,,,,,,,
YOUARENOWHERE,2015-01-08,,0,0,0,0,0,0,,,,,,,,,,,,,,,,,,,,,,,,,,,,,,,,,,,,,,,,,,,,,,,,,,,,,,,,,,,,,,,,,,,,,,,,,,,,,,,,,,,,,,,,,,,,,,,,,,,,,,,
Ham: A Musical Memoir,2015-01-08,,0,0,0,0,0,0,,,,,,,,,,,,,,,,,,,,,,,,,,,,,,,,,,,,,,,,,,,,,,,,,,,,,,,,,,,,,,,,,,,,,,,,,,,,,,,,,,,,,,,,,,,,,,,,,,,,,,,
Ike at Night,2015-01-09,,0,0,1,0,1,0,,,,,,,,,,,,,,,,,,,,,,,,,,,,,,,,,,,,,,,,,,,,,,,,,,meh,,,,,,,,,,,,,,,,,,,,,,,,,,,,,,,,,,,,,,,,,,,,,,,,,,,,,
The Cardinals,2015-01-12,,0,0,1,0,0,1,,,,,,,,,,,,,,,,,,,,,,,,,,,,,,,,,,,,,,,,,,,,,,,,,,down,,,,,,,,,,,,,,,,,,,,,,,,,,,,,,,,,,,,,,,,,,,,,,,,,,,,,
A Beautiful Day in November on the Banks of the Greatest of the Great Lakes,2015-01-12,,0,0,1,1,0,0,,,,,,,,,,,,,,,,,,,,,,,,,,,,,,,,,,,,,,,up,,,,,,,,,,,,,,,,,,,,,,,,,,,,,,,,,,,,,,,,,,,,,,,,,,,,,,,,,,,,,,,,
Constellations,2015-01-13,,0,0,6,5,1,0,,,meh,,,,,,,,,,,,,,,,,,,,,,,,up,,,,,,,,,,up,,,,,,,,,,,,,up,,,,,,,,,,,,,,,,,,,,,,,,,,,,,,,,,,,,,,,,,,,,up,,,,up,,,,,
Brickman Brando Bubble Boom,2015-01-13,,0,0,1,1,0,0,,,,,,,,,,,,,,,,,,,,,,,,,,,,,,,,,,,,,,,,,,,,,,,,,,up,,,,,,,,,,,,,,,,,,,,,,,,,,,,,,,,,,,,,,,,,,,,,,,,,,,,,
A 24-Decade History of Popular Music: 1900 – 1950s,2015-01-13,,0,0,1,1,0,0,,,,,,,,,,,,,,,,,,,,,,,,,,,,,,,,,,,,,,,,,,,,,,,,,,up,,,,,,,,,,,,,,,,,,,,,,,,,,,,,,,,,,,,,,,,,,,,,,,,,,,,,
The Woodsman,2015-01-13,,0,0,0,0,0,0,,,,,,,,,,,,,,,,,,,,,,,,,,,,,,,,,,,,,,,,,,,,,,,,,,,,,,,,,,,,,,,,,,,,,,,,,,,,,,,,,,,,,,,,,,,,,,,,,,,,,,,
Audio Abramovic,2015-01-14,,0,0,1,0,1,0,,,,,,,,,,,,,,,,,,,,,,,,,,,,,,,,,,,,,,,,,,,,,,,,,,meh,,,,,,,,,,,,,,,,,,,,,,,,,,,,,,,,,,,,,,,,,,,,,,,,,,,,,
Another Medea,2015-01-14,,0,0,0,0,0,0,,,,,,,,,,,,,,,,,,,,,,,,,,,,,,,,,,,,,,,,,,,,,,,,,,,,,,,,,,,,,,,,,,,,,,,,,,,,,,,,,,,,,,,,,,,,,,,,,,,,,,,
Winners,2015-01-14,,0,0,0,0,0,0,,,,,,,,,,,,,,,,,,,,,,,,,,,,,,,,,,,,,,,,,,,,,,,,,,,,,,,,,,,,,,,,,,,,,,,,,,,,,,,,,,,,,,,,,,,,,,,,,,,,,,,
Da,2015-01-14,,0,0,0,0,0,0,,,,,,,,,,,,,,,,,,,,,,,,,,,,,,,,,,,,,,,,,,,,,,,,,,,,,,,,,,,,,,,,,,,,,,,,,,,,,,,,,,,,,,,,,,,,,,,,,,,,,,,
Honeymoon in Vegas,2015-01-15,,0,0,5,3,2,0,,,,,,,,,,,,,,,,,,,,,,,,,,,meh,,,,,,,,,,up,,,,,,,,,,,,,up,,,,,,,,,,,,,,,,,,,,,,,,,,,,,,,,,,,,,,,,,,,,up,,,,meh,,,,,
Mrs. Mayfield’s Fifth-Grade Class of ’93 20-Year Reunion,2015-01-15,,0,0,0,0,0,0,,,,,,,,,,,,,,,,,,,,,,,,,,,,,,,,,,,,,,,,,,,,,,,,,,,,,,,,,,,,,,,,,,,,,,,,,,,,,,,,,,,,,,,,,,,,,,,,,,,,,,,
Wyoming,2015-01-15,,0,0,0,0,0,0,,,,,,,,,,,,,,,,,,,,,,,,,,,,,,,,,,,,,,,,,,,,,,,,,,,,,,,,,,,,,,,,,,,,,,,,,,,,,,,,,,,,,,,,,,,,,,,,,,,,,,,
Shesh Yak,2015-01-15,,0,0,0,0,0,0,,,,,,,,,,,,,,,,,,,,,,,,,,,,,,,,,,,,,,,,,,,,,,,,,,,,,,,,,,,,,,,,,,,,,,,,,,,,,,,,,,,,,,,,,,,,,,,,,,,,,,,
Everybody Gets Cake!,2015-01-16,,0,0,0,0,0,0,,,,,,,,,,,,,,,,,,,,,,,,,,,,,,,,,,,,,,,,,,,,,,,,,,,,,,,,,,,,,,,,,,,,,,,,,,,,,,,,,,,,,,,,,,,,,,,,,,,,,,,
Film Chinois,2015-01-17,,0,0,0,0,0,0,,,,,,,,,,,,,,,,,,,,,,,,,,,,,,,,,,,,,,,,,,,,,,,,,,,,,,,,,,,,,,,,,,,,,,,,,,,,,,,,,,,,,,,,,,,,,,,,,,,,,,,
The Road to Damascus,2015-01-17,,0,0,0,0,0,0,,,,,,,,,,,,,,,,,,,,,,,,,,,,,,,,,,,,,,,,,,,,,,,,,,,,,,,,,,,,,,,,,,,,,,,,,,,,,,,,,,,,,,,,,,,,,,,,,,,,,,,
Let the Right One In,2015-01-20,,0,0,0,0,0,0,,,,,,,,,,,,,,,,,,,,,,,,,,,,,,,,,,,,,,,,,,,,,,,,,,,,,,,,,,,,,,,,,,,,,,,,,,,,,,,,,,,,,,,,,,,,,,,,,,,,,,,
Into the Woods,2015-01-22,,0,0,3,2,1,0,,,,,,,,,,,,,,,,,,,,,,,,,,,,,,,,,,,,,,,,,,,,,,,,,,up,,,,,,,,,,,,,,,,,,,,,,,,,,,,,,,,,,,,,,,,,up,,,,,,,,,meh,,,
The Human Symphony,2015-01-22,,0,0,0,0,0,0,,,,,,,,,,,,,,,,,,,,,,,,,,,,,,,,,,,,,,,,,,,,,,,,,,,,,,,,,,,,,,,,,,,,,,,,,,,,,,,,,,,,,,,,,,,,,,,,,,,,,,,
Titus Andronicus,2015-01-22,,0,0,0,0,0,0,,,,,,,,,,,,,,,,,,,,,,,,,,,,,,,,,,,,,,,,,,,,,,,,,,,,,,,,,,,,,,,,,,,,,,,,,,,,,,,,,,,,,,,,,,,,,,,,,,,,,,,
Lionboy,2015-01-23,,0,0,1,1,0,0,,,,,,,,,,,,,,,,,,,,,,,,,,,,,,,,,,,,,,,,,,,,,,,,,,up,,,,,,,,,,,,,,,,,,,,,,,,,,,,,,,,,,,,,,,,,,,,,,,,,,,,,
The Golden Toad,2015-01-23,,0,0,0,0,0,0,,,,,,,,,,,,,,,,,,,,,,,,,,,,,,,,,,,,,,,,,,,,,,,,,,,,,,,,,,,,,,,,,,,,,,,,,,,,,,,,,,,,,,,,,,,,,,,,,,,,,,,
Nevermore,2015-01-25,,0,0,1,0,1,0,,,,,,,,,,,,,,,,,,,,,,,,,,,,,,,,,,,,,,,,,,,,,,,,,,meh,,,,,,,,,,,,,,,,,,,,,,,,,,,,,,,,,,,,,,,,,,,,,,,,,,,,,
City of,2015-01-27,,0,0,0,0,0,0,,,,,,,,,,,,,,,,,,,,,,,,,,,,,,,,,,,,,,,,,,,,,,,,,,,,,,,,,,,,,,,,,,,,,,,,,,,,,,,,,,,,,,,,,,,,,,,,,,,,,,,
Texas in Paris,2015-01-27,,0,0,0,0,0,0,,,,,,,,,,,,,,,,,,,,,,,,,,,,,,,,,,,,,,,,,,,,,,,,,,,,,,,,,,,,,,,,,,,,,,,,,,,,,,,,,,,,,,,,,,,,,,,,,,,,,,,
A Month in the Country,2015-01-29,,0,0,1,0,0,1,,,,,,,,,,,,,,,,,,,,,,,,,,,,,,,,,,,,,,,,,,,,,,,,,,down,,,,,,,,,,,,,,,,,,,,,,,,,,,,,,,,,,,,,,,,,,,,,,,,,,,,,
Brooklynite,2015-01-30,,0,0,0,0,0,0,,,,,,,,,,,,,,,,,,,,,,,,,,,,,,,,,,,,,,,,,,,,,,,,,,,,,,,,,,,,,,,,,,,,,,,,,,,,,,,,,,,,,,,,,,,,,,,,,,,,,,,
Pretty Filthy,2015-01-31,,0,0,0,0,0,0,,,,,,,,,,,,,,,,,,,,,,,,,,,,,,,,,,,,,,,,,,,,,,,,,,,,,,,,,,,,,,,,,,,,,,,,,,,,,,,,,,,,,,,,,,,,,,,,,,,,,,,
The Lion,2015-02-03,,0,0,0,0,0,0,,,,,,,,,,,,,,,,,,,,,,,,,,,,,,,,,,,,,,,,,,,,,,,,,,,,,,,,,,,,,,,,,,,,,,,,,,,,,,,,,,,,,,,,,,,,,,,,,,,,,,,
The World of Extreme Happiness,2015-02-03,,0,0,0,0,0,0,,,,,,,,,,,,,,,,,,,,,,,,,,,,,,,,,,,,,,,,,,,,,,,,,,,,,,,,,,,,,,,,,,,,,,,,,,,,,,,,,,,,,,,,,,,,,,,,,,,,,,,
Fashions for Men,2015-02-03,,0,0,0,0,0,0,,,,,,,,,,,,,,,,,,,,,,,,,,,,,,,,,,,,,,,,,,,,,,,,,,,,,,,,,,,,,,,,,,,,,,,,,,,,,,,,,,,,,,,,,,,,,,,,,,,,,,,
"Lady, Be Good!",2015-02-04,,0,0,3,1,2,0,,,,,,,,,,,,,,,,,,,,,,,,,,,,,,,,,,,,,,,,,,,,,,,,,,meh,,,,,,,,,,,,,,,,,,,,,,,,,,,,,,,,,,,,,,,,,up,,,,,,,,,meh,,,
The Listeners,2015-02-04,,0,0,0,0,0,0,,,,,,,,,,,,,,,,,,,,,,,,,,,,,,,,,,,,,,,,,,,,,,,,,,,,,,,,,,,,,,,,,,,,,,,,,,,,,,,,,,,,,,,,,,,,,,,,,,,,,,,
The Iceman Cometh,2015-02-05,,0,0,0,0,0,0,,,,,,,,,,,,,,,,,,,,,,,,,,,,,,,,,,,,,,,,,,,,,,,,,,,,,,,,,,,,,,,,,,,,,,,,,,,,,,,,,,,,,,,,,,,,,,,,,,,,,,,
Big Love,2015-02-05,,0,0,0,0,0,0,,,,,,,,,,,,,,,,,,,,,,,,,,,,,,,,,,,,,,,,,,,,,,,,,,,,,,,,,,,,,,,,,,,,,,,,,,,,,,,,,,,,,,,,,,,,,,,,,,,,,,,
The Insurgents,2015-02-05,,0,0,0,0,0,0,,,,,,,,,,,,,,,,,,,,,,,,,,,,,,,,,,,,,,,,,,,,,,,,,,,,,,,,,,,,,,,,,,,,,,,,,,,,,,,,,,,,,,,,,,,,,,,,,,,,,,,
Churchill,2015-02-06,,0,0,0,0,0,0,,,,,,,,,,,,,,,,,,,,,,,,,,,,,,,,,,,,,,,,,,,,,,,,,,,,,,,,,,,,,,,,,,,,,,,,,,,,,,,,,,,,,,,,,,,,,,,,,,,,,,,
The Winter’s Tale,2015-02-10,,0,0,0,0,0,0,,,,,,,,,,,,,,,,,,,,,,,,,,,,,,,,,,,,,,,,,,,,,,,,,,,,,,,,,,,,,,,,,,,,,,,,,,,,,,,,,,,,,,,,,,,,,,,,,,,,,,,
Rocket to the Moon,2015-02-10,,0,0,0,0,0,0,,,,,,,,,,,,,,,,,,,,,,,,,,,,,,,,,,,,,,,,,,,,,,,,,,,,,,,,,,,,,,,,,,,,,,,,,,,,,,,,,,,,,,,,,,,,,,,,,,,,,,,
John & Jen,2015-02-10,,0,0,0,0,0,0,,,,,,,,,,,,,,,,,,,,,,,,,,,,,,,,,,,,,,,,,,,,,,,,,,,,,,,,,,,,,,,,,,,,,,,,,,,,,,,,,,,,,,,,,,,,,,,,,,,,,,,
The Groundling,2015-02-11,,0,0,0,0,0,0,,,,,,,,,,,,,,,,,,,,,,,,,,,,,,,,,,,,,,,,,,,,,,,,,,,,,,,,,,,,,,,,,,,,,,,,,,,,,,,,,,,,,,,,,,,,,,,,,,,,,,,
Five Times in One Night,2015-02-12,,0,0,0,0,0,0,,,,,,,,,,,,,,,,,,,,,,,,,,,,,,,,,,,,,,,,,,,,,,,,,,,,,,,,,,,,,,,,,,,,,,,,,,,,,,,,,,,,,,,,,,,,,,,,,,,,,,,
Horseplay,2015-02-13,,0,0,0,0,0,0,,,,,,,,,,,,,,,,,,,,,,,,,,,,,,,,,,,,,,,,,,,,,,,,,,,,,,,,,,,,,,,,,,,,,,,,,,,,,,,,,,,,,,,,,,,,,,,,,,,,,,,
An Octoroon,2015-02-14,,0,0,0,0,0,0,,,,,,,,,,,,,,,,,,,,,,,,,,,,,,,,,,,,,,,,,,,,,,,,,,,,,,,,,,,,,,,,,,,,,,,,,,,,,,,,,,,,,,,,,,,,,,,,,,,,,,,
Rap Guide to Religion,2015-02-16,,0,0,1,1,0,0,,,,,,,,,,,,,,,,,,,,,,,,,,,,,,,,,,,,,,,,,,,,,,,,,,up,,,,,,,,,,,,,,,,,,,,,,,,,,,,,,,,,,,,,,,,,,,,,,,,,,,,,
Hamilton,2015-02-17,,0,0,4,4,0,0,,,,,,,,,,,,,,,,,,,,,,,,,,,up,,,,,,,,,,,,,,,,,,,,,,,up,,,,,,,,,,,,,,,,,,,,,,,,,,,,,,,,,,,,,,,,,up,,,,,,,,,up,,,
Little Children Dream of God,2015-02-17,,0,0,1,1,0,0,,,,,,,,,,,,,,,,,,,,,,,,,,,,,,,,,,,,,,,,,,,,,,,,,,up,,,,,,,,,,,,,,,,,,,,,,,,,,,,,,,,,,,,,,,,,,,,,,,,,,,,,
Bright Half Life,2015-02-17,,0,0,0,0,0,0,,,,,,,,,,,,,,,,,,,,,,,,,,,,,,,,,,,,,,,,,,,,,,,,,,,,,,,,,,,,,,,,,,,,,,,,,,,,,,,,,,,,,,,,,,,,,,,,,,,,,,,
Abundance,2015-02-17,,0,0,0,0,0,0,,,,,,,,,,,,,,,,,,,,,,,,,,,,,,,,,,,,,,,,,,,,,,,,,,,,,,,,,,,,,,,,,,,,,,,,,,,,,,,,,,,,,,,,,,,,,,,,,,,,,,,
Verité,2015-02-18,,0,0,1,0,1,0,,,,,,,,,,,,,,,,,,,,,,,,,,,,,,,,,,,,,,,,,,,,,,,,,,meh,,,,,,,,,,,,,,,,,,,,,,,,,,,,,,,,,,,,,,,,,,,,,,,,,,,,,
Western Society,2015-02-18,,0,0,1,1,0,0,,,,,,,,,,,,,,,,,,,,,,,,,,,,,,,,,,,,,,,,,,,,,,,,,,up,,,,,,,,,,,,,,,,,,,,,,,,,,,,,,,,,,,,,,,,,,,,,,,,,,,,,
All Our Happy Days Are Stupid,2015-02-19,,0,0,1,0,0,1,,,,,,,,,,,,,,,,,,,,,,,,,,,,,,,,,,,,,,,,,,,,,,,,,,down,,,,,,,,,,,,,,,,,,,,,,,,,,,,,,,,,,,,,,,,,,,,,,,,,,,,,
The Nomad,2015-02-19,,0,0,0,0,0,0,,,,,,,,,,,,,,,,,,,,,,,,,,,,,,,,,,,,,,,,,,,,,,,,,,,,,,,,,,,,,,,,,,,,,,,,,,,,,,,,,,,,,,,,,,,,,,,,,,,,,,,
Reverberation,2015-02-19,,0,0,0,0,0,0,,,,,,,,,,,,,,,,,,,,,,,,,,,,,,,,,,,,,,,,,,,,,,,,,,,,,,,,,,,,,,,,,,,,,,,,,,,,,,,,,,,,,,,,,,,,,,,,,,,,,,,
The Man of the Hour,2015-02-20,,0,0,0,0,0,0,,,,,,,,,,,,,,,,,,,,,,,,,,,,,,,,,,,,,,,,,,,,,,,,,,,,,,,,,,,,,,,,,,,,,,,,,,,,,,,,,,,,,,,,,,,,,,,,,,,,,,,
Placebo,2015-02-20,,0,0,0,0,0,0,,,,,,,,,,,,,,,,,,,,,,,,,,,,,,,,,,,,,,,,,,,,,,,,,,,,,,,,,,,,,,,,,,,,,,,,,,,,,,,,,,,,,,,,,,,,,,,,,,,,,,,
The Absolute Brightness of Leonard Pelkey,2015-02-22,,0,0,1,1,0,0,,,,,,,,,,,,,,,,,,,,,,,,,,,,,,,,,,,,,,,,,,,,,,,,,,up,,,,,,,,,,,,,,,,,,,,,,,,,,,,,,,,,,,,,,,,,,,,,,,,,,,,,
The Nether,2015-02-24,,0,0,1,1,0,0,,,,,,,,,,,,,,,,,,,,,,,,,,,,,,,,,,,,,,,,,,,,,,,,,,up,,,,,,,,,,,,,,,,,,,,,,,,,,,,,,,,,,,,,,,,,,,,,,,,,,,,,
Lives of the Saints,2015-02-24,,0,0,1,1,0,0,,,,,,,,,,,,,,,,,,,,,,,,,,,,,,,,,,,,,,,,,,,,,,,,,,up,,,,,,,,,,,,,,,,,,,,,,,,,,,,,,,,,,,,,,,,,,,,,,,,,,,,,
The Man in the Woman’s Shoes,2015-02-24,,0,0,0,0,0,0,,,,,,,,,,,,,,,,,,,,,,,,,,,,,,,,,,,,,,,,,,,,,,,,,,,,,,,,,,,,,,,,,,,,,,,,,,,,,,,,,,,,,,,,,,,,,,,,,,,,,,,
Comfort Dogs,2015-02-25,,0,0,0,0,0,0,,,,,,,,,,,,,,,,,,,,,,,,,,,,,,,,,,,,,,,,,,,,,,,,,,,,,,,,,,,,,,,,,,,,,,,,,,,,,,,,,,,,,,,,,,,,,,,,,,,,,,,
Posterity,2015-02-25,,0,0,0,0,0,0,,,,,,,,,,,,,,,,,,,,,,,,,,,,,,,,,,,,,,,,,,,,,,,,,,,,,,,,,,,,,,,,,,,,,,,,,,,,,,,,,,,,,,,,,,,,,,,,,,,,,,,
Pericles,2015-02-25,,0,0,0,0,0,0,,,,,,,,,,,,,,,,,,,,,,,,,,,,,,,,,,,,,,,,,,,,,,,,,,,,,,,,,,,,,,,,,,,,,,,,,,,,,,,,,,,,,,,,,,,,,,,,,,,,,,,
The Light Princess,2015-02-27,,0,0,1,1,0,0,,,,,,,,,,,,,,,,,,,,,,,,,,,,,,,,,,,,,,,,,,,,,,,,,,up,,,,,,,,,,,,,,,,,,,,,,,,,,,,,,,,,,,,,,,,,,,,,,,,,,,,,
Hitting Bedrock,2015-02-27,,0,0,1,0,1,0,,,,,,,,,,,,,,,,,,,,,,,,,,,,,,,,,,,,,,,,,,,,,,,,,,meh,,,,,,,,,,,,,,,,,,,,,,,,,,,,,,,,,,,,,,,,,,,,,,,,,,,,,
Josephine and I,2015-02-27,,0,0,0,0,0,0,,,,,,,,,,,,,,,,,,,,,,,,,,,,,,,,,,,,,,,,,,,,,,,,,,,,,,,,,,,,,,,,,,,,,,,,,,,,,,,,,,,,,,,,,,,,,,,,,,,,,,,
A Happy End,2015-02-27,,0,0,0,0,0,0,,,,,,,,,,,,,,,,,,,,,,,,,,,,,,,,,,,,,,,,,,,,,,,,,,,,,,,,,,,,,,,,,,,,,,,,,,,,,,,,,,,,,,,,,,,,,,,,,,,,,,,
"Woyzeck, FJF",2015-02-28,,0,0,0,0,0,0,,,,,,,,,,,,,,,,,,,,,,,,,,,,,,,,,,,,,,,,,,,,,,,,,,,,,,,,,,,,,,,,,,,,,,,,,,,,,,,,,,,,,,,,,,,,,,,,,,,,,,,
Long Story Short,2015-02-28,,0,0,0,0,0,0,,,,,,,,,,,,,,,,,,,,,,,,,,,,,,,,,,,,,,,,,,,,,,,,,,,,,,,,,,,,,,,,,,,,,,,,,,,,,,,,,,,,,,,,,,,,,,,,,,,,,,,
The Mystery of Love and Sex,2015-03-02,,0,0,1,1,0,0,,,,,,,,,,,,,,,,,,,,,,,,,,,,,,,,,,,,,,,,,,,,,,,,,,up,,,,,,,,,,,,,,,,,,,,,,,,,,,,,,,,,,,,,,,,,,,,,,,,,,,,,
The Hunchback of Notre Dame,2015-03-04,,0,0,0,0,0,0,,,,,,,,,,,,,,,,,,,,,,,,,,,,,,,,,,,,,,,,,,,,,,,,,,,,,,,,,,,,,,,,,,,,,,,,,,,,,,,,,,,,,,,,,,,,,,,,,,,,,,,
The Feast,2015-03-04,,0,0,0,0,0,0,,,,,,,,,,,,,,,,,,,,,,,,,,,,,,,,,,,,,,,,,,,,,,,,,,,,,,,,,,,,,,,,,,,,,,,,,,,,,,,,,,,,,,,,,,,,,,,,,,,,,,,
Fish in the Dark,2015-03-05,,0,0,5,3,1,1,,,up,,,,,,,,,,,,,,,,,,,,,,,,up,,,,,,,,,,meh,,,,,,,,,,,,,down,,,,,,,,,,,,,,,,,,,,,,,,,,,,,,,,,,,,,,,,,,,,up,,,,,,,,,
Bambif*cker/Kaffeehaus,2015-03-05,,0,0,0,0,0,0,,,,,,,,,,,,,,,,,,,,,,,,,,,,,,,,,,,,,,,,,,,,,,,,,,,,,,,,,,,,,,,,,,,,,,,,,,,,,,,,,,,,,,,,,,,,,,,,,,,,,,,
C.O.A.L (Confessions of a Liar),2015-03-05,,0,0,0,0,0,0,,,,,,,,,,,,,,,,,,,,,,,,,,,,,,,,,,,,,,,,,,,,,,,,,,,,,,,,,,,,,,,,,,,,,,,,,,,,,,,,,,,,,,,,,,,,,,,,,,,,,,,
Brothers From the Bottom,2015-03-06,,0,0,0,0,0,0,,,,,,,,,,,,,,,,,,,,,,,,,,,,,,,,,,,,,,,,,,,,,,,,,,,,,,,,,,,,,,,,,,,,,,,,,,,,,,,,,,,,,,,,,,,,,,,,,,,,,,,
Hierba Mala Nunca Muere,2015-03-06,,0,0,0,0,0,0,,,,,,,,,,,,,,,,,,,,,,,,,,,,,,,,,,,,,,,,,,,,,,,,,,,,,,,,,,,,,,,,,,,,,,,,,,,,,,,,,,,,,,,,,,,,,,,,,,,,,,,
Hunter Gatherers,2015-03-07,,0,0,1,0,1,0,,,,,,,,,,,,,,,,,,,,,,,,,,,,,,,,,,,,,,,,,,,,,,,,,,meh,,,,,,,,,,,,,,,,,,,,,,,,,,,,,,,,,,,,,,,,,,,,,,,,,,,,,
Lonesome Traveler,2015-03-07,,0,0,0,0,0,0,,,,,,,,,,,,,,,,,,,,,,,,,,,,,,,,,,,,,,,,,,,,,,,,,,,,,,,,,,,,,,,,,,,,,,,,,,,,,,,,,,,,,,,,,,,,,,,,,,,,,,,
The Audience,2015-03-08,,0,0,5,4,1,0,,,up,,,,,,,,,,,,,,,,,,,,,,,,up,,,,,,,,,,up,,,,,,,,,,,,,meh,,,,,,,,,,,,,,,,,,,,,,,,,,,,,,,,,,,,,,,,,,,,up,,,,,,,,,
The Liquid Plain,2015-03-08,,0,0,1,0,0,1,,,,,,,,,,,,,,,,,,,,,,,,,,,,,,,,,,,,,,,,,,,,,,,,,,down,,,,,,,,,,,,,,,,,,,,,,,,,,,,,,,,,,,,,,,,,,,,,,,,,,,,,
Running Away From The One With The Knife,2015-03-10,,0,0,0,0,0,0,,,,,,,,,,,,,,,,,,,,,,,,,,,,,,,,,,,,,,,,,,,,,,,,,,,,,,,,,,,,,,,,,,,,,,,,,,,,,,,,,,,,,,,,,,,,,,,,,,,,,,,
Small Mouth Sounds,2015-03-10,,0,0,0,0,0,0,,,,,,,,,,,,,,,,,,,,,,,,,,,,,,,,,,,,,,,,,,,,,,,,,,,,,,,,,,,,,,,,,,,,,,,,,,,,,,,,,,,,,,,,,,,,,,,,,,,,,,,
Living Here,2015-03-11,,0,0,0,0,0,0,,,,,,,,,,,,,,,,,,,,,,,,,,,,,,,,,,,,,,,,,,,,,,,,,,,,,,,,,,,,,,,,,,,,,,,,,,,,,,,,,,,,,,,,,,,,,,,,,,,,,,,
The Evening,2015-03-12,,0,0,0,0,0,0,,,,,,,,,,,,,,,,,,,,,,,,,,,,,,,,,,,,,,,,,,,,,,,,,,,,,,,,,,,,,,,,,,,,,,,,,,,,,,,,,,,,,,,,,,,,,,,,,,,,,,,
Pinocchio,2015-03-13,,0,0,0,0,0,0,,,,,,,,,,,,,,,,,,,,,,,,,,,,,,,,,,,,,,,,,,,,,,,,,,,,,,,,,,,,,,,,,,,,,,,,,,,,,,,,,,,,,,,,,,,,,,,,,,,,,,,
Twelfth Night (or what you will),2015-03-13,,0,0,0,0,0,0,,,,,,,,,,,,,,,,,,,,,,,,,,,,,,,,,,,,,,,,,,,,,,,,,,,,,,,,,,,,,,,,,,,,,,,,,,,,,,,,,,,,,,,,,,,,,,,,,,,,,,,
Remote New York,2015-03-14,,0,0,1,0,1,0,,,,,,,,,,,,,,,,,,,,,,,,,,,,,,,,,,,,,,,,,,,,,,,,,,meh,,,,,,,,,,,,,,,,,,,,,,,,,,,,,,,,,,,,,,,,,,,,,,,,,,,,,
On the Twentieth Century,2015-03-15,,0,0,5,4,1,0,,,,,,,,,,,,,,,,,,,,,,,,,,,meh,,,,,,,,,,,,up,,,up,,,,,,,,up,,,,,,,,,,,,,,,,,,,,,,,,,,,,,,,,,,,,,,,,,,,,,,,,,,up,,,
Paint Your Wagon,2015-03-18,,0,0,1,1,0,0,,,,,,,,,,,,,,,,,,,,,,,,,,,,,,,,,,,,,,,,,,,,,,,,,,up,,,,,,,,,,,,,,,,,,,,,,,,,,,,,,,,,,,,,,,,,,,,,,,,,,,,,
The Heidi Chronicles,2015-03-19,,0,0,5,3,2,0,,,,,,,,,,,,,,,,,,,,,,,,,,,meh,,,,,,,,,,up,,,,,,,,,,,,,up,,,up,,,,,,,,,,,,,,,,,,,,,,,,,,,,,,,,,,,,,,,,,meh,,,,,,,,,
The Undeniable Sound of Right Now,2015-03-19,,0,0,0,0,0,0,,,,,,,,,,,,,,,,,,,,,,,,,,,,,,,,,,,,,,,,,,,,,,,,,,,,,,,,,,,,,,,,,,,,,,,,,,,,,,,,,,,,,,,,,,,,,,,,,,,,,,,
Iowa,2015-03-20,,0,0,0,0,0,0,,,,,,,,,,,,,,,,,,,,,,,,,,,,,,,,,,,,,,,,,,,,,,,,,,,,,,,,,,,,,,,,,,,,,,,,,,,,,,,,,,,,,,,,,,,,,,,,,,,,,,,
Camp Kappawanna,2015-03-21,,0,0,0,0,0,0,,,,,,,,,,,,,,,,,,,,,,,,,,,,,,,,,,,,,,,,,,,,,,,,,,,,,,,,,,,,,,,,,,,,,,,,,,,,,,,,,,,,,,,,,,,,,,,,,,,,,,,
Washeteria,2015-03-21,,0,0,0,0,0,0,,,,,,,,,,,,,,,,,,,,,,,,,,,,,,,,,,,,,,,,,,,,,,,,,,,,,,,,,,,,,,,,,,,,,,,,,,,,,,,,,,,,,,,,,,,,,,,,,,,,,,,
The Tallest Tree in the Forest,2015-03-22,,0,0,1,1,0,0,,,,,,,,,,,,,,,,,,,,,,,,,,,,,,,,,,,,,,,,,,,,,,,,,,up,,,,,,,,,,,,,,,,,,,,,,,,,,,,,,,,,,,,,,,,,,,,,,,,,,,,,
Soldier X,2015-03-24,,0,0,0,0,0,0,,,,,,,,,,,,,,,,,,,,,,,,,,,,,,,,,,,,,,,,,,,,,,,,,,,,,,,,,,,,,,,,,,,,,,,,,,,,,,,,,,,,,,,,,,,,,,,,,,,,,,,
"Cry, Trojans!",2015-03-24,,0,0,0,0,0,0,,,,,,,,,,,,,,,,,,,,,,,,,,,,,,,,,,,,,,,,,,,,,,,,,,,,,,,,,,,,,,,,,,,,,,,,,,,,,,,,,,,,,,,,,,,,,,,,,,,,,,,
Buzzer,2015-03-24,,0,0,0,0,0,0,,,,,,,,,,,,,,,,,,,,,,,,,,,,,,,,,,,,,,,,,,,,,,,,,,,,,,,,,,,,,,,,,,,,,,,,,,,,,,,,,,,,,,,,,,,,,,,,,,,,,,,
Music Hall,2015-03-25,,0,0,0,0,0,0,,,,,,,,,,,,,,,,,,,,,,,,,,,,,,,,,,,,,,,,,,,,,,,,,,,,,,,,,,,,,,,,,,,,,,,,,,,,,,,,,,,,,,,,,,,,,,,,,,,,,,,
New York Spring Spectacular,2015-03-26,,0,0,1,0,1,0,,,,,,,,,,,,,,,,,,,,,,,,,,,,,,,,,,,,,,,,,,,,,,,,,,meh,,,,,,,,,,,,,,,,,,,,,,,,,,,,,,,,,,,,,,,,,,,,,,,,,,,,,
Catch Me!,2015-03-28,,0,0,0,0,0,0,,,,,,,,,,,,,,,,,,,,,,,,,,,,,,,,,,,,,,,,,,,,,,,,,,,,,,,,,,,,,,,,,,,,,,,,,,,,,,,,,,,,,,,,,,,,,,,,,,,,,,,
Ludic Proxy,2015-04-01,,0,0,0,0,0,0,,,,,,,,,,,,,,,,,,,,,,,,,,,,,,,,,,,,,,,,,,,,,,,,,,,,,,,,,,,,,,,,,,,,,,,,,,,,,,,,,,,,,,,,,,,,,,,,,,,,,,,
Revenge of the Popinjay,2015-04-01,,0,0,0,0,0,0,,,,,,,,,,,,,,,,,,,,,,,,,,,,,,,,,,,,,,,,,,,,,,,,,,,,,,,,,,,,,,,,,,,,,,,,,,,,,,,,,,,,,,,,,,,,,,,,,,,,,,,
Skylight,2015-04-02,,0,0,5,5,0,0,,,,,,,,,,,,,,,,,,,,,,,,,,,up,,,,,,,,,,up,,,,,,,,,,,,,up,,,,,,,,,,,,,,,,,,,,,,,,,,,,,,,,,,,,,,,,,,,,up,,,,up,,,,,
Daily Life Everlasting,2015-04-02,,0,0,0,0,0,0,,,,,,,,,,,,,,,,,,,,,,,,,,,,,,,,,,,,,,,,,,,,,,,,,,,,,,,,,,,,,,,,,,,,,,,,,,,,,,,,,,,,,,,,,,,,,,,,,,,,,,,
Underland,2015-04-03,,0,0,0,0,0,0,,,,,,,,,,,,,,,,,,,,,,,,,,,,,,,,,,,,,,,,,,,,,,,,,,,,,,,,,,,,,,,,,,,,,,,,,,,,,,,,,,,,,,,,,,,,,,,,,,,,,,,
Se Llama Cristina,2015-04-03,,0,0,0,0,0,0,,,,,,,,,,,,,,,,,,,,,,,,,,,,,,,,,,,,,,,,,,,,,,,,,,,,,,,,,,,,,,,,,,,,,,,,,,,,,,,,,,,,,,,,,,,,,,,,,,,,,,,
Ghosts,2015-04-05,,0,0,0,0,0,0,,,,,,,,,,,,,,,,,,,,,,,,,,,,,,,,,,,,,,,,,,,,,,,,,,,,,,,,,,,,,,,,,,,,,,,,,,,,,,,,,,,,,,,,,,,,,,,,,,,,,,,
Hand to God,2015-04-07,,0,0,5,5,0,0,,,up,,,,,,,,,,,,,,,,,,,,,,,,up,,,,,,,,,,,,up,,,,,,,,,,,up,,,,,,,,,,,,,,,,,,,,,,,,,,,,,,,,,,,,,,,,,,,,,,,,,,up,,,
Grounded,2015-04-07,,0,0,0,0,0,0,,,,,,,,,,,,,,,,,,,,,,,,,,,,,,,,,,,,,,,,,,,,,,,,,,,,,,,,,,,,,,,,,,,,,,,,,,,,,,,,,,,,,,,,,,,,,,,,,,,,,,,
Gigi,2015-04-08,,0,0,5,1,2,2,,,,,,,,,,,,,,,,,,,,,,,,,,,down,down,,,,,,,,,up,,,,,,,,,,,,,meh,,,,,,,,,,,,,,,,,,,,,,,,,,,,,,,,,,,,,,,,,,,,meh,,,,,,,,,
Wolf Hall Parts One & Two,2015-04-09,,0,0,5,4,1,0,,,,,,,,,,,,,,,,,,,,,,,,,,,up,,,,,,,,,,up,,,,,,,,,,,,,up,,,meh,,,,,,,,,,,,,,,,,,,,,,,,,,,,,,,,,,,,,,,,,up,,,,,,,,,
Clinton the Musical,2015-04-09,,0,0,5,5,0,0,,,,,,,,,,,,,,,,,,,,,,up,,,,,,,,,,,,,,,,,,,,,,,,,,,,up,,,,,,,,,,,,,,,,,,,,,,,,,up,,,,,,,,,,,,,,,,up,,,,,,,up,,,,,
Genuine Plastic Reliquaries,2015-04-09,,0,0,0,0,0,0,,,,,,,,,,,,,,,,,,,,,,,,,,,,,,,,,,,,,,,,,,,,,,,,,,,,,,,,,,,,,,,,,,,,,,,,,,,,,,,,,,,,,,,,,,,,,,,,,,,,,,,
Salvage,2015-04-10,,0,0,0,0,0,0,,,,,,,,,,,,,,,,,,,,,,,,,,,,,,,,,,,,,,,,,,,,,,,,,,,,,,,,,,,,,,,,,,,,,,,,,,,,,,,,,,,,,,,,,,,,,,,,,,,,,,,
The Unexpected Guest,2015-04-11,,0,0,0,0,0,0,,,,,,,,,,,,,,,,,,,,,,,,,,,,,,,,,,,,,,,,,,,,,,,,,,,,,,,,,,,,,,,,,,,,,,,,,,,,,,,,,,,,,,,,,,,,,,,,,,,,,,,
Your Blues Ain't Sweet Like Mine,2015-04-11,,0,0,0,0,0,0,,,,,,,,,,,,,,,,,,,,,,,,,,,,,,,,,,,,,,,,,,,,,,,,,,,,,,,,,,,,,,,,,,,,,,,,,,,,,,,,,,,,,,,,,,,,,,,,,,,,,,,
An American in Paris,2015-04-12,,0,0,5,4,1,0,,,up,,,,,,,,,,,,,,,,,,,,,,,,up,,,,,,,,,,,,,,,,,,,,,,,up,,,,,,,,,,,,,,,,,,,,,,,,,,,,,,,,,,,,,,,,,,,,meh,,,,up,,,,,
39 Steps,2015-04-13,,0,0,1,1,0,0,,,,,,,,,,,,,,,,,,,,,,,,,,,,,,,,,,,,,,,,,,,,,,,,,,up,,,,,,,,,,,,,,,,,,,,,,,,,,,,,,,,,,,,,,,,,,,,,,,,,,,,,
It Shoulda Been You,2015-04-14,,0,0,5,1,3,1,,,,,,,,,,,,,,,,,,,,,,,,,,,up,meh,,,,,,,,,meh,,,,,,,,,,,,,down,,,,,,,,,,,,,,,,,,,,,,,,,,,,,,,,,,,,,,,,,,,,meh,,,,,,,,,
The Tailor of Inverness,2015-04-14,,0,0,0,0,0,0,,,,,,,,,,,,,,,,,,,,,,,,,,,,,,,,,,,,,,,,,,,,,,,,,,,,,,,,,,,,,,,,,,,,,,,,,,,,,,,,,,,,,,,,,,,,,,,,,,,,,,,
Tis Pity She’s a Whore,2015-04-14,,0,0,0,0,0,0,,,,,,,,,,,,,,,,,,,,,,,,,,,,,,,,,,,,,,,,,,,,,,,,,,,,,,,,,,,,,,,,,,,,,,,,,,,,,,,,,,,,,,,,,,,,,,,,,,,,,,,
Finding Neverland,2015-04-15,,0,0,5,0,1,4,,,,,,,,,,,,,,,,,,,,,,,,,,,down,,,,,,,,,,meh,,,,,,,,,,,,,down,,,,,,,,,,,,,,,,,,,,,,,,,,,,,,,,,,,,,,,,,,,,down,,,,,,down,,,
Hamlet,2015-04-15,,0,0,1,0,1,0,,,,,,,,,,,,,,,,,,,,,,,,,,,,,,,,,,,,,,,,,,,,,,,,,,meh,,,,,,,,,,,,,,,,,,,,,,,,,,,,,,,,,,,,,,,,,,,,,,,,,,,,,
Emily Climbs (Machine Méchant),2015-04-15,,0,0,0,0,0,0,,,,,,,,,,,,,,,,,,,,,,,,,,,,,,,,,,,,,,,,,,,,,,,,,,,,,,,,,,,,,,,,,,,,,,,,,,,,,,,,,,,,,,,,,,,,,,,,,,,,,,,
The Belle of Belfast,2015-04-15,,0,0,0,0,0,0,,,,,,,,,,,,,,,,,,,,,,,,,,,,,,,,,,,,,,,,,,,,,,,,,,,,,,,,,,,,,,,,,,,,,,,,,,,,,,,,,,,,,,,,,,,,,,,,,,,,,,,
The King and I,2015-04-16,,0,0,5,5,0,0,,,,,,,,,,,,,,,,,,,,,,,,,,,up,up,,,,,,,,,up,,,,,,,,,,,,,up,,,,,,,,,,,,,,,,,,,,,,,,,,,,,,,,,,,,,,,,,,,,up,,,,,,,,,
Séquence 8,2015-04-16,,0,0,0,0,0,0,,,,,,,,,,,,,,,,,,,,,,,,,,,,,,,,,,,,,,,,,,,,,,,,,,,,,,,,,,,,,,,,,,,,,,,,,,,,,,,,,,,,,,,,,,,,,,,,,,,,,,,
8 Stops,2015-04-16,,0,0,0,0,0,0,,,,,,,,,,,,,,,,,,,,,,,,,,,,,,,,,,,,,,,,,,,,,,,,,,,,,,,,,,,,,,,,,,,,,,,,,,,,,,,,,,,,,,,,,,,,,,,,,,,,,,,
Nirbhaya,2015-04-16,,0,0,0,0,0,0,,,,,,,,,,,,,,,,,,,,,,,,,,,,,,,,,,,,,,,,,,,,,,,,,,,,,,,,,,,,,,,,,,,,,,,,,,,,,,,,,,,,,,,,,,,,,,,,,,,,,,,
Ziegfeld’s Midnight Frolic,2015-04-18,,0,0,0,0,0,0,,,,,,,,,,,,,,,,,,,,,,,,,,,,,,,,,,,,,,,,,,,,,,,,,,,,,,,,,,,,,,,,,,,,,,,,,,,,,,,,,,,,,,,,,,,,,,,,,,,,,,,
Fun Home,2015-04-19,,0,0,5,5,0,0,,,,,,,,,,,,,,,,,,,,,,,,,,,up,up,,,,,,,,,up,,,,,,,,,,,,,up,,,,,,,,,,,,,,,,,,,,,,,,,,,,,,,,,,,,,,,,,,,,up,,,,,,,,,
Living on Love,2015-04-20,,0,0,5,1,2,2,,,,,,,,,,,,,,,,,,,,,,,,,,,meh,,,,,,,,,,up,,,,,,,,,,,,,down,,,,,,,,,,,,,,,,,,,,,,,,,,,,,,,,,,,,,,,,,,,,down,,,,meh,,,,,
Doctor Zhivago,2015-04-21,,0,0,5,0,0,5,,,,,,,,,,,,,,,,,,,,,,,,,,,down,,,,,,,,,,,,down,,,,,,,,,,,down,,,,,,,,,,,,,,,,,,,,,,,,,,,,,,,,,,,,,,,,,,,,down,,,,,,down,,,
ToasT,2015-04-21,,0,0,0,0,0,0,,,,,,,,,,,,,,,,,,,,,,,,,,,,,,,,,,,,,,,,,,,,,,,,,,,,,,,,,,,,,,,,,,,,,,,,,,,,,,,,,,,,,,,,,,,,,,,,,,,,,,,
Something Rotten!,2015-04-22,,0,0,5,4,0,1,,,,,,up,,,,,,,,,,,,,,,,,,,,,up,,,,,,,,,,up,,,,,,,,,,,,,down,,,,,,,,,,,,,,,,,,,,,,,,,,,,,,,,,,,,,,,,,,,,up,,,,,,,,,
Forever,2015-04-22,,0,0,0,0,0,0,,,,,,,,,,,,,,,,,,,,,,,,,,,,,,,,,,,,,,,,,,,,,,,,,,,,,,,,,,,,,,,,,,,,,,,,,,,,,,,,,,,,,,,,,,,,,,,,,,,,,,,
Airline Highway,2015-04-23,,0,0,5,2,2,1,,,,,,,,,,,,,,,,,,,,,,,,,,,down,,,,,,,,,,up,,,,,,,,,,,,,up,,,,,,,,,,,,,,,,,,,,,,,,,,,,,,,,,,,,,,,,,,,,meh,,,,,,,meh,,
The Visit,2015-04-23,,0,0,5,2,3,0,,,,,,up,,,,,,,,,,,,,,,,,,,,,meh,,,,,,,,,,up,,,,,,,,,,,,,meh,,,,,,,,,,,,,,,,,,,,,,,,,,,,,,,,,,,,,,,,,,,,meh,,,,,,,,,
Two Gentlemen of Verona,2015-04-24,,0,0,0,0,0,0,,,,,,,,,,,,,,,,,,,,,,,,,,,,,,,,,,,,,,,,,,,,,,,,,,,,,,,,,,,,,,,,,,,,,,,,,,,,,,,,,,,,,,,,,,,,,,,,,,,,,,,
Six Rounds of Vengeance,2015-04-24,,0,0,0,0,0,0,,,,,,,,,,,,,,,,,,,,,,,,,,,,,,,,,,,,,,,,,,,,,,,,,,,,,,,,,,,,,,,,,,,,,,,,,,,,,,,,,,,,,,,,,,,,,,,,,,,,,,,
Red Flamboyant,2015-04-24,,0,0,0,0,0,0,,,,,,,,,,,,,,,,,,,,,,,,,,,,,,,,,,,,,,,,,,,,,,,,,,,,,,,,,,,,,,,,,,,,,,,,,,,,,,,,,,,,,,,,,,,,,,,,,,,,,,,
That Bachelorette Show,2015-04-25,,0,0,1,1,0,0,,,,,,,,,,,,,,,,,,,,,,,,,,,,,,,,,,,,,,,,,,,,,,,,,,,,,,,,,,,,,,,,,,,,,,,,,,,,,,,,,,,,,,,,,,,up,,,,,,,,,,,,
Trash Cuisine,2015-04-25,,0,0,0,0,0,0,,,,,,,,,,,,,,,,,,,,,,,,,,,,,,,,,,,,,,,,,,,,,,,,,,,,,,,,,,,,,,,,,,,,,,,,,,,,,,,,,,,,,,,,,,,,,,,,,,,,,,,
Let Us Now Praise Susan Sontag,2015-04-28,,0,0,0,0,0,0,,,,,,,,,,,,,,,,,,,,,,,,,,,,,,,,,,,,,,,,,,,,,,,,,,,,,,,,,,,,,,,,,,,,,,,,,,,,,,,,,,,,,,,,,,,,,,,,,,,,,,,
Beyond Sacred: Voices of Muslim Identity,2015-04-29,,0,0,0,0,0,0,,,,,,,,,,,,,,,,,,,,,,,,,,,,,,,,,,,,,,,,,,,,,,,,,,,,,,,,,,,,,,,,,,,,,,,,,,,,,,,,,,,,,,,,,,,,,,,,,,,,,,,
The Floatones,2015-05-01,,0,0,0,0,0,0,,,,,,,,,,,,,,,,,,,,,,,,,,,,,,,,,,,,,,,,,,,,,,,,,,,,,,,,,,,,,,,,,,,,,,,,,,,,,,,,,,,,,,,,,,,,,,,,,,,,,,,
A Queen for a Day,2015-05-03,,0,0,0,0,0,0,,,,,,,,,,,,,,,,,,,,,,,,,,,,,,,,,,,,,,,,,,,,,,,,,,,,,,,,,,,,,,,,,,,,,,,,,,,,,,,,,,,,,,,,,,,,,,,,,,,,,,,
The Duchamp Syndrome,2015-05-03,,0,0,0,0,0,0,,,,,,,,,,,,,,,,,,,,,,,,,,,,,,,,,,,,,,,,,,,,,,,,,,,,,,,,,,,,,,,,,,,,,,,,,,,,,,,,,,,,,,,,,,,,,,,,,,,,,,,
Dinner With the Boys,2015-05-04,,0,0,1,0,1,0,,,,,,,,,,,,,,,,,,,,,,,,,,,,,,,,,,,,,,,,,,,,,,,,,,meh,,,,,,,,,,,,,,,,,,,,,,,,,,,,,,,,,,,,,,,,,,,,,,,,,,,,,
Cool Hand Luke,2015-05-05,,0,0,1,0,0,1,,,,,,,,,,,,,,,,,,,,,,,,,,,,,,,,,,,,,,,,,,,,,,,,,,down,,,,,,,,,,,,,,,,,,,,,,,,,,,,,,,,,,,,,,,,,,,,,,,,,,,,,
Don Juan,2015-05-05,,0,0,0,0,0,0,,,,,,,,,,,,,,,,,,,,,,,,,,,,,,,,,,,,,,,,,,,,,,,,,,,,,,,,,,,,,,,,,,,,,,,,,,,,,,,,,,,,,,,,,,,,,,,,,,,,,,,
Zorba!,2015-05-06,,0,0,1,0,1,0,,,,,,,,,,,,,,,,,,,,,,,,,,,,,,,,,,,,,,,,,,,,,,,,,,meh,,,,,,,,,,,,,,,,,,,,,,,,,,,,,,,,,,,,,,,,,,,,,,,,,,,,,
Major Barbara,2015-05-07,,0,0,1,0,0,1,,,,,,,,,,,,,,,,,,,,,,,,,,,,,,,,,,,,,,,,,,,,,,,,,,down,,,,,,,,,,,,,,,,,,,,,,,,,,,,,,,,,,,,,,,,,,,,,,,,,,,,,
In Vestments,2015-05-07,,0,0,0,0,0,0,,,,,,,,,,,,,,,,,,,,,,,,,,,,,,,,,,,,,,,,,,,,,,,,,,,,,,,,,,,,,,,,,,,,,,,,,,,,,,,,,,,,,,,,,,,,,,,,,,,,,,,
Nice Girl,2015-05-07,,0,0,0,0,0,0,,,,,,,,,,,,,,,,,,,,,,,,,,,,,,,,,,,,,,,,,,,,,,,,,,,,,,,,,,,,,,,,,,,,,,,,,,,,,,,,,,,,,,,,,,,,,,,,,,,,,,,
One Hand Clapping,2015-05-08,,0,0,0,0,0,0,,,,,,,,,,,,,,,,,,,,,,,,,,,,,,,,,,,,,,,,,,,,,,,,,,,,,,,,,,,,,,,,,,,,,,,,,,,,,,,,,,,,,,,,,,,,,,,,,,,,,,,
The Painted Rocks at Revolver Creek,2015-05-11,,0,0,1,1,0,0,,,,,,,,,,,,,,,,,,,,,,,,,,,,,,,,,,,,,,,,,,,,,,,,,,up,,,,,,,,,,,,,,,,,,,,,,,,,,,,,,,,,,,,,,,,,,,,,,,,,,,,,
The Last Two People on Earth,2015-05-12,,0,0,0,0,0,0,,,,,,,,,,,,,,,,,,,,,,,,,,,,,,,,,,,,,,,,,,,,,,,,,,,,,,,,,,,,,,,,,,,,,,,,,,,,,,,,,,,,,,,,,,,,,,,,,,,,,,,
Heartbreak,2015-05-13,,0,0,1,0,1,0,,,,,,,,,,,,,,,,,,,,,,,,,,,,,,,,,,,,,,,,,,,,,,,,,,meh,,,,,,,,,,,,,,,,,,,,,,,,,,,,,,,,,,,,,,,,,,,,,,,,,,,,,
35th Marathon of One-Act Plays: Series A,2015-05-13,,0,0,0,0,0,0,,,,,,,,,,,,,,,,,,,,,,,,,,,,,,,,,,,,,,,,,,,,,,,,,,,,,,,,,,,,,,,,,,,,,,,,,,,,,,,,,,,,,,,,,,,,,,,,,,,,,,,
Tuesday’s at Tesco’s,2015-05-14,,0,0,0,0,0,0,,,,,,,,,,,,,,,,,,,,,,,,,,,,,,,,,,,,,,,,,,,,,,,,,,,,,,,,,,,,,,,,,,,,,,,,,,,,,,,,,,,,,,,,,,,,,,,,,,,,,,,
The Sound and the Fury,2015-05-14,,0,0,0,0,0,0,,,,,,,,,,,,,,,,,,,,,,,,,,,,,,,,,,,,,,,,,,,,,,,,,,,,,,,,,,,,,,,,,,,,,,,,,,,,,,,,,,,,,,,,,,,,,,,,,,,,,,,
The Flatiron Hex,2015-05-16,,0,0,1,1,0,0,,,,,,,,,,,,,,,,,,,,,,,,,,,,,,,,,,,,,,,,,,,,,,,,,,up,,,,,,,,,,,,,,,,,,,,,,,,,,,,,,,,,,,,,,,,,,,,,,,,,,,,,
What I Did Last Summer,2015-05-17,,0,0,1,0,1,0,,,,,,,,,,,,,,,,,,,,,,,,,,,,,,,,,,,,,,,,,,,,,,,,,,meh,,,,,,,,,,,,,,,,,,,,,,,,,,,,,,,,,,,,,,,,,,,,,,,,,,,,,
Macbeth,2015-05-17,,0,0,1,0,1,0,,,,,,,,,,,,,,,,,,,,,,,,,,,,,,,,,,,,,,,,,,,,,,,,,,meh,,,,,,,,,,,,,,,,,,,,,,,,,,,,,,,,,,,,,,,,,,,,,,,,,,,,,
I’m Not the Stranger You Think I Am,2015-05-18,,0,0,0,0,0,0,,,,,,,,,,,,,,,,,,,,,,,,,,,,,,,,,,,,,,,,,,,,,,,,,,,,,,,,,,,,,,,,,,,,,,,,,,,,,,,,,,,,,,,,,,,,,,,,,,,,,,,
The Flick,2015-05-19,,0,0,1,1,0,0,,,,,,,,,,,,,,,,,,,,,,,,,,,,,,,,,,,,,,,,,,,,,,,,,,up,,,,,,,,,,,,,,,,,,,,,,,,,,,,,,,,,,,,,,,,,,,,,,,,,,,,,
The Way We Get By,2015-05-19,,0,0,1,0,1,0,,,,,,,,,,,,,,,,,,,,,,,,,,,,,,,,,,,,,,,,,,,,,,,,,,meh,,,,,,,,,,,,,,,,,,,,,,,,,,,,,,,,,,,,,,,,,,,,,,,,,,,,,
Cagney,2015-05-19,,0,0,0,0,0,0,,,,,,,,,,,,,,,,,,,,,,,,,,,,,,,,,,,,,,,,,,,,,,,,,,,,,,,,,,,,,,,,,,,,,,,,,,,,,,,,,,,,,,,,,,,,,,,,,,,,,,,
For the Last Time,2015-05-19,,0,0,0,0,0,0,,,,,,,,,,,,,,,,,,,,,,,,,,,,,,,,,,,,,,,,,,,,,,,,,,,,,,,,,,,,,,,,,,,,,,,,,,,,,,,,,,,,,,,,,,,,,,,,,,,,,,,
Permission,2015-05-20,,0,0,1,0,1,0,,,,,,,,,,,,,,,,,,,,,,,,,,,,,,,,,,,,,,,,,,,,,,,,,,meh,,,,,,,,,,,,,,,,,,,,,,,,,,,,,,,,,,,,,,,,,,,,,,,,,,,,,
D Deb Debbie Deborah,2015-05-20,,0,0,0,0,0,0,,,,,,,,,,,,,,,,,,,,,,,,,,,,,,,,,,,,,,,,,,,,,,,,,,,,,,,,,,,,,,,,,,,,,,,,,,,,,,,,,,,,,,,,,,,,,,,,,,,,,,,
Guards at the Taj,2015-05-20,,0,0,0,0,0,0,,,,,,,,,,,,,,,,,,,,,,,,,,,,,,,,,,,,,,,,,,,,,,,,,,,,,,,,,,,,,,,,,,,,,,,,,,,,,,,,,,,,,,,,,,,,,,,,,,,,,,,
The Other Thing,2015-05-21,,0,0,1,0,1,0,,,,,,,,,,,,,,,,,,,,,,,,,,,,,,,,,,,,,,,,,,,,,,,,,,meh,,,,,,,,,,,,,,,,,,,,,,,,,,,,,,,,,,,,,,,,,,,,,,,,,,,,,
Ever After,2015-05-21,,0,0,0,0,0,0,,,,,,,,,,,,,,,,,,,,,,,,,,,,,,,,,,,,,,,,,,,,,,,,,,,,,,,,,,,,,,,,,,,,,,,,,,,,,,,,,,,,,,,,,,,,,,,,,,,,,,,
The Vaudevillians: Bringing Up Baby,2015-05-21,,0,0,0,0,0,0,,,,,,,,,,,,,,,,,,,,,,,,,,,,,,,,,,,,,,,,,,,,,,,,,,,,,,,,,,,,,,,,,,,,,,,,,,,,,,,,,,,,,,,,,,,,,,,,,,,,,,,
"Afghanistan, Zimbabwe, America, Kuwait",2015-05-21,,0,0,0,0,0,0,,,,,,,,,,,,,,,,,,,,,,,,,,,,,,,,,,,,,,,,,,,,,,,,,,,,,,,,,,,,,,,,,,,,,,,,,,,,,,,,,,,,,,,,,,,,,,,,,,,,,,,
The Upper Room,2015-05-22,,0,0,0,0,0,0,,,,,,,,,,,,,,,,,,,,,,,,,,,,,,,,,,,,,,,,,,,,,,,,,,,,,,,,,,,,,,,,,,,,,,,,,,,,,,,,,,,,,,,,,,,,,,,,,,,,,,,
The Qualms,2015-05-22,,0,0,0,0,0,0,,,,,,,,,,,,,,,,,,,,,,,,,,,,,,,,,,,,,,,,,,,,,,,,,,,,,,,,,,,,,,,,,,,,,,,,,,,,,,,,,,,,,,,,,,,,,,,,,,,,,,,
Composition…Master-Pieces…Identity,2015-05-27,,0,0,0,0,0,0,,,,,,,,,,,,,,,,,,,,,,,,,,,,,,,,,,,,,,,,,,,,,,,,,,,,,,,,,,,,,,,,,,,,,,,,,,,,,,,,,,,,,,,,,,,,,,,,,,,,,,,
The Old Masters,2015-05-27,,0,0,0,0,0,0,,,,,,,,,,,,,,,,,,,,,,,,,,,,,,,,,,,,,,,,,,,,,,,,,,,,,,,,,,,,,,,,,,,,,,,,,,,,,,,,,,,,,,,,,,,,,,,,,,,,,,,
Ghost Stories,2015-05-27,,0,0,0,0,0,0,,,,,,,,,,,,,,,,,,,,,,,,,,,,,,,,,,,,,,,,,,,,,,,,,,,,,,,,,,,,,,,,,,,,,,,,,,,,,,,,,,,,,,,,,,,,,,,,,,,,,,,
An Act of God,2015-05-28,,0,0,5,4,1,0,,,,,,,,,,,,,,,,,,,,,,,,,,,up,,,,,,,,,,,,,,,,,,,,,,,up,,,,,,,,,,,,,,,,,,,,,,,,,,,,,,,,,,,,,,,,,,,,up,,,,meh,,up,,,
35th Marathon of One-Act Plays: Series B,2015-05-28,,0,0,0,0,0,0,,,,,,,,,,,,,,,,,,,,,,,,,,,,,,,,,,,,,,,,,,,,,,,,,,,,,,,,,,,,,,,,,,,,,,,,,,,,,,,,,,,,,,,,,,,,,,,,,,,,,,,
The Twentieth-Century Way,2015-05-28,,0,0,0,0,0,0,,,,,,,,,,,,,,,,,,,,,,,,,,,,,,,,,,,,,,,,,,,,,,,,,,,,,,,,,,,,,,,,,,,,,,,,,,,,,,,,,,,,,,,,,,,,,,,,,,,,,,,
10 out of 12,2015-05-28,,0,0,0,0,0,0,,,,,,,,,,,,,,,,,,,,,,,,,,,,,,,,,,,,,,,,,,,,,,,,,,,,,,,,,,,,,,,,,,,,,,,,,,,,,,,,,,,,,,,,,,,,,,,,,,,,,,,
Most Dangerous Man in America (W. E. B. Du Bois),2015-05-28,,0,0,0,0,0,0,,,,,,,,,,,,,,,,,,,,,,,,,,,,,,,,,,,,,,,,,,,,,,,,,,,,,,,,,,,,,,,,,,,,,,,,,,,,,,,,,,,,,,,,,,,,,,,,,,,,,,,
A Human Being Died That Night,2015-05-29,,0,0,1,1,0,0,,,,,,,,,,,,,,,,,,,,,,,,,,,,,,,,,,,,,,,,,,,,,,,,,,up,,,,,,,,,,,,,,,,,,,,,,,,,,,,,,,,,,,,,,,,,,,,,,,,,,,,,
Injunction Granted,2015-05-29,,0,0,0,0,0,0,,,,,,,,,,,,,,,,,,,,,,,,,,,,,,,,,,,,,,,,,,,,,,,,,,,,,,,,,,,,,,,,,,,,,,,,,,,,,,,,,,,,,,,,,,,,,,,,,,,,,,,
Be More Chill,2015-05-30,,0,0,0,0,0,0,,,,,,,,,,,,,,,,,,,,,,,,,,,,,,,,,,,,,,,,,,,,,,,,,,,,,,,,,,,,,,,,,,,,,,,,,,,,,,,,,,,,,,,,,,,,,,,,,,,,,,,
The Spoils,2015-06-02,,0,0,1,1,0,0,,,,,,,,,,,,,,,,,,,,,,,,,,,,,,,,,,,,,,,,,,,,,,,,,,up,,,,,,,,,,,,,,,,,,,,,,,,,,,,,,,,,,,,,,,,,,,,,,,,,,,,,
Heisenberg 2015 Off Broadway,2015-06-03,,0,0,1,1,0,0,,,,,,,,,,,,,,,,,,,,,,,,,,,,,,,,,,,,,,,,,,,,,,,,,,up,,,,,,,,,,,,,,,,,,,,,,,,,,,,,,,,,,,,,,,,,,,,,,,,,,,,,
Notes of a Native Song,2015-06-03,,0,0,1,0,1,0,,,,,,,,,,,,,,,,,,,,,,,,,,,,,,,,,,,,,,,,,,,,,,,,,,meh,,,,,,,,,,,,,,,,,,,,,,,,,,,,,,,,,,,,,,,,,,,,,,,,,,,,,
J. Edgar Klezmer: Songs from My Grandmother's FBI Files,2015-06-04,,0,0,1,0,1,0,,,,,,,,,,,,,,,,,,,,,,,,,,,,,,,,,,,,,,,,,,,,,,,,,,meh,,,,,,,,,,,,,,,,,,,,,,,,,,,,,,,,,,,,,,,,,,,,,,,,,,,,,
Card and Gift,2015-06-04,,0,0,1,1,0,0,,,,,,,,,,,,,,,,,,,,,,,,,,,,,,,,,,,,,,,,,,,,,,,,,,up,,,,,,,,,,,,,,,,,,,,,,,,,,,,,,,,,,,,,,,,,,,,,,,,,,,,,
"Smile at Us, Oh Lord",2015-06-05,,0,0,1,1,0,0,,,,,,,,,,,,,,,,,,,,,,,,,,,,,,,,,,,,,,,,,,,,,,,,,,up,,,,,,,,,,,,,,,,,,,,,,,,,,,,,,,,,,,,,,,,,,,,,,,,,,,,,
A Midsummer Night’s Dream,2015-06-05,,0,0,0,0,0,0,,,,,,,,,,,,,,,,,,,,,,,,,,,,,,,,,,,,,,,,,,,,,,,,,,,,,,,,,,,,,,,,,,,,,,,,,,,,,,,,,,,,,,,,,,,,,,,,,,,,,,,
Cuddles,2015-06-09,,0,0,1,1,0,0,,,,,,,,,,,,,,,,,,,,,,,,,,,,,,,,,,,,,,,,,,,,,,,,,,up,,,,,,,,,,,,,,,,,,,,,,,,,,,,,,,,,,,,,,,,,,,,,,,,,,,,,
High Heels in Low Places,2015-06-09,,0,0,1,1,0,0,,,,,,,,,,,,,,,,,,,,,,,,,,,,,,,,,,,,,,,,,,,,,,,,,,up,,,,,,,,,,,,,,,,,,,,,,,,,,,,,,,,,,,,,,,,,,,,,,,,,,,,,
The Pavilion,2015-06-10,,0,0,0,0,0,0,,,,,,,,,,,,,,,,,,,,,,,,,,,,,,,,,,,,,,,,,,,,,,,,,,,,,,,,,,,,,,,,,,,,,,,,,,,,,,,,,,,,,,,,,,,,,,,,,,,,,,,
My Perfect Mind,2015-06-10,,0,0,0,0,0,0,,,,,,,,,,,,,,,,,,,,,,,,,,,,,,,,,,,,,,,,,,,,,,,,,,,,,,,,,,,,,,,,,,,,,,,,,,,,,,,,,,,,,,,,,,,,,,,,,,,,,,,
This Is Mary Brown,2015-06-11,,0,0,1,0,1,0,,,,,,,,,,,,,,,,,,,,,,,,,,,,,,,,,,,,,,,,,,,,,,,,,,meh,,,,,,,,,,,,,,,,,,,,,,,,,,,,,,,,,,,,,,,,,,,,,,,,,,,,,
Debutaunt,2015-06-11,,0,0,0,0,0,0,,,,,,,,,,,,,,,,,,,,,,,,,,,,,,,,,,,,,,,,,,,,,,,,,,,,,,,,,,,,,,,,,,,,,,,,,,,,,,,,,,,,,,,,,,,,,,,,,,,,,,,
Wild Women of Planet Wongo,2015-06-11,,0,0,0,0,0,0,,,,,,,,,,,,,,,,,,,,,,,,,,,,,,,,,,,,,,,,,,,,,,,,,,,,,,,,,,,,,,,,,,,,,,,,,,,,,,,,,,,,,,,,,,,,,,,,,,,,,,,
35th Marathon of One-Act Plays: Series C,2015-06-13,,0,0,0,0,0,0,,,,,,,,,,,,,,,,,,,,,,,,,,,,,,,,,,,,,,,,,,,,,,,,,,,,,,,,,,,,,,,,,,,,,,,,,,,,,,,,,,,,,,,,,,,,,,,,,,,,,,,
At the Table,2015-06-13,,0,0,0,0,0,0,,,,,,,,,,,,,,,,,,,,,,,,,,,,,,,,,,,,,,,,,,,,,,,,,,,,,,,,,,,,,,,,,,,,,,,,,,,,,,,,,,,,,,,,,,,,,,,,,,,,,,,
Preludes,2015-06-15,,0,0,1,1,0,0,,,,,,,,,,,,,,,,,,,,,,,,,,,,,,,,,,,,,,,,,,,,,,,,,,up,,,,,,,,,,,,,,,,,,,,,,,,,,,,,,,,,,,,,,,,,,,,,,,,,,,,,
Ada/Ava,2015-06-15,,0,0,0,0,0,0,,,,,,,,,,,,,,,,,,,,,,,,,,,,,,,,,,,,,,,,,,,,,,,,,,,,,,,,,,,,,,,,,,,,,,,,,,,,,,,,,,,,,,,,,,,,,,,,,,,,,,,
The Tempest,2015-06-16,,0,0,1,0,1,0,,,,,,,,,,,,,,,,,,,,,,,,,,,,,,,,,,,,,,,,,,,,,,,,,,meh,,,,,,,,,,,,,,,,,,,,,,,,,,,,,,,,,,,,,,,,,,,,,,,,,,,,,
Gloria,2015-06-17,,0,0,1,1,0,0,,,,,,,,,,,,,,,,,,,,,,,,,,,,,,,,,,,,,,,,,,,,,,,,,,up,,,,,,,,,,,,,,,,,,,,,,,,,,,,,,,,,,,,,,,,,,,,,,,,,,,,,
Significant Other,2015-06-18,,0,0,1,1,0,0,,,,,,,,,,,,,,,,,,,,,,,,,,,,,,,,,,,,,,,,,,,,,,,,,,up,,,,,,,,,,,,,,,,,,,,,,,,,,,,,,,,,,,,,,,,,,,,,,,,,,,,,
Doctor Faustus,2015-06-18,,0,0,1,0,0,1,,,,,,,,,,,,,,,,,,,,,,,,,,,,,,,,,,,,,,,,,,,,,,,,,,down,,,,,,,,,,,,,,,,,,,,,,,,,,,,,,,,,,,,,,,,,,,,,,,,,,,,,
Hand Foot Fizzle Face,2015-06-19,,0,0,1,0,0,1,,,,,,,,,,,,,,,,,,,,,,,,,,,,,,,,,,,,,,,,,,,,,,,,,,down,,,,,,,,,,,,,,,,,,,,,,,,,,,,,,,,,,,,,,,,,,,,,,,,,,,,,
Men on Boats,2015-06-19,,0,0,0,0,0,0,,,,,,,,,,,,,,,,,,,,,,,,,,,,,,,,,,,,,,,,,,,,,,,,,,,,,,,,,,,,,,,,,,,,,,,,,,,,,,,,,,,,,,,,,,,,,,,,,,,,,,,
Happy Days,2015-06-20,,0,0,0,0,0,0,,,,,,,,,,,,,,,,,,,,,,,,,,,,,,,,,,,,,,,,,,,,,,,,,,,,,,,,,,,,,,,,,,,,,,,,,,,,,,,,,,,,,,,,,,,,,,,,,,,,,,,
SeaWife,2015-06-23,,0,0,0,0,0,0,,,,,,,,,,,,,,,,,,,,,,,,,,,,,,,,,,,,,,,,,,,,,,,,,,,,,,,,,,,,,,,,,,,,,,,,,,,,,,,,,,,,,,,,,,,,,,,,,,,,,,,
A New Brain,2015-06-24,,0,0,1,0,1,0,,,,,,,,,,,,,,,,,,,,,,,,,,,,,,,,,,,,,,,,,,,,,,,,,,meh,,,,,,,,,,,,,,,,,,,,,,,,,,,,,,,,,,,,,,,,,,,,,,,,,,,,,
Oklahoma!,2015-06-25,,0,0,0,0,0,0,,,,,,,,,,,,,,,,,,,,,,,,,,,,,,,,,,,,,,,,,,,,,,,,,,,,,,,,,,,,,,,,,,,,,,,,,,,,,,,,,,,,,,,,,,,,,,,,,,,,,,,
Shows for Days,2015-06-29,,0,0,1,0,1,0,,,,,,,,,,,,,,,,,,,,,,,,,,,,,,,,,,,,,,,,,,,,,,,,,,meh,,,,,,,,,,,,,,,,,,,,,,,,,,,,,,,,,,,,,,,,,,,,,,,,,,,,,
Of Good Stock,2015-06-30,,0,0,1,0,1,0,,,,,,,,,,,,,,,,,,,,,,,,,,,,,,,,,,,,,,,,,,,,,,,,,,meh,,,,,,,,,,,,,,,,,,,,,,,,,,,,,,,,,,,,,,,,,,,,,,,,,,,,,
Off the Main Road,2015-06-30,,0,0,0,0,0,0,,,,,,,,,,,,,,,,,,,,,,,,,,,,,,,,,,,,,,,,,,,,,,,,,,,,,,,,,,,,,,,,,,,,,,,,,,,,,,,,,,,,,,,,,,,,,,,,,,,,,,,
The Weir,2015-06-30,,0,0,0,0,0,0,,,,,,,,,,,,,,,,,,,,,,,,,,,,,,,,,,,,,,,,,,,,,,,,,,,,,,,,,,,,,,,,,,,,,,,,,,,,,,,,,,,,,,,,,,,,,,,,,,,,,,,
Little Shop of Horrors,2015-07-01,,0,0,1,1,0,0,,,,,,,,,,,,,,,,,,,,,,,,,,,,,,,,,,,,,,,,,,,,,,,,,,up,,,,,,,,,,,,,,,,,,,,,,,,,,,,,,,,,,,,,,,,,,,,,,,,,,,,,
Legacy,2015-07-01,,0,0,0,0,0,0,,,,,,,,,,,,,,,,,,,,,,,,,,,,,,,,,,,,,,,,,,,,,,,,,,,,,,,,,,,,,,,,,,,,,,,,,,,,,,,,,,,,,,,,,,,,,,,,,,,,,,,
The Comedy of Errors,2015-07-02,,0,0,0,0,0,0,,,,,,,,,,,,,,,,,,,,,,,,,,,,,,,,,,,,,,,,,,,,,,,,,,,,,,,,,,,,,,,,,,,,,,,,,,,,,,,,,,,,,,,,,,,,,,,,,,,,,,,
The Tempest,2015-07-03,,0,0,0,0,0,0,,,,,,,,,,,,,,,,,,,,,,,,,,,,,,,,,,,,,,,,,,,,,,,,,,,,,,,,,,,,,,,,,,,,,,,,,,,,,,,,,,,,,,,,,,,,,,,,,,,,,,,
Sayonara,2015-07-05,,0,0,0,0,0,0,,,,,,,,,,,,,,,,,,,,,,,,,,,,,,,,,,,,,,,,,,,,,,,,,,,,,,,,,,,,,,,,,,,,,,,,,,,,,,,,,,,,,,,,,,,,,,,,,,,,,,,
Awake and Sing!,2015-07-06,,0,0,0,0,0,0,,,,,,,,,,,,,,,,,,,,,,,,,,,,,,,,,,,,,,,,,,,,,,,,,,,,,,,,,,,,,,,,,,,,,,,,,,,,,,,,,,,,,,,,,,,,,,,,,,,,,,,
DruidShakespeare: The History Plays,2015-07-07,,0,0,0,0,0,0,,,,,,,,,,,,,,,,,,,,,,,,,,,,,,,,,,,,,,,,,,,,,,,,,,,,,,,,,,,,,,,,,,,,,,,,,,,,,,,,,,,,,,,,,,,,,,,,,,,,,,,
Scenes From an Execution,2015-07-07,,0,0,0,0,0,0,,,,,,,,,,,,,,,,,,,,,,,,,,,,,,,,,,,,,,,,,,,,,,,,,,,,,,,,,,,,,,,,,,,,,,,,,,,,,,,,,,,,,,,,,,,,,,,,,,,,,,,
Judith & Vinegar Tom,2015-07-07,,0,0,0,0,0,0,,,,,,,,,,,,,,,,,,,,,,,,,,,,,,,,,,,,,,,,,,,,,,,,,,,,,,,,,,,,,,,,,,,,,,,,,,,,,,,,,,,,,,,,,,,,,,,,,,,,,,,
Losing Tom Pecinka,2015-07-08,,0,0,1,0,1,0,,,,,,,,,,,,,,,,,,,,,,,,,,,,,,,,,,,,,,,,,,,,,,,,,,meh,,,,,,,,,,,,,,,,,,,,,,,,,,,,,,,,,,,,,,,,,,,,,,,,,,,,,
Skippyjon Jones Snow What,2015-07-08,,0,0,0,0,0,0,,,,,,,,,,,,,,,,,,,,,,,,,,,,,,,,,,,,,,,,,,,,,,,,,,,,,,,,,,,,,,,,,,,,,,,,,,,,,,,,,,,,,,,,,,,,,,,,,,,,,,,
As You Like It,2015-07-09,,0,0,0,0,0,0,,,,,,,,,,,,,,,,,,,,,,,,,,,,,,,,,,,,,,,,,,,,,,,,,,,,,,,,,,,,,,,,,,,,,,,,,,,,,,,,,,,,,,,,,,,,,,,,,,,,,,,
Colin Quinn The New York Story,2015-07-09,,0,0,0,0,0,0,,,,,,,,,,,,,,,,,,,,,,,,,,,,,,,,,,,,,,,,,,,,,,,,,,,,,,,,,,,,,,,,,,,,,,,,,,,,,,,,,,,,,,,,,,,,,,,,,,,,,,,
Pound,2015-07-10,,0,0,0,0,0,0,,,,,,,,,,,,,,,,,,,,,,,,,,,,,,,,,,,,,,,,,,,,,,,,,,,,,,,,,,,,,,,,,,,,,,,,,,,,,,,,,,,,,,,,,,,,,,,,,,,,,,,
Dear Evan Hansen,2015-07-10,,0,0,0,0,0,0,,,,,,,,,,,,,,,,,,,,,,,,,,,,,,,,,,,,,,,,,,,,,,,,,,,,,,,,,,,,,,,,,,,,,,,,,,,,,,,,,,,,,,,,,,,,,,,,,,,,,,,
Threesome,2015-07-11,,0,0,0,0,0,0,,,,,,,,,,,,,,,,,,,,,,,,,,,,,,,,,,,,,,,,,,,,,,,,,,,,,,,,,,,,,,,,,,,,,,,,,,,,,,,,,,,,,,,,,,,,,,,,,,,,,,,
Penn & Teller,2015-07-12,,0,0,1,0,1,0,,,,,,,,,,,,,,,,,,,,,,,,,,,,,,,,,,,,,,,,,,,,,,,,,,meh,,,,,,,,,,,,,,,,,,,,,,,,,,,,,,,,,,,,,,,,,,,,,,,,,,,,,
Three Days to See,2015-07-12,,0,0,0,0,0,0,,,,,,,,,,,,,,,,,,,,,,,,,,,,,,,,,,,,,,,,,,,,,,,,,,,,,,,,,,,,,,,,,,,,,,,,,,,,,,,,,,,,,,,,,,,,,,,,,,,,,,,
Ruthless,2015-07-13,,0,0,0,0,0,0,,,,,,,,,,,,,,,,,,,,,,,,,,,,,,,,,,,,,,,,,,,,,,,,,,,,,,,,,,,,,,,,,,,,,,,,,,,,,,,,,,,,,,,,,,,,,,,,,,,,,,,
Antigona,2015-07-13,,0,0,0,0,0,0,,,,,,,,,,,,,,,,,,,,,,,,,,,,,,,,,,,,,,,,,,,,,,,,,,,,,,,,,,,,,,,,,,,,,,,,,,,,,,,,,,,,,,,,,,,,,,,,,,,,,,,
King Liz,2015-07-13,,0,0,0,0,0,0,,,,,,,,,,,,,,,,,,,,,,,,,,,,,,,,,,,,,,,,,,,,,,,,,,,,,,,,,,,,,,,,,,,,,,,,,,,,,,,,,,,,,,,,,,,,,,,,,,,,,,,
The Wild Party,2015-07-15,,0,0,1,0,1,0,,,,,,,,,,,,,,,,,,,,,,,,,,,,,,,,,,,,,,,,,,,,,,,,,,meh,,,,,,,,,,,,,,,,,,,,,,,,,,,,,,,,,,,,,,,,,,,,,,,,,,,,,
The International,2015-07-15,,0,0,1,0,1,0,,,,,,,,,,,,,,,,,,,,,,,,,,,,,,,,,,,,,,,,,,,,,,,,,,meh,,,,,,,,,,,,,,,,,,,,,,,,,,,,,,,,,,,,,,,,,,,,,,,,,,,,,
Kinship,2015-07-15,,0,0,0,0,0,0,,,,,,,,,,,,,,,,,,,,,,,,,,,,,,,,,,,,,,,,,,,,,,,,,,,,,,,,,,,,,,,,,,,,,,,,,,,,,,,,,,,,,,,,,,,,,,,,,,,,,,,
Amazing Grace,2015-07-16,,0,0,5,0,0,5,,,down,,,,,,,,,,,,,,,,,,,,,,,,down,,,,,,,,,,down,,,,,,,,,,,,,down,,,,,,,,,,,,,,,,,,,,,,,,,,,,,,,,,,,,,,,,,,,,down,,,,,,,,,
Deep Love & Pope,2015-07-17,,0,0,1,0,1,0,,,,,,,,,,,,,,,,,,,,,,,,,,,,,,,,,,,,,,,,,,,,,,,,,,meh,,,,,,,,,,,,,,,,,,,,,,,,,,,,,,,,,,,,,,,,,,,,,,,,,,,,,
Summer Shorts: Series A,2015-07-17,,0,0,0,0,0,0,,,,,,,,,,,,,,,,,,,,,,,,,,,,,,,,,,,,,,,,,,,,,,,,,,,,,,,,,,,,,,,,,,,,,,,,,,,,,,,,,,,,,,,,,,,,,,,,,,,,,,,
Mrs. Smith’s Broadway Cat-Tacular!,2015-07-20,,0,0,0,0,0,0,,,,,,,,,,,,,,,,,,,,,,,,,,,,,,,,,,,,,,,,,,,,,,,,,,,,,,,,,,,,,,,,,,,,,,,,,,,,,,,,,,,,,,,,,,,,,,,,,,,,,,,
Ubu Roi,2015-07-22,,0,0,1,1,0,0,,,,,,,,,,,,,,,,,,,,,,,,,,,,,,,,,,,,,,,,,,,,,,,,,,up,,,,,,,,,,,,,,,,,,,,,,,,,,,,,,,,,,,,,,,,,,,,,,,,,,,,,
Karaoke Bacchae,2015-07-22,,0,0,1,0,1,0,,,,,,,,,,,,,,,,,,,,,,,,,,,,,,,,,,,,,,,,,,,,,,,,,,meh,,,,,,,,,,,,,,,,,,,,,,,,,,,,,,,,,,,,,,,,,,,,,,,,,,,,,
Paradise Blue,2015-07-22,,0,0,0,0,0,0,,,,,,,,,,,,,,,,,,,,,,,,,,,,,,,,,,,,,,,,,,,,,,,,,,,,,,,,,,,,,,,,,,,,,,,,,,,,,,,,,,,,,,,,,,,,,,,,,,,,,,,
John,2015-07-22,,0,0,0,0,0,0,,,,,,,,,,,,,,,,,,,,,,,,,,,,,,,,,,,,,,,,,,,,,,,,,,,,,,,,,,,,,,,,,,,,,,,,,,,,,,,,,,,,,,,,,,,,,,,,,,,,,,,
Kafka on the Shore,2015-07-23,,0,0,1,0,1,0,,,,,,,,,,,,,,,,,,,,,,,,,,,,,,,,,,,,,,,,,,,,,,,,,,meh,,,,,,,,,,,,,,,,,,,,,,,,,,,,,,,,,,,,,,,,,,,,,,,,,,,,,
Cymbeline,2015-07-23,,0,0,0,0,0,0,,,,,,,,,,,,,,,,,,,,,,,,,,,,,,,,,,,,,,,,,,,,,,,,,,,,,,,,,,,,,,,,,,,,,,,,,,,,,,,,,,,,,,,,,,,,,,,,,,,,,,,
Butcher Holler Here We Come,2015-07-24,,0,0,1,0,1,0,,,,,,,,,,,,,,,,,,,,,,,,,,,,,,,,,,,,,,,,,,,,,,,,,,meh,,,,,,,,,,,,,,,,,,,,,,,,,,,,,,,,,,,,,,,,,,,,,,,,,,,,,
Summer Shorts: Series B,2015-07-25,,0,0,0,0,0,0,,,,,,,,,,,,,,,,,,,,,,,,,,,,,,,,,,,,,,,,,,,,,,,,,,,,,,,,,,,,,,,,,,,,,,,,,,,,,,,,,,,,,,,,,,,,,,,,,,,,,,,
Freight,2015-07-25,,0,0,0,0,0,0,,,,,,,,,,,,,,,,,,,,,,,,,,,,,,,,,,,,,,,,,,,,,,,,,,,,,,,,,,,,,,,,,,,,,,,,,,,,,,,,,,,,,,,,,,,,,,,,,,,,,,,
The Dreamer Examines His Pillow,2015-07-25,,0,0,0,0,0,0,,,,,,,,,,,,,,,,,,,,,,,,,,,,,,,,,,,,,,,,,,,,,,,,,,,,,,,,,,,,,,,,,,,,,,,,,,,,,,,,,,,,,,,,,,,,,,,,,,,,,,,
Miss Julie,2015-07-27,,0,0,1,1,0,0,,,,,,,,,,,,,,,,,,,,,,,,,,,,,,,,,,,,,,,,,,,,,,,,,,up,,,,,,,,,,,,,,,,,,,,,,,,,,,,,,,,,,,,,,,,,,,,,,,,,,,,,
Ramona,2015-07-27,,0,0,1,0,1,0,,,,,,,,,,,,,,,,,,,,,,,,,,,,,,,,,,,,,,,,,,,,,,,,,,meh,,,,,,,,,,,,,,,,,,,,,,,,,,,,,,,,,,,,,,,,,,,,,,,,,,,,,
Up Here,2015-07-28,,0,0,0,0,0,0,,,,,,,,,,,,,,,,,,,,,,,,,,,,,,,,,,,,,,,,,,,,,,,,,,,,,,,,,,,,,,,,,,,,,,,,,,,,,,,,,,,,,,,,,,,,,,,,,,,,,,,
Sweat,2015-07-29,,0,0,0,0,0,0,,,,,,,,,,,,,,,,,,,,,,,,,,,,,,,,,,,,,,,,,,,,,,,,,,,,,,,,,,,,,,,,,,,,,,,,,,,,,,,,,,,,,,,,,,,,,,,,,,,,,,,
Pimm’s Mission,2015-07-30,,0,0,0,0,0,0,,,,,,,,,,,,,,,,,,,,,,,,,,,,,,,,,,,,,,,,,,,,,,,,,,,,,,,,,,,,,,,,,,,,,,,,,,,,,,,,,,,,,,,,,,,,,,,,,,,,,,,
Unknown Soldier,2015-07-30,,0,0,0,0,0,0,,,,,,,,,,,,,,,,,,,,,,,,,,,,,,,,,,,,,,,,,,,,,,,,,,,,,,,,,,,,,,,,,,,,,,,,,,,,,,,,,,,,,,,,,,,,,,,,,,,,,,,
Mother of the Maid,2015-07-30,,0,0,0,0,0,0,,,,,,,,,,,,,,,,,,,,,,,,,,,,,,,,,,,,,,,,,,,,,,,,,,,,,,,,,,,,,,,,,,,,,,,,,,,,,,,,,,,,,,,,,,,,,,,,,,,,,,,
Delirium’s Daughters,2015-08-02,,0,0,0,0,0,0,,,,,,,,,,,,,,,,,,,,,,,,,,,,,,,,,,,,,,,,,,,,,,,,,,,,,,,,,,,,,,,,,,,,,,,,,,,,,,,,,,,,,,,,,,,,,,,,,,,,,,,
Informed Consent,2015-08-04,,0,0,0,0,0,0,,,,,,,,,,,,,,,,,,,,,,,,,,,,,,,,,,,,,,,,,,,,,,,,,,,,,,,,,,,,,,,,,,,,,,,,,,,,,,,,,,,,,,,,,,,,,,,,,,,,,,,
Grey Gardens,2015-08-04,,0,0,0,0,0,0,,,,,,,,,,,,,,,,,,,,,,,,,,,,,,,,,,,,,,,,,,,,,,,,,,,,,,,,,,,,,,,,,,,,,,,,,,,,,,,,,,,,,,,,,,,,,,,,,,,,,,,
Holden,2015-08-05,,0,0,1,1,0,0,,,,,,,,,,,,,,,,,,,,,,,,,,,,,,,,,,,,,,,,,,,,,,,,,,up,,,,,,,,,,,,,,,,,,,,,,,,,,,,,,,,,,,,,,,,,,,,,,,,,,,,,
A Moon for the Misbegotten,2015-08-05,,0,0,0,0,0,0,,,,,,,,,,,,,,,,,,,,,,,,,,,,,,,,,,,,,,,,,,,,,,,,,,,,,,,,,,,,,,,,,,,,,,,,,,,,,,,,,,,,,,,,,,,,,,,,,,,,,,,
Hamilton,2015-08-06,,0,0,5,5,0,0,,,,,,,,,,,,,,,,,,,,up,,,,,,,,,,,,,,,,,,,up,,,,,,,,,,,up,,,,,,,,,,,,,,,,,,,,,,,,,,,,,,,,,,,,,,,,,,,,up,,,,,,up,,,
Steve: A Docu-Musical,2015-08-06,,0,0,0,0,0,0,,,,,,,,,,,,,,,,,,,,,,,,,,,,,,,,,,,,,,,,,,,,,,,,,,,,,,,,,,,,,,,,,,,,,,,,,,,,,,,,,,,,,,,,,,,,,,,,,,,,,,,
Unity (1918),2015-08-06,,0,0,0,0,0,0,,,,,,,,,,,,,,,,,,,,,,,,,,,,,,,,,,,,,,,,,,,,,,,,,,,,,,,,,,,,,,,,,,,,,,,,,,,,,,,,,,,,,,,,,,,,,,,,,,,,,,,
FringeNYC,2015-08-14,,0,0,0,0,0,0,,,,,,,,,,,,,,,,,,,,,,,,,,,,,,,,,,,,,,,,,,,,,,,,,,,,,,,,,,,,,,,,,,,,,,,,,,,,,,,,,,,,,,,,,,,,,,,,,,,,,,,
A Delicate Ship,2015-08-18,,0,0,0,0,0,0,,,,,,,,,,,,,,,,,,,,,,,,,,,,,,,,,,,,,,,,,,,,,,,,,,,,,,,,,,,,,,,,,,,,,,,,,,,,,,,,,,,,,,,,,,,,,,,,,,,,,,,
Mercury Fur,2015-08-19,,0,0,1,1,0,0,,,,,,,,,,,,,,,,,,,,,,,,,,,,,,,,,,,,,,,,,,,,,,,,,,up,,,,,,,,,,,,,,,,,,,,,,,,,,,,,,,,,,,,,,,,,,,,,,,,,,,,,
Sense of an Ending,2015-08-20,,0,0,0,0,0,0,,,,,,,,,,,,,,,,,,,,,,,,,,,,,,,,,,,,,,,,,,,,,,,,,,,,,,,,,,,,,,,,,,,,,,,,,,,,,,,,,,,,,,,,,,,,,,,,,,,,,,,
Drop Dead Perfect,2015-08-23,,0,0,1,1,0,0,,,,,,,,,,,,,,,,,,,,,,,,,,,,,,,,,,,,,,,,,,,,,,,,,,up,,,,,,,,,,,,,,,,,,,,,,,,,,,,,,,,,,,,,,,,,,,,,,,,,,,,,
Love & Money,2015-08-24,,0,0,1,0,1,0,,,,,,,,,,,,,,,,,,,,,,,,,,,,,,,,,,,,,,,,,,,,,,,,,,meh,,,,,,,,,,,,,,,,,,,,,,,,,,,,,,,,,,,,,,,,,,,,,,,,,,,,,
Hamlet,2015-08-25,,0,0,1,0,1,0,,,,,,,,,,,,,,,,,,,,,,,,,,,,,,,,,,,,,,,,,,,,,,,,,,meh,,,,,,,,,,,,,,,,,,,,,,,,,,,,,,,,,,,,,,,,,,,,,,,,,,,,,
Our Last Game,2015-08-25,,0,0,0,0,0,0,,,,,,,,,,,,,,,,,,,,,,,,,,,,,,,,,,,,,,,,,,,,,,,,,,,,,,,,,,,,,,,,,,,,,,,,,,,,,,,,,,,,,,,,,,,,,,,,,,,,,,,
Fireface,2015-08-26,,0,0,1,0,1,0,,,,,,,,,,,,,,,,,,,,,,,,,,,,,,,,,,,,,,,,,,,,,,,,,,meh,,,,,,,,,,,,,,,,,,,,,,,,,,,,,,,,,,,,,,,,,,,,,,,,,,,,,
Whorl Inside a Loop,2015-08-27,,0,0,1,1,0,0,,,,,,,,,,,,,,,,,,,,,,,,,,,,,,,,,,,,,,,,,,,,,,,,,,up,,,,,,,,,,,,,,,,,,,,,,,,,,,,,,,,,,,,,,,,,,,,,,,,,,,,,
Magic Trick,2015-08-27,,0,0,1,0,1,0,,,,,,,,,,,,,,,,,,,,,,,,,,,,,,,,,,,,,,,,,,,,,,,,,,meh,,,,,,,,,,,,,,,,,,,,,,,,,,,,,,,,,,,,,,,,,,,,,,,,,,,,,
Hamlet in Bed,2015-08-28,,0,0,0,0,0,0,,,,,,,,,,,,,,,,,,,,,,,,,,,,,,,,,,,,,,,,,,,,,,,,,,,,,,,,,,,,,,,,,,,,,,,,,,,,,,,,,,,,,,,,,,,,,,,,,,,,,,,
The Christians,2015-08-28,,0,0,0,0,0,0,,,,,,,,,,,,,,,,,,,,,,,,,,,,,,,,,,,,,,,,,,,,,,,,,,,,,,,,,,,,,,,,,,,,,,,,,,,,,,,,,,,,,,,,,,,,,,,,,,,,,,,
Judy,2015-09-01,,0,0,0,0,0,0,,,,,,,,,,,,,,,,,,,,,,,,,,,,,,,,,,,,,,,,,,,,,,,,,,,,,,,,,,,,,,,,,,,,,,,,,,,,,,,,,,,,,,,,,,,,,,,,,,,,,,,
Desire,2015-09-02,,0,0,0,0,0,0,,,,,,,,,,,,,,,,,,,,,,,,,,,,,,,,,,,,,,,,,,,,,,,,,,,,,,,,,,,,,,,,,,,,,,,,,,,,,,,,,,,,,,,,,,,,,,,,,,,,,,,
They Are Gone But Here Must I Remain,2015-09-03,,0,0,0,0,0,0,,,,,,,,,,,,,,,,,,,,,,,,,,,,,,,,,,,,,,,,,,,,,,,,,,,,,,,,,,,,,,,,,,,,,,,,,,,,,,,,,,,,,,,,,,,,,,,,,,,,,,,
The Odyssey,2015-09-04,,0,0,1,1,0,0,,,,,,,,,,,,,,,,,,,,,,,,,,,,,,,,,,,,,,,,,,,,,,,,,,up,,,,,,,,,,,,,,,,,,,,,,,,,,,,,,,,,,,,,,,,,,,,,,,,,,,,,
Photograph 51,2015-09-05,,0,0,0,0,0,0,,,,,,,,,,,,,,,,,,,,,,,,,,,,,,,,,,,,,,,,,,,,,,,,,,,,,,,,,,,,,,,,,,,,,,,,,,,,,,,,,,,,,,,,,,,,,,,,,,,,,,,
Isolde,2015-09-06,,0,0,0,0,0,0,,,,,,,,,,,,,,,,,,,,,,,,,,,,,,,,,,,,,,,,,,,,,,,,,,,,,,,,,,,,,,,,,,,,,,,,,,,,,,,,,,,,,,,,,,,,,,,,,,,,,,,
Women’s Voices Theater Festival,2015-09-08,,0,0,0,0,0,0,,,,,,,,,,,,,,,,,,,,,,,,,,,,,,,,,,,,,,,,,,,,,,,,,,,,,,,,,,,,,,,,,,,,,,,,,,,,,,,,,,,,,,,,,,,,,,,,,,,,,,,
The Legend of Georgia McBride,2015-09-09,,0,0,1,1,0,0,,,,,,,,,,,,,,,,,,,,,,,,,,,,,,,,,,,,,,,,,,,,,,,,,,up,,,,,,,,,,,,,,,,,,,,,,,,,,,,,,,,,,,,,,,,,,,,,,,,,,,,,
Iphigenia in Aulis,2015-09-10,,0,0,0,0,0,0,,,,,,,,,,,,,,,,,,,,,,,,,,,,,,,,,,,,,,,,,,,,,,,,,,,,,,,,,,,,,,,,,,,,,,,,,,,,,,,,,,,,,,,,,,,,,,,,,,,,,,,
Cloud Nine,2015-09-16,,0,0,0,0,0,0,,,,,,,,,,,,,,,,,,,,,,,,,,,,,,,,,,,,,,,,,,,,,,,,,,,,,,,,,,,,,,,,,,,,,,,,,,,,,,,,,,,,,,,,,,,,,,,,,,,,,,,
Baby Doll,2015-09-18,,0,0,0,0,0,0,,,,,,,,,,,,,,,,,,,,,,,,,,,,,,,,,,,,,,,,,,,,,,,,,,,,,,,,,,,,,,,,,,,,,,,,,,,,,,,,,,,,,,,,,,,,,,,,,,,,,,,
A Midsummer Night’s Dream,2015-09-20,,0,0,1,1,0,0,,,,,,,,,,,,,,,,,,,,,,,,,,,,,,,,,,,,,,,,,,,,,,,,,,up,,,,,,,,,,,,,,,,,,,,,,,,,,,,,,,,,,,,,,,,,,,,,,,,,,,,,
Fulfillment,2015-09-21,,0,0,1,0,1,0,,,,,,,,,,,,,,,,,,,,,,,,,,,,,,,,,,,,,,,,,,,,,,,,,,meh,,,,,,,,,,,,,,,,,,,,,,,,,,,,,,,,,,,,,,,,,,,,,,,,,,,,,
The Quare Land,2015-09-22,,0,0,0,0,0,0,,,,,,,,,,,,,,,,,,,,,,,,,,,,,,,,,,,,,,,,,,,,,,,,,,,,,,,,,,,,,,,,,,,,,,,,,,,,,,,,,,,,,,,,,,,,,,,,,,,,,,,
Antigone,2015-09-24,,0,0,1,0,1,0,,,,,,,,,,,,,,,,,,,,,,,,,,,,,,,,,,,,,,,,,,,,,,,,,,meh,,,,,,,,,,,,,,,,,,,,,,,,,,,,,,,,,,,,,,,,,,,,,,,,,,,,,
Reread Another,2015-09-25,,0,0,1,1,0,0,,,,,,,,,,,,,,,,,,,,,,,,,,,,,,,,,,,,,,,,,,,,,,,,,,up,,,,,,,,,,,,,,,,,,,,,,,,,,,,,,,,,,,,,,,,,,,,,,,,,,,,,
Elements of Oz,2015-09-26,,0,0,1,0,1,0,,,,,,,,,,,,,,,,,,,,,,,,,,,,,,,,,,,,,,,,,,,,,,,,,,meh,,,,,,,,,,,,,,,,,,,,,,,,,,,,,,,,,,,,,,,,,,,,,,,,,,,,,
Spring Awakening,2015-09-27,,0,0,6,6,0,0,,,up,,,up,,,,,,,,,,,,,up,up,,,,,,,,,,,,,,,,,up,,,,,,,,,,,,,up,,,,,,,,,,,,,,,,,,,,,,,,,,,,,,,,,,,,,,,,,,,,,,,,,,,,,
"Fondly, Collette Richland",2015-09-28,,0,0,1,1,0,0,,,,,,,,,,,,,,,,,,,,,,,,,,,,,,,,,,,,,,,,,,,,,,,,,,up,,,,,,,,,,,,,,,,,,,,,,,,,,,,,,,,,,,,,,,,,,,,,,,,,,,,,
Daddy Long Legs,2015-09-28,,0,0,1,1,0,0,,,,,,,,,,,,,,,,,,,,,,,,,,,,,,,,,,,,,,,,,,,,,,,,,,up,,,,,,,,,,,,,,,,,,,,,,,,,,,,,,,,,,,,,,,,,,,,,,,,,,,,,
Eclipsed,2015-09-29,,0,0,0,0,0,0,,,,,,,,,,,,,,,,,,,,,,,,,,,,,,,,,,,,,,,,,,,,,,,,,,,,,,,,,,,,,,,,,,,,,,,,,,,,,,,,,,,,,,,,,,,,,,,,,,,,,,,
Ride the Cyclone,2015-09-29,,0,0,0,0,0,0,,,,,,,,,,,,,,,,,,,,,,,,,,,,,,,,,,,,,,,,,,,,,,,,,,,,,,,,,,,,,,,,,,,,,,,,,,,,,,,,,,,,,,,,,,,,,,,,,,,,,,,
Tabac Rouge,2015-09-30,,0,0,1,0,0,1,,,,,,,,,,,,,,,,,,,,,,,,,,,,,,,,,,,,,,,,,,,,,,,,,,down,,,,,,,,,,,,,,,,,,,,,,,,,,,,,,,,,,,,,,,,,,,,,,,,,,,,,
Sisters’ Follies,2015-10-01,,0,0,0,0,0,0,,,,,,,,,,,,,,,,,,,,,,,,,,,,,,,,,,,,,,,,,,,,,,,,,,,,,,,,,,,,,,,,,,,,,,,,,,,,,,,,,,,,,,,,,,,,,,,,,,,,,,,
Who’s Your Baghdaddy?,2015-10-01,,0,0,0,0,0,0,,,,,,,,,,,,,,,,,,,,,,,,,,,,,,,,,,,,,,,,,,,,,,,,,,,,,,,,,,,,,,,,,,,,,,,,,,,,,,,,,,,,,,,,,,,,,,,,,,,,,,,
Old Times,2015-10-06,,0,0,5,2,3,0,,,,,,,,,,,,,,,,,,,,up,,,,,,,,,,,,,,,,,,,,,,,,,,,,,,meh,,,,,,,,,,,,,,,,,,,,,,,,,,,,,,,,,,,,,,,,,,,,meh,,,,up,,meh,,,
Futurity,2015-10-06,,0,0,0,0,0,0,,,,,,,,,,,,,,,,,,,,,,,,,,,,,,,,,,,,,,,,,,,,,,,,,,,,,,,,,,,,,,,,,,,,,,,,,,,,,,,,,,,,,,,,,,,,,,,,,,,,,,,
Fool for Love,2015-10-08,,0,0,4,4,0,0,,,,,,,,,,,,,,,,,,,,,,,,,,,,,,,,,,,,,up,,up,,,,,,,,,,,up,,,,,,,,,,,,,,,,,,,,,,,,,,,,,,,,,,,,,,,,,,,,up,,,,,,,,,
Barbecue,2015-10-08,,0,0,1,0,1,0,,,,,,,,,,,,,,,,,,,,,,,,,,,,,,,,,,,,,,,,,,,,,,,,,,meh,,,,,,,,,,,,,,,,,,,,,,,,,,,,,,,,,,,,,,,,,,,,,,,,,,,,,
Unseamly,2015-10-08,,0,0,0,0,0,0,,,,,,,,,,,,,,,,,,,,,,,,,,,,,,,,,,,,,,,,,,,,,,,,,,,,,,,,,,,,,,,,,,,,,,,,,,,,,,,,,,,,,,,,,,,,,,,,,,,,,,,
Clever Little Lies,2015-10-12,,0,0,1,0,1,0,,,,,,,,,,,,,,,,,,,,,,,,,,,,,,,,,,,,,,,,,,,,,,,,,,meh,,,,,,,,,,,,,,,,,,,,,,,,,,,,,,,,,,,,,,,,,,,,,,,,,,,,,
Ugly Lies the Bone,2015-10-13,,0,0,1,1,0,0,,,,,,,,,,,,,,,,,,,,,,,,,,,,,,,,,,,,,,,,,,,,,,,,,,up,,,,,,,,,,,,,,,,,,,,,,,,,,,,,,,,,,,,,,,,,,,,,,,,,,,,,
The Gin Game,2015-10-14,,0,0,5,4,1,0,,,up,,,,,,,,,,,,,,,,,,,,,,,,up,,,,,,,,,,up,,,,,,,,,,,,,up,,,,,,,,,,,,,,,,,,,,,,,,,,,,,,,,,,,,,,,,,,,,meh,,,,,,,,,
Travels With My Aunt,2015-10-15,,0,0,1,1,0,0,,,,,,,,,,,,,,,,,,,,,,,,,,,,,,,,,,,,,,,,,,,,,,,,,,up,,,,,,,,,,,,,,,,,,,,,,,,,,,,,,,,,,,,,,,,,,,,,,,,,,,,,
Hir,2015-10-16,,0,0,0,0,0,0,,,,,,,,,,,,,,,,,,,,,,,,,,,,,,,,,,,,,,,,,,,,,,,,,,,,,,,,,,,,,,,,,,,,,,,,,,,,,,,,,,,,,,,,,,,,,,,,,,,,,,,
Underneath,2015-10-18,,0,0,1,1,0,0,,,,,,,,,,,,,,,,,,,,,,,,,,,,,,,,,,,,,,,,,,,,,,,,,,up,,,,,,,,,,,,,,,,,,,,,,,,,,,,,,,,,,,,,,,,,,,,,,,,,,,,,
Houseworld,2015-10-18,,0,0,0,0,0,0,,,,,,,,,,,,,,,,,,,,,,,,,,,,,,,,,,,,,,,,,,,,,,,,,,,,,,,,,,,,,,,,,,,,,,,,,,,,,,,,,,,,,,,,,,,,,,,,,,,,,,,
Kill Floor,2015-10-19,,0,0,1,0,1,0,,,,,,,,,,,,,,,,,,,,,,,,,,,,,,,,,,,,,,,,,,,,,,,,,,meh,,,,,,,,,,,,,,,,,,,,,,,,,,,,,,,,,,,,,,,,,,,,,,,,,,,,,
Ripcord,2015-10-20,,0,0,1,0,1,0,,,,,,,,,,,,,,,,,,,,,,,,,,,,,,,,,,,,,,,,,,,,,,,,,,meh,,,,,,,,,,,,,,,,,,,,,,,,,,,,,,,,,,,,,,,,,,,,,,,,,,,,,
First Daughter Suite,2015-10-21,,0,0,1,1,0,0,,,,,,,,,,,,,,,,,,,,,,,,,,,,,,,,,,,,,,,,,,,,,,,,,,up,,,,,,,,,,,,,,,,,,,,,,,,,,,,,,,,,,,,,,,,,,,,,,,,,,,,,
Empanada Loca,2015-10-21,,0,0,1,0,1,0,,,,,,,,,,,,,,,,,,,,,,,,,,,,,,,,,,,,,,,,,,,,,,,,,,meh,,,,,,,,,,,,,,,,,,,,,,,,,,,,,,,,,,,,,,,,,,,,,,,,,,,,,
texts&beheadings/ElizabethR,2015-10-21,,0,0,1,1,0,0,,,,,,,,,,,,,,,,,,,,,,,,,,,,,,,,,,,,,,,,,,,,,,,,,,up,,,,,,,,,,,,,,,,,,,,,,,,,,,,,,,,,,,,,,,,,,,,,,,,,,,,,
Dames at Sea,2015-10-22,,0,0,5,1,2,2,,,,,,,,,,,,,,,,,,,,,,,,,,,up,,,,,,,,,,,,,,,,,,,,,,,meh,,,,,,,,,,,,,,,,,,,,,,,,,,,,,,,,,,,,,,,,,,,,meh,,,,,,down,down,,
Rear Window,2015-10-22,,0,0,0,0,0,0,,,,,,,,,,,,,,,,,,,,,,,,,,,,,,,,,,,,,,,,,,,,,,,,,,,,,,,,,,,,,,,,,,,,,,,,,,,,,,,,,,,,,,,,,,,,,,,,,,,,,,,
The Humans,2015-10-25,,0,0,1,1,0,0,,,,,,,,,,,,,,,,,,,,,,,,,,,,,,,,,,,,,,,,,,,,,,,,,,up,,,,,,,,,,,,,,,,,,,,,,,,,,,,,,,,,,,,,,,,,,,,,,,,,,,,,
Before Your Very Eyes,2015-10-26,,0,0,1,0,1,0,,,,,,,,,,,,,,,,,,,,,,,,,,,,,,,,,,,,,,,,,,,,,,,,,,meh,,,,,,,,,,,,,,,,,,,,,,,,,,,,,,,,,,,,,,,,,,,,,,,,,,,,,
Dear Elizabeth,2015-10-26,,0,0,0,0,0,0,,,,,,,,,,,,,,,,,,,,,,,,,,,,,,,,,,,,,,,,,,,,,,,,,,,,,,,,,,,,,,,,,,,,,,,,,,,,,,,,,,,,,,,,,,,,,,,,,,,,,,,
Sylvia,2015-10-27,,0,0,5,2,3,0,,,,,,up,,,,,,,,,,,,,,,,meh,,,,,,,,,,,,,,,,,,,,,,,,,,,,meh,,,,,,,,,,,,,,,,,,,,,,,,,,,,,,,,,,,,,,,,,,,,up,,,,meh,,,,,
Songbird,2015-10-28,,0,0,1,1,0,0,,,,,,,,,,,,,,,,,,,,,,,,,,,,,,,,,,,,,,,,,,,,,,,,,,up,,,,,,,,,,,,,,,,,,,,,,,,,,,,,,,,,,,,,,,,,,,,,,,,,,,,,
Thérèse Raquin,2015-10-29,,0,0,5,1,2,2,,,,,,meh,,,,,,,,,,,,,,down,,,,,,,,,,,,,,,,,,,,,,,,,,,,,,down,,,,,,,,,,,,,,,,,,,,,,,,,,,,,,,,,,,,,,,,,,,,up,,,,,,meh,,,
King Charles III,2015-11-01,,0,0,5,5,0,0,,,,,,up,,,,,,,,,,,,,,,,,,,,,up,up,,,,,,,,,,,,,,,,,,,,,,up,,,,,,,,,,,,,,,,,,,,,,,,,,,,,,,,,,,,,,,,,,,,up,,,,,,,,,
The Comedy of Errors,2015-11-01,,0,0,0,0,0,0,,,,,,,,,,,,,,,,,,,,,,,,,,,,,,,,,,,,,,,,,,,,,,,,,,,,,,,,,,,,,,,,,,,,,,,,,,,,,,,,,,,,,,,,,,,,,,,,,,,,,,,
Good for Otto,2015-11-01,,0,0,0,0,0,0,,,,,,,,,,,,,,,,,,,,,,,,,,,,,,,,,,,,,,,,,,,,,,,,,,,,,,,,,,,,,,,,,,,,,,,,,,,,,,,,,,,,,,,,,,,,,,,,,,,,,,,
Steve,2015-11-03,,0,0,0,0,0,0,,,,,,,,,,,,,,,,,,,,,,,,,,,,,,,,,,,,,,,,,,,,,,,,,,,,,,,,,,,,,,,,,,,,,,,,,,,,,,,,,,,,,,,,,,,,,,,,,,,,,,,
On Your Feet!,2015-11-05,,0,0,6,3,3,0,,,,,,,,,,,,,,,,,,,,up,,,,,,,,,,,,,,,,,,,,,,up,,,,,,,,meh,,,,,,,,,,,,,,,,,,,,,,,,,,,,,,,,,,,,,,,,,,,,meh,,,,up,,meh,,,
Henry IV,2015-11-06,,0,0,0,0,0,0,,,,,,,,,,,,,,,,,,,,,,,,,,,,,,,,,,,,,,,,,,,,,,,,,,,,,,,,,,,,,,,,,,,,,,,,,,,,,,,,,,,,,,,,,,,,,,,,,,,,,,,
Allegiance,2015-11-08,,0,0,5,1,3,1,,,,,,down,,,,,,,,,,,,,,meh,,,,,,,meh,,,,,,,,,,up,,,,,,,,,,,,,meh,,,,,,,,,,,,,,,,,,,,,,,,,,,,,,,,,,,,,,,,,,,,,,,,,,,,,
Lost Girls,2015-11-09,,0,0,1,0,1,0,,,,,,,,,,,,,,,,,,,,,,,,,,,,,,,,,,,,,,,,,,,,,,,,,,meh,,,,,,,,,,,,,,,,,,,,,,,,,,,,,,,,,,,,,,,,,,,,,,,,,,,,,
Dada Woof Papa Hot,2015-11-09,,0,0,1,1,0,0,,,,,,,,,,,,,,,,,,,,,,,,,,,,,,,,,,,,,,,,,,,,,,,,,,up,,,,,,,,,,,,,,,,,,,,,,,,,,,,,,,,,,,,,,,,,,,,,,,,,,,,,
Neighborhood 3: Requisition of Doom,2015-11-09,,0,0,0,0,0,0,,,,,,,,,,,,,,,,,,,,,,,,,,,,,,,,,,,,,,,,,,,,,,,,,,,,,,,,,,,,,,,,,,,,,,,,,,,,,,,,,,,,,,,,,,,,,,,,,,,,,,,
Pike St.,2015-11-10,,0,0,0,0,0,0,,,,,,,,,,,,,,,,,,,,,,,,,,,,,,,,,,,,,,,,,,,,,,,,,,,,,,,,,,,,,,,,,,,,,,,,,,,,,,,,,,,,,,,,,,,,,,,,,,,,,,,
Savannah Bay,2015-11-11,,0,0,1,0,0,1,,,,,,,,,,,,,,,,,,,,,,,,,,,,,,,,,,,,,,,,,,,,,,,,,,down,,,,,,,,,,,,,,,,,,,,,,,,,,,,,,,,,,,,,,,,,,,,,,,,,,,,,
A Confederacy of Dunces,2015-11-11,,0,0,0,0,0,0,,,,,,,,,,,,,,,,,,,,,,,,,,,,,,,,,,,,,,,,,,,,,,,,,,,,,,,,,,,,,,,,,,,,,,,,,,,,,,,,,,,,,,,,,,,,,,,,,,,,,,,
Shear Madness,2015-11-11,,0,0,3,3,0,0,,,,,,,,,,,,,,,,,,,,,,,,,,,up,up,,,,,,,,,,,,,,,,,,,,,,up,,,,,,,,,,,,,,,,,,,,,,,,,,,,,,,,,,,,,,,,,,,,,,,,,,,,,
A View From the Bridge,2015-11-12,,0,0,5,5,0,0,,,,,,up,,,,,,,,,,,,,,,,,,,,,up,,,,,,,,,,up,,,,,,,,,,,,,up,,,,,,,,,,,,,,,,,,,,,,,,,,,,,,,,,,,,,,,,,,,,up,,,,,,,,,
Misery,2015-11-15,,0,0,5,0,3,2,,,,,,meh,,,,,,,,,,,,,,down,,,,,,,,,,,,,,,,,,,,,,,,,,,,,,down,,,,,,,,,,,,,,,,,,,,,,,,,,,,,,,,,,,,,,,,,,,,meh,,,,meh,,,,,
Incident at Vichy,2015-11-15,,0,0,1,0,1,0,,,,,,,,,,,,,,,,,,,,,,,,,,,,,,,,,,,,,,,,,,,,,,,,,meh,,,,,,,,,,,,,,,,,,,,,,,,,,,,,,,,,,,,,,,,,,,,,,,,,,,,,,
Abyss,2015-11-16,,0,0,1,0,1,0,,,,,,,,,,,,,,,,,,,,,,,,,,,,,,,,,,,,,,,,,,,,,,,,,,meh,,,,,,,,,,,,,,,,,,,,,,,,,,,,,,,,,,,,,,,,,,,,,,,,,,,,,
The Illusionists,2015-11-19,,0,0,1,0,0,1,,,,,,,,,,,,,,,,,,,,,,,,,,,,,,,,,,,,,,,,,,,,,,,,,,down,,,,,,,,,,,,,,,,,,,,,,,,,,,,,,,,,,,,,,,,,,,,,,,,,,,,,
Funny Girl,2015-11-20,,0,0,0,0,0,0,,,,,,,,,,,,,,,,,,,,,,,,,,,,,,,,,,,,,,,,,,,,,,,,,,,,,,,,,,,,,,,,,,,,,,,,,,,,,,,,,,,,,,,,,,,,,,,,,,,,,,,
Important Hats of the Twentieth Century,2015-11-23,,0,0,1,0,1,0,,,,,,,,,,,,,,,,,,,,,,,,,,,,,,,,,,,,,,,,,,,,,,,,,,meh,,,,,,,,,,,,,,,,,,,,,,,,,,,,,,,,,,,,,,,,,,,,,,,,,,,,,
New York Animals,2015-11-29,,0,0,1,0,1,0,,,,,,,,,,,,,,,,,,,,,,,,,,,,,,,,,,,,,,,,,,,,,,,,,,meh,,,,,,,,,,,,,,,,,,,,,,,,,,,,,,,,,,,,,,,,,,,,,,,,,,,,,
Shadowland Live,2015-11-30,,0,0,1,0,1,0,,,,,,,,,,,,,,,,,,,,,,,,,,,,,,,,,,,,,,,,,,,,,,,,,,meh,,,,,,,,,,,,,,,,,,,,,,,,,,,,,,,,,,,,,,,,,,,,,,,,,,,,,
Take Care,2015-12-01,,0,0,0,0,0,0,,,,,,,,,,,,,,,,,,,,,,,,,,,,,,,,,,,,,,,,,,,,,,,,,,,,,,,,,,,,,,,,,,,,,,,,,,,,,,,,,,,,,,,,,,,,,,,,,,,,,,,
Invisible Thread,2015-12-02,,0,0,1,0,1,0,,,,,,,,,,,,,,,,,,,,,,,,,,,,,,,,,,,,,,,,,,,,,,,,,,meh,,,,,,,,,,,,,,,,,,,,,,,,,,,,,,,,,,,,,,,,,,,,,,,,,,,,,
Steel Hammer,2015-12-02,,0,0,1,0,1,0,,,,,,,,,,,,,,,,,,,,,,,,,,,,,,,,,,,,,,,,,,,,,,,,,,meh,,,,,,,,,,,,,,,,,,,,,,,,,,,,,,,,,,,,,,,,,,,,,,,,,,,,,
Diner,2015-12-02,,0,0,0,0,0,0,,,,,,,,,,,,,,,,,,,,,,,,,,,,,,,,,,,,,,,,,,,,,,,,,,,,,,,,,,,,,,,,,,,,,,,,,,,,,,,,,,,,,,,,,,,,,,,,,,,,,,,
China Doll,2015-12-04,,0,0,5,0,0,5,,,,,,,,,,,,,,,,,,,,down,,,,,,,,,,,,,,,,,,,,,,,,,,,,,,down,,,,,,,,,,,,,,,,,,,,,,,,,,,,,,,,,,,,,,,,,,,,down,,,,down,,down,,,
School of Rock,2015-12-06,,0,0,5,5,0,0,,,,,,,,,,,,,,,,,,,,up,,,,,,,up,,,,,,,,,,,,,,,,,,,,,,,up,,,,,,,,,,,,,,,,,,,,,,,,,,,,,,,,,,,,,,,,,,,,up,,,,up,,,,,
Lazarus,2015-12-07,,0,0,1,0,1,0,,,,,,,,,,,,,,,,,,,,,,,,,,,,,,,,,,,,,,,,,,,,,,,,,,meh,,,,,,,,,,,,,,,,,,,,,,,,,,,,,,,,,,,,,,,,,,,,,,,,,,,,,
The Color Purple,2015-12-10,,0,0,5,5,0,0,,,,,,,,,,,,,,,,,,,,up,,,,,,,up,,,,,,,,,,,,,,,,,,,,,,,up,,,,,,,,,,,,,,,,,,,,,,,,,,,,,,,,,,,,,,,,,,,,up,,,,up,,,,,
Oh Hello!,2015-12-10,,0,0,1,1,0,0,,,,,,,,,,,,,,,,,,,,,,,,,,,,,,,,,,,,,,,,,,,,,,,,,,up,,,,,,,,,,,,,,,,,,,,,,,,,,,,,,,,,,,,,,,,,,,,,,,,,,,,,
Once Upon a Mattress,2015-12-13,,0,0,1,0,1,0,,,,,,,,,,,,,,,,,,,,,,,,,,,,,,,,,,,,,,,,,,,,,,,,,,meh,,,,,,,,,,,,,,,,,,,,,,,,,,,,,,,,,,,,,,,,,,,,,,,,,,,,,
MotherStruck!,2015-12-14,,0,0,1,1,0,0,,,,,,,,,,,,,,,,,,,,,,,,,,,,,,,,,,,,,,,,,,,,,,,,,,up,,,,,,,,,,,,,,,,,,,,,,,,,,,,,,,,,,,,,,,,,,,,,,,,,,,,,
Marjorie Prime,2015-12-14,,0,0,1,1,0,0,,,,,,,,,,,,,,,,,,,,,,,,,,,,,,,,,,,,,,,,,,,,,,,,,,up,,,,,,,,,,,,,,,,,,,,,,,,,,,,,,,,,,,,,,,,,,,,,,,,,,,,,
These Paper Bullets!,2015-12-15,,0,0,1,0,1,0,,,,,,,,,,,,,,,,,,,,,,,,,,,,,,,,,,,,,,,,,,,,,,,,,,meh,,,,,,,,,,,,,,,,,,,,,,,,,,,,,,,,,,,,,,,,,,,,,,,,,,,,,
Fiddler on the Roof,2015-12-20,,0,0,5,4,1,0,,,,,,,,,,,,,,,,,,,,meh,,,,,,,up,,,,,,,,,,up,,,,,,,,,,,,,up,,,,,,,,,,,,,,,,,,,,,,,,,,,,,,,,,,,,,,,,,,,,up,,,,,,,,,
The Changeling,2015-12-26,,0,0,0,0,0,0,,,,,,,,,,,,,,,,,,,,,,,,,,,,,,,,,,,,,,,,,,,,,,,,,,,,,,,,,,,,,,,,,,,,,,,,,,,,,,,,,,,,,,,,,,,,,,,,,,,,,,,
Germinal,2016-01-06,,0,0,1,1,0,0,,,,,,,,,,,,,,,,,,,,,,,,,,,,,,,,,,,,,,,,,,,,,,,,,,up,,,,,,,,,,,,,,,,,,,,,,,,,,,,,,,,,,,,,,,,,,,,,,,,,,,,,
The Holler Sessions,2016-01-06,,0,0,0,0,0,0,,,,,,,,,,,,,,,,,,,,,,,,,,,,,,,,,,,,,,,,,,,,,,,,,,,,,,,,,,,,,,,,,,,,,,,,,,,,,,,,,,,,,,,,,,,,,,,,,,,,,,,
Go Forth,2016-01-07,,0,0,1,1,0,0,,,,,,,,,,,,,,,,,,,,,,,,,,,,,,,,,,,,,,,,,,,,,,,,,,up,,,,,,,,,,,,,,,,,,,,,,,,,,,,,,,,,,,,,,,,,,,,,,,,,,,,,
MDLSX,2016-01-07,,0,0,1,1,0,0,,,,,,,,,,,,,,,,,,,,,,,,,,,,,,,,,,,,,,,,,,,,,,,,,,up,,,,,,,,,,,,,,,,,,,,,,,,,,,,,,,,,,,,,,,,,,,,,,,,,,,,,
Employee of the Year,2016-01-07,,0,0,0,0,0,0,,,,,,,,,,,,,,,,,,,,,,,,,,,,,,,,,,,,,,,,,,,,,,,,,,,,,,,,,,,,,,,,,,,,,,,,,,,,,,,,,,,,,,,,,,,,,,,,,,,,,,,
Mother Courage and Her Children,2016-01-07,,0,0,0,0,0,0,,,,,,,,,,,,,,,,,,,,,,,,,,,,,,,,,,,,,,,,,,,,,,,,,,,,,,,,,,,,,,,,,,,,,,,,,,,,,,,,,,,,,,,,,,,,,,,,,,,,,,,
The Art of Luv (Part 1),2016-01-08,,0,0,1,0,1,0,,,,,,,,,,,,,,,,,,,,,,,,,,,,,,,,,,,,,,,,,,,,,,,,,,meh,,,,,,,,,,,,,,,,,,,,,,,,,,,,,,,,,,,,,,,,,,,,,,,,,,,,,
Now I'm Fine,2016-01-12,,0,0,1,1,0,0,,,,,,,,,,,,,,,,,,,,,,,,,,,,,,,,,,,,,,,,,,,,,,,,,,up,,,,,,,,,,,,,,,,,,,,,,,,,,,,,,,,,,,,,,,,,,,,,,,,,,,,,
Confirmation,2016-01-13,,0,0,1,0,1,0,,,,,,,,,,,,,,,,,,,,,,,,,,,,,,,,,,,,,,,,,,,,,,,,,,meh,,,,,,,,,,,,,,,,,,,,,,,,,,,,,,,,,,,,,,,,,,,,,,,,,,,,,
Yesterday Tomorrow,2016-01-13,,0,0,1,1,0,0,,,,,,,,,,,,,,,,,,,,,,,,,,,,,,,,,,,,,,,,,,,,,,,,,,up,,,,,,,,,,,,,,,,,,,,,,,,,,,,,,,,,,,,,,,,,,,,,,,,,,,,,
Key Change,2016-01-13,,0,0,1,1,0,0,,,,,,,,,,,,,,,,,,,,,,,,,,,,,,,,,,,,,,,,,,,,,,,,,,up,,,,,,,,,,,,,,,,,,,,,,,,,,,,,,,,,,,,,,,,,,,,,,,,,,,,,
Longyarn,2016-01-13,,0,0,1,1,0,0,,,,,,,,,,,,,,,,,,,,,,,,,,,,,,,,,,,,,,,,,,,,,,,,,,up,,,,,,,,,,,,,,,,,,,,,,,,,,,,,,,,,,,,,,,,,,,,,,,,,,,,,
Escuela,2016-01-13,,0,0,1,0,0,1,,,,,,,,,,,,,,,,,,,,,,,,,,,,,,,,,,,,,,,,,,,,,,,,,,down,,,,,,,,,,,,,,,,,,,,,,,,,,,,,,,,,,,,,,,,,,,,,,,,,,,,,
A Ride on the Irish Cream,2016-01-13,,0,0,0,0,0,0,,,,,,,,,,,,,,,,,,,,,,,,,,,,,,,,,,,,,,,,,,,,,,,,,,,,,,,,,,,,,,,,,,,,,,,,,,,,,,,,,,,,,,,,,,,,,,,,,,,,,,,
Noises Off,2016-01-14,,0,0,5,4,1,0,,,,,,,,,,,,,,,,,,,,up,,,,,,,up,,,,,,,,,,,,,,,,,,,,,,,up,,,,,,,,,,,,,,,,,,,,,,,,,,,,,,,,,,,,,,,,,,,,meh,,,,,,,up,,
I and You,2016-01-15,,0,0,0,0,0,0,,,,,,,,,,,,,,,,,,,,,,,,,,,,,,,,,,,,,,,,,,,,,,,,,,,,,,,,,,,,,,,,,,,,,,,,,,,,,,,,,,,,,,,,,,,,,,,,,,,,,,,
The Glory of the World,2016-01-16,,0,0,0,0,0,0,,,,,,,,,,,,,,,,,,,,,,,,,,,,,,,,,,,,,,,,,,,,,,,,,,,,,,,,,,,,,,,,,,,,,,,,,,,,,,,,,,,,,,,,,,,,,,,,,,,,,,,
Skeleton Crew,2016-01-19,,0,0,1,1,0,0,,,,,,,,,,,,,,,,,,,,,,,,,,,,,,,,,,,,,,,,,,,,,,,,,,up,,,,,,,,,,,,,,,,,,,,,,,,,,,,,,,,,,,,,,,,,,,,,,,,,,,,,
Our Mother’s Brief Affair,2016-01-20,,0,0,5,1,2,2,,,,,,,,,,,,,,,,,,,,,,,,,,,down,,,,,,,,,,meh,,down,,,,,,,,,,,meh,,,,,,,,,,,,,,,,,,,,,,,,,,,,,,,,,,,,,,,,,,,,up,,,,,,,,,
Tonight/Jungle,2016-01-21,,0,0,0,0,0,0,,,,,,,,,,,,,,,,,,,,,,,,,,,,,,,,,,,,,,,,,,,,,,,,,,,,,,,,,,,,,,,,,,,,,,,,,,,,,,,,,,,,,,,,,,,,,,,,,,,,,,,
The Grand Paradise,2016-01-30,,0,0,1,1,0,0,,,,,,,,,,,,,,,,,,,,,,,,,,,,,,,,,,,,,,,,,,,,,,,,,,up,,,,,,,,,,,,,,,,,,,,,,,,,,,,,,,,,,,,,,,,,,,,,,,,,,,,,
Sense & Sensibility,2016-02-04,,0,0,1,1,0,0,,,,,,,,,,,,,,,,,,,,,,,,,,,,,,,,,,,,,,,,,,,,,,,,,,up,,,,,,,,,,,,,,,,,,,,,,,,,,,,,,,,,,,,,,,,,,,,,,,,,,,,,
Broadway & the Bard,2016-02-04,,0,0,1,1,0,0,,,,,,,,,,,,,,,,,,,,,,,,,,,,,,,,,,,,,,,,,,,,,,,,,,up,,,,,,,,,,,,,,,,,,,,,,,,,,,,,,,,,,,,,,,,,,,,,,,,,,,,,
A Bronx Tale,2016-02-04,,0,0,0,0,0,0,,,,,,,,,,,,,,,,,,,,,,,,,,,,,,,,,,,,,,,,,,,,,,,,,,,,,,,,,,,,,,,,,,,,,,,,,,,,,,,,,,,,,,,,,,,,,,,,,,,,,,,
2666,2016-02-06,,0,0,0,0,0,0,,,,,,,,,,,,,,,,,,,,,,,,,,,,,,,,,,,,,,,,,,,,,,,,,,,,,,,,,,,,,,,,,,,,,,,,,,,,,,,,,,,,,,,,,,,,,,,,,,,,,,,
Prodigal Son,2016-02-09,,0,0,1,0,0,1,,,,,,,,,,,,,,,,,,,,,,,,,,,,,,,,,,,,,,,,,,,,,,,,,,down,,,,,,,,,,,,,,,,,,,,,,,,,,,,,,,,,,,,,,,,,,,,,,,,,,,,,
Cabin in the Sky,2016-02-10,,0,0,1,0,1,0,,,,,,,,,,,,,,,,,,,,,,,,,,,,,,,,,,,,,,,,,,,,,,,,,,meh,,,,,,,,,,,,,,,,,,,,,,,,,,,,,,,,,,,,,,,,,,,,,,,,,,,,,
Smart People,2016-02-11,,0,0,1,0,1,0,,,,,,,,,,,,,,,,,,,,,,,,,,,,,,,,,,,,,,,,,,,,,,,,,,meh,,,,,,,,,,,,,,,,,,,,,,,,,,,,,,,,,,,,,,,,,,,,,,,,,,,,,
The Encounter,2016-02-12,,0,0,0,0,0,0,,,,,,,,,,,,,,,,,,,,,,,,,,,,,,,,,,,,,,,,,,,,,,,,,,,,,,,,,,,,,,,,,,,,,,,,,,,,,,,,,,,,,,,,,,,,,,,,,,,,,,,
Familiar,2016-02-12,,0,0,0,0,0,0,,,,,,,,,,,,,,,,,,,,,,,,,,,,,,,,,,,,,,,,,,,,,,,,,,,,,,,,,,,,,,,,,,,,,,,,,,,,,,,,,,,,,,,,,,,,,,,,,,,,,,,
Nice Fish,2016-02-14,,0,0,0,0,0,0,,,,,,,,,,,,,,,,,,,,,,,,,,,,,,,,,,,,,,,,,,,,,,,,,,,,,,,,,,,,,,,,,,,,,,,,,,,,,,,,,,,,,,,,,,,,,,,,,,,,,,,
The Wildness,2016-02-16,,0,0,0,0,0,0,,,,,,,,,,,,,,,,,,,,,,,,,,,,,,,,,,,,,,,,,,,,,,,,,,,,,,,,,,,,,,,,,,,,,,,,,,,,,,,,,,,,,,,,,,,,,,,,,,,,,,,
Buried Child,2016-02-17,,0,0,1,0,1,0,,,,,,,,,,,,,,,,,,,,,,,,,,,,,,,,,,,,,,,,,,,,,,,,,,meh,,,,,,,,,,,,,,,,,,,,,,,,,,,,,,,,,,,,,,,,,,,,,,,,,,,,,
Red Speedo,2016-02-17,,0,0,0,0,0,0,,,,,,,,,,,,,,,,,,,,,,,,,,,,,,,,,,,,,,,,,,,,,,,,,,,,,,,,,,,,,,,,,,,,,,,,,,,,,,,,,,,,,,,,,,,,,,,,,,,,,,,
The Humans,2016-02-18,,0,0,5,5,0,0,,,,,,,,,,,,,,,,,,,,up,,,,,,,,,,,,,,,,,up,,,,,,,,,,,,,up,,,,,,,,,,,,,,,,,,,,,,,,,,,,,,,,,,,,,,,,,,,,up,,,,,,up,,,
Her Requiem,2016-02-22,,0,0,1,0,1,0,,,,,,,,,,,,,,,,,,,,,,,,,,,,,,,,,,,,,,,,,,,,,,,,,,meh,,,,,,,,,,,,,,,,,,,,,,,,,,,,,,,,,,,,,,,,,,,,,,,,,,,,,
Smokefall,2016-02-22,,0,0,1,0,1,0,,,,,,,,,,,,,,,,,,,,,,,,,,,,,,,,,,,,,,,,,,,,,,,,,,meh,,,,,,,,,,,,,,,,,,,,,,,,,,,,,,,,,,,,,,,,,,,,,,,,,,,,,
Dot,2016-02-23,,0,0,1,1,0,0,,,,,,,,,,,,,,,,,,,,,,,,,,,,,,,,,,,,,,,,,,,,,,,,,,up,,,,,,,,,,,,,,,,,,,,,,,,,,,,,,,,,,,,,,,,,,,,,,,,,,,,,
Hughie,2016-02-25,,0,0,5,1,3,1,,,,,,,,,,,,,,,,,,,,meh,,,,,,,,,,,,,,,,,,,down,,,,,,,,,,,up,,,,,,,,,,,,,,,,,,,,,,,,,,,,,,,,,,,,,,,,,,,,meh,,,,meh,,,,,
Pericles,2016-02-25,,0,0,1,1,0,0,,,,,,,,,,,,,,,,,,,,,,,,,,,,,,,,,,,,,,,,,,,,,,,,,,up,,,,,,,,,,,,,,,,,,,,,,,,,,,,,,,,,,,,,,,,,,,,,,,,,,,,,
I’ll Never Love Again,2016-02-25,,0,0,1,1,0,0,,,,,,,,,,,,,,,,,,,,,,,,,,,,,,,,,,,,,,,,,,,,,,,,,,up,,,,,,,,,,,,,,,,,,,,,,,,,,,,,,,,,,,,,,,,,,,,,,,,,,,,,
But I Cd Only Whisper,2016-02-29,,0,0,1,0,1,0,,,,,,,,,,,,,,,,,,,,,,,,,,,,,,,,,,,,,,,,,,,,,,,,,,meh,,,,,,,,,,,,,,,,,,,,,,,,,,,,,,,,,,,,,,,,,,,,,,,,,,,,,
Rimbaud in New York,2016-03-01,,0,0,1,0,1,0,,,,,,,,,,,,,,,,,,,,,,,,,,,,,,,,,,,,,,,,,,,,,,,,,,meh,,,,,,,,,,,,,,,,,,,,,,,,,,,,,,,,,,,,,,,,,,,,,,,,,,,,,
West Side Story,2016-03-04,,0,0,1,1,0,0,,,,,,,,,,,,,,,,,,,,,,,,,,,,,,,,,,,,,,,,,,,,,,,,,,up,,,,,,,,,,,,,,,,,,,,,,,,,,,,,,,,,,,,,,,,,,,,,,,,,,,,,
Hungry,2016-03-04,,0,0,1,1,0,0,,,,,,,,,,,,,,,,,,,,,,,,,,,,,,,,,,,,,,,,,,,,,,,,,,up,,,,,,,,,,,,,,,,,,,,,,,,,,,,,,,,,,,,,,,,,,,,,,,,,,,,,
Eclipsed,2016-03-06,,0,0,5,5,0,0,,,up,,,up,,,,,,,,,,,,,,up,,,,,,,,,,,,,,,,,,,,,,,,,,,,,,up,,,,,,,,,,,,,,,,,,,,,,,,,,,,,,,,,,,,,,,,,,,,,,,,,,up,,,
The Royale,2016-03-07,,0,0,1,1,0,0,,,,,,,,,,,,,,,,,,,,,,,,,,,,,,,,,,,,,,,,,,,,,,,,,,up,,,,,,,,,,,,,,,,,,,,,,,,,,,,,,,,,,,,,,,,,,,,,,,,,,,,,
White Rabbit Red Rabbit,2016-03-07,,0,0,1,1,0,0,,,,,,,,,,,,,,,,,,,,,,,,,,,,,,,,,,,,,,,,,,,,,,,,,,up,,,,,,,,,,,,,,,,,,,,,,,,,,,,,,,,,,,,,,,,,,,,,,,,,,,,,
Disaster!,2016-03-08,,0,0,5,2,0,3,,,,,,,,,,,,,,,,,,,,down,,,,,,,down,,,,,,,,,,,,,,,,,,,,,,,up,,,,,,,,,,,,,,,,,,,,,,,,,,,,,,,,,,,,,,,,,,,,up,,,,,,down,,,
Brodsky/Baryshnikov,2016-03-09,,0,0,1,0,1,0,,,,,,,,,,,,,,,,,,,,,,,,,,,,,,,,,,,,,,,,,,,,,,,,,,meh,,,,,,,,,,,,,,,,,,,,,,,,,,,,,,,,,,,,,,,,,,,,,,,,,,,,,
Blackbird,2016-03-10,,0,0,5,4,1,0,,,,,,,,,,,,,,,,,,,,up,,,,,,,up,,,,,,,,,,,,,,,,,,,,,,,meh,,,,,,,,,,,,,,,,,,,,,,,,,,,,,,,,,,,,,,,,,,,,up,,,,,,up,,,
Boy,2016-03-10,,0,0,1,0,1,0,,,,,,,,,,,,,,,,,,,,,,,,,,,,,,,,,,,,,,,,,,,,,,,,,,meh,,,,,,,,,,,,,,,,,,,,,,,,,,,,,,,,,,,,,,,,,,,,,,,,,,,,,
Southern Comfort,2016-03-13,,0,0,1,1,0,0,,,,,,,,,,,,,,,,,,,,,,,,,,,,,,,,,,,,,,,,,,,,,,,,,,up,,,,,,,,,,,,,,,,,,,,,,,,,,,,,,,,,,,,,,,,,,,,,,,,,,,,,
The Robber Bridegroom,2016-03-13,,0,0,1,0,1,0,,,,,,,,,,,,,,,,,,,,,,,,,,,,,,,,,,,,,,,,,,,,,,,,,,meh,,,,,,,,,,,,,,,,,,,,,,,,,,,,,,,,,,,,,,,,,,,,,,,,,,,,,
Hold On to Me Darling,2016-03-14,,0,0,1,1,0,0,,,,,,,,,,,,,,,,,,,,,,,,,,,,,,,,,,,,,,,,,,,,,,,,,,up,,,,,,,,,,,,,,,,,,,,,,,,,,,,,,,,,,,,,,,,,,,,,,,,,,,,,
Stupid Fu**ing Bird,2016-03-15,,0,0,0,0,0,0,,,,,,,,,,,,,,,,,,,,,,,,,,,,,,,,,,,,,,,,,,,,,,,,,,,,,,,,,,,,,,,,,,,,,,,,,,,,,,,,,,,,,,,,,,,,,,,,,,,,,,,
Ironbound,2016-03-16,,0,0,1,1,0,0,,,,,,,,,,,,,,,,,,,,,,,,,,,,,,,,,,,,,,,,,,,,,,,,,,up,,,,,,,,,,,,,,,,,,,,,,,,,,,,,,,,,,,,,,,,,,,,,,,,,,,,,
The Way West,2016-03-16,,0,0,1,0,1,0,,,,,,,,,,,,,,,,,,,,,,,,,,,,,,,,,,,,,,,,,,,,,,,,,,meh,,,,,,,,,,,,,,,,,,,,,,,,,,,,,,,,,,,,,,,,,,,,,,,,,,,,,
The Hundred We Are,2016-03-16,,0,0,0,0,0,0,,,,,,,,,,,,,,,,,,,,,,,,,,,,,,,,,,,,,,,,,,,,,,,,,,,,,,,,,,,,,,,,,,,,,,,,,,,,,,,,,,,,,,,,,,,,,,,,,,,,,,,
She Loves Me,2016-03-17,,0,0,5,5,0,0,,,,,,,,,,,,,,,,,,,,up,,,,,,,up,,,,,,,,,,,,,,,,,,,,,,,up,,,,,,,,,,,,,,,,,,,,,,,,,,,,,,,,,,,,,,,,,,,,up,,,,,,up,,,
Krapp’s Last Tape,2016-03-17,,0,0,1,1,0,0,,,,,,,,,,,,,,,,,,,,,,,,,,,,,,,,,,,,,,,,,,,,,,,,,,up,,,,,,,,,,,,,,,,,,,,,,,,,,,,,,,,,,,,,,,,,,,,,,,,,,,,,
The Effect,2016-03-20,,0,0,1,1,0,0,,,,,,,,,,,,,,,,,,,,,,,,,,,,,,,,,,,,,,,,,,,,,,,,,,up,,,,,,,,,,,,,,,,,,,,,,,,,,,,,,,,,,,,,,,,,,,,,,,,,,,,,
Wolf in the River,2016-03-21,,0,0,1,0,1,0,,,,,,,,,,,,,,,,,,,,,,,,,,,,,,,,,,,,,,,,,,,,,,,,,,meh,,,,,,,,,,,,,,,,,,,,,,,,,,,,,,,,,,,,,,,,,,,,,,,,,,,,,
Dry Powder,2016-03-22,,0,0,1,0,1,0,,,,,,,,,,,,,,,,,,,,,,,,,,,,,,,,,,,,,,,,,,,,,,,,,,meh,,,,,,,,,,,,,,,,,,,,,,,,,,,,,,,,,,,,,,,,,,,,,,,,,,,,,
Really,2016-03-23,,0,0,1,1,0,0,,,,,,,,,,,,,,,,,,,,,,,,,,,,,,,,,,,,,,,,,,,,,,,,,,up,,,,,,,,,,,,,,,,,,,,,,,,,,,,,,,,,,,,,,,,,,,,,,,,,,,,,
The Seagull and Other Birds,2016-03-23,,0,0,0,0,0,0,,,,,,,,,,,,,,,,,,,,,,,,,,,,,,,,,,,,,,,,,,,,,,,,,,,,,,,,,,,,,,,,,,,,,,,,,,,,,,,,,,,,,,,,,,,,,,,,,,,,,,,
Bright Star,2016-03-24,,0,0,5,2,1,2,,,,,,,,,,,,,,,,,,,,down,,,,,,,up,,,,,,,,,,,,,,,,,,,,,,,up,,,,,,,,,,,,,,,,,,,,,,,,,,,,,,,,,,,,,,,,,,,,down,,,,,,meh,,,
King and Country,2016-03-24,,0,0,0,0,0,0,,,,,,,,,,,,,,,,,,,,,,,,,,,,,,,,,,,,,,,,,,,,,,,,,,,,,,,,,,,,,,,,,,,,,,,,,,,,,,,,,,,,,,,,,,,,,,,,,,,,,,,
Head of Passes,2016-03-28,,0,0,1,1,0,0,,,,,,,,,,,,,,,,,,,,,,,,,,,,,,,,,,,,,,,,,,,,,,,,,,up,,,,,,,,,,,,,,,,,,,,,,,,,,,,,,,,,,,,,,,,,,,,,,,,,,,,,
1776,2016-03-30,,0,0,1,0,1,0,,,,,,,,,,,,,,,,,,,,,,,,,,,,,,,,,,,,,,,,,,,,,,,,,,meh,,,,,,,,,,,,,,,,,,,,,,,,,,,,,,,,,,,,,,,,,,,,,,,,,,,,,
The Crucible,2016-03-31,,0,0,5,4,1,0,,,,,,,,,,,,,,,up,,,,,,,,,,,,up,,,,,,,,,,,,meh,,,,,,,,,,,up,,,,,,,,,,,,,,,,,,,,,,,,,,,,,,,,,,,,,,,,,,,,,,,,,,up,,,
Mary Page Marlowe,2016-03-31,,0,0,0,0,0,0,,,,,,,,,,,,,,,,,,,,,,,,,,,,,,,,,,,,,,,,,,,,,,,,,,,,,,,,,,,,,,,,,,,,,,,,,,,,,,,,,,,,,,,,,,,,,,,,,,,,,,,
Hillary and Clinton,2016-04-01,,0,0,0,0,0,0,,,,,,,,,,,,,,,,,,,,,,,,,,,,,,,,,,,,,,,,,,,,,,,,,,,,,,,,,,,,,,,,,,,,,,,,,,,,,,,,,,,,,,,,,,,,,,,,,,,,,,,
Carlyle,2016-04-02,,0,0,0,0,0,0,,,,,,,,,,,,,,,,,,,,,,,,,,,,,,,,,,,,,,,,,,,,,,,,,,,,,,,,,,,,,,,,,,,,,,,,,,,,,,,,,,,,,,,,,,,,,,,,,,,,,,,
Antlia Pneumatica,2016-04-04,,0,0,1,0,0,1,,,,,,,,,,,,,,,,,,,,,,,,,,,,,,,,,,,,,,,,,,,,,,,,,,down,,,,,,,,,,,,,,,,,,,,,,,,,,,,,,,,,,,,,,,,,,,,,,,,,,,,,
Exit Strategy,2016-04-12,,0,0,1,1,0,0,,,,,,,,,,,,,,,,,,,,,,,,,,,,,,,,,,,,,,,,,,,,,,,,,,up,,,,,,,,,,,,,,,,,,,,,,,,,,,,,,,,,,,,,,,,,,,,,,,,,,,,,
Nathan the Wise,2016-04-13,,0,0,1,0,1,0,,,,,,,,,,,,,,,,,,,,,,,,,,,,,,,,,,,,,,,,,,,,,,,,,,meh,,,,,,,,,,,,,,,,,,,,,,,,,,,,,,,,,,,,,,,,,,,,,,,,,,,,,
The Father,2016-04-14,,0,0,5,2,3,0,,,,,,,,,,,,,,,,,,,,meh,,,,,,,meh,,,,,,,,,,,,meh,,,,,,,,,,,up,,,,,,,,,,,,,,,,,,,,,,,,,,,,,,,,,,,,,,,,,,,,up,,,,,,,,,
Revolt. She Said. Revolt Again.,2016-04-19,,0,0,1,1,0,0,,,,,,,,,,,,,,,,,,,,,,,,,,,,,,,,,,,,,,,,,,,,,,,,,,up,,,,,,,,,,,,,,,,,,,,,,,,,,,,,,,,,,,,,,,,,,,,,,,,,,,,,
Empathy School & Love Story,2016-04-20,,0,0,1,1,0,0,,,,,,,,,,,,,,,,,,,,,,,,,,,,,,,,,,,,,,,,,,,,,,,,,,up,,,,,,,,,,,,,,,,,,,,,,,,,,,,,,,,,,,,,,,,,,,,,,,,,,,,,
American Psycho,2016-04-21,,0,0,5,2,2,1,,,,,,,,,,,,,,,,,,,,down,,,,,,,up,,,,,,,,,,,,up,,,,,,,,,,,meh,,,,,,,,,,,,,,,,,,,,,,,,,,,,,,,,,,,,,,,,,,,,meh,,,,,,,,,
Waitress,2016-04-24,,0,0,5,4,1,0,,,,,,,,,,,,,,,,,,,,up,,,,,,,up,,,,,,,,,,,,,,,,,,,,,,,meh,,,,,,,,,,,,,,,,,,,,,,,,,,,,,,,,,,,,,,,,,,,,up,,,,up,,,,,
Fully Committed,2016-04-25,,0,0,5,3,2,0,,,,,,,,,,,,,,,,,,,,up,,,,,,,meh,,,,,,,,,,,,,,,,,,,,,,,meh,,,,,,,,,,,,,,,,,,,,,,,,,,,,,,,,,,,,,,,,,,,,up,,,,up,,,,,
Tuck Everlasting,2016-04-26,,0,0,5,1,3,1,,,,,,,,,,,,,,,,,,,,down,,meh,,,,,meh,,,,,,,,,,,,,,,,,,,,,,,up,,,,,,,,,,,,,,,,,,,,,,,,,,,,,,,,,,,,,,,,,,,,meh,,,,,,,,,
Long Day's Journey Into Night,2016-04-27,,0,0,5,4,1,0,,,,,,,,,,,,,,,,,,,,up,,,,,,,up,,,,,,,,,,,,up,,,,,,,,,,,meh,,,,,,,,,,,,,,,,,,,,,,,,,,,,,,,,,,,,,,,,,,,,up,,,,,,,,,
Shuffle Along,2016-04-28,,0,0,5,4,1,0,,,,,,,,,,,,,,,,,,,,meh,,up,,,,,,,,,,,,,,,,,,,,,,,,,,,,up,,,,,,,,,,,,,,,,,,,,,,,,,,,,,,,,,,,,,,,,,,,,up,,,,,,up,,,
Dear Evan Hansen,2016-05-01,,0,0,1,1,0,0,,,,,,,,,,,,,,,,,,,,,,,,,,,,,,,,,,,,,,,,,,,,,,,,,,up,,,,,,,,,,,,,,,,,,,,,,,,,,,,,,,,,,,,,,,,,,,,,,,,,,,,,
A Streetcar Named Desire,2016-05-01,,0,0,1,1,0,0,,,,,,,,,,,,,,,,,,,,,,,,,,,,,,,,,,,,,,,,,,,,,,,,,,up,,,,,,,,,,,,,,,,,,,,,,,,,,,,,,,,,,,,,,,,,,,,,,,,,,,,,
Toast,2016-05-01,,0,0,1,1,0,0,,,,,,,,,,,,,,,,,,,,,,,,,,,,,,,,,,,,,,,,,,,,,,,,,,up,,,,,,,,,,,,,,,,,,,,,,,,,,,,,,,,,,,,,,,,,,,,,,,,,,,,,
Hadestown,2016-05-23,,0,0,1,1,0,0,,,,,,,,,,,,,,,,,,,,,,,,,,,,,,,,,,,,,,,,,,,,,,,,,,up,,,,,,,,,,,,,,,,,,,,,,,,,,,,,,,,,,,,,,,,,,,,,,,,,,,,,
Cherchez La Femme,2016-05-23,,0,0,0,0,0,0,,,,,,,,,,,,,,,,,,,,,,,,,,,,,,,,,,,,,,,,,,,,,,,,,,,,,,,,,,,,,,,,,,,,,,,,,,,,,,,,,,,,,,,,,,,,,,,,,,,,,,,
Incognito,2016-05-24,,0,0,2,1,1,0,,,,,,,,,,,,,,,,,,,,,,,,,,,,,,,,,,,,,,,,,,,,,,,,,,up,,,,,,,,,,,,,,,,,,,,,,,,,,,,,,,,,,,,,,,,,,,,meh,,,,,,,,,
Paramour,2016-05-25,,0,0,5,0,2,3,,,,,,meh,,,,,,,,,,,,,,,,meh,,,,,,,,,,,,,,,,,,,,,,,,,,,,down,,,down,,,,,,,,,,,,,,,,,,,,,,,,,,,,,,,,,,,,,,,,,,,,,,,,down,,
The Total Bent2,2016-05-25,,0,0,0,0,0,0,,,,,,,,,,,,,,,,,,,,,,,,,,,,,,,,,,,,,,,,,,,,,,,,,,,,,,,,,,,,,,,,,,,,,,,,,,,,,,,,,,,,,,,,,,,,,,,,,,,,,,,
The Total Bent,2016-05-25,,0,0,2,1,1,0,,,,,,,,,,,,,,,,,,,,,,,,,,,,,,,,,,,,,,,,,,,,,,,,,,meh,,,,,,,,,,,,,,,,,,,,,,,,,,,,,,,,,,,,,,,,,,,,up,,,,,,,,,
Peer Gynt,2016-05-25,,0,0,1,0,1,0,,,,,,,,,,,,,,,,,,,,,,,,,,,,,,,,,,,,,,,,,,,,,,,,,,meh,,,,,,,,,,,,,,,,,,,,,,,,,,,,,,,,,,,,,,,,,,,,,,,,,,,,,
A Doll's House & The Father,2016-05-25,,0,0,1,1,0,0,,,,,,,,,,,,,,,,,,,,,,,,,,,,,,,,,,,,,,,,,,,,,,,,,,up,,,,,,,,,,,,,,,,,,,,,,,,,,,,,,,,,,,,,,,,,,,,,,,,,,,,,
Friend Art,2016-05-26,,0,0,1,0,1,0,,,,,,,,,,,,,,,,,,,,,,,,,,,,,,,,,,,,,,,,,,,,,,,,,,meh,,,,,,,,,,,,,,,,,,,,,,,,,,,,,,,,,,,,,,,,,,,,,,,,,,,,,
Every Angel Is Brutal,2016-05-27,,0,0,0,0,0,0,,,,,,,,,,,,,,,,,,,,,,,,,,,,,,,,,,,,,,,,,,,,,,,,,,,,,,,,,,,,,,,,,,,,,,,,,,,,,,,,,,,,,,,,,,,,,,,,,,,,,,,
Radiant Vermin,2016-06-02,,0,0,0,0,0,0,,,,,,,,,,,,,,,,,,,,,,,,,,,,,,,,,,,,,,,,,,,,,,,,,,,,,,,,,,,,,,,,,,,,,,,,,,,,,,,,,,,,,,,,,,,,,,,,,,,,,,,
An Act of God (2016),2016-06-06,,0,0,5,3,1,1,,,,,,,,,,,,,,,,,,,,,,,,,,,,,,,,,,,,,up,,,,,,,,,,,,,up,,,,down,,,,,,,,,,,,,,,,,,,,,,,,,,,,,,,,,,,,,,,,up,,,,,,meh,,,
War,2016-06-06,,0,0,1,0,1,0,,,,,,,,,,,,,,,,,,,,,,,,,,,,,,,,,,,,,,,,,,,,,,,,,,meh,,,,,,,,,,,,,,,,,,,,,,,,,,,,,,,,,,,,,,,,,,,,,,,,,,,,,
A Funny Thing Happened on the Way to the Gynecologic Oncology Unit,2016-06-07,,0,0,1,1,0,0,,,,,,,,,,,,,,,,,,,,,,,,,,,,,,,,,,,,,,,,,,,,,,,,,,up,,,,,,,,,,,,,,,,,,,,,,,,,,,,,,,,,,,,,,,,,,,,,,,,,,,,,
The Purple Lights of Joppa Illinois,2016-06-07,,0,0,1,0,1,0,,,,,,,,,,,,,,,,,,,,,,,,,,,,,,,,,,,,,,,,,,,,,,,,,,meh,,,,,,,,,,,,,,,,,,,,,,,,,,,,,,,,,,,,,,,,,,,,,,,,,,,,,
Indian Summer,2016-06-08,,0,0,1,0,0,1,,,,,,,,,,,,,,,,,,,,,,,,,,,,,,,,,,,,,,,,,,,,,,,,,,down,,,,,,,,,,,,,,,,,,,,,,,,,,,,,,,,,,,,,,,,,,,,,,,,,,,,,
Shining City,2016-06-09,,0,0,0,0,0,0,,,,,,,,,,,,,,,,,,,,,,,,,,,,,,,,,,,,,,,,,,,,,,,,,,,,,,,,,,,,,,,,,,,,,,,,,,,,,,,,,,,,,,,,,,,,,,,,,,,,,,,
The Taming of the Shrew,2016-06-13,,0,0,0,0,0,0,,,,,,,,,,,,,,,,,,,,,,,,,,,,,,,,,,,,,,,,,,,,,,,,,,,,,,,,,,,,,,,,,,,,,,,,,,,,,,,,,,,,,,,,,,,,,,,,,,,,,,,
Our Ladies of Perpetual Succour,2016-06-14,,0,0,0,0,0,0,,,,,,,,,,,,,,,,,,,,,,,,,,,,,,,,,,,,,,,,,,,,,,,,,,,,,,,,,,,,,,,,,,,,,,,,,,,,,,,,,,,,,,,,,,,,,,,,,,,,,,,
The Tomb of King Tot,2016-06-14,,0,0,1,0,0,1,,,,,,,,,,,,,,,,,,,,,,,,,,,,,,,,,,,,,,,,,,,,,,,,,,down,,,,,,,,,,,,,,,,,,,,,,,,,,,,,,,,,,,,,,,,,,,,,,,,,,,,,
Out of the Mouths of Babes,2016-06-19,,0,0,1,0,1,0,,,,,,,,,,,,,,,,,,,,,,,,,,,,,,,,,,,,,,,,,,,,,,,,,,meh,,,,,,,,,,,,,,,,,,,,,,,,,,,,,,,,,,,,,,,,,,,,,,,,,,,,,
The Healing,2016-06-22,,0,0,1,1,0,0,,,,,,,,,,,,,,,,,,,,,,,,,,,,,,,,,,,,,,,,,,,,,,,,,,up,,,,,,,,,,,,,,,,,,,,,,,,,,,,,,,,,,,,,,,,,,,,,,,,,,,,,
The Paper Hat Game,2016-06-22,,0,0,0,0,0,0,,,,,,,,,,,,,,,,,,,,,,,,,,,,,,,,,,,,,,,,,,,,,,,,,,,,,,,,,,,,,,,,,,,,,,,,,,,,,,,,,,,,,,,,,,,,,,,,,,,,,,,
New York Spectacular,2016-06-23,,0,0,2,1,0,1,,,,,,,,,,,,,,,,,,,,,,,,,,,,,,,,,,,,,,,,,,,,,,,,,,down,,,,,,,,up,,,,,,,,,,,,,,,,,,,,,,,,,,,,,,,,,,,,,,,,,,,,,
Tumacho,2016-06-27,,0,0,0,0,0,0,,,,,,,,,,,,,,,,,,,,,,,,,,,,,,,,,,,,,,,,,,,,,,,,,,,,,,,,,,,,,,,,,,,,,,,,,,,,,,,,,,,,,,,,,,,,,,,,,,,,,,,
The Rose Tattoo,2016-06-28,,0,0,0,0,0,0,,,,,,,,,,,,,,,,,,,,,,,,,,,,,,,,,,,,,,,,,,,,,,,,,,,,,,,,,,,,,,,,,,,,,,,,,,,,,,,,,,,,,,,,,,,,,,,,,,,,,,,
Runaways,2016-07-06,,0,0,1,1,0,0,,,,,,,,,,,,,,,,,,,,,,,,,,,,,,,,,,,,,,,,,,,,,,,,,,up,,,,,,,,,,,,,,,,,,,,,,,,,,,,,,,,,,,,,,,,,,,,,,,,,,,,,
Demolishing Everything with Amazing Speed,2016-07-07,,0,0,1,0,1,0,,,,,,,,,,,,,,,,,,,,,,,,,,,,,,,,,,,,,,,,,,,,,,,,,,meh,,,,,,,,,,,,,,,,,,,,,,,,,,,,,,,,,,,,,,,,,,,,,,,,,,,,,
Oslo,2016-07-11,,0,0,1,1,0,0,,,,,,,,,,,,,,,,,,,,,,,,,,,,,,,,,,,,,,,,,,,,,,,,,,up,,,,,,,,,,,,,,,,,,,,,,,,,,,,,,,,,,,,,,,,,,,,,,,,,,,,,
Motown: The Musical,2016-07-12,,0,0,0,0,0,0,,,,,,,,,,,,,,,,,,,,,,,,,,,,,,,,,,,,,,,,,,,,,,,,,,,,,,,,,,,,,,,,,,,,,,,,,,,,,,,,,,,,,,,,,,,,,,,,,,,,,,,
Okina and Hagoromo,2016-07-13,,0,0,1,0,1,0,,,,,,,,,,,,,,,,,,,,,,,,,,,,,,,,,,,,,,,,,,,,,,,,,,meh,,,,,,,,,,,,,,,,,,,,,,,,,,,,,,,,,,,,,,,,,,,,,,,,,,,,,
Small Mouth Sounds,2016-07-13,,0,0,0,0,0,0,,,,,,,,,,,,,,,,,,,,,,,,,,,,,,,,,,,,,,,,,,,,,,,,,,,,,,,,,,,,,,,,,,,,,,,,,,,,,,,,,,,,,,,,,,,,,,,,,,,,,,,
The Pirates of Penzance,2016-07-15,,0,0,0,0,0,0,,,,,,,,,,,,,,,,,,,,,,,,,,,,,,,,,,,,,,,,,,,,,,,,,,,,,,,,,,,,,,,,,,,,,,,,,,,,,,,,,,,,,,,,,,,,,,,,,,,,,,,
War Paint,2016-07-18,,0,0,1,1,0,0,,,,,,,,,,,,,,,,,,,,,,,,,,,,,,,,,,,,,,,,,,,,,,,,,,up,,,,,,,,,,,,,,,,,,,,,,,,,,,,,,,,,,,,,,,,,,,,,,,,,,,,,
Privacy,2016-07-18,,0,0,1,1,0,0,,,,,,,,,,,,,,,,,,,,,,,,,,,,,,,,,,,,,,,,,,,,,,,,,,up,,,,,,,,,,,,,,,,,,,,,,,,,,,,,,,,,,,,,,,,,,,,,,,,,,,,,
Engagements,2016-07-18,,0,0,0,0,0,0,,,,,,,,,,,,,,,,,,,,,,,,,,,,,,,,,,,,,,,,,,,,,,,,,,,,,,,,,,,,,,,,,,,,,,,,,,,,,,,,,,,,,,,,,,,,,,,,,,,,,,,
Takarazuka Chicago,2016-07-20,,0,0,1,0,1,0,,,,,,,,,,,,,,,,,,,,,,,,,,,,,,,,,,,,,,,,,,,,,,,,,,meh,,,,,,,,,,,,,,,,,,,,,,,,,,,,,,,,,,,,,,,,,,,,,,,,,,,,,
The Merchant of Venice,2016-07-20,,0,0,0,0,0,0,,,,,,,,,,,,,,,,,,,,,,,,,,,,,,,,,,,,,,,,,,,,,,,,,,,,,,,,,,,,,,,,,,,,,,,,,,,,,,,,,,,,,,,,,,,,,,,,,,,,,,,
Golem,2016-07-26,,0,0,1,1,0,0,,,,,,,,,,,,,,,,,,,,,,,,,,,,,,,,,,,,,,,,,,,,,,,,,,up,,,,,,,,,,,,,,,,,,,,,,,,,,,,,,,,,,,,,,,,,,,,,,,,,,,,,
"Kurt Vonnegut’s God Bless You, Mr. Rosewater",2016-07-27,,0,0,1,0,1,0,,,,,,,,,,,,,,,,,,,,,,,,,,,,,,,,,,,,,,,,,,,,,,,,,,meh,,,,,,,,,,,,,,,,,,,,,,,,,,,,,,,,,,,,,,,,,,,,,,,,,,,,,
Cats,2016-07-31,,0,0,5,0,3,2,,,,,,,,,,,,,,,,,,,,,,,,,,,,,,,,,,,,,meh,,,,,,,,,,,,,meh,,,,,,,,,,,,,,,,,,,,,,,,,,,,,meh,,,,,,,,,,,,,,,down,,,,,,down,,,
Men on Boats,2016-08-01,,0,0,1,1,0,0,,,,,,,,,,,,,,,,,,,,,,,,,,,,,,,,,,,,,,,,,,,,,,,,,,up,,,,,,,,,,,,,,,,,,,,,,,,,,,,,,,,,,,,,,,,,,,,,,,,,,,,,
An American Daughter,2016-08-03,,0,0,0,0,0,0,,,,,,,,,,,,,,,,,,,,,,,,,,,,,,,,,,,,,,,,,,,,,,,,,,,,,,,,,,,,,,,,,,,,,,,,,,,,,,,,,,,,,,,,,,,,,,,,,,,,,,,
And No More Shall We Part,2016-08-10,,0,0,0,0,0,0,,,,,,,,,,,,,,,,,,,,,,,,,,,,,,,,,,,,,,,,,,,,,,,,,,,,,,,,,,,,,,,,,,,,,,,,,,,,,,,,,,,,,,,,,,,,,,,,,,,,,,,
Groundhog Day,2016-08-16,,0,0,1,1,0,0,,,,,,,,,,,,,,,,,,,,,,,,,,,,,,,,,,,,,,,,,,,,,,,,,,up,,,,,,,,,,,,,,,,,,,,,,,,,,,,,,,,,,,,,,,,,,,,,,,,,,,,,
Broadway Bounty Hunter,2016-08-19,,0,0,0,0,0,0,,,,,,,,,,,,,,,,,,,,,,,,,,,,,,,,,,,,,,,,,,,,,,,,,,,,,,,,,,,,,,,,,,,,,,,,,,,,,,,,,,,,,,,,,,,,,,,,,,,,,,,
The Layover,2016-08-25,,0,0,2,1,0,1,,,,,,,,,,,,,,,,,,,,,,,,,,,,,,,,,,,,,,,,,,,,,,,,,,down,,,,,,,,,,,,,,,,,,,,,,,,,,,,,,,,,,,,,,,,,,,,up,,,,,,,,,
Twelfth Night (2016),2016-09-02,,0,0,1,1,0,0,,,,,,,,,,,,,,,,,,,,,,,,,,,,,,,,,,,,,,,,,,,,,,,,,,up,,,,,,,,,,,,,,,,,,,,,,,,,,,,,,,,,,,,,,,,,,,,,,,,,,,,,
Spamilton: An American Parody,2016-09-08,,0,0,2,2,0,0,,,,,,,,,,,,,,,,,,,,,,,,,,,,,,,,,,,,,,,,,,,,,,,,,,up,,,,,,,,,,,,,,,,,,,,,,,,,,,,,,,,,,,,,,,,,,,,up,,,,,,,,,
Fiorello! (2016),2016-09-09,,0,0,1,1,0,0,,,,,,,,,,,,,,,,,,,,,,,,,,,,,,,,,,,,,,,,,,,,,,,,,,up,,,,,,,,,,,,,,,,,,,,,,,,,,,,,,,,,,,,,,,,,,,,,,,,,,,,,
The Birds,2016-09-09,,0,0,0,0,0,0,,,,,,,,,,,,,,,,,,,,,,,,,,,,,,,,,,,,,,,,,,,,,,,,,,,,,,,,,,,,,,,,,,,,,,,,,,,,,,,,,,,,,,,,,,,,,,,,,,,,,,,
Bears in Space,2016-09-11,,0,0,1,1,0,0,,,,,,,,,,,,,,,,,,,,,,,,,,,,,,,,,,,,,,,,,,,,,,,,,,up,,,,,,,,,,,,,,,,,,,,,,,,,,,,,,,,,,,,,,,,,,,,,,,,,,,,,
The Wolves,2016-09-11,,0,0,1,1,0,0,,,,,,,,,,,,,,,,,,,,,,,,,,,,,,,,,,,,,,,,,,,,,,,,,,up,,,,,,,,,,,,,,,,,,,,,,,,,,,,,,,,,,,,,,,,,,,,,,,,,,,,,
Aubergine,2016-09-12,,0,0,1,0,0,1,,,,,,,,,,,,,,,,,,,,,,,,,,,,,,,,,,,,,,,,,,,,,,,,,,down,,,,,,,,,,,,,,,,,,,,,,,,,,,,,,,,,,,,,,,,,,,,,,,,,,,,,
Marie and Rosetta,2016-09-12,,0,0,1,0,1,0,,,,,,,,,,,,,,,,,,,,,,,,,,,,,,,,,,,,,,,,,,,,,,,,,,meh,,,,,,,,,,,,,,,,,,,,,,,,,,,,,,,,,,,,,,,,,,,,,,,,,,,,,
Black to the Future,2016-09-12,,0,0,0,0,0,0,,,,,,,,,,,,,,,,,,,,,,,,,,,,,,,,,,,,,,,,,,,,,,,,,,,,,,,,,,,,,,,,,,,,,,,,,,,,,,,,,,,,,,,,,,,,,,,,,,,,,,,
Phaedra(s),2016-09-13,,0,0,1,0,0,1,,,,,,,,,,,,,,,,,,,,,,,,,,,,,,,,,,,,,,,,,,,,,,,,,,down,,,,,,,,,,,,,,,,,,,,,,,,,,,,,,,,,,,,,,,,,,,,,,,,,,,,,
Underground Railroad Game,2016-09-13,,0,0,0,0,0,0,,,,,,,,,,,,,,,,,,,,,,,,,,,,,,,,,,,,,,,,,,,,,,,,,,,,,,,,,,,,,,,,,,,,,,,,,,,,,,,,,,,,,,,,,,,,,,,,,,,,,,,
What Did You Expect?,2016-09-16,,0,0,1,1,0,0,,,,,,,,,,,,,,,,,,,,,,,,,,,,,,,,,,,,,,,,,,,,,,,,,,up,,,,,,,,,,,,,,,,,,,,,,,,,,,,,,,,,,,,,,,,,,,,,,,,,,,,,
Bathing in Moonlight,2016-09-16,,0,0,1,0,1,0,,,,,,,,,,,,,,,,,,,,,,,,,,,,,,,,,,,,,,,,,,,,,,,,,,meh,,,,,,,,,,,,,,,,,,,,,,,,,,,,,,,,,,,,,,,,,,,,,,,,,,,,,
The Undertaking,2016-09-21,,0,0,1,1,0,0,,,,,,,,,,,,,,,,,,,,,,,,,,,,,,,,,,,,,,,,,,,,,,,,,,up,,,,,,,,,,,,,,,,,,,,,,,,,,,,,,,,,,,,,,,,,,,,,,,,,,,,,
Nat Turner in Jerusalem,2016-09-26,,0,0,1,1,0,0,,,,,,,,,,,,,,,,,,,,,,,,,,,,,,,,,,,,,,,,,,,,,,,,,,up,,,,,,,,,,,,,,,,,,,,,,,,,,,,,,,,,,,,,,,,,,,,,,,,,,,,,
Battlefield,2016-09-28,,0,0,1,1,0,0,,,,,,,,,,,,,,,,,,,,,,,,,,,,,,,,,,,,,,,,,,,,,,,,,,up,,,,,,,,,,,,,,,,,,,,,,,,,,,,,,,,,,,,,,,,,,,,,,,,,,,,,
All the Ways to Say I Love You,2016-09-28,,0,0,1,0,1,0,,,,,,,,,,,,,,,,,,,,,,,,,,,,,,,,,,,,,,,,,,,,,,,,,,meh,,,,,,,,,,,,,,,,,,,,,,,,,,,,,,,,,,,,,,,,,,,,,,,,,,,,,
The Encounter,2016-09-29,,0,0,5,2,2,1,,,meh,,,,,,,,,,,,,,,,,meh,,,,,,,,,,,,,,,,,,,,,,,,,,,,,,up,,,down,,,,,,,,,,,,,,,,,,,,,,,,,,,,,,,,,,,,,,,,,up,,,,,,,,,
Kurios,2016-09-30,,0,0,1,0,1,0,,,,,,,,,,,,,,,,,,,,,,,,,,,,,,,,,,,,,,,,,,,,,,,,,,meh,,,,,,,,,,,,,,,,,,,,,,,,,,,,,,,,,,,,,,,,,,,,,,,,,,,,,
Fit For A Queen,2016-10-04,,0,0,1,0,1,0,meh,,,,,,,,,,,,,,,,,,,,,,,,,,,,,,,,,,,,,,,,,,,,,,,,,,,,,,,,,,,,,,,,,,,,,,,,,,,,,,,,,,,,,,,,,,,,,,,,,,,,,,
The Roads to Home,2016-10-05,,0,0,1,1,0,0,,,,,,,,,,,,,,,,,,,,,,,,,,,,,,,,,,,,,,,,,,,,,,,,,,up,,,,,,,,,,,,,,,,,,,,,,,,,,,,,,,,,,,,,,,,,,,,,,,,,,,,,
Chris Gethard: Career Suicide,2016-10-05,,0,0,0,0,0,0,,,,,,,,,,,,,,,,,,,,,,,,,,,,,,,,,,,,,,,,,,,,,,,,,,,,,,,,,,,,,,,,,,,,,,,,,,,,,,,,,,,,,,,,,,,,,,,,,,,,,,,
Holiday Inn,2016-10-06,,0,0,5,3,1,1,,,down,,,,,,,,,,,,,,,,,up,,,,,,,,,,,,,,,,,,,up,,,,,,,,,,,meh,,,,,,,,,,,,,,,,,,,,,,,,,,,,,,,,,,,,,,,,,,,,up,,,,,,,,,
Miles for Mary,2016-10-08,,0,0,1,1,0,0,,,,,,,,,,,,,,,,,,,,,,,,,,,,,,,,,,,,,,,,,,,,,,,,,,up,,,,,,,,,,,,,,,,,,,,,,,,,,,,,,,,,,,,,,,,,,,,,,,,,,,,,
The Dudleys!,2016-10-08,,0,0,0,0,0,0,,,,,,,,,,,,,,,,,,,,,,,,,,,,,,,,,,,,,,,,,,,,,,,,,,,,,,,,,,,,,,,,,,,,,,,,,,,,,,,,,,,,,,,,,,,,,,,,,,,,,,,
"Oh, Hello",2016-10-10,,0,0,5,3,1,1,down,,up,,,,,,,,,,,,,,,,,,,meh,,,,,,,,,,,,,,,,,,,,,,,,,,,,up,,,,,,,,,,,,,,,,,,,,,,,,,,,,,,,,,,,,,,,,,,,,up,,,,,,,,,
Two Class Acts: A Festival Celebrating A.R. Gurney,2016-10-10,,0,0,0,0,0,0,,,,,,,,,,,,,,,,,,,,,,,,,,,,,,,,,,,,,,,,,,,,,,,,,,,,,,,,,,,,,,,,,,,,,,,,,,,,,,,,,,,,,,,,,,,,,,,,,,,,,,,
Duat,2016-10-11,,0,0,0,0,0,0,,,,,,,,,,,,,,,,,,,,,,,,,,,,,,,,,,,,,,,,,,,,,,,,,,,,,,,,,,,,,,,,,,,,,,,,,,,,,,,,,,,,,,,,,,,,,,,,,,,,,,,
Heisenberg,2016-10-13,,0,0,5,4,1,0,,,meh,,,,,,,,,,,,,,,,,,,up,,,,,,,,,,,,,,,,,,,,,,,,,,,,up,,,up,,,,,,,,,,,,,,,,,,,,,,,,,,,,,,,,,,,,,,,,,up,,,,,,,,,
Letter to a Man,2016-10-15,,0,0,0,0,0,0,,,,,,,,,,,,,,,,,,,,,,,,,,,,,,,,,,,,,,,,,,,,,,,,,,,,,,,,,,,,,,,,,,,,,,,,,,,,,,,,,,,,,,,,,,,,,,,,,,,,,,,
The Cherry Orchard,2016-10-16,,0,0,5,0,0,5,,,down,,,,,,,,,,,,,,,,,down,,,,,,,down,,,,,,,,,,,,,,,,,,,,,,,down,,,,,,,,,,,,,,,,,,,,,,,,,,,,,,,,,,,,,,,,,,,,down,,,,,,,,,
Sell/Buy/Date,2016-10-18,,0,0,2,2,0,0,,,,,,,,,,,,,,,,,,,,,,,,,,,,,,,,,,,,,,,,,,,,,,,,,,up,,,,,,,,,,,,,,,,,,,,,,,,,,,,,,,,,,,,,,,,,,,,up,,,,,,,,,
Coriolanus,2016-10-18,,0,0,0,0,0,0,,,,,,,,,,,,,,,,,,,,,,,,,,,,,,,,,,,,,,,,,,,,,,,,,,,,,,,,,,,,,,,,,,,,,,,,,,,,,,,,,,,,,,,,,,,,,,,,,,,,,,,
"Love, Love, Love",2016-10-19,,0,0,1,1,0,0,,,,,,,,,,,,,,,,,,,,,,,,,,,,,,,,,,,,,,,,,,,,,,,,,,,,,,,,,,,,,up,,,,,,,,,,,,,,,,,,,,,,,,,,,,,,,,,,,,,,,,,,
The Front Page,2016-10-20,,0,0,5,3,2,0,,,,,,meh,,,,,,,,,,,,,,up,,,,,,,,,,,,,,,,,,,,,,,,,,,,,,meh,,,,,,,,,,,,,,,,,,,,,,,,,,,,,,,,,,,,,,,,,,,,up,,,,,,,,,up
Frankie Valli and the Four Seasons on Broadway!,2016-10-21,,0,0,0,0,0,0,,,,,,,,,,,,,,,,,,,,,,,,,,,,,,,,,,,,,,,,,,,,,,,,,,,,,,,,,,,,,,,,,,,,,,,,,,,,,,,,,,,,,,,,,,,,,,,,,,,,,,,
Plenty,2016-10-23,,0,0,1,0,1,0,,,,,,,,,,,,,,,,,,,,,,,,,,,,,,,,,,,,,,,,,,,,,,,,,,meh,,,,,,,,,,,,,,,,,,,,,,,,,,,,,,,,,,,,,,,,,,,,,,,,,,,,,
A Life,2016-10-24,,0,0,1,0,0,1,,,,,,,,,,,,,,,,,,,,,,,,,,,,,,,,,,,,,,,,,,,,,,,,,,down,,,,,,,,,,,,,,,,,,,,,,,,,,,,,,,,,,,,,,,,,,,,,,,,,,,,,
The Harvest,2016-10-24,,0,0,1,0,1,0,,,,,,,,,,,,,,,,,,,,,,,,,,,,,,,,,,,,,,,,,,,,,,,,,,meh,,,,,,,,,,,,,,,,,,,,,,,,,,,,,,,,,,,,,,,,,,,,,,,,,,,,,
Sunday in the Park With George (New York City Center),2016-10-24,,0,0,1,1,0,0,,,,,,,,,,,,,,,,,,,,,,,,,,,,,,,,,,,,,,,,,,,,,,,,,,up,,,,,,,,,,,,,,,,,,,,,,,,,,,,,,,,,,,,,,,,,,,,,,,,,,,,,
Vietgone,2016-10-25,,0,0,2,2,0,0,,,,,,,,,,,,,,,,,,,,,,,,,,,,,,,,,,,,,,,,,,,,,,,,,,up,,,,,,,,,,,,,,,,,,,,,,,,,,,,,,,,,,,,,,,,,,,,up,,,,,,,,,
Wilderness,2016-10-26,,0,0,1,1,0,0,,,,,,,,,,,,,,,,,,,,,,,,,,,,,,,,,,,,,,,,,,,,,,,,,,up,,,,,,,,,,,,,,,,,,,,,,,,,,,,,,,,,,,,,,,,,,,,,,,,,,,,,
Attorney Street,2016-10-26,,0,0,0,0,0,0,,,,,,,,,,,,,,,,,,,,,,,,,,,,,,,,,,,,,,,,,,,,,,,,,,,,,,,,,,,,,,,,,,,,,,,,,,,,,,,,,,,,,,,,,,,,,,,,,,,,,,,
Falsettos,2016-10-27,,0,0,5,4,1,0,,,up,,,,,,,,,,,,,,,,,meh,,,,,,,,,,,,,,,,,,,,,,,,,,,,,,up,,,up,,,,,,,,,,,,,,,,,,,,,,,,,,,,,,,,,,,,,,,,,up,,,,,,,,,
Les Liaisons Dangereuses,2016-10-30,,0,0,5,3,0,2,,,,,,up,,,,,,,,,,,,,,down,,,,,,,up,,,,,,,,,,,,,,,,,,,,,,,down,,,,,,,,,,,,,,,,,,,,,,,,,,,,,,,,,,,,,,,,,,,,up,,,,,,,,,
Kingdom Come,2016-11-02,,0,0,1,0,1,0,,,,,,,,,,,,,,,,,,,,,,,,,,,,,,,,,,,,,,,,,,,,,,,,,,meh,,,,,,,,,,,,,,,,,,,,,,,,,,,,,,,,,,,,,,,,,,,,,,,,,,,,,
Notes From The Field,2016-11-02,,0,0,1,1,0,0,,,,,,,,,,,,,,,,,,,,,,,,,,,,,,,,,,,,,,,,,,,,,,,,,,up,,,,,,,,,,,,,,,,,,,,,,,,,,,,,,,,,,,,,,,,,,,,,,,,,,,,,
Kristin Chenoweth: My Love Letter to Broadway,2016-11-02,,0,0,2,2,0,0,,,,,,,,,,,,,,,,,,,,,,,,,,,up,,,,,,,,,,,,,,,,,,,,,,,up,,,,,,,,,,,,,,,,,,,,,,,,,,,,,,,,,,,,,,,,,,,,,,,,,,,,,
Sweat (Public Theater),2016-11-03,,0,0,1,1,0,0,,,,,,,,,,,,,,,,,,,,,,,,,,,,,,,,,,,,,,,,,,,,,,,,,,up,,,,,,,,,,,,,,,,,,,,,,,,,,,,,,,,,,,,,,,,,,,,,,,,,,,,,
Kings of War,2016-11-03,,0,0,1,1,0,0,,,,,,,,,,,,,,,,,,,,,,,,,,,,,,,,,,,,,,,,,,,,,,,,,,up,,,,,,,,,,,,,,,,,,,,,,,,,,,,,,,,,,,,,,,,,,,,,,,,,,,,,
"Homos, Or Everyone in America",2016-11-06,,0,0,1,1,0,0,,,,,,,,,,,,,,,,,,,,,,,,,,,,,,,,,,,,,,,,,,,,,,,,,,up,,,,,,,,,,,,,,,,,,,,,,,,,,,,,,,,,,,,,,,,,,,,,,,,,,,,,
Finian's Rainbow (Irish Rep),2016-11-06,,0,0,1,1,0,0,,,,,,,,,,,,,,,,,,,,,,,,,,,,,,,,,,,,,,,,,,,,,,,,,,up,,,,,,,,,,,,,,,,,,,,,,,,,,,,,,,,,,,,,,,,,,,,,,,,,,,,,
Master Harold...and the Boys (Signature Theatre),2016-11-07,,0,0,2,2,0,0,,,,,,,,,,,,,,,,,,,,,,,,,,,,,,,,,,,,,,,,,,,,,,,,,,up,,,,,,,,,,,,,,,,,,,,,,,,,,,,,,,,,,,,,,,,,,,,up,,,,,,,,,
The Gabriels Play Three: Women of a Certain Age,2016-11-08,,0,0,1,1,0,0,,,,,,,,,,,,,,,,,,,,,,,,,,,,,,,,,,,,,,,,,,,,,,,,,,up,,,,,,,,,,,,,,,,,,,,,,,,,,,,,,,,,,,,,,,,,,,,,,,,,,,,,
Mouse: The Persistence of an Unlikely Thought,2016-11-09,,0,0,0,0,0,0,,,,,,,,,,,,,,,,,,,,,,,,,,,,,,,,,,,,,,,,,,,,,,,,,,,,,,,,,,,,,,,,,,,,,,,,,,,,,,,,,,,,,,,,,,,,,,,,,,,,,,,
The Band's Visit,2016-11-11,,0,0,0,0,0,0,,,,,,,,,,,,,,,,,,,,,,,,,,,,,,,,,,,,,,,,,,,,,,,,,,,,,,,,,,,,,,,,,,,,,,,,,,,,,,,,,,,,,,,,,,,,,,,,,,,,,,,
The Death of the Last Black Man in the Whole Entire World,2016-11-13,,0,0,1,1,0,0,,,,,,,,,,,,,,,,,,,,,,,,,,,,,,,,,,,,,,,,,,,,,,,,,,up,,,,,,,,,,,,,,,,,,,,,,,,,,,,,,,,,,,,,,,,,,,,,,,,,,,,,
Rancho Viejo,2016-11-13,,0,0,0,0,0,0,,,,,,,,,,,,,,,,,,,,,,,,,,,,,,,,,,,,,,,,,,,,,,,,,,,,,,,,,,,,,,,,,,,,,,,,,,,,,,,,,,,,,,,,,,,,,,,,,,,,,,,
"Natasha, Pierre & the Great Comet of 1812",2016-11-14,,0,0,5,3,1,1,,,up,,,down,,,,,,,,,,,,,,meh,,,,,,,,,,,,,,,,,,,,,,,,,,,,,,up,,,,,,,,,,,,,,,,,,,,,,,,,,,,,,,,,,,,,,,,,,,,up,,,,,,,,,
The Servant of Two Masters,2016-11-16,,0,0,1,0,0,1,,,,,,,,,,,,,,,,,,,,,,,,,,,,,,,,,,,,,,,,,,,,,,,,,,down,,,,,,,,,,,,,,,,,,,,,,,,,,,,,,,,,,,,,,,,,,,,,,,,,,,,,
Othello: The Remix,2016-11-16,,0,0,1,1,0,0,,,,,,,,,,,,,,,,,,,,,,,,,,,,,,,,,,,,,,,,,,,,,,,,,,up,,,,,,,,,,,,,,,,,,,,,,,,,,,,,,,,,,,,,,,,,,,,,,,,,,,,,
Terms of Endearment,2016-11-16,,0,0,1,0,1,0,,,,,,,,,,,,,,,,,,,,,,,,,,,,,,,,,,,,,,,,,,,,,,,,,,meh,,,,,,,,,,,,,,,,,,,,,,,,,,,,,,,,,,,,,,,,,,,,,,,,,,,,,
Dead Poets Society,2016-11-17,,0,0,2,0,1,1,,,,,,,,,,,,,,,,,,,,,,,,,,,,,,,,,,,,,,,,,,,,,,,,,,down,,,,,,,,,,,,,,,,,,,,,,,,,,,,,,,,,,,,,,,,,,,,meh,,,,,,,,,
Memory Rings,2016-11-17,,0,0,1,0,0,1,,,,,,,,,,,,,,,,,,,,,,,,,,,,,,,,,,,,,,,,,,,,,,,,,,down,,,,,,,,,,,,,,,,,,,,,,,,,,,,,,,,,,,,,,,,,,,,,,,,,,,,,
"The Dead, 1904",2016-11-19,,0,0,0,0,0,0,,,,,,,,,,,,,,,,,,,,,,,,,,,,,,,,,,,,,,,,,,,,,,,,,,,,,,,,,,,,,,,,,,,,,,,,,,,,,,,,,,,,,,,,,,,,,,,,,,,,,,,
Dreamgirls (London),2016-11-19,,0,0,0,0,0,0,,,,,,,,,,,,,,,,,,,,,,,,,,,,,,,,,,,,,,,,,,,,,,,,,,,,,,,,,,,,,,,,,,,,,,,,,,,,,,,,,,,,,,,,,,,,,,,,,,,,,,,
Sweet Charity (2016),2016-11-20,,0,0,1,0,1,0,,,,,,,,,,,,,,,,,,,,,,,,,,,,,,,,,,,,,,,,,,,,,,,,,,meh,,,,,,,,,,,,,,,,,,,,,,,,,,,,,,,,,,,,,,,,,,,,,,,,,,,,,
This Day Forward,2016-11-21,,0,0,2,0,1,1,,,,,,,,,,,,,,,,,,,,,,,,,,,,,,,,,,,,,,,,,,,,,,,,,,down,,,,,,,,,,,,,,,,,,,,,,,,,,,,,,,,,,,,,,,,,,,,meh,,,,,,,,,
Alton Brown Live: Eat Your Science,2016-11-22,,0,0,1,0,1,0,,,,,,,,,,,,,,,,,,,,,,,,,,,,,,,,,,,,,,,,,,,,,,,,,,meh,,,,,,,,,,,,,,,,,,,,,,,,,,,,,,,,,,,,,,,,,,,,,,,,,,,,,
The Illusionists: Turn of the Century,2016-11-25,,0,0,0,0,0,0,,,,,,,,,,,,,,,,,,,,,,,,,,,,,,,,,,,,,,,,,,,,,,,,,,,,,,,,,,,,,,,,,,,,,,,,,,,,,,,,,,,,,,,,,,,,,,,,,,,,,,,
Ride The Cyclone (MCC),2016-11-30,,0,0,1,1,0,0,,,,,,,,,,,,,,,,,,,,,,,,,,,,,,,,,,,,,,,,,,,,,,,,,,up,,,,,,,,,,,,,,,,,,,,,,,,,,,,,,,,,,,,,,,,,,,,,,,,,,,,,
A Bronx Tale: The Musical,2016-12-01,,0,0,5,1,4,0,,,meh,,,,,,,,,,,,meh,,,,,,,,,,,,meh,,,,,,,,,,,,meh,,,,,,,,,,,up,,,,,,,,,,,,,,,,,,,,,,,,,,,,,,,,,,,,,,,,,,,,,,,,,,,,,
Penny Arcade: Longing Lasts Longer,2016-12-01,,0,0,0,0,0,0,,,,,,,,,,,,,,,,,,,,,,,,,,,,,,,,,,,,,,,,,,,,,,,,,,,,,,,,,,,,,,,,,,,,,,,,,,,,,,,,,,,,,,,,,,,,,,,,,,,,,,,
Elements of Oz,2016-12-01,,0,0,0,0,0,0,,,,,,,,,,,,,,,,,,,,,,,,,,,,,,,,,,,,,,,,,,,,,,,,,,,,,,,,,,,,,,,,,,,,,,,,,,,,,,,,,,,,,,,,,,,,,,,,,,,,,,,
Street Children,2016-12-02,,0,0,0,0,0,0,,,,,,,,,,,,,,,,,,,,,,,,,,,,,,,,,,,,,,,,,,,,,,,,,,,,,,,,,,,,,,,,,,,,,,,,,,,,,,,,,,,,,,,,,,,,,,,,,,,,,,,
Dear Evan Hansen,2016-12-04,,0,0,5,5,0,0,,,up,,,,,,,,,,,,up,,,,,up,,,,,,,,,,,,,,,,,,,,,,,,,,,,,,up,,,,,,,,,,,,,,,,,,,,,,,,,,,,,,,,,,,,,,,,,,,,up,,,,,,,,,
The Bodyguard,2016-12-04,,0,0,0,0,0,0,,,,,,,,,,,,,,,,,,,,,,,,,,,,,,,,,,,,,,,,,,,,,,,,,,,,,,,,,,,,,,,,,,,,,,,,,,,,,,,,,,,,,,,,,,,,,,,,,,,,,,,
The Babylon Line,2016-12-05,,0,0,2,1,1,0,,,,,,,,,,,,,,,,,,,,,,,,,,,,,,,,,,,,,,,,,,,,,,,,,,meh,,,,,,,,,,,,,,,,,,,,,,,,,,,,,,,,,,,,,,,,,,,,up,,,,,,,,,
The Winter's Tale (2016),2016-12-06,,0,0,1,0,1,0,,,,,,,,,,,,,,,,,,,,,,,,,,,,,,,,,,,,,,,,,,,,,,,,,,meh,,,,,,,,,,,,,,,,,,,,,,,,,,,,,,,,,,,,,,,,,,,,,,,,,,,,,
Tiny Beautfiul Things,2016-12-07,,0,0,1,1,0,0,,,,,,,,,,,,,,,,,,,,,,,,,,,,,,,,,,,,,,,,,,,,,,,,,,up,,,,,,,,,,,,,,,,,,,,,,,,,,,,,,,,,,,,,,,,,,,,,,,,,,,,,
Can I Get a Witness?,2016-12-07,,0,0,0,0,0,0,,,,,,,,,,,,,,,,,,,,,,,,,,,,,,,,,,,,,,,,,,,,,,,,,,,,,,,,,,,,,,,,,,,,,,,,,,,,,,,,,,,,,,,,,,,,,,,,,,,,,,,
In Transit,2016-12-11,,0,0,5,1,2,2,,,down,,,,,,,,,,,,,,,,,,,meh,,,,,,,,,,,,,,,up,,,,,,,,,,,,,down,,,,,,,,,,,,,,,,,,,,,,,,,,,,,,,,,,,,,,,,,,,,meh,,,,,,,,,
Othello (NYTW),2016-12-12,,0,0,2,2,0,0,,,,,,,,,,,,,,,,,,,,,,,,,,,,,,,,,,,,,,,,,,,,,,,,,,up,,,,,,,,,,,,,,,,,,,,,,,,,,,,,,,,,,,,,,,,,,,,up,,,,,,,,,
The Strange Undoing of Prudencia Hart,2016-12-13,,0,0,2,2,0,0,,,,,,,,,,,,,,,,,,,,,,,,,,,,,,,,,,,,,,,,,,,,,,,,,,up,,,,,,,,,,,,,,,,,,,,,,,,,,,,,,,,,,,,,,,,,,,,up,,,,,,,,,
Life Is For Living: Conversations with Coward,2016-12-18,,0,0,1,1,0,0,,,,,,,,,,,,,,,,,,,,,,,,,,,,,,,,,,,,,,,,,,,,,,,,,,up,,,,,,,,,,,,,,,,,,,,,,,,,,,,,,,,,,,,,,,,,,,,,,,,,,,,,
Bright Colors and Bold Patterns,2016-12-19,,0,0,1,1,0,0,,,,,,,,,,,,,,,,,,,,,,,,,,,,,,,,,,,,,,,,,,,,,,,,,,up,,,,,,,,,,,,,,,,,,,,,,,,,,,,,,,,,,,,,,,,,,,,,,,,,,,,,
God of Vengeance,2016-12-22,,0,0,0,0,0,0,,,,,,,,,,,,,,,,,,,,,,,,,,,,,,,,,,,,,,,,,,,,,,,,,,,,,,,,,,,,,,,,,,,,,,,,,,,,,,,,,,,,,,,,,,,,,,,,,,,,,,,
Hundred Days,2017-01-04,,0,0,1,1,0,0,,,,,,,,,,,,,,,,,,,,,,,,,,,,,,,,,,,,,,,,,,,,,,,,,,up,,,,,,,,,,,,,,,,,,,,,,,,,,,,,,,,,,,,,,,,,,,,,,,,,,,,,
The Fever,2017-01-04,,0,0,1,1,0,0,,,,,,,,,,,,,,,,,,,,,,,,,,,,,,,,,,,,,,,,,,,,,,,,,,up,,,,,,,,,,,,,,,,,,,,,,,,,,,,,,,,,,,,,,,,,,,,,,,,,,,,,
Lula del Ray,2017-01-04,,0,0,1,1,0,0,,,,,,,,,,,,,,,,,,,,,,,,,,,,,,,,,,,,,,,,,,,,,,,,,,up,,,,,,,,,,,,,,,,,,,,,,,,,,,,,,,,,,,,,,,,,,,,,,,,,,,,,
Lucky Penny,2017-01-05,,0,0,0,0,0,0,,,,,,,,,,,,,,,,,,,,,,,,,,,,,,,,,,,,,,,,,,,,,,,,,,,,,,,,,,,,,,,,,,,,,,,,,,,,,,,,,,,,,,,,,,,,,,,,,,,,,,,
Gardens Speak,2017-01-06,,0,0,1,1,0,0,,,,,,,,,,,,,,,,,,,,,,,,,,,,,,,,,,,,,,,,,,,,,,,,,,up,,,,,,,,,,,,,,,,,,,,,,,,,,,,,,,,,,,,,,,,,,,,,,,,,,,,,
The Bitter Game,2017-01-06,,0,0,1,1,0,0,,,,,,,,,,,,,,,,,,,,,,,,,,,,,,,,,,,,,,,,,,,,,,,,,,up,,,,,,,,,,,,,,,,,,,,,,,,,,,,,,,,,,,,,,,,,,,,,,,,,,,,,
Blueprint Specials,2017-01-06,,0,0,1,0,1,0,,,,,,,,,,,,,,,,,,,,,,,,,,,,,,,,,,,,,,,,,,,,,,,,,,meh,,,,,,,,,,,,,,,,,,,,,,,,,,,,,,,,,,,,,,,,,,,,,,,,,,,,,
The Present,2017-01-08,,0,0,5,1,2,2,,,down,,,,,,,,,,,,,,,,,,,meh,,,,,,,,,,,,,,,,,,,,,,,,,,,,meh,,,,,,,,,,,,,,,,,,,,,,,,,,,,,,,,,,,,,,,,,,,,down,,,,up,,,,,
Made in China,2017-01-10,,0,0,0,0,0,0,,,,,,,,,,,,,,,,,,,,,,,,,,,,,,,,,,,,,,,,,,,,,,,,,,,,,,,,,,,,,,,,,,,,,,,,,,,,,,,,,,,,,,,,,,,,,,,,,,,,,,,
Latin Standards,2017-01-11,,0,0,1,1,0,0,,,,,,,,,,,,,,,,,,,,,,,,,,,,,,,,,,,,,,,,,,,,,,,,,,up,,,,,,,,,,,,,,,,,,,,,,,,,,,,,,,,,,,,,,,,,,,,,,,,,,,,,
The Beauty Queen of Leenane,2017-01-11,,0,0,0,0,0,0,,,,,,,,,,,,,,,,,,,,,,,,,,,,,,,,,,,,,,,,,,,,,,,,,,,,,,,,,,,,,,,,,,,,,,,,,,,,,,,,,,,,,,,,,,,,,,,,,,,,,,,
Tell Hector I Miss Him,2017-01-11,,0,0,0,0,0,0,,,,,,,,,,,,,,,,,,,,,,,,,,,,,,,,,,,,,,,,,,,,,,,,,,,,,,,,,,,,,,,,,,,,,,,,,,,,,,,,,,,,,,,,,,,,,,,,,,,,,,,
Time of Women,2017-01-12,,0,0,1,1,0,0,,,,,,,,,,,,,,,,,,,,,,,,,,,,,,,,,,,,,,,,,,,,,,,,,,up,,,,,,,,,,,,,,,,,,,,,,,,,,,,,,,,,,,,,,,,,,,,,,,,,,,,,
"The Tempest (St. Ann's Warehouse, 2017)",2017-01-13,,0,0,0,0,0,0,,,,,,,,,,,,,,,,,,,,,,,,,,,,,,,,,,,,,,,,,,,,,,,,,,,,,,,,,,,,,,,,,,,,,,,,,,,,,,,,,,,,,,,,,,,,,,,,,,,,,,,
Jitney,2017-01-19,,0,0,5,5,0,0,,,up,,,,,,,,,,,,,,,,,,,up,,,,,,,,,,,,,,,up,,,,,,,,,,,,,up,,,,,,,,,,,,,,,,,,,,,,,,,,,,,,,,,,,,,,,,,,,,up,,,,,,,,,
The Liar,2017-01-26,,0,0,1,1,0,0,,,,,,,,,,,,,,,,,,,,,,,,,,,,,,,,,,,,,,,,,,,,,,,,,,up,,,,,,,,,,,,,,,,,,,,,,,,,,,,,,,,,,,,,,,,,,,,,,,,,,,,,
David's Friend,2017-01-27,,0,0,1,1,0,0,,,,,,,,,,,,,,,,,,,,,,,,,,,,,,,,,,,,,,,,,,,,,,,,,,up,,,,,,,,,,,,,,,,,,,,,,,,,,,,,,,,,,,,,,,,,,,,,,,,,,,,,
Georgie: My Adventures with George Rose,2017-02-01,,0,0,2,2,0,0,,,,,,,,,,,,,up,,,,,,,,,,,,,,,up,,,,,,,,,,,,,,,,,,,,,,,,,,,,,,,,,,,,,,,,,,,,,,,,,,,,,,,,,,,,,,,,,,,,,,,,,,,
Yen,2017-02-02,,0,0,1,0,1,0,,,,,,,,,,,,,,,,,,,,,,,,,,,,,,,,,,,,,,,,,,,,,,,,,,meh,,,,,,,,,,,,,,,,,,,,,,,,,,,,,,,,,,,,,,,,,,,,,,,,,,,,,
The Town Hall Affair,2017-02-04,,0,0,0,0,0,0,,,,,,,,,,,,,,,,,,,,,,,,,,,,,,,,,,,,,,,,,,,,,,,,,,,,,,,,,,,,,,,,,,,,,,,,,,,,,,,,,,,,,,,,,,,,,,,,,,,,,,,
Good Samaritans,2017-02-08,,0,0,0,0,0,0,,,,,,,,,,,,,,,,,,,,,,,,,,,,,,,,,,,,,,,,,,,,,,,,,,,,,,,,,,,,,,,,,,,,,,,,,,,,,,,,,,,,,,,,,,,,,,,,,,,,,,,
Sunset Boulevard,2017-02-09,,0,0,5,5,0,0,,,up,,,,,,,,,,,,up,,,,,,,up,,,,,,,,,,,,,,,,,,,,,,,,,,,,up,,,up,,,,,,,,,,,,,,,,,,,,,,,,,,,,,,,,,,,,,,,,,,,,,,,,,,
Life According to Saki,2017-02-13,,0,0,1,0,1,0,,,,,,,,,,,,,,,,,,,,,,,,,,,,,,,,,,,,,,,,,,,,,,,,,,meh,,,,,,,,,,,,,,,,,,,,,,,,,,,,,,,,,,,,,,,,,,,,,,,,,,,,,
Man from Nebraska,2017-02-15,,0,0,1,1,0,0,,,,,,,,,,,,,,,,,,,,,,,,,,,,,,,,,,,,,,,,,,,,,,,,,,up,,,,,,,,,,,,,,,,,,,,,,,,,,,,,,,,,,,,,,,,,,,,,,,,,,,,,
Escaped Alone,2017-02-15,,0,0,1,1,0,0,,,,,,,,,,,,,,,,,,,,,,,,,,,,,,,,,,,,,,,,,,,,,,,,,,up,,,,,,,,,,,,,,,,,,,,,,,,,,,,,,,,,,,,,,,,,,,,,,,,,,,,,
Evening at the Talk House,2017-02-16,,0,0,1,1,0,0,,,,,,,,,,,,,,,,,,,,,,,,,,,,,,,,,,,,,,,,,,,,,,,,,,up,,,,,,,,,,,,,,,,,,,,,,,,,,,,,,,,,,,,,,,,,,,,,,,,,,,,,
On the Exhale,2017-02-19,,0,0,1,1,0,0,,,,,,,,,,,,,,,,,,,,,,,,,,,,,,,,,,,,,,,,,,,,,,,,,,up,,,,,,,,,,,,,,,,,,,,,,,,,,,,,,,,,,,,,,,,,,,,,,,,,,,,,
Everybody,2017-02-21,,0,0,1,0,1,0,,,,,,,,,,,,,,,,,,,,,,,,,,,,,,,,,,,,,,,,,,,,,,,,,,meh,,,,,,,,,,,,,,,,,,,,,,,,,,,,,,,,,,,,,,,,,,,,,,,,,,,,,
Kid Victory,2017-02-22,,0,0,1,0,1,0,,,,,,,,,,,,,,,,,,,,,,,,,,,,,,,,,,,,,,,,,,,,,,,,,,meh,,,,,,,,,,,,,,,,,,,,,,,,,,,,,,,,,,,,,,,,,,,,,,,,,,,,,
Sunday In the Park with George (2017),2017-02-23,,0,0,5,4,1,0,,,up,,,,,,,,,,,,,,,,,,,,,,,,,,,,,,,,,,,,up,,,,,,,,,,,up,,,,,,,,,,,,,,,,,,,,,,,,,up,,,,,,,,,,,,,,,,,,,,,,,,,meh,,,
"Wakey, Wakey",2017-02-27,,0,0,1,1,0,0,,,,,,,,,,,,,,,,,,,,,,,,,,,,,,,,,,,,,,,,,,,,,,,,,,up,,,,,,,,,,,,,,,,,,,,,,,,,,,,,,,,,,,,,,,,,,,,,,,,,,,,,
The Skin of Our Teeth (2017),2017-02-28,,0,0,1,1,0,0,,,,,,,,,,,,,,,,,,,,,,,,,,,,,,,,,,,,,,,,,,,,,,,,,,up,,,,,,,,,,,,,,,,,,,,,,,,,,,,,,,,,,,,,,,,,,,,,,,,,,,,,
Linda,2017-02-28,,0,0,1,0,1,0,,,,,,,,,,,,,,,,,,,,,,,,,,,,,,,,,,,,,,,,,,,,,,,,,,meh,,,,,,,,,,,,,,,,,,,,,,,,,,,,,,,,,,,,,,,,,,,,,,,,,,,,,
Sweeney Todd (2017),2017-03-01,,0,0,1,0,1,0,,,,,,,,,,,,,,,,,,,,,,,,,,,,,,,,,,,,,,,,,,,,,,,,,,meh,,,,,,,,,,,,,,,,,,,,,,,,,,,,,,,,,,,,,,,,,,,,,,,,,,,,,
Significant Other,2017-03-02,,0,0,5,4,1,0,,,up,,,,,,,,,,,,,,,,,,,,,,,,up,,,,,,,,,,,,up,,,,,,,,,,,meh,,,up,,,,,,,,,,,,,,,,,,,,,,,,,,,,,,,,,,,,,,,,,,,,,,,,,,
The Glass Menagerie (2017),2017-03-09,,0,0,5,3,1,1,,,meh,,,,,,,,,,,,,,,,,up,,up,,,,,,,,,,,,,,,,,,,,,,,,,,,,down,,,,,,,,,,,,,,,,,,,,,,,,,,,,,,,,,,,,,,,,,,,,up,,,,,,,,,
Come From Away,2017-03-12,,0,0,5,4,1,0,,,meh,,,,,,,,,,,,,,,,,,,up,,,,,,,,,,,,,,,up,,,,,,,,,,,,,up,,,,,,,,,,,,,,,,,,,,,,,,,,,,,,,,,,,,,,,,,,,,up,,,,,,,,,
The Terrifying,2017-03-12,,0,0,0,0,0,0,,,,,,,,,,,,,,,,,,,,,,,,,,,,,,,,,,,,,,,,,,,,,,,,,,,,,,,,,,,,,,,,,,,,,,,,,,,,,,,,,,,,,,,,,,,,,,,,,,,,,,,
The Moors,2017-03-13,,0,0,1,0,1,0,,,,,,,,,,,,,,,,,,,,,,,,,,,,,,,,,,,,,,,,,,,,,,,,,,meh,,,,,,,,,,,,,,,,,,,,,,,,,,,,,,,,,,,,,,,,,,,,,,,,,,,,,
The Light Years,2017-03-13,,0,0,1,0,1,0,,,,,,,,,,,,,,,,,,,,,,,,,,,,,,,,,,,,,,,,,,,,,,,,,,meh,,,,,,,,,,,,,,,,,,,,,,,,,,,,,,,,,,,,,,,,,,,,,,,,,,,,,
"Sundown, Yellow Moon",2017-03-14,,0,0,1,1,0,0,,,,,,,,,,,,,,,,,,,,,,,,,,,,,,,,,,,,,,,,,,,,,,,,,,up,,,,,,,,,,,,,,,,,,,,,,,,,,,,,,,,,,,,,,,,,,,,,,,,,,,,,
Joan of Arc: Into the Fire,2017-03-15,,0,0,1,0,0,1,,,,,,,,,,,,,,,,,,,,,,,,,,,,,,,,,,,,,,,,,,,,,,,,,,down,,,,,,,,,,,,,,,,,,,,,,,,,,,,,,,,,,,,,,,,,,,,,,,,,,,,,
Arthur Miller's The Price,2017-03-16,,0,0,5,0,5,0,,,,,,,,,,,,,,,,,,,,meh,,meh,,,,,,,,,,,,,,,,,meh,,,,,,,,,,,meh,,,,,,,,,,,,,,,,,,,,,,,,,,,,,,,,,,,,,,,,,,,,meh,,,,,,,,,
How to Transcend a Happy Marriage,2017-03-20,,0,0,1,0,1,0,,,,,,,,,,,,,,,,,,,,,,,,,,,,,,,,,,,,,,,,,,,,,,,,,,meh,,,,,,,,,,,,,,,,,,,,,,,,,,,,,,,,,,,,,,,,,,,,,,,,,,,,,
The New Yorkers,2017-03-22,,0,0,1,1,0,0,,,,,,,,,,,,,,,,,,,,,,,,,,,,,,,,,,,,,,,,,,,,,,,,,,up,,,,,,,,,,,,,,,,,,,,,,,,,,,,,,,,,,,,,,,,,,,,,,,,,,,,,
Miss Saigon,2017-03-23,,0,0,5,2,2,1,,,up,,,,,,,,,,,,,,,,,,,meh,,,,,up,,,,,,,,,,meh,,,,,,,,,,,,,down,,,,,,,,,,,,,,,,,,,,,,,,,,,,,,,,,,,,,,,,,,,,,,,,,,,,,
Sweat (2017),2017-03-26,,0,0,5,3,1,1,,,up,,,,,,,,,,,,,,,,,,,up,,,,,,,,,,,,,,,,,down,,,,,,,,,,,meh,,,,,,,,,,,,,,,,,,,,,,,,,,,,,,,,,,,,,,,,,,,,up,,,,,,,,,
Latin History for Morons,2017-03-27,,0,0,1,1,0,0,,,,,,,,,,,,,,,,,,,,,,,,,,,,,,,,,,,,,,,,,,,,,,,,,,up,,,,,,,,,,,,,,,,,,,,,,,,,,,,,,,,,,,,,,,,,,,,,,,,,,,,,
The Hairy Ape,2017-03-30,,0,0,1,1,0,0,,,,,,,,,,,,,,,,,,,,,,,,,,,,,,,,,,,,,,,,,,,,,,,,,,up,,,,,,,,,,,,,,,,,,,,,,,,,,,,,,,,,,,,,,,,,,,,,,,,,,,,,
The Play That Goes Wrong,2017-04-02,,0,0,5,2,3,0,,,up,,,,,,,,,,,,,,,,,meh,,,,,,,,,,,,,,,,,,,,,,,,,,,,,,meh,,,,,,,,,,,,,,,,,,,,,,,,,,,,,,,,,,,,,,,,,,,,meh,,,,up,,,,,
Amélie,2017-04-03,,0,0,5,1,4,0,,,meh,,,,,,,,,,,,,,,,,up,,,,,,,,,,,,,,,,,,,,,,,,,,,,,,meh,,,,,,,,,,,,,,,,,,,,,,meh,,,,,,,,,,,,,,,,,,,,,,meh,,,,,,,,,
Present Laughter,2017-04-05,,0,0,5,2,3,0,,,meh,,,,,,,,,,,,,,,,,,,up,,,,,,,,,,,,,,,,,,,,,,,,,,,,meh,,,,,,,,,,,,,,,,,,,,,,,,,,,,,meh,,,,,,,,,,,,,,,up,,,,,,,,,
War Paint,2017-04-06,,0,0,5,2,3,0,,,,,,,,,,,,,,,,,,,,,,up,,,,,,,,,,,,,,,,,meh,,,,,,,,,,,meh,,,up,,,,,,,,,,,,,,,,,,,,,,,,,,,,,,,,,,,,,,,,,,,,,meh,,,,,
Oslo,2017-04-13,,0,0,5,4,1,0,,,meh,,,,,,,,,,,,,,,,,,,,,,,,,,,,,,,,,,,,,,,,,,,,,,,up,,,,,,,,,,,,,,,,,,,,,,,,,up,,,,,,,,,,,,,,,,,,,up,,,,up,,,,,
Samara,2017-04-16,,0,0,1,1,0,0,,,,,,,,,,,,,,,,,,,,,,,,,,,,,,,,,,,,,,,,,,,,,,,,,,,,,,,,,,,,,up,,,,,,,,,,,,,,,,,,,,,,,,,,,,,,,,,,,,,,,,,,
Groundhog Day,2017-04-17,,0,0,5,4,1,0,,,,,,,,,,,,,,,up,,,,,,,up,,,,,,,,,,,,,,,up,,,,,,,,,,,,,up,,,,,,,,,,,,,,,,,,,,,,,,,,,,,,,,,,,,,,,,,,,,meh,,,,,,,,,
Indecent,2017-04-18,,0,0,5,5,0,0,,,,,,,,,,,,,,,,,,,,up,,,,,,,,,,,,,,,,,,,up,,,,,,,,,,,up,,,up,,,,,,,,,,,,,,,,,,,,,,,,,,,,,,,,,,,,,,,,,up,,,,,,,,,
The Little Foxes,2017-04-19,,0,0,5,5,0,0,,,up,,,,,,,,,,,,,,,,,up,,,,,,,,,,,,,,,,,,,,,,,,,,,,,,up,,,up,,,,,,,,,,,,,,,,,,,,,,,,,,,,,,,,,,,,,,,,,up,,,,,,,,,
"Hello, Dolly!",2017-04-20,,0,0,5,4,0,1,,,,,,,,,,,,,,,,,,,,,,up,,,,,,,up,,,,,,,,,,,,,,,,,,,,,up,,,,,,,,,,,,,,,,,,,,,,,,,,,,,,,,,,,,,,,,,,,,,,,,up,,,down,,
Charlie and the Chocolate Factory,2017-04-23,,0,0,5,0,2,3,,,,,,,,,,,,,,,down,,,,,meh,,,,,,,,,,,,,,,,,down,,,,,,,,,,,,,meh,,,,,,,,,,,,,,,,,,,,,,,,,,,,,,,,,,,,,,,,,,,,down,,,,,,,,,
The Antipodes,2017-04-23,,0,0,1,1,0,0,,,,,,,,,,,,,,,,,,,,,,,,,,,,,,,,,,,,,,,,,,,,,,,,,,,,,,,,,,,,,up,,,,,,,,,,,,,,,,,,,,,,,,,,,,,,,,,,,,,,,,,,
Anastasia,2017-04-24,,0,0,5,3,1,1,,,up,,,,,,,,,,,,,,,,,,,meh,,,,,,,,,,,,,,,up,,,,,,,,,,,,,down,,,,,,,,,,,,,,,,,,,,,,,,,,,,,,,,,,,,,,,,,,,,up,,,,,,,,,
Six Degrees of Separation,2017-04-25,,0,0,5,4,1,0,,,up,,,,,,,,,,,,,,,,,up,,up,,,,,,,,,,,,,,,,,,,,,,,,,,,,meh,,,up,,,,,,,,,,,,,,,,,,,,,,,,,,,,,,,,,,,,,,,,,,,,,,,,,,
Hamlet. A Version,2017-04-25,,0,0,1,0,0,1,,,,,,,,,,,,,,,,,,,,,,,,,,,,,,,,,,,,,,,,,,,,,,,,,,down,,,,,,,,,,,,,,,,,,,,,,,,,,,,,,,,,,,,,,,,,,,,,,,,,,,,,
Fossils,2017-04-25,,0,0,0,0,0,0,,,,,,,,,,,,,,,,,,,,,,,,,,,,,,,,,,,,,,,,,,,,,,,,,,,,,,,,,,,,,,,,,,,,,,,,,,,,,,,,,,,,,,,,,,,,,,,,,,,,,,,
Bandstand,2017-04-26,,0,0,5,2,2,1,,,up,,,,,,,,,,,,,,,,,,,,,,,,down,,,,,,,,,,,,,,,,,,,,,,,meh,,,,,,,,,,,,,,,,,,,,,,,,,,,,,,,,,,,,,,,,,,,,up,,,,meh,,,,,
"A Doll's House, Part 2",2017-04-27,,0,0,5,4,1,0,,,meh,,,,,,,,,,,,,,,,,,,up,,,,,,,,,,,,,,,,,,,,,,,,,,,,up,,,up,,,,,,,,,,,,,,,,,,,,,,,,,,,,,,,,,,,,,,,,,up,,,,,,,,,
Twelfth Night (Public Theater Mobile Unit),2017-04-27,,0,0,1,0,0,1,,,,,,,,,,,,,,,,,,,,,,,,,,,,,,,,,,,,,,,,,,,,,,,,,,down,,,,,,,,,,,,,,,,,,,,,,,,,,,,,,,,,,,,,,,,,,,,,,,,,,,,,
The Dreyfus Affair,2017-04-27,,0,0,1,0,1,0,,,,,,,,,,,,,,,,,,,,,,,,,,,,,,,,,,,,,,,,,,,,,,,,,,,,,,,,,,,,,meh,,,,,,,,,,,,,,,,,,,,,,,,,,,,,,,,,,,,,,,,,,
Arlington,2017-05-03,,0,0,0,0,0,0,,,,,,,,,,,,,,,,,,,,,,,,,,,,,,,,,,,,,,,,,,,,,,,,,,,,,,,,,,,,,,,,,,,,,,,,,,,,,,,,,,,,,,,,,,,,,,,,,,,,,,,
Happy Days (2017),2017-05-04,,0,0,1,1,0,0,,,,,,,,,,,,,,,,,,,,,,,,,,,,,,,,,,,,,,,,,,,,,,,,,,,,,,,,,,,,,up,,,,,,,,,,,,,,,,,,,,,,,,,,,,,,,,,,,,,,,,,,
Pacific Overtures (CSC),2017-05-04,,0,0,1,1,0,0,,,,,,,,,,,,,,,,,,,,,,,,,,,,,,,,,,,,,,,,,,,,,,,,,,,,,,,,,,,,,up,,,,,,,,,,,,,,,,,,,,,,,,,,,,,,,,,,,,,,,,,,
Seven Spots on the Sun,2017-05-04,,0,0,0,0,0,0,,,,,,,,,,,,,,,,,,,,,,,,,,,,,,,,,,,,,,,,,,,,,,,,,,,,,,,,,,,,,,,,,,,,,,,,,,,,,,,,,,,,,,,,,,,,,,,,,,,,,,,
Iphigenia in Splott,2017-05-09,,0,0,0,0,0,0,,,,,,,,,,,,,,,,,,,,,,,,,,,,,,,,,,,,,,,,,,,,,,,,,,,,,,,,,,,,,,,,,,,,,,,,,,,,,,,,,,,,,,,,,,,,,,,,,,,,,,,
The Golden Apple,2017-05-10,,0,0,1,1,0,0,,,,,,,,,,,,,,,,,,,,,,,,,,,,,,,,,,,,,,,,,,,,,,,,,,up,,,,,,,,,,,,,,,,,,,,,,,,,,,,,,,,,,,,,,,,,,,,,,,,,,,,,
Heartbreak House-Hartford,2017-05-11,,0,0,0,0,0,0,,,,,,,,,,,,,,,,,,,,,,,,,,,,,,,,,,,,,,,,,,,,,,,,,,,,,,,,,,,,,,,,,,,,,,,,,,,,,,,,,,,,,,,,,,,,,,,,,,,,,,,
The Marriage of Alice B. Toklas by Gertrude Stein,2017-05-14,,0,0,1,1,0,0,,,,,,,,,,,,,,,,,,,,,,,,,,,,,,,,,,,,,,,,,,,,,,,,,,,,,,,,,,,,,up,,,,,,,,,,,,,,,,,,,,,,,,,,,,,,,,,,,,,,,,,,
Venus,2017-05-15,,0,0,2,1,1,0,,,,,,,,,,,,,,,,,,,,,,,,,,,,,,,,,,,,,,,,,,,,,,,,,,meh,,,,,,,,,,,,,,,,,,,,,,,,,,,,,,,,,,,,,,,,,,,,up,,,,,,,,,
The Boy Who Danced On Air,2017-05-15,,0,0,0,0,0,0,,,,,,,,,,,,,,,,,,,,,,,,,,,,,,,,,,,,,,,,,,,,,,,,,,,,,,,,,,,,,,,,,,,,,,,,,,,,,,,,,,,,,,,,,,,,,,,,,,,,,,,
Sojourners & Her Portmanteau,2017-05-16,,0,0,1,1,0,0,,,,,,,,,,,,,,,,,,,,,,,,,,,,,,,,,,,,,,,,,,,,,,,,,,,,,,,,,,,,,up,,,,,,,,,,,,,,,,,,,,,,,,,,,,,,,,,,,,,,,,,,
Derren Brown: Secret,2017-05-16,,0,0,1,1,0,0,,,,,,,,,,,,,,,,,,,,,,,,,,,,,,,,,,,,,,,,,,,,,,,,,,,,,,,,,,,,,up,,,,,,,,,,,,,,,,,,,,,,,,,,,,,,,,,,,,,,,,,,
The Whirligig,2017-05-21,,0,0,1,0,1,0,,,,,,,,,,,,,,,,,,,,,,,,,,,,,,,,,,,,,,,,,,,,,,,,,,meh,,,,,,,,,,,,,,,,,,,,,,,,,,,,,,,,,,,,,,,,,,,,,,,,,,,,,
Hamlet (Waterwell),2017-05-21,,0,0,1,1,0,0,,,,,,,,,,,,,,,,,,,,,,,,,,,,,,,,,,,,,,,,,,,,,,,,,,up,,,,,,,,,,,,,,,,,,,,,,,,,,,,,,,,,,,,,,,,,,,,,,,,,,,,,
Building The Wall,2017-05-21,,0,0,1,0,1,0,,,,,,,,,,,,,,,,,,,,,,,,,,,,,,,,,,,,,,,,,,,,,,,,,,meh,,,,,,,,,,,,,,,,,,,,,,,,,,,,,,,,,,,,,,,,,,,,,,,,,,,,,
Can You Forgive Her?,2017-05-23,,0,0,1,0,0,1,,,,,,,,,,,,,,,,,,,,,,,,,,,,,,,,,,,,,,,,,,,,,,,,,,down,,,,,,,,,,,,,,,,,,,,,,,,,,,,,,,,,,,,,,,,,,,,,,,,,,,,,
Julius Caesar- The Public,2017-05-23,,0,0,0,0,0,0,,,,,,,,,,,,,,,,,,,,,,,,,,,,,,,,,,,,,,,,,,,,,,,,,,,,,,,,,,,,,,,,,,,,,,,,,,,,,,,,,,,,,,,,,,,,,,,,,,,,,,,
The Government Inspector- Red Bull Theater,2017-06-01,,0,0,1,1,0,0,,,,,,,,,,,,,,,,,,,,,,,,,,,,,,,,,,,,,,,,,,,,,,,,,,up,,,,,,,,,,,,,,,,,,,,,,,,,,,,,,,,,,,,,,,,,,,,,,,,,,,,,
Kill Move Paradise,2017-06-03,,0,0,0,0,0,0,,,,,,,,,,,,,,,,,,,,,,,,,,,,,,,,,,,,,,,,,,,,,,,,,,,,,,,,,,,,,,,,,,,,,,,,,,,,,,,,,,,,,,,,,,,,,,,,,,,,,,,
The End of Longing,2017-06-05,,0,0,1,0,0,1,,,,,,,,,,,,,,,,,,,,,,,,,,,,,,,,,,,,,,,,,,,,,,,,,,down,,,,,,,,,,,,,,,,,,,,,,,,,,,,,,,,,,,,,,,,,,,,,,,,,,,,,
Raw Bacon From Poland,2017-06-05,,0,0,1,1,0,0,,,,,,,,,,,,,,,,,,,,,,,,,,,,,,,,,,,,,,,,,,,,,,,,,,up,,,,,,,,,,,,,,,,,,,,,,,,,,,,,,,,,,,,,,,,,,,,,,,,,,,,,
Master,2017-06-05,,0,0,1,1,0,0,,,,,,,,,,,,,,,,,,,,,,,,,,,,,,,,,,,,,,,,,,,,,,,,,,up,,,,,,,,,,,,,,,,,,,,,,,,,,,,,,,,,,,,,,,,,,,,,,,,,,,,,
Of Government,2017-06-05,,0,0,0,0,0,0,,,,,,,,,,,,,,,,,,,,,,,,,,,,,,,,,,,,,,,,,,,,,,,,,,,,,,,,,,,,,,,,,,,,,,,,,,,,,,,,,,,,,,,,,,,,,,,,,,,,,,,
Animal-Atlantic Theater Company,2017-06-06,,0,0,1,1,0,0,,,,,,,,,,,,,,,,,,,,,,,,,,,,,,,,,,,,,,,,,,,,,,,,,,up,,,,,,,,,,,,,,,,,,,,,,,,,,,,,,,,,,,,,,,,,,,,,,,,,,,,,
Cost of Living,2017-06-07,,0,0,1,1,0,0,,,,,,,,,,,,,,,,,,,,,,,,,,,,,,,,,,,,,,,,,,,,,,,,,,up,,,,,,,,,,,,,,,,,,,,,,,,,,,,,,,,,,,,,,,,,,,,,,,,,,,,,
The Traveling Lady- Cherry Lane,2017-06-07,,0,0,0,0,0,0,,,,,,,,,,,,,,,,,,,,,,,,,,,,,,,,,,,,,,,,,,,,,,,,,,,,,,,,,,,,,,,,,,,,,,,,,,,,,,,,,,,,,,,,,,,,,,,,,,,,,,,
Bella: An American Tall Tale,2017-06-12,,0,0,1,0,1,0,,,,,,,,,,,,,,,,,,,,,,,,,,,,,,,,,,,,,,,,,,,,,,,,,,meh,,,,,,,,,,,,,,,,,,,,,,,,,,,,,,,,,,,,,,,,,,,,,,,,,,,,,
Ghost Light,2017-06-19,,0,0,1,1,0,0,,,,,,,,,,,,,,,,,,,,,,,,,,,,,,,,,,,,,,,,,,,,,,,,,,up,,,,,,,,,,,,,,,,,,,,,,,,,,,,,,,,,,,,,,,,,,,,,,,,,,,,,
Fulfillment Center,2017-06-20,,0,0,1,1,0,0,,,,,,,,,,,,,,,,,,,,,,,,,,,,,,,,,,,,,,,,,,,,,,,,,,up,,,,,,,,,,,,,,,,,,,,,,,,,,,,,,,,,,,,,,,,,,,,,,,,,,,,,
1984,2017-06-22,,0,0,5,3,2,0,,,up,,,,,,,,,,,,,,,,,,,meh,,,,,,,,,,,,,,,,,,,,,,,,,,,,meh,,,up,,,,,,,,,,,,,,,,,,,,,,,,,,,,,,,,,,,,,,,,,up,,,,,,,,,
Measure for Measure-TFANA,2017-06-25,,0,0,1,0,0,1,,,,,,,,,,,,,,,,,,,,,,,,,,,,,,,,,,,,,,,,,,,,,,,,,,down,,,,,,,,,,,,,,,,,,,,,,,,,,,,,,,,,,,,,,,,,,,,,,,,,,,,,
"Napoli, Brooklyn",2017-06-27,,0,0,1,0,1,0,,,,,,,,,,,,,,,,,,,,,,,,,,,,,,,,,,,,,,,,,,,,,,,,,,meh,,,,,,,,,,,,,,,,,,,,,,,,,,,,,,,,,,,,,,,,,,,,,,,,,,,,,
Marvin's Room,2017-06-29,,0,0,5,1,3,1,,,,,,,,,,,,,,,,,,,,,,meh,,,,,,,,,,,,,,,,,meh,,,,,,,,,,,down,,,meh,,,,,,,,,,,,,,,,,,,,,,,,,,,,,,,,,,,,,,,,,up,,,,,,,,,
Kim's Convenience,2017-07-01,,0,0,0,0,0,0,,,,,,,,,,,,,,,,,,,,,,,,,,,,,,,,,,,,,,,,,,,,,,,,,,,,,,,,,,,,,,,,,,,,,,,,,,,,,,,,,,,,,,,,,,,,,,,,,,,,,,,
Spoon River,2017-07-07,,0,0,0,0,0,0,,,,,,,,,,,,,,,,,,,,,,,,,,,,,,,,,,,,,,,,,,,,,,,,,,,,,,,,,,,,,,,,,,,,,,,,,,,,,,,,,,,,,,,,,,,,,,,,,,,,,,,
Pipeline,2017-07-10,,0,0,1,0,1,0,,,,,,,,,,,,,,,,,,,,,,,,,,,,,,,,,,,,,,,,,,,,,,,,,,meh,,,,,,,,,,,,,,,,,,,,,,,,,,,,,,,,,,,,,,,,,,,,,,,,,,,,,
Opening Skinner's Box,2017-07-10,,0,0,1,1,0,0,,,,,,,,,,,,,,,,,,,,,,,,,,,,,,,,,,,,,,,,,,,,,,,,,,up,,,,,,,,,,,,,,,,,,,,,,,,,,,,,,,,,,,,,,,,,,,,,,,,,,,,,
A Midsummer's Night Dream-The Public Theater,2017-07-11,,0,0,0,0,0,0,,,,,,,,,,,,,,,,,,,,,,,,,,,,,,,,,,,,,,,,,,,,,,,,,,,,,,,,,,,,,,,,,,,,,,,,,,,,,,,,,,,,,,,,,,,,,,,,,,,,,,,
A Parallelogram,2017-07-11,,0,0,0,0,0,0,,,,,,,,,,,,,,,,,,,,,,,,,,,,,,,,,,,,,,,,,,,,,,,,,,,,,,,,,,,,,,,,,,,,,,,,,,,,,,,,,,,,,,,,,,,,,,,,,,,,,,,
Assassins-City Center,2017-07-12,,0,0,1,1,0,0,,,,,,,,,,,,,,,,,,,,,,,,,,,,,,,,,,,,,,,,,,,,,,,,,,up,,,,,,,,,,,,,,,,,,,,,,,,,,,,,,,,,,,,,,,,,,,,,,,,,,,,,
Hamlet-Public,2017-07-13,,0,0,1,1,0,0,,,,,,,,,,,,,,,,,,,,,,,,,,,,,,,,,,,,,,,,,,,,,,,,,,up,,,,,,,,,,,,,,,,,,,,,,,,,,,,,,,,,,,,,,,,,,,,,,,,,,,,,
While I Was Waiting,2017-07-19,,0,0,1,1,0,0,,,,,,,,,,,,,,,,,,,,,,,,,,,,,,,,,,,,,,,,,,,,,,,,,,up,,,,,,,,,,,,,,,,,,,,,,,,,,,,,,,,,,,,,,,,,,,,,,,,,,,,,
Cat on a Hot Tin Roof (London 2017),2017-07-24,,0,0,1,1,0,0,,,,,,,,,,,,,,,,,,,,,,,,,,,,,,,,,,,,,,,,,,,,,,,,,,up,,,,,,,,,,,,,,,,,,,,,,,,,,,,,,,,,,,,,,,,,,,,,,,,,,,,,
Girl From the North Country (London),2017-07-26,,0,0,1,1,0,0,,,,,,,,,,,,,,,,,,,,,,,,,,,,,,,,,,,,,,,,,,,,,,,,,,up,,,,,,,,,,,,,,,,,,,,,,,,,,,,,,,,,,,,,,,,,,,,,,,,,,,,,
Bubbly Black Girl Sheds Her Chameleon Skin,2017-07-26,,0,0,1,1,0,0,,,,,,,,,,,,,,,,,,,,,,,,,,,,,,,,,,,,,,,,,,,,,,,,,,up,,,,,,,,,,,,,,,,,,,,,,,,,,,,,,,,,,,,,,,,,,,,,,,,,,,,,
Really Rosie,2017-08-02,,0,0,1,0,0,1,,,,,,,,,,,,,,,,,,,,,,,,,,,,,,,,,,,,,,,,,,,,,,,,,,down,,,,,,,,,,,,,,,,,,,,,,,,,,,,,,,,,,,,,,,,,,,,,,,,,,,,,
The Terms of My Surrender,2017-08-10,,0,0,5,0,2,3,,,meh,,,,,,,,,,,,,,,,,,,,,,,,,,down,,,,,,,,,,,,,,,,,,,,,down,,,down,,,,,,,,,,,,,,,,,,,,,,,,,,meh,,,,,,,,,,,,,,,,,,,,,,,,
Van Gogh's Ear,2017-08-17,,0,0,1,1,0,0,,,,,,,,,,,,,,,,,,,,,,,,,,,,,,,,,,,,,,,,,,,,,,,,,,up,,,,,,,,,,,,,,,,,,,,,,,,,,,,,,,,,,,,,,,,,,,,,,,,,,,,,
Frozen,2017-08-17,,0,0,0,0,0,0,,,,,,,,,,,,,,,,,,,,,,,,,,,,,,,,,,,,,,,,,,,,,,,,,,,,,,,,,,,,,,,,,,,,,,,,,,,,,,,,,,,,,,,,,,,,,,,,,,,,,,,
Prince of Broadway,2017-08-24,,0,0,5,0,4,1,,,meh,,,,,,,,,,,,,,,,,meh,,,,,,,,,,,,,,,,,,,,,,,,,,,,,,down,,,,,,meh,,,,,,,,,,,,,,,,,,,,,,,,,,,,,,,,,,,,,,meh,,,,,,,,,
Inanimate,2017-08-30,,0,0,1,1,0,0,,,,,,,,,,,,,,,,,,,,,,,,,,,,,,,,,,,,,,,,,,,,,,,,,,up,,,,,,,,,,,,,,,,,,,,,,,,,,,,,,,,,,,,,,,,,,,,,,,,,,,,,
"The Rape of the Sabine Women, by Grace B. Matthias",2017-09-10,,0,0,1,0,1,0,,,,,,,,,,,,,,,,,,,,,,,,,,,,,,,,,,,,,,,,,,,,,,,,,,,,,,,,,,,,,meh,,,,,,,,,,,,,,,,,,,,,,,,,,,,,,,,,,,,,,,,,,
_______ A,2017-09-11,,0,0,1,1,0,0,,,,,,,,,,,,,,,,,,,,,,,,,,,,,,,,,,,,,,,,,,,,,,,,,,,,,,,,,,,,,up,,,,,,,,,,,,,,,,,,,,,,,,,,,,,,,,,,,,,,,,,,
On the Shore of the Wide World,2017-09-12,,0,0,1,1,0,0,,,,,,,,,,,,,,,,,,,,,,,,,,,,,,,,,,,,,,,,,,,,,,,,,,up,,,,,,,,,,,,,,,,,,,,,,,,,,,,,,,,,,,,,,,,,,,,,,,,,,,,,
For Peter Pan on her 70th Birthday,2017-09-13,,0,0,1,0,0,1,,,,,,,,,,,,,,,,,,,,,,,,,,,,,,,,,,,,,,,,,,,,,,,,,,down,,,,,,,,,,,,,,,,,,,,,,,,,,,,,,,,,,,,,,,,,,,,,,,,,,,,,
In the Blood,2017-09-17,,0,0,1,1,0,0,,,,,,,,,,,,,,,,,,,,,,,,,,,,,,,,,,,,,,,,,,,,,,,,,,up,,,,,,,,,,,,,,,,,,,,,,,,,,,,,,,,,,,,,,,,,,,,,,,,,,,,,
Charm,2017-09-18,,0,0,1,0,1,0,,,,,,,,,,,,,,,,,,,,,,,,,,,,,,,,,,,,,,,,,,,,,,,,,,meh,,,,,,,,,,,,,,,,,,,,,,,,,,,,,,,,,,,,,,,,,,,,,,,,,,,,,
The Merchant Of Venice,2017-09-19,,0,0,0,0,0,0,,,,,,,,,,,,,,,,,,,,,,,,,,,,,,,,,,,,,,,,,,,,,,,,,,,,,,,,,,,,,,,,,,,,,,,,,,,,,,,,,,,,,,,,,,,,,,,,,,,,,,,
KPOP,2017-09-22,,0,0,1,0,1,0,,,,,,,,,,,,,,,,,,,,,,,,,,,,,,,,,,,,,,,,,,,,,,,,,,meh,,,,,,,,,,,,,,,,,,,,,,,,,,,,,,,,,,,,,,,,,,,,,,,,,,,,,
Mary Jane,2017-09-25,,0,0,1,1,0,0,,,,,,,,,,,,,,,,,,,,,,,,,,,,,,,,,,,,,,,,,,,,,,,,,,up,,,,,,,,,,,,,,,,,,,,,,,,,,,,,,,,,,,,,,,,,,,,,,,,,,,,,
The Treasurer,2017-09-26,,0,0,1,1,0,0,up,,,,,,,,,,,,,,,,,,,,,,,,,,,,,,,,,,,,,,,,,,,,,,,,,,,,,,,,,,,,,,,,,,,,,,,,,,,,,,,,,,,,,,,,,,,,,,,,,,,,,,
Breeders,2017-09-27,,0,0,0,0,0,0,,,,,,,,,,,,,,,,,,,,,,,,,,,,,,,,,,,,,,,,,,,,,,,,,,,,,,,,,,,,,,,,,,,,,,,,,,,,,,,,,,,,,,,,,,,,,,,,,,,,,,,
As You Like It (2017),2017-09-28,,0,0,1,0,0,1,,,,,,,,,,,,,,,,,,,,,,,,,,,,,,,,,,,,,,,,,,,,,,,,,,down,,,,,,,,,,,,,,,,,,,,,,,,,,,,,,,,,,,,,,,,,,,,,,,,,,,,,
Discord,2017-10-01,,0,0,1,0,0,1,,,,,,,,,,,,,,,,,,,,,,,,,,,,,,,,,,,,,,,,,,,,,,,,,,down,,,,,,,,,,,,,,,,,,,,,,,,,,,,,,,,,,,,,,,,,,,,,,,,,,,,,
Too Heavy For Your Pocket,2017-10-05,,0,0,1,0,1,0,,,,,,,,,,,,,,,,,,,,,,,,,,,,,,,,,,,,,,,,,,,,,,,,,,meh,,,,,,,,,,,,,,,,,,,,,,,,,,,,,,,,,,,,,,,,,,,,,,,,,,,,,
Time and the Conways,2017-10-08,,0,0,5,1,4,0,,,meh,,,,,,,,,,,,,,,,,,,up,,,,,meh,,,,,,,,,,,,,,,,,,,,,,,meh,,,,,,,,,,,,,,,,,,,,,,,,,,,,,,,,,,,,,,,,,,,,meh,,,,,,,,,
Measure For Measure,2017-10-10,,0,0,1,0,0,1,,,,,,,,,,,,,,,,,,,,,,,,,,,,,,,,,,,,,,,,,,,,,,,,,,down,,,,,,,,,,,,,,,,,,,,,,,,,,,,,,,,,,,,,,,,,,,,,,,,,,,,,
Richard III,2017-10-11,,0,0,1,1,0,0,,,,,,,,,,,,,,,,,,,,,,,,,,,,,,,,,,,,,,,,,,,,,,,,,,up,,,,,,,,,,,,,,,,,,,,,,,,,,,,,,,,,,,,,,,,,,,,,,,,,,,,,
Springsteen on Broadway,2017-10-12,,0,0,5,4,0,1,,,,,,,,,,,,,,,,,,,,,,up,,,,,,,,,,,,,,,,,,,,up,,,,,,,,up,,,,down,,,,,,,,,,,,,,,,,,,,,,,,,,,,,,,,,,,,,,,,up,,,,,,,,,
Animal Wisdom,2017-10-14,,0,0,1,1,0,0,,,,,,,,,,,,,,,,,,,,,,,,,,,,,,,,,,,,,,,,,,,,,,,,,,up,,,,,,,,,,,,,,,,,,,,,,,,,,,,,,,,,,,,,,,,,,,,,,,,,,,,,
Torch Song,2017-10-19,,0,0,1,1,0,0,,,,,,,,,,,,,,,,,,,,,,,,,,,,,,,,,,,,,,,,,,,,,,,,,,up,,,,,,,,,,,,,,,,,,,,,,,,,,,,,,,,,,,,,,,,,,,,,,,,,,,,,
"People, Places & Things",2017-10-19,,0,0,0,0,0,0,,,,,,,,,,,,,,,,,,,,,,,,,,,,,,,,,,,,,,,,,,,,,,,,,,,,,,,,,,,,,,,,,,,,,,,,,,,,,,,,,,,,,,,,,,,,,,,,,,,,,,,
Knives in Hens,2017-10-19,,0,0,0,0,0,0,,,,,,,,,,,,,,,,,,,,,,,,,,,,,,,,,,,,,,,,,,,,,,,,,,,,,,,,,,,,,,,,,,,,,,,,,,,,,,,,,,,,,,,,,,,,,,,,,,,,,,,
After the Blast,2017-10-23,,0,0,1,0,1,0,,,,,,,,,,,,,,,,,,,,,,,,,,,,,,,,,,,,,,,,,,,,,,,,,,meh,,,,,,,,,,,,,,,,,,,,,,,,,,,,,,,,,,,,,,,,,,,,,,,,,,,,,
"Jesus Hopped the ""A"" Train",2017-10-23,,0,0,1,1,0,0,,,,,,,,,,,,,,,,,,,,,,,,,,,,,,,,,,,,,,,,,,,,,,,,,,up,,,,,,,,,,,,,,,,,,,,,,,,,,,,,,,,,,,,,,,,,,,,,,,,,,,,,
The Last Match,2017-10-24,,0,0,1,1,0,0,,,,,,,,,,,,,,,,,,,,,,,,,,,,,,,,,,,,,,,,,,,,,,,,,,up,,,,,,,,,,,,,,,,,,,,,,,,,,,,,,,,,,,,,,,,,,,,,,,,,,,,,
Portuguese Kid,2017-10-24,,0,0,1,0,0,1,,,,,,,,,,,,,,,,,,,,,,,,,,,,,,,,,,,,,,,,,,,,,,,,,,down,,,,,,,,,,,,,,,,,,,,,,,,,,,,,,,,,,,,,,,,,,,,,,,,,,,,,
The B-Side,2017-10-25,,0,0,0,0,0,0,,,,,,,,,,,,,,,,,,,,,,,,,,,,,,,,,,,,,,,,,,,,,,,,,,,,,,,,,,,,,,,,,,,,,,,,,,,,,,,,,,,,,,,,,,,,,,,,,,,,,,,
M. Butterfly,2017-10-26,,0,0,5,1,0,4,,,down,,,,,,,,,,,,,,,,,,,,,,,,down,,,,,,,,,,,,down,,,,,,,,,,,down,,,up,,,,,,,,,,,,,,,,,,,,,,,,,,,,,,,,,,,,,,,,,,,,,,,,,,
Marcel + The Art of Laughter,2017-10-27,,0,0,0,0,0,0,,,,,,,,,,,,,,,,,,,,,,,,,,,,,,,,,,,,,,,,,,,,,,,,,,,,,,,,,,,,,,,,,,,,,,,,,,,,,,,,,,,,,,,,,,,,,,,,,,,,,,,
Illyria,2017-10-30,,0,0,1,0,1,0,,,,,,,,,,,,,,,,,,,,,,,,,,,,,,,,,,,,,,,,,,,,,,,,,,meh,,,,,,,,,,,,,,,,,,,,,,,,,,,,,,,,,,,,,,,,,,,,,,,,,,,,,
Junk,2017-11-02,,0,0,5,3,2,0,,,up,,,,,,,,,,,,up,,,,,,,,,,,,,,,,,,,,,,,,,,,,,,,,,,,meh,,,meh,,,,,,,,,,,,,,,,,,,,,,,,,,,,,,,,,,,,,,,,,up,,,,,,,,,
Uncommon Sense,2017-11-02,,0,0,1,0,1,0,,,,,,,,,,,,,,,,,,,,,,,,,,,,,,,,,,,,,,,,,,,,,,,,,,meh,,,,,,,,,,,,,,,,,,,,,,,,,,,,,,,,,,,,,,,,,,,,,,,,,,,,,
The Band's Visit,2017-11-09,,0,0,5,5,0,0,,,up,,,,,,,,,,,,,,,,,,,up,,,,,up,,,,,,,,,,,,,,,,,,,,,,,up,,,,,,,,,,,,,,,,,,,,,,,,,,,,,,,,,,,,,,,,,,,,up,,,,,,,,,
Network,2017-11-13,,0,0,1,0,1,0,,,,,,,,,,,,,,,,,,,,,,,,,,,,,,,,,,,,,,,,,,,,,,,,,,meh,,,,,,,,,,,,,,,,,,,,,,,,,,,,,,,,,,,,,,,,,,,,,,,,,,,,,
Actually,2017-11-14,,0,0,1,0,1,0,,,,,,,,,,,,,,,,,,,,,,,,,,,,,,,,,,,,,,,,,,,,,,,,,,meh,,,,,,,,,,,,,,,,,,,,,,,,,,,,,,,,,,,,,,,,,,,,,,,,,,,,,
Latin History For Morons,2017-11-15,,0,0,5,2,2,1,up,,meh,,,,,,,,,,,,,,,,,up,,,,,,,,,,,,,,,,,,,,,,,,,,,,,,down,,,meh,,,,,,,,,,,,,,,,,,,,,,,,,,,,,,,,,,,,,,,,,,,,,,,,,,
Hundred Days,2017-11-15,,0,0,0,0,0,0,,,,,,,,,,,,,,,,,,,,,,,,,,,,,,,,,,,,,,,,,,,,,,,,,,,,,,,,,,,,,,,,,,,,,,,,,,,,,,,,,,,,,,,,,,,,,,,,,,,,,,,
The Mad Ones,2017-11-16,,0,0,0,0,0,0,,,,,,,,,,,,,,,,,,,,,,,,,,,,,,,,,,,,,,,,,,,,,,,,,,,,,,,,,,,,,,,,,,,,,,,,,,,,,,,,,,,,,,,,,,,,,,,,,,,,,,,
School Girls,2017-11-19,,0,0,1,1,0,0,,,,,,,,,,,,,,,,,,,,,,,,,,,,,,,,,,,,,,,,,,,,,,,,,,up,,,,,,,,,,,,,,,,,,,,,,,,,,,,,,,,,,,,,,,,,,,,,,,,,,,,,
Home For the Holidays,2017-11-21,,0,0,3,0,0,3,,,,,,,,,,,,,,,,,,,,,,,,,,,down,,,,,,,,,,,,,,,,,,,,,,,down,,,,,,,,,,,,,,,,,,,,,,,,,,,,,,,,,,,,,,,,,,,,down,,,,,,,,,
The Fountainhead,2017-11-28,,0,0,1,1,0,0,,,,,,,,,,,,,,,,,,,,,,,,,,,,,,,,,,,,,,,,,,,,,,,,,,up,,,,,,,,,,,,,,,,,,,,,,,,,,,,,,,,,,,,,,,,,,,,,,,,,,,,,
Who's Holiday,2017-11-28,,0,0,0,0,0,0,,,,,,,,,,,,,,,,,,,,,,,,,,,,,,,,,,,,,,,,,,,,,,,,,,,,,,,,,,,,,,,,,,,,,,,,,,,,,,,,,,,,,,,,,,,,,,,,,,,,,,,
Today Is My Birthday,2017-11-28,,0,0,0,0,0,0,,,,,,,,,,,,,,,,,,,,,,,,,,,,,,,,,,,,,,,,,,,,,,,,,,,,,,,,,,,,,,,,,,,,,,,,,,,,,,,,,,,,,,,,,,,,,,,,,,,,,,,
Meteor Shower,2017-11-29,,0,0,5,1,2,2,,,,,,,,,,,,,,,,,,,,up,,meh,,,,,down,,,,,,,,,,,,,,,,,,,,,,,meh,,,,,,,,,,,,,,,,,,,,,,,,,,,,,,,,,,,,,,,,,,,,,,,,down,,,,,
Haruki Murakami's Sleep,2017-11-29,,0,0,1,1,0,0,,,,,,,,,,,,,,,,,,,,,,,,,,,,,,,,,,,,,,,,,,,,,,,,,,up,,,,,,,,,,,,,,,,,,,,,,,,,,,,,,,,,,,,,,,,,,,,,,,,,,,,,
Pirates of Penzance,2017-11-29,,0,0,1,1,0,0,,,,,,,,,,,,,,,,,,,,,,,,,,,,,,,,,,,,,,,,,,,,,,,,,,up,,,,,,,,,,,,,,,,,,,,,,,,,,,,,,,,,,,,,,,,,,,,,,,,,,,,,
The Parisian Woman,2017-11-30,,0,0,5,0,1,4,,,,,,,,,,,,,,,down,,,,,down,,,,,,,,,,,,,,,,,,,,,,,,,,,,,,down,,,,,,,,,,,,,,,,,,,,,,,,,,,,,meh,,,,,,,,,,,,,,,,,,,down,,,,,
Once On This Island,2017-12-03,,0,0,5,5,0,0,,,up,,,,,,,,,,,,up,,,,,up,,,,,,,up,,,,,,,,,,,,,,,,,,,,,,,up,,,,,,,,,,,,,,,,,,,,,,,,,,,,,,,,,,,,,,,,,,,,,,,,,,,,,
Downtown Race Riot,2017-12-03,,0,0,1,0,0,1,,,,,,,,,,,,,,,,,,,,,,,,,,,,,,,,,,,,,,,,,,,,,,,,,,down,,,,,,,,,,,,,,,,,,,,,,,,,,,,,,,,,,,,,,,,,,,,,,,,,,,,,
SpongeBob SquarePants,2017-12-04,,0,0,6,4,2,0,,,up,,,,,,,,,,,,meh,,,,,,,,,,,,up,up,,,,,,,,,,,,,,,,,,,,,,meh,,,,,,,,,,,,,,,,,,,,,,,,,,,,,,,,,,,,,,,,,,,,,,,,up,,,,,
Counting Sheep,2017-12-05,,0,0,1,0,0,1,,,,,,,,,,,,,,,,,,,,,,,,,,,,,,,,,,,,,,,,,,,,,,,,,,down,,,,,,,,,,,,,,,,,,,,,,,,,,,,,,,,,,,,,,,,,,,,,,,,,,,,,
Describe The Night,2017-12-05,,0,0,1,0,0,1,,,,,,,,,,,,,,,,,,,,,,,,,,,,,,,,,,,,,,,,,,,,,,,,,,down,,,,,,,,,,,,,,,,,,,,,,,,,,,,,,,,,,,,,,,,,,,,,,,,,,,,,
A Room in India,2017-12-05,,0,0,1,1,0,0,,,,,,,,,,,,,,,,,,,,,,,,,,,,,,,,,,,,,,,,,,,,,,,,,,up,,,,,,,,,,,,,,,,,,,,,,,,,,,,,,,,,,,,,,,,,,,,,,,,,,,,,
The Twilight Zone,2017-12-05,,0,0,0,0,0,0,,,,,,,,,,,,,,,,,,,,,,,,,,,,,,,,,,,,,,,,,,,,,,,,,,,,,,,,,,,,,,,,,,,,,,,,,,,,,,,,,,,,,,,,,,,,,,,,,,,,,,,
Home,2017-12-06,,0,0,1,1,0,0,,,,,,,,,,,,,,,,,,,,,,,,,,,,,,,,,,,,,,,,,,,,,,,,,,up,,,,,,,,,,,,,,,,,,,,,,,,,,,,,,,,,,,,,,,,,,,,,,,,,,,,,
Glass Guignol,2017-12-06,,0,0,0,0,0,0,,,,,,,,,,,,,,,,,,,,,,,,,,,,,,,,,,,,,,,,,,,,,,,,,,,,,,,,,,,,,,,,,,,,,,,,,,,,,,,,,,,,,,,,,,,,,,,,,,,,,,,
Jack and the Beanstalk,2017-12-06,,0,0,0,0,0,0,,,,,,,,,,,,,,,,,,,,,,,,,,,,,,,,,,,,,,,,,,,,,,,,,,,,,,,,,,,,,,,,,,,,,,,,,,,,,,,,,,,,,,,,,,,,,,,,,,,,,,,
Cruel Intentions,2017-12-11,,0,0,1,1,0,0,,,,,,,,,,,,,,,,,,,,,,,,,,,,,,,,,,,,,,,,,,,,,,,,,,up,,,,,,,,,,,,,,,,,,,,,,,,,,,,,,,,,,,,,,,,,,,,,,,,,,,,,
The Children,2017-12-12,,0,0,6,4,1,1,,,,,,,,,,,,,,,,,,,,,,up,,,,,down,meh,,,,,,,,,,,up,,,,,,,,,,,up,,,,,,,,,,,,,,,,,,,,,,,,,,,,,,,,,,,,,,,,,,,,,,,,,,up,,,
Farinelli and the King,2017-12-17,,0,0,5,3,2,0,,,,,,,,,,,,,,,up,,,,,up,,,,,,,meh,,,,,,,,,,,,meh,,,,,,,,,,,up,,,,,,,,,,,,,,,,,,,,,,,,,,,,,,,,,,,,,,,,,,,,,,,,,,,,,
John Lithgow: Stories By Heart,2018-01-11,,0,0,5,2,3,0,,,,,,,,,,,,,,,,,,,,meh,,meh,,,,,,,,,,,,,,,,,meh,,,,,,,,,,,up,,,,,,,,,,,,,,,,,,,,,,,,,,,,,,,,,,,,,,,,,,,,up,,,,,,,,,
He Brought Her Heart Back In A Box,2018-01-18,,0,0,0,0,0,0,,,,,,,,,,,,,,,,,,,,,,,,,,,,,,,,,,,,,,,,,,,,,,,,,,,,,,,,,,,,,,,,,,,,,,,,,,,,,,,,,,,,,,,,,,,,,,,,,,,,,,,
Balls,2018-01-25,,0,0,1,0,0,1,,,,,,,,,,,,,,,,,,,,,,,,,,,,,,,,,,,,,,,,,,,,,,,,,,down,,,,,,,,,,,,,,,,,,,,,,,,,,,,,,,,,,,,,,,,,,,,,,,,,,,,,
Cardinal,2018-01-30,,0,0,1,0,0,1,,,,,,,,,,,,,,,,,,,,,,,,,,,,,,,,,,,,,,,,,,,,,,,,,,down,,,,,,,,,,,,,,,,,,,,,,,,,,,,,,,,,,,,,,,,,,,,,,,,,,,,,
Fire and Air,2018-02-01,,0,0,1,0,0,1,,,,,,,,,,,,,,,,,,,,,,,,,,,,,,,,,,,,,,,,,,,,,,,,,,down,,,,,,,,,,,,,,,,,,,,,,,,,,,,,,,,,,,,,,,,,,,,,,,,,,,,,
Hangmen,2018-02-05,,0,0,1,1,0,0,,,,,,,,,,,,,,,,,,,,,,,,,,,,,,,,,,,,,,,,,,,,,,,,,,up,,,,,,,,,,,,,,,,,,,,,,,,,,,,,,,,,,,,,,,,,,,,,,,,,,,,,
In the Body of the World,2018-02-06,,0,0,1,0,0,1,,,,,,,,,,,,,,,,,,,,,,,,,,,,,,,,,,,,,,,,,,,,,,,,,,down,,,,,,,,,,,,,,,,,,,,,,,,,,,,,,,,,,,,,,,,,,,,,,,,,,,,,
"Hey, Look Me Over!",2018-02-07,,0,0,1,0,1,0,,,,,,,,,,,,,,,,,,,,,,,,,,,,,,,,,,,,,,,,,,,,,,,,,,meh,,,,,,,,,,,,,,,,,,,,,,,,,,,,,,,,,,,,,,,,,,,,,,,,,,,,,
The Amateurs,2018-02-27,,0,0,1,1,0,0,,,,,,,,,,,,,,,,,,,,,,,,,,,,,,,,,,,,,,,,,,,,,,,,,,up,,,,,,,,,,,,,,,,,,,,,,,,,,,,,,,,,,,,,,,,,,,,,,,,,,,,,
The Low Road,2018-03-07,,0,0,1,0,1,0,,,,,,,,,,,,,,,,,,,,,,,,,,,,,,,,,,,,,,,,,,,,,,,,,,meh,,,,,,,,,,,,,,,,,,,,,,,,,,,,,,,,,,,,,,,,,,,,,,,,,,,,,
Escape to Margaritaville,2018-03-15,,0,0,4,0,2,2,,,,,,,,,,,,,,,,,,,,,,meh,,,,,meh,,,,,,,,,,,,down,,,,,,,,,,,down,,,,,,,,,,,,,,,,,,,,,,,,,,,,,,,,,,,,,,,,,,,,,,,,,,,,,
Frozen,2018-03-22,,0,0,5,4,1,0,,,,,,,,,,,,,,,,,,,,up,,up,,,,,,,,,,,,,,,,,,,,,,,,,,,,meh,,,,,,up,,,,,,,,,,,,,,,,,,,,,,,,,,,,,,,,,,,,,,,,,,up,,,,,
Angels in America,2018-03-25,,0,0,4,4,0,0,,,,,,,,,,,,,,,,,,,,up,,up,,,,,,,,,,,,,,,,,,,,,,,,,,,,up,,,,,,,,,,,,,,,,,,,,,,,,,,,,,,,,,,,,,,,,,,,,,,,,up,,,,,
Lobby Hero,2018-03-26,,0,0,4,4,0,0,,,,,,,,,,,,,,,,,,,,,,up,,,,,up,,,,,,,,,,,,up,,,,,,,,,,,up,,,,,,,,,,,,,,,,,,,,,,,,,,,,,,,,,,,,,,,,,,,,,,,,,,,,,
Rocktopia,2018-03-27,,0,0,3,0,0,3,,,,,,,,,,,,,,,,,,,,,,,,,,,down,,,,,,,,,,,,down,,,,,,,,,,,down,,,,,,,,,,,,,,,,,,,,,,,,,,,,,,,,,,,,,,,,,,,,,,,,,,,,,
Three Tall Women,2018-03-29,,0,0,5,4,1,0,,,,,,,,,,,,,,,,,,,,up,,meh,,,,,up,,,,,,,,,,,,,,,,,,,,,,,,,,,,,,,,,,up,,,,,,,,,,,,,,,,,,,,,,,,,,,,,,,,,,,,,up,,,,,
The Sting,2018-03-29,,0,0,0,0,0,0,,,,,,,,,,,,,,,,,,,,,,,,,,,,,,,,,,,,,,,,,,,,,,,,,,,,,,,,,,,,,,,,,,,,,,,,,,,,,,,,,,,,,,,,,,,,,,,,,,,,,,,
Feeding the Dragon,2018-04-03,,0,0,1,0,1,0,,,,,,,,,,,,,,,,,,,,,,,,,,,,,,,,,,,,,,,,,,,,,,,,,,meh,,,,,,,,,,,,,,,,,,,,,,,,,,,,,,,,,,,,,,,,,,,,,,,,,,,,,
Bobbie Clearly,2018-04-03,,0,0,1,0,1,0,,,,,,,,,,,,,,,,,,,,,,,,,,,,,,,,,,,,,,,,,,,,,,,,,,meh,,,,,,,,,,,,,,,,,,,,,,,,,,,,,,,,,,,,,,,,,,,,,,,,,,,,,
"Aloha, Aloha, or When I Was Queen",2018-04-04,,0,0,0,0,0,0,,,,,,,,,,,,,,,,,,,,,,,,,,,,,,,,,,,,,,,,,,,,,,,,,,,,,,,,,,,,,,,,,,,,,,,,,,,,,,,,,,,,,,,,,,,,,,,,,,,,,,,
Mean Girls,2018-04-08,,0,0,5,4,1,0,,,,,,,,,,,,,,,,,,,,up,,up,,,,,,,,,,,,,,,,,,,,,,,,,,,,meh,,,,,,up,,,,,,,,,,,,,,,,,,,,,,,,,,,,,,,,,,,,,,,,,,up,,,,,
This Flat Earth,2018-04-09,,0,0,1,0,1,0,,,,,,,,,,,,,,,,,,,,,,,,,,,,,,,,,,,,,,,,,,,,,,,,,,meh,,,,,,,,,,,,,,,,,,,,,,,,,,,,,,,,,,,,,,,,,,,,,,,,,,,,,
Miss You Like Hell,2018-04-10,,0,0,1,0,1,0,,,,,,,,,,,,,,,,,,,,,,,,,,,,,,,,,,,,,,,,,,,,,,,,,,meh,,,,,,,,,,,,,,,,,,,,,,,,,,,,,,,,,,,,,,,,,,,,,,,,,,,,,
Children of a Lesser God,2018-04-11,,0,0,5,0,2,3,,,,,,,,,,,,,,,,,,,,down,,,,,,,down,,,,,,,,,,,,meh,,,,,,,,,,,,,,,,,,,,,,meh,,,,,,,,,,,,,,,,,,,,,,,,,,,,,,,,,,,,,down,,,,,
Carousel,2018-04-12,,0,0,5,2,3,0,,,,,,,,,,,,,,,,,,,,up,,meh,,,,,,,,,,,,,,,,,,,,,,,,,,,,meh,,,,,,meh,,,,,,,,,,,,,,,,,,,,,,,,,,,,,,,,,,,,,,,,,,up,,,,,
Mlima's Tale,2018-04-15,,0,0,1,1,0,0,,,,,,,,,,,,,,,,,,,,,,,,,,,,,,,,,,,,,,,,,,,,,,,,,,up,,,,,,,,,,,,,,,,,,,,,,,,,,,,,,,,,,,,,,,,,,,,,,,,,,,,,
Zürich,2018-04-17,,0,0,1,0,1,0,,,,,,,,,,,,,,,,,,,,,,,,,,,,,,,,,,,,,,,,,,,,,,,,,,meh,,,,,,,,,,,,,,,,,,,,,,,,,,,,,,,,,,,,,,,,,,,,,,,,,,,,,
Tina: The Tina Turner Musical,2018-04-17,,0,0,1,0,1,0,,,,,,,,,,,,,,,,,,,,,,,,,,,,,,,,,,,,,,,,,,,,,,,,,,meh,,,,,,,,,,,,,,,,,,,,,,,,,,,,,,,,,,,,,,,,,,,,,,,,,,,,,
The Seafarer,2018-04-18,,0,0,1,0,1,0,,,,,,,,,,,,,,,,,,,,,,,,,,,,,,,,,,,,,,,,,,,,,,,,,,meh,,,,,,,,,,,,,,,,,,,,,,,,,,,,,,,,,,,,,,,,,,,,,,,,,,,,,
My Fair Lady,2018-04-19,,0,0,5,2,3,0,,,,,,,,,,,,,,,,,,,,meh,,up,,,,,meh,,,,,,,,,,,,,,,,,,,,,,,up,,,,,,,,,,,,,,,,,,,,,,,,,,,,,,,,,,,,,,,,,,,,,,,,meh,,,,,
Harry Potter and the Cursed Child,2018-04-22,,0,0,5,5,0,0,,,,,,,,,,,,,,,,,,,,up,,up,,,,,up,,,,,,,,,,,,,,,,,,,,,,,up,,,,,,,,,,,,,,,,,,,,,,,,,,,,,,,,,,,,,,,,,,,,,,,,up,,,,,
Summer: The Donna Summer Musical,2018-04-23,,0,0,5,0,3,2,,,meh,,,,,,,,,,,,,,,,,meh,,meh,,,,,down,,,,,,,,,,,,,,,,,,,,,,,down,,,,,,,,,,,,,,,,,,,,,,,,,,,,,,,,,,,,,,,,,,,,,,,,,,,,,
Transfers,2018-04-23,,0,0,1,0,1,0,,,,,,,,,,,,,,,,,,,,,,,,,,,,,,,,,,,,,,,,,,,,,,,,,,meh,,,,,,,,,,,,,,,,,,,,,,,,,,,,,,,,,,,,,,,,,,,,,,,,,,,,,
Henry V,2018-04-23,,0,0,0,0,0,0,,,,,,,,,,,,,,,,,,,,,,,,,,,,,,,,,,,,,,,,,,,,,,,,,,,,,,,,,,,,,,,,,,,,,,,,,,,,,,,,,,,,,,,,,,,,,,,,,,,,,,,
Travesties,2018-04-24,,0,0,5,5,0,0,,,,,,,,,,,,,,,,,,,,up,,up,,,,,up,,,,,,,,,,,,,,,,,,,,,,,up,,,,,,,,,,,,,,,,,,,,,,,,,,,,,,,,,,,,,,,,,,,,,,,,up,,,,,
Saint Joan,2018-04-25,,0,0,5,1,3,1,,,,,,,,,,,,,,,,,,,,,,meh,,,,,down,,,,,,,,,,,,,,,,,,,,,,,,,,,,,meh,,,,,meh,,,,,,,,,,,,,,,,,,,,,,,,,,,,,,,,,,,,,up,,,,,
The Iceman Cometh (2018),2018-04-26,,0,0,5,2,3,0,,,,,,,,,,,,,,,,,,,,meh,,up,,,,,meh,,,,,,,,,,,,,,,,,,,,,,,up,,,,,,,,,,,,,,,,,,,,,,,,,,,,,,,,,,,,,,,,,,,,,,,,meh,,,,,
A Brief History of Women,2018-04-26,,0,0,0,0,0,0,,,,,,,,,,,,,,,,,,,,,,,,,,,,,,,,,,,,,,,,,,,,,,,,,,,,,,,,,,,,,,,,,,,,,,,,,,,,,,,,,,,,,,,,,,,,,,,,,,,,,,,
The Birds,2018-05-02,,0,0,0,0,0,0,,,,,,,,,,,,,,,,,,,,,,,,,,,,,,,,,,,,,,,,,,,,,,,,,,,,,,,,,,,,,,,,,,,,,,,,,,,,,,,,,,,,,,,,,,,,,,,,,,,,,,,
Light Shining in Buckinghamshire,2018-05-07,,0,0,1,0,1,0,,,,,,,,,,,,,,,,,,,,,,,,,,,,,,,,,,,,,,,,,,,,,,,,,,meh,,,,,,,,,,,,,,,,,,,,,,,,,,,,,,,,,,,,,,,,,,,,,,,,,,,,,
Dance Nation,2018-05-08,,0,0,1,1,0,0,,,,,,,,,,,,,,,,,,,,,,,,,,,,,,,,,,,,,,,,,,,,,,,,,,up,,,,,,,,,,,,,,,,,,,,,,,,,,,,,,,,,,,,,,,,,,,,,,,,,,,,,
Long Day's Journey Into Night,2018-05-13,,0,0,1,1,0,0,,,,,,,,,,,,,,,,,,,,,,,,,,,,,,,,,,,,,,,,,,,,,,,,,,up,,,,,,,,,,,,,,,,,,,,,,,,,,,,,,,,,,,,,,,,,,,,,,,,,,,,,
The Boys in the Band (2018),2018-05-31,,0,0,5,3,2,0,,,,,,,,,,,,,,,,,,,,,,,,,,,up,,,,,,,,,,,,,,,,,,,,,,,meh,,,,,,up,,,,,,,,,,,,,,,,,,,,,,,,,,,,,,,,,,,,,,meh,,,,up,,,,,
Straight White Men (2018),2018-07-23,,0,0,5,4,1,0,,,meh,,,,,,,,,,,,,,,,,,,up,,,,,up,,,,,,,,,,,,,,,,,,,,,,,up,,,,,,,,,,,,,,,,,,,,,,,,,,,,,,,,,,,,,,,,,,,,up,,,,,,,,,
Head Over Heels,2018-07-26,,0,0,5,1,1,3,,,,,,,,,,,,,,,down,,,,,,,,,,,,down,,,,,,,,,,,,,,,,,,,,,,,down,,,,,,meh,,,,,,,,,,,,,,,,,,,,,,,,,,,,,,,,,,,,,,up,,,,,,,,,
Moulin Rouge!,2018-08-05,,0,0,1,1,0,0,,,,,,,,,,,,,,,,,,,,,,,,,,,,,,,,,,,,,,,,,,,,,,,,,,up,,,,,,,,,,,,,,,,,,,,,,,,,,,,,,,,,,,,,,,,,,,,,,,,,,,,,
Gettin' The Band Back Together,2018-08-13,,0,0,5,1,3,1,,,,,,,,,,,,,,,meh,,,,,meh,,meh,,,,,,,,,,,,,,,,,,,,,,,,,,,,,,,,,,,,,,,down,,,,,,,,,,,,,,,,,,,,,,,,,,,,,,,,,,,,,up,,,,,
Bernhardt / Hamlet,2018-09-25,,0,0,6,3,3,0,,,,,,,,,,,,,,,meh,,,,,up,,up,,,,,,,,,,,,,,,,,,,,,,,,,,,,up,,,,,,meh,,,,,,,,,,,,,,,,,,,,,,,,,,,,,,,,,,,,,,,,,,meh,,,,,
The Nap,2018-09-27,,0,0,6,4,1,1,,,,,,,,,,,,,,,meh,,,,,down,,up,,,,,,,,,,,,,,,,,,,,,,,,,,,,up,,,,,,up,,,,,,,,,,,,,,,,,,,,,,,,,,,,,,,,,,,,,,,,,,up,,,,,
The Lifespan of a Fact,2018-10-18,,0,0,6,3,2,1,,,,,,,,,,,,,,,,,,,,down,,meh,,,,,,,,,,,,,,,,,,,,,,,,,,,,up,,,,,,meh,,,,,,,,,,,,,,,,,,,,,,,,,,,,,,,,,,,,,,,,,,up,,,up,,
The Ferryman,2018-10-21,,0,0,6,6,0,0,,,,,,,,,,,,,,,up,,,,,up,,up,,,,,,,,,,,,,,,,,,,,,,,,,,,,up,,,,,,up,,,,,,,,,,,,,,,,,,,,,,,,,,,,,,,,,,,,,,,,,,up,,,,,
The Ferryman,2018-10-21,,0,0,6,6,0,0,,,,,,,,,,,,,,,up,,,,,up,,up,,,,,,,,,,,,,,,,,,,,,,,,,,,,up,,,,,,up,,,,,,,,,,,,,,,,,,,,,,,,,,,,,,,,,,,,,,,,,,up,,,,,
The Waverly Gallery,2018-10-25,,0,0,5,5,0,0,,,,,,,,,,,,,,,up,,,,,up,,,,,,,,,,,,,,,,,,,,,,,,,,,,,,up,,,,,,up,,,,,,,,,,,,,,,,,,,,,,,,,,,,,,,,,,,,,,,,,,up,,,,,
Torch Song,2018-11-01,,0,0,5,3,2,0,,,,,,,,,,,,,,,up,,,,,meh,,,,,,,up,,,,,,,,,,,,,,,,,,,,,,,up,,,,,,,,,,,,,,,,,,,,,,,,,,,,,,,,,,,,,,,,,,,,,,,,meh,,,,,
American Son,2018-11-04,,0,0,5,2,2,1,,,,,,,,,,,,,,,meh,,,,,,,,,,,,,,,,,,,,,,,,,,,,,,,,,,,up,,,,,,,,,,,,,,,,,,,,,,,,,down,,,,,,,,,,,,,,,,,,,meh,,,,up,,,,,
King Kong,2018-11-08,,0,0,5,0,3,2,,,,,,,,,,,,,,,,,,,,meh,,,,,,,meh,,,,,,,,,,,,,,,,,,,,,,,down,,,,,,,,,,,,,,,,,,,,,,,,,,,,,,,,,,,,,,,,,,,,down,,,,meh,,,,,
Mike Birbiglia's The New One,2018-11-11,,0,0,5,5,0,0,,,up,,,,,,,,,,,,,,,,,,,,,,,,,,,,,,,,,,,,,,,,,,,,,,,up,,,up,,,up,,,,,,,,,,,,,,,,,,,,,,,,,,,,,,,,,,,,,,,,,,up,,,,,
Thom Pain ( Based on nothing ),2018-11-11,,0,0,1,0,1,0,,,,,,,,,,,,,,,,,,,,,,,,,,,,,,,,,,,,,,,,,,,,,,,,,,meh,,,,,,,,,,,,,,,,,,,,,,,,,,,,,,,,,,,,,,,,,,,,,,,,,,,,,
Wild Goose Dreams,2018-11-14,,0,0,1,1,0,0,,,,,,,,,,,,,,,,,,,,,,,,,,,,,,,,,,,,,,,,,,,,,,,,,,up,,,,,,,,,,,,,,,,,,,,,,,,,,,,,,,,,,,,,,,,,,,,,,,,,,,,,
The Prom,2018-11-15,,0,0,5,5,0,0,,,,,,,,,,,,,,,,,,,,up,,,,,,,up,,,,,,,,,,,,,,,,,,,,,,,up,,,,,,,,,,,,,,,,,,,,,,,,,,,,,,,,,,,,,,,,,,,,,,,,up,,,up,,
The Hard Problem,2018-11-19,,0,0,1,0,1,0,,,,,,,,,,,,,,,,,,,,,,,,,,,,,,,,,,,,,,,,,,,,,,,,,,meh,,,,,,,,,,,,,,,,,,,,,,,,,,,,,,,,,,,,,,,,,,,,,,,,,,,,,
The Illusionists – Magic Of The Holidays,2018-11-23,,0,0,0,0,0,0,,,,,,,,,,,,,,,,,,,,,,,,,,,,,,,,,,,,,,,,,,,,,,,,,,,,,,,,,,,,,,,,,,,,,,,,,,,,,,,,,,,,,,,,,,,,,,,,,,,,,,,
The Cher Show,2018-12-03,,0,0,5,1,2,2,,,,,,,,,,,,,,,,,,,,down,,,,,,,up,,,,,,,,,,,,,,,,,,,,,,,down,,,,,,,,,,,,,,,,,,,,,,,,,,,,,meh,,,,,,,,,,,,,,,,,,,meh,,,,,
Network,2018-12-06,,0,0,5,3,2,0,,,,,,,,,,,,,,,,,,,,meh,,,,,,,up,,,,,,,,,,,,,,,,,,,,,,,up,,,,,,,,,,,,,,,,,,,,,,,,,,,,,,,,,,,,,,,,,,,,meh,,,,up,,,,,
Ruben & Clay's First Annual Christmas Carol Family Fun Pageant Spectacular Reunion Show,2018-12-11,,0,0,5,1,1,3,,,,,,,,,,,down,,,,,,,up,,down,,,,,,,down,,,,,,,,,,,,,,,,,,,,,,,meh,,,,,,,,,,,,,,,,,,,,,,,,,,,,,,,,,,,,,,,,,,,,,,,,,,,,,
To Kill a Mockingbird,2018-12-13,,0,0,5,5,0,0,,,up,,,,,,,,,,,,,,,,,up,,,,,,,up,,,,,,,,,,,,,,,,,,,,,,,up,,,,,,,,,,,,,,,,,,,,,,,,,,,,,,,,,,,,,,,,,,,,,,,,up,,,,,
Choir Boy,2019-01-08,,0,0,5,4,1,0,,,,,,,,,,,,,,,,,,,,meh,,up,,,,,up,,,,,,,,,,,,,,,,,,,,,,,up,,,,,,,,,,,,,,,,,,,,,,,,,,,,,,,,,,,,,,,,,,,,,,,,up,,,,,
True West,2019-01-24,,0,0,5,3,1,1,,,,,,,,,,,,,,,,,,,,up,,,,,,,meh,,,,,,,,,,,,,,,,,,,,,,,up,,,,,,,,,,,,,,,,,,,,,,,,,,,,,,,,,,,,,,,,,,,,up,,,,down,,,,,
Be More Chill,2019-03-10,,0,0,5,2,1,2,,,,,,,,,,,,,,,,,,,,up,,meh,,,,,down,,,,,,,,,,,,,,,,,,,,,,,down,,,,,,,,,,,,,,,,,,,,,,,,,,,,,,,,,,,,,,,,,,,,,,,,up,,,,,
"Kiss Me, Kate",2019-03-14,,0,0,5,3,2,0,,,,,,,,,,,,,,,,,,,,up,,up,,,,,meh,,,,,,,,,,,,,,,,,,,,,,,up,,,,,,,,,,,,,,,,,,,,,,,,,,,,,,,,,,,,,,,,,,,,,,,,meh,,,,,
Ain't Too Proud - The Life and Times of The Temptations,2019-03-21,,0,0,5,3,2,0,,,,,,,,,,,,,,,,,,,,meh,,up,,,,,up,,,,,,,,,,,,,,,,,,,,,,,up,,,,,,,,,,,,,,,,,,,,,,,,,,,,,,,,,,,,,,,,,,,,,,,,meh,,,,,
What the Constitution Means to Me,2019-03-31,,0,0,5,5,0,0,,,,,,,,,,,,,,,,,,,,up,,,,,,,up,,,,,,,,,,,,,,,,,,,,,,,up,,,,,,,,,,,,,,,,,,,,,,,,,,,,,,,,,,,,,,,,,,,,up,,,,up,,,,,
King Lear,2019-04-04,,0,0,5,1,4,0,,,,,,,,,,,,,,,,,,,,up,,,,,,,meh,,,,,,,,,,,,,,,,,,,,,,,meh,,,,,,,,,,,,,,,,,,,,,,,,,,,,,,,,,,,,,,,,,,,,meh,,,,meh,,,,,
Oklahoma!,2019-04-07,,0,0,5,5,0,0,,,,,,,,,,,,,,,,,,,,up,,,,,,,up,,,,,,,,,,,,,,,,,,,,,,,up,,,,,,,,,,,,,,,,,,,,,,,,,up,,,,,,,,,,,,,,,,,,,,,,,up,,,,,
Burn This,2019-04-16,,0,0,5,1,4,0,,,,,,,,,,,,,,,,,,,,meh,,meh,,,,,meh,,,,,,,,,,,,,,,,,,,,,,,meh,,,,,,,,,,,,,,,,,,,,,,,,,,,,,,,,,,,,,,,,,,,,,,,,up,,,,,
Hadestown,2019-04-17,,0,0,5,5,0,0,,,,,,,,,,,,,,,,,,,,up,,,,,,,up,,,,,,,,,,,,,,,,,,,,,,,up,,,,,,,,,,,,,,,,,,,,,,,,,,,,,,,,,,,,,,,,,,,,up,,,,up,,,,,
Hillary and Clinton,2019-04-18,,0,0,5,3,2,0,,,,,,,,,,,,,,,,,,,,up,,up,,,,,meh,,,,,,,,,,,,,,,,,,,,,,,up,,,,,,,,,,,,,,,,,,,,,,,,,,,,,,,,,,,,,,,,,,,,,,,,meh,,,,,
Gary: A Sequel to Titus Andronicus,2019-04-21,,0,0,5,4,0,1,,,,,,,,,,,,,,,,,,,,up,,,,,,,down,,,,,,,,,,,,up,,,,,,,,,,,up,,,,,,,,,,,,,,,,,,,,,,,,,,,,,,,,,,,,,,,,,,,,,,,,up,,,,,
All My Sons,2019-04-22,,0,0,5,4,0,1,,,up,,,,,,,,,,,,,,,,,up,,,,,,,up,,,,,,,,,,,,,,,,,,,,,,,down,,,,,,,,,,,,,,,,,,,,,,,,,,,,,,,,,,,,,,,,,,,,,,,,up,,,,,
Tootsie,2019-04-23,,0,0,5,5,0,0,,,,,,,,,,,,,,,,,,,,up,,,,,,,up,,,,,,,,,,,,,,,,,,,,,,,up,,,,,,,,,,,,,,,,,,,,,,,,,,,,,,,,,,,,,,,,,,,,up,,,,up,,,,,
Ink,2019-04-24,,0,0,5,3,2,0,,,,,,,,,,,,,,,,,,,,up,,,,,,,meh,,,,,,,,,,,,up,,,,,,,,,,,up,,,,,,,,,,,,,,,,,,,,,,,,,,,,,,,,,,,,,,,,,,,,,,,,meh,,,,,
Beetlejuice,2019-04-25,,0,0,5,2,2,1,,,,,,,,,,,,,,,,,,,,meh,,,,,,,up,,,,,,,,,,,,,,,,,,,,,,,down,,,,,,,,,,,,,,,,,,,,,,,,,,,,,,,,,,,,,,,,,,,,meh,,,,up,,,,,
Morrissey,2019-05-02,,0,0,0,0,0,0,,,,,,,,,,,,,,,,,,,,,,,,,,,,,,,,,,,,,,,,,,,,,,,,,,,,,,,,,,,,,,,,,,,,,,,,,,,,,,,,,,,,,,,,,,,,,,,,,,,,,,,
Frankie and Johnny in the Clair de Lune,2019-05-30,,0,0,4,4,0,0,,,,,,,,,,,,,,,,,,,,up,,,,,,,up,,,,,,,,,,,,,,,up,,,,,,,,up,,,,,,,,,,,,,,,,,,,,,,,,,,,,,,,,,,,,,,,,,,,,,,,,,,,,,
Moulin Rouge! The Musical,2019-07-25,,0,0,5,3,0,2,,,down,,,,,,,,,,,,,,,,,down,,,,,,,up,,,,,,,,,,,,,,,,,,,,,,,up,,,,,,,,,,,,,,,,,,,,,,,,,,,,,,,,,,,,,,,,,,,,,,,,up,,,,,
Sea Wall / A Life,2019-08-08,,0,0,5,4,1,0,,,up,,,,,,,,,,,,,,,,,up,,,,,,,,,,,,,,,,,,,,,,,,,,,,,,up,,,,,,,,,,,,,,,,,,,,,,,,,,,,,,,,,,,,,,,,,,,,meh,,,,up,,,,,
Betrayal,2019-09-05,,0,0,5,5,0,0,,,,,,,,,,,,,,,,,,,,up,,up,,,,,up,,,,,,,,,,,,,,,,,,,,,,,up,,,,,,,,,,,,,,,,,,,,,,,,,,,,,,,,,,,,,,,,,,,,,,,,up,,,,,
Derren Brown: Secret,2019-09-15,,0,0,5,5,0,0,,,,,,,,,,,,,,,,,,,,up,,,,,,,up,,,,,,,,,,,,,,,,,,,,,,,up,,,,,,,,,,,,,,,,,,,,,,,,,,,,,,,,,,,,,,up,,,,,,,,,,up,,,,,
The Height of the Storm,2019-09-24,,0,0,5,3,1,1,,,,,,,,,,,,,,,,,,,,up,,,,,,,up,,,,,,,,,,,,,,,,,,,,,,,down,,,,,,,,,,,,,,,,,,,,,,,,,,,,,,,,,,,,,,up,,,,,,,,,,meh,,,,,
The Great Society,2019-10-01,,0,0,5,0,3,2,,,,,,,,,,,,,,,,,,,,meh,,,,,,,meh,,,,,,,,,,,,,,,,,,,,,,,down,,,,,,,,,,,,,,,,,,,,,,,,,,,,,,,,,,,,,,,,,,,,meh,,,,down,,,,,
Freestyle Love Supreme,2019-10-02,,0,0,5,5,0,0,,,,,,,,,,,,,,,,,,,,up,,,,,,,up,,,,,,,,,,,,,,,,,,,,,,,up,,,,,,,,,,,,,,,,,,,,,,,,,,,,,,,,,,,,,,,,,,,,up,,,,up,,,,,
Slave Play,2019-10-06,,0,0,5,4,1,0,,,,,,,,,,,,,,,,,,,,up,,,,,,,up,,,,,,,,,,,,,,,,,,,,,,,up,,,,,,,,,,,,,,,,,,,,,,,,,,,,,,,,,,,,,,,,,,,,,,,,meh,,,,,up
Linda Vista,2019-10-10,,0,0,4,4,0,0,,,,,,,,,,,,,,,,,,,,up,,,,,,,up,,,,,,,,,,,,,,,,,,,,,,,up,,,,,,,,,,,,,,,,,,,,,,,,,,,,,,,,,,,,,,,,,,,,up,,,,,,,,,
The Rose Tattoo,2019-10-15,,0,0,5,0,4,1,,,,,,,,,,,,,,,,,,,,meh,,,,,,,down,,,,,,,,,,,,,,,,,,,,,,,meh,,,,,,,meh,,,,,,,,,,,,,,,,,,,,,,,,,,,,,,,,,,,,,,,,,meh,,,,,
The Lightning Thief,2019-10-16,,0,0,5,0,1,4,,,,,,,,,,,,,,,down,,,,,meh,,,,,,,down,,,,,,,,,,,,,,,,,,,,,,,down,,,,,,,,,,,,,,,,,,,,,,,,,,,,,,,,,,,,,,,,,,,,,,,,down,,,,,
The Sound Inside,2019-10-17,,0,0,5,5,0,0,,,,,,,,,,,,,,,,,,,,up,,,,,,,up,,,,,,,,,,,,,,up,,,,,,,,,up,,,,,,,,,,,,,,,,,,,,,,,,,,,,,,,,,,,,,,,,,,,,,,,,up,,,,,
Little Shop of Horrors,2019-10-17,,0,0,5,5,0,0,,,,,,,,,,,,,,,,,,,,up,,,,,,,up,,,,,,,,,,,,,,,up,,,,,,,,up,,,,,,,,,,,,,,,,,,,,,,,,,,,,,,,,,,,,,,,,,,,,,,,,up,,,,,
American Utopia,2019-10-20,,0,0,5,5,0,0,,,,,,,,,,,,,,,,,,,,up,,,,,,,up,,,,,,,,,,,,,,up,,,,,,,,,up,,,,,,,,,,,,,,,,,,,,,,,,,,,,,,,,,,,,,,,,,,,,,,,,up,,,,,
"TINA, The Tina Turner Musical",2019-11-07,,0,0,5,2,2,1,,,,,,,,,,,,,,,,,,,,up,,,,,,,meh,,,,,,,,,,,,,,down,,,,,,,,,meh,,,,,,,,,,,,,,,,,,,,,,,,,,,,,,,,,,,,,,,,,,,,,,,,up,,,,,
For the Girls,2019-11-08,,0,0,0,0,0,0,,,,,,,,,,,,,,,,,,,,,,,,,,,,,,,,,,,,,,,,,,,,,,,,,,,,,,,,,,,,,,,,,,,,,,,,,,,,,,,,,,,,,,,,,,,,,,,,,,,,,,,
Slava's Snowshow,2019-11-13,,0,0,4,3,0,1,,,,,,,,,,,,,,,,,,,,,,,,,,,,,,,,,,,,,,,,,,,,,,down,up,,,up,,,,,,,,,,,,,,,,,,,,,,,,,up,,,,,,,,,,,,,,,,,,,,,,,,,,,,
The Inheritance,2019-11-17,,0,0,5,3,2,0,,,,,,,,,,,,,,,,,,,,meh,,,,,,,up,,,,,,,,,,,,,,,,,,,,,,,meh,,,,,,,,,,,,,,,,,,,,,,,,,,,,,,,,,,,,,,,,,,,,up,,,,up,,,,,
A Christmas Carol,2019-11-20,,0,0,5,3,0,2,,,,,,,,,,,,,,,,,,,,up,,,,,,,up,,,,,,,,,,,,,,,,,,,,,,,up,,,,,,,,,,,,,,,,,,,,,,,,,,,,,,,,,,,,,,,,,,,,down,,,,down,,,,,
The Illusionists — Magic of the Holidays,2019-11-29,,0,0,0,0,0,0,,,,,,,,,,,,,,,,,,,,,,,,,,,,,,,,,,,,,,,,,,,,,,,,,,,,,,,,,,,,,,,,,,,,,,,,,,,,,,,,,,,,,,,,,,,,,,,,,,,,,,,
Jagged Little Pill,2019-12-05,,0,0,5,2,3,0,,,,,,,,,,,,,,,,,,,,meh,,,,,,,meh,,,,,,,,,,,,,,meh,,,,,,,,,up,,,,,,,,,,,,,,,,,,,,,,,,,,,,,,,,,,,,,,,,,,,,,,,,up,,,,,
Harry Connick Jr. — A Celebration of Cole Porter,2019-12-12,,0,0,3,3,0,0,,,,,,,,,,,,,,,,,,,,up,,,,,,,,,,,,,,,,,,,,,,,,,,,,,,up,,,,,,,,,,,,,,,,,,,,,,,,,,,,,,,,,,,,,,,,,,,,,,,,,,up,,,
Sing Street,2019-12-16,,0,0,3,0,2,1,,,,,,,,,,,,,,,,,,,,,,,,,,,meh,,,,,,,,,,,,,,,,,,,,,,,meh,,,,,,,,,,,,,,,,,,,,,,,,,,,,,,,,,,down,,,,,,,,,,,,,,,,,,,
My Name is Lucy Barton,2020-01-15,,0,0,5,4,1,0,,,,,,,,,,,,,,,,,,,,up,,,,,,,up,,,,,,,,,,,,,,,,,,,,,,,up,,,,,,,,,,,,,,,,,,,,,,,,,,,,,,,,,,,,,,,,,,,,meh,,,,up,,,,,
A Soldier's Play,2020-01-21,,0,0,5,4,1,0,,,,,,,,,,,,,,,,,,,,up,,,,,,,up,,,,,,,,,,,,,,,,,,,,,,,meh,,,,,,,,,,,,,,,,,,,,,,,,,,,,,,,,,,,,,,,,,,,,up,,,,up,,,,,
Grand Horizons,2020-01-23,,0,0,5,2,3,0,,,,,,,,,,,,,,,,,,,,meh,,,,,,,meh,,,,,,,,,,,,,,,,,,,,,,,meh,,,,,,,,,,,,,,,,,,,,,,,,,,,,,,,,,,,,,,up,,,,,,,,,,up,,,,,
West Side Story,2020-02-20,,0,0,5,4,0,1,,,,,,,,,,,,,,,,,,,,up,,,,,,,up,,,,,,,,,,,,,,,up,,,,,,,,down,,,,,,,,,,,,,,,,,,,,,,,,,,,,,,,,,,,,,,,,,,,,,,,,up,,,,,
Girl From The North Country,2020-03-05,,0,0,5,5,0,0,,,,,,,,,,,,,,,up,,,,,up,,,,,,,up,,,,,,,,,,,,,,,,,,,,,,,up,,,,,,,,,,,,,,,,,,,,,,,,,,,,,,,,,,,,,,,,,,,,,,,,up,,,,,
Pass Over,2021-08-22,,0,0,12,11,1,0,,,,,,,,,,,up,,,,,,,,,up,,,,,,,,,,,,,,,,,,,,up,,meh,,up,,,,,,up,,,,,,,,,,,,,,,,,,,,,,,,,,,,,,,,,,,,,,up,,,,,up,up,,,,up,,,,,up
Six,2021-10-03,,0,0,6,6,0,0,,,,,,,,,,,up,,,,,,,,,,up,,,,,,,,,,,,,,,,,,,up,,,,,,,,,,up,,,,,,,,,,,,,,,,,,,,,,,,,,,,,,,,,,,,,,,,,,,,up,,,,up,,,,,
Lackawanna Blues,2021-10-07,,0,0,5,5,0,0,,,,,,,,,,,up,,,,,,,,,up,up,,,,,,,,,,,,,,,,,,,,,,,,,,,,,up,,,,,,,,,,,,,,,,,,,,,,,,,,,,,,,,,,,,,,,,,,,,up,,,,,,,,,
Chicken & Biscuits,2021-10-10,,0,0,6,2,3,1,,,,,,,,,,,up,,,,,,,,,,meh,,,,,,,,,,,,,,,,,,,meh,,,,,,,,,,meh,,,,,,,,,,,,,,,,,,,,,,,,,,,,,,,,,,,,,,,,,,,,down,,,,up,,,,,
Is This a Room,2021-10-11,,0,0,6,6,0,0,,,,,,,,,,,up,,,,,,,,,up,up,,,,,,,,,,,,,,,,,,,,,,,,,,,,,up,,,,,,,,,,,,,,,,,,,,,,,,,,,,,,,,,,,,,,,,,,,,up,,,,up,,,,,
Thoughts of a Colored Man,2021-10-13,,0,0,6,2,3,1,,,,,,,,,,,up,,,,,,,,,up,meh,,,,,,,,,,,,,,,,,,,,,,,,,,,,,down,,,,,,,,,,,,,,,,,,,,,,,,,,,,,,,,,,,,,,,,,,,,meh,,,,meh,,,,,
The Lehman Trilogy,2021-10-14,,0,0,6,3,1,2,,,,,,,,,,,down,,,,,,,,,up,down,,,,,,,,,,,,,,,,,,,meh,,,,,,,,,,up,,,,,,,,,,,,,,,,,,,,,,,,,,,,,,,,,,,,,,,,,,,,up,,,,,,,,,
Dana H.,2021-10-17,,0,0,7,7,0,0,,,,,,,,,,,up,,,,,,,,,up,up,,,,,,,,,,,,,,,,,,,,,,,,,,,,,up,,,,,,,,,,,,,,,,,,,,,,,,,,,,,,,,,,,,,,,,,,,,up,,,,up,,up,,,
"Caroline, or Change",2021-10-27,,0,0,7,6,0,1,,,,,,,,,,,up,,,,,,,,,up,down,,,,,,,,,,,,,,,,,,,,,,,,,,,,,up,,,,,,,,,,,,,,,,,,,,,,,,,,,,,,,,,,,,,,,,,,,,up,,,,up,,up,,,
"Diana, The Musical",2021-11-17,,0,0,17,2,1,14,,,down,,,,,,,,down,,,,,,,,,down,down,,,,,,,,,,,,,,,,,,meh,,,,,down,,down,,,,down,,,,,,,,,,,,down,,,,,,,,,,,,,down,,,,,,,,,,,,,,,,up,,up,down,,,,down,,down,,,down
Trouble in Mind,2021-11-18,,0,0,15,10,5,0,,,,,,up,,,,,up,,,,,,,,,up,up,,,,,,,,,,,,,,,,,,meh,,,,,up,,,,,,up,,,,,,,,,,,,up,,,,,,,,,,,,,up,,,,,,,,,,,,,up,,,,,meh,up,,,,meh,,meh,,,
Clyde's,2021-11-23,,0,0,17,16,1,0,,,up,,,,,,,,up,,,,,,,,,up,up,,,,,,,,,,,,,,,,,,up,,,,,up,,up,,,,up,,,,,,,,,,,,,,,,,,,,,,,,,up,,,,,,,,,,,,,meh,,,up,,up,up,,,,up,,up,,,up
Mrs. Doubtfire,2021-12-05,,0,0,20,3,11,6,,,meh,,,meh,,,,,meh,,,,,,,,,down,meh,,,,,,up,,,,,,,,,,,,up,,,down,,down,,meh,,,,down,,,,,,,,,,,,,,,,,,,,,,,,,down,,,,,,,,,,,,,meh,,,meh,,meh,meh,,,,down,,meh,,,meh
Harry Potter and the Cursed Child,2021-12-07,,0,0,4,4,0,0,,,,,,,,,,,up,,,,,,,,,,up,,,,,,,,,,,,,,,,,,,,,,,,,,,,,up,,,,,,,,,,,,,,,,,,,,,,,,,,,,,,,,,,,,,,,,,,,,up,,,,,,,,,
Company,2021-12-09,,0,0,18,16,1,1,,,up,,,,,,,,up,,,,up,,,,,up,,,,,,,up,,,,,,,,,,,,,,,up,,up,,up,,,,down,,,,,,,,,,,,up,,,,,,,,,,,,,,,,,,,,,,,,,,up,,,up,,up,up,,,,up,,meh,,,up
Flying Over Sunset,2021-12-13,,0,0,16,2,9,5,,,down,,,,,,,,up,,,,,,,,,meh,down,,,,,,,,,,,,,,,,,,meh,,,down,,meh,,meh,,,,meh,,,,,,,,,,,,,,,,,,,,,,,,,,,,,,,,,,,,,,meh,,,down,,meh,meh,,,,up,,down,,,
Skeleton Crew,2022-01-26,,0,0,11,10,1,0,,,up,,,,,,,,up,,,,,,,,,up,up,,,,,,,,,,,,,,,,,,,,,,,,,,,,,up,,,,,,,,,,,,,,,,,,,,,,,,,up,,,,,,,,,,,,,up,,,up,,up,up,,,,,,meh,,,
MJ the Musical,2022-02-01,,0,0,16,5,5,6,,,,,,meh,,,,,down,,,,,,,,,up,down,,,,,,up,,,,,,,,,,,,up,,,down,,,,,,,,meh,,,,,,,,,,,,,,,meh,,,,,,,,,,,,,,,,,,,,,,,down,,,up,,down,meh,,,,meh,,down,,,up
Prayer for the French Republic,2022-02-01,,0,0,5,3,2,0,,,,,,,,,,,,,,,,,,,,,up,,,,,,,,,,,,,,,,,,,,,,,,,,,,,meh,,,,,,,,,,,,,,,,,,,,,,,,,,,,,,,,,,,,,,up,,,meh,,up,,,,,,,,,,
The Music Man,2022-02-10,,0,0,13,3,6,4,,,,,,up,,,,,down,,,,,,,,,meh,down,,,,,,up,,,,,,,,,,,,,,,down,,,,,,,,down,,,,,,,,,,,,,,,,,,,,,,,,,up,,,,,,,,,,,,,meh,,,meh,,meh,meh,,,,,,meh,,,
English,2022-02-22,,0,0,5,4,0,1,,,,,,,,,,,,,,,,,,,,,up,,,,,,,,,,,,,,,,,,,,,,,,,,,,,up,,,,,,,,,,,,,,,,,,,,,,,,,,,,,,,,,,,,,,down,,,up,,up,,,,,,,,,,
Confederates,2022-03-27,,0,0,6,5,1,0,,,,,,,,,,,,,,,,,,,,,up,,,,,,,,,,,,,,,,,,,,,,,,,,,,,meh,,,,,,,,,,,,,,,,,,,,,,,,,,,,,,,,,,,,,,up,,,,,up,up,,,,,,up,,,
Plaza Suite,2022-03-28,,0,0,14,3,5,6,,,,,,,,,,,down,,,,,,,,,meh,down,,,,,,meh,,,,,,,,,,,,meh,,,up,,,,,,,,down,,,,,,,,,,,,down,,,,,,,,,,,,,,,,,,,,,,,,,,down,,,up,,meh,meh,,,,up,,down,,,
Paradise Square,2022-04-03,,0,0,13,3,4,6,,,meh,,,,,,,,up,,,,,,,,,down,meh,,,,,,,,,,,,,,,,,,up,,,,,,,,,,,down,,,,,,,,,,,,,,,,,,,,,,,,,down,,,,,,,,,,,,,meh,,,down,,up,meh,,,,down,,down,,,
Take Me Out,2022-04-04,,0,0,16,14,0,2,,,up,,,,,,,,down,,,,,,,,,up,down,up,,,,,up,,,,,,,,,,,,up,,,up,,,,,,,,up,,,,,,,,,,,,up,,,,,,,,,,,,,up,,,,,,,,,,,,,up,,,up,,up,up,,,,up,,,,,
Suffs,2022-04-06,,0,0,9,4,4,1,,,,,,,,,,,,,,,,,,,,,meh,up,,,,,,,,,,,,,,,,,,,,,,,,,,,,meh,,,,,,,,,,,,,,,,,,,,,,,,,,,,,,,,,,,,,,up,,,meh,,down,up,,,,up,,meh,,,
Birthday Candles,2022-04-10,,0,0,10,3,3,4,,,,,,,,,,,down,,,,,,,,,up,up,meh,,,,,,,,,,,,,,,,,up,,,,,,,,,,,meh,,,,,,,,,,,,,,,,,,,,,,,,,meh,,,,,,,,,,,,,,,,down,,down,down,,,,,,,,,
The Little Prince,2022-04-11,,0,0,11,1,0,10,,,,,,,,,,,down,,,,,,,,,up,down,,,,,,,,,,,,,,,,,,down,,,down,,,,,,,,down,,,,,,,,,,,,,,,,,,,,,,,,,,,,,,,,,,,,,,down,,,down,,,down,,,,down,,down,,,
American Buffalo,2022-04-14,,0,0,13,5,8,0,,,,,,,,,,,meh,,,,,,,,,up,meh,up,,,,,,,,,,,,,,,,,meh,,,up,,,,,,,,up,,,,,,,,,,,,,,,,,,,,,,,,,meh,,,,,,,,,,,,,,,,meh,,meh,up,,,,meh,,meh,,,
The Minutes,2022-04-17,,0,0,10,7,3,0,,,,,,,,,,,meh,,,,,,,,,up,up,,,,,,,,,,,,,,,,,,up,,,,,,,,,,,up,,,,,,,,,,,,,,,,,,,,,,,,,up,,,,,,,,,,,,,,,,meh,,up,,,,,up,,meh,,,
How I Learned to Drive,2022-04-19,,0,0,13,12,1,0,,,up,,,,,,,,up,,,,,,,,,up,up,,,,,,,,,,,,,,,,,,up,,,meh,,,,,,,,up,,,,,,,,,,,,,,,,,,,,,,,,,up,,,,,,,,,,,,,up,,,up,,up,up,,,,,,up,,,
for colored girls who have considered suicide / when the rainbow is enuf,2022-04-20,,0,0,14,11,3,0,,,up,,,,,,,,up,,,,,,,,,up,up,,,,,,up,,,,,,,,,,,,,,,meh,,,,up,meh,,,up,,,,,,,,,,,,,,,,,,,,,,,,,up,,,,,,,,,,,,,,,,up,,meh,up,,,,,,up,,,
Hangmen,2022-04-21,,0,0,15,8,5,2,,,up,,,,,,,,meh,,,,,,,,,up,down,up,,,,,,,,,,,,,,,,,up,,,,,,,down,,,,up,,,,,,,,,,,,meh,,,,,,,,,,,,,,,,,,,,,,,,,,up,,,meh,,up,meh,,,,,,meh,up,,
Macbeth,2022-04-21,,0,0,0,0,0,0,,,,,,,,,,,,,,,,,,,,,,,,,,,,,,,,,,,,,,,,,,,,,,,,,,,,,,,,,,,,,,,,,,,,,,,,,,,,,,,,,,,,,,,,,,,,,,,,,,,,,,,
Funny Girl,2022-04-24,,0,0,19,5,8,6,,,down,,,up,,,,,up,,,,,,,,,meh,meh,,,,,,meh,,,,,,,,,,,,meh,,,down,,,,meh,meh,,,meh,,,,,,,,,,,,up,,,,,,,,,,,,,down,,,,,,,,,,,,,up,,,meh,,up,down,,,,down,,down,,,
The Skin of Our Teeth,2022-04-25,,0,0,13,7,3,3,,,,,,,,,,,up,,,,,,,,,up,up,,,,,,,,,,,,,,,,,,down,,,,,,,,meh,,,up,,,,,,,,meh,,,,,,,,,,,,,,,,,up,,,,,,,,,,,,,down,,,up,,up,meh,,,,down,,,,,
A Strange Loop,2022-04-26,,0,0,17,16,1,0,,,,,,up,,,,,up,,,,,,,,,up,up,up,,,,,,,,,,,,,,,,,up,,,meh,,,,up,up,,,up,,,,,,,,,,,,,,,,,,,,,,,,,up,,,,,,,,,,,,,up,,,up,,up,up,,,,up,,up,,,
"POTUS: Or, Behind Every Great Dumbass are Seven Women Trying to Keep Him Alive",2022-04-27,,0,0,17,9,7,1,,,,,,,,,,,up,,,,,,,,,meh,up,,,,,,meh,,,,,,,,,,,,up,,,meh,,,,meh,meh,,,meh,,,,,,,,,,,,,,,,,,,,,,,,,up,,,,,,,,,,,,,down,,,meh,,up,up,,,,up,,up,,,up
Mr. Saturday Night,2022-04-27,,0,0,15,7,4,4,,,down,,,,,,,,down,,,,,,,,,meh,down,meh,,,,,,,,,,,,,,,,,up,,,up,,,,meh,,,,meh,,,,,,,,,,,,,,,,,,,,,,,,,up,,,,,,,,,,,,,down,,,up,,up,up,,,,up,,,,,
The Bedwetter,2022-06-07,,0,0,8,3,5,0,,,,,,,,,,,,,,,,,,,,,up,,,,,,,,,,,,,,,,,,,,,meh,,,,,meh,,,meh,,,,,,,,,,,,,,,,,,,,,,,,,up,,,,up,,,,,,,,,meh,,,meh,,,,,,,,,,,,
Into the Woods,2022-07-10,,0,0,15,15,0,0,,,up,,,,,,,,up,,,,,,,,,up,up,,,,,,up,,,,,,,,,,,,up,,,,,,,,up,,,up,,,,,,,,,,,,,,,,,,,,,,,,,up,,,,,,,,,,,,,up,,,up,,up,up,,,,up,,up,,,
The Kite Runner,2022-07-21,,0,0,11,2,5,4,,,,,,,,,,,down,,,,,,,,,meh,meh,,,,,,,,,,,,,,,,,,meh,,,up,,,,,meh,,,down,,,,,,,,,,,,,,,,,,,,,,,,,,,,,,,,,,,,,,,,,down,,down,,,,,up,,,meh,,
This Beautiful Future,2022-09-20,,0,0,5,1,2,2,,,,,,,,,,,,,,,,,,,,,,,,,,,,,,,,,,,,,,,,,,,,,,,meh,,,,,,,,,,,,,,,,,,,,,,,,,,,,,,,,,,,,,,,,,down,,,up,,down,,,,,,,,meh,,
Leopoldstadt,2022-10-02,,0,0,15,12,2,1,,,up,,,,,,,,up,,,,,,,,,up,up,,,,,,,,,,,,,,,,,,up,,,meh,,,,,up,,,up,,,,,,,,,,,,,,,,,,,,,,,,,up,,,,,,,,,,,,,meh,,,up,,down,,,,,up,,up,up,,
Cost of Living,2022-10-03,,0,0,15,14,1,0,,,up,,,,,,,,up,,,,,,,,,meh,up,,,,,,,,,,,,,,,,,,up,,,up,,,,,up,,,up,,,,,,,,,,,,,,,,,,,,,,,,,up,,,,,,,,,,,,,up,,,up,,up,up,,,,up,,up,,,
Death of a Salesman,2022-10-09,,0,0,1,1,0,0,,,,,,,,,,,,,,,,,,,,,up,,,,,,,,,,,,,,,,,,,,,,,,,,,,,,,,,,,,,,,,,,,,,,,,,,,,,,,,,,,,,,,,,,,,,,,,,,,,,,,,,,
The Piano Lesson,2022-10-13,,0,0,0,0,0,0,,,,,,,,,,,,,,,,,,,,,,,,,,,,,,,,,,,,,,,,,,,,,,,,,,,,,,,,,,,,,,,,,,,,,,,,,,,,,,,,,,,,,,,,,,,,,,,,,,,,,,,
Topdog/Underdog,2022-10-20,,0,0,15,14,1,0,,,up,,,,,,,,up,,,,,,,,,up,up,up,,,,,,,,,,,,,,,,,up,,,up,,,,,up,,,up,,,,,,,,,,,,,,,,,,,,,,,,,up,,,,,,,,,,,,,up,,,up,,,,,,,up,,up,meh,,
Walking With Ghosts,2022-10-27,,0,0,10,1,4,5,,,,,,,,,,,down,,,,,,,,,,down,,,,,,,,,,,,,,,,,,meh,,,,,,,,meh,,,down,,,,,,,,,,,,,,,,,,,,,,,,,meh,,,,,,,,,,,,,down,,,meh,,down,,,,,up,,,,,
Almost Famous,2022-11-03,,0,0,14,2,5,7,,,,,,,,,,,down,,,,,,,,,,up,meh,,,,,up,,,,,,,,,,,,meh,,,meh,,,,,meh,,,down,,,,,,,,,,,,,,,,,,,,,,,,,down,,,,,,,,,,,,,,,,down,,down,,,,,down,,down,meh,,
Kimberly Akimbo,2022-11-10,,0,0,16,16,0,0,,,up,,,,,,,,up,,,,,,,,,up,up,up,,,,,up,,,,,,,,,,,,up,,,,,,,,up,,,up,,,,,,,,,,,,,,,,,,,,,,,,,up,,,,,,,,,,,,,up,,,up,,,up,,,,up,,up,up,,
Mike Birbiglia: The Old Man and the Pool,2022-11-13,,0,0,14,13,1,0,,,up,,,,,,,,up,,,,,,,,,up,up,up,,,,,,,,,,,,,,,,,,,,,,,,,up,,,up,,,,,,,,,,,,,,,,,,,,,,,,,up,,,,,,,,,,,,,up,,,up,,meh,up,,,,up,,up,,,
& Juliet,2022-11-17,,0,0,13,10,2,1,,,,,,,,,,,up,,,,up,up,,,,meh,up,up,,,,,,,,,,,,,,,,,,,,,,up,,up,,,,up,,,,,,,,down,,,,,,,,,,,,,,,,,,,,,,,,,,,,,,,,,,,,meh,,,,up,,,,,
A Christmas Carol,2022-11-21,,0,0,12,8,3,1,,,,,,,,,,,down,,,,,,,,,up,meh,,,,,,,,,,,,,,,,,,up,,,up,,,,,up,,,meh,,,,,,,,,,,,,,,,,,,,,,,,,up,,,,,,,,,,,,,up,,,up,,meh,,,,,up,,,,,
KPOP,2022-11-21,,0,0,0,0,0,0,,,,,,,,,,,,,,,,,,,,,,,,,,,,,,,,,,,,,,,,,,,,,,,,,,,,,,,,,,,,,,,,,,,,,,,,,,,,,,,,,,,,,,,,,,,,,,,,,,,,,,,
Ain't No Mo',2022-12-01,,0,0,6,6,0,0,,,,,,,,,,,,,,,,,,,,up,,,,,,,,,,,,,,,,,,,up,,,,,,,,,,,up,,,,,,,,,,,,,,,,,,,,,,,,,,,,,,,,,,,,,,,,,up,,,,,,,up,,up,,,
"A Beautiful Noise, The Neil Diamond Musical",2022-12-04,,0,0,15,1,6,8,,,down,,,,,,,,down,,,,,,,,,down,down,,,,,,,,,,,,,,,,,,up,,,down,,,,,meh,,,meh,,,,,,,,,,,,,,,,,,,,,,,,,down,,,,,,,,,,,,,meh,,,meh,,meh,meh,,,,,,down,down,,
Ohio State Murders,2022-12-08,,0,0,13,10,3,0,,,,,,,,,,,meh,,,,,,,,,meh,meh,,,,,,,,,,,,,,,,,,up,,,up,,,,,up,,,up,,,,,,,,,,,,,,,,,,,,,,,,,up,,,,,,,,,,,,,up,,,up,,,up,,,,up,,,up,,
Some Like It Hot,2022-12-11,,0,0,15,9,5,1,,,,,,up,,,,,up,,,,,,,,,up,up,,,,,,,,,,,,,,,,,,meh,,,down,,,,,up,,,up,,,,,,,,,,,,,,,,,,,,,,,,,meh,,,,,,,,,,,,,meh,,,up,,,up,,,,up,,meh,meh,,
Between Riverside and Crazy,2022-12-19,,0,0,12,11,0,1,,,,,,,,,,,up,,,,,,,,,,up,,,,,,,,,,,,,,,,,,,,,up,,,,,up,,,up,,,,,,,,,,,,,,,,,,,,,,,,,up,,,,,,,,,,,,,up,,,up,,down,up,,,,up,,up,,,
The Collaboration,2022-12-20,,0,0,13,1,6,6,,,,,,,,,,,meh,,,,,,,,,down,meh,meh,,,,,,,,,,,,,,,,,up,,,,,,,,meh,,,down,,,,,,,,,,,,,,,,,,,,,,,,,meh,,,,,,,,,,,,,down,,,down,,down,,,,,meh,,down,,,
Pictures From Home,2023-02-09,,0,0,12,4,7,1,,,,,,,,,,,meh,,,,,,,,,up,,,,,,,,,,,,,,,,,,,up,,,meh,,,,,up,,,meh,,,,,,,,,,,,,,,,,,,,,,,,,meh,,,,,,,,,,,,,down,,,,,up,meh,,,,,,meh,meh,,
Parade,2023-03-16,,0,0,16,13,2,1,,,up,,,,,,,,up,,,,,,,,,up,,up,,,,,,,,,,,,,,,,,meh,,,up,,,,,up,,,up,,,,,,,,,,,,,,,,,,,,,,,,,down,,,,,,,,,,,,,up,,,up,,up,up,,,,up,,meh,up,,
Bob Fosse's Dancin',2023-03-19,,0,0,9,5,3,1,,,,,,,,,,,up,,,,,,,,,,,up,,,,,,,,,,,,,,,,,meh,,,,,,,,up,,,meh,,,,,,,,,,,,,,,,,,,,,,,,,,,,,,,,,,,,,,meh,,,down,,up,,,,,,,up,,,
Bad Cinderella,2023-03-23,,0,0,13,0,3,10,,,meh,,,,,,,,down,,,,,,,,,meh,,meh,,,,,,,,,,,,,,,,,down,,,down,,,,,down,,,down,,,,,,,,,,,,down,,,,,,,,,,,,,down,,,,,,,,,,,,,,,,,,,down,,,,down,,down,,,
Sweeney Todd: The Demon Barber of Fleet Street,2023-03-26,,0,0,14,13,1,0,,,,,,,,,,,up,,,,,,,,,up,,up,,,,,,,,,,,,,,,,,up,,,up,,,,,up,,,up,,,,,,,,,,,,,,,,,,,,,,,,,up,,,,,,,,,,,,,up,,,up,,,up,,,,meh,,up,up,,
Life of Pi,2023-03-30,,0,0,14,10,4,0,,,up,,,,,,,,up,,,,,,,,,meh,,up,,,,,,,,,,,,,,,,,meh,,,up,,,,,up,,,up,,,,,,,,,,,,,,,,,,,,,,,,,up,,,,,,,,,,,,,,,,up,,up,meh,,,,,,meh,up,,
Shucked,2023-04-04,,0,0,15,12,3,0,,,meh,,,,,,,,up,,,,,,,,,up,,up,,,,,,,,,,,,,,,,,up,,,up,,,,,up,,,meh,,,,,,,,,,,,meh,,,,,,,,,,,,,up,,,,,,,,,,,,,up,,,up,,up,up,,,,,,up,,,
Fat Ham,2023-04-12,,0,0,12,9,2,1,,,up,,,,,,,,up,,,,,,,,,up,,up,,,,,,,,,,,,,,,,,up,,,meh,,,,,up,,,up,,,,,,,,,,,,,,,,,,,,,,,,,up,,,,,,,,,,,,,,,,meh,,,,,,,up,,down,,,
Camelot,2023-04-13,,0,0,15,4,7,4,,,down,,,,,,,,up,,,,,,,,,meh,,up,,,,,,,,,,,,,,,,,down,,,,,,,,meh,,,down,,,,,,,,,,,,,,,,,,,,,,,,,down,,,,,,,,,,,,,meh,,,up,,up,meh,,,,meh,,meh,meh,,
Peter Pan Goes Wrong,2023-04-19,,0,0,13,9,4,0,,,up,,,,,,,,up,,,,,,,,,up,,,,,,,,,,,,,,,,,,,up,,,up,,,,,up,,,meh,,,,,,,,,,,,,,,,,,,,,,,,,,,,,,,,,,,,,,meh,,,up,,up,meh,,,,up,,meh,,,
The Thanksgiving Play,2023-04-20,,0,0,12,5,4,3,,,down,,,,,,,,meh,,,,,,,,,down,,,,,,,,,,,,,,,,,,,,,,,,,,,up,,,up,,,,,,,,,,,,,,,,,,,,,,,,,meh,,,,,,,,,,,,,down,,,up,,meh,up,,,,,,meh,up,,
Prima Facie,2023-04-23,,0,0,14,13,1,0,,,,,,,,,,,up,,,,,,,,,up,,up,,,,,,,,,,,,,,,,,up,,,up,,,,,up,,,meh,,,,,,,,,,,,,,,,,,,,,,,,,up,,,,,,,,,,,,,up,,,up,,up,up,,,,,,up,up,,
"Good Night, Oscar",2023-04-24,,0,0,12,5,4,3,,,,,,,,,,,up,,,,,,,,,down,,up,,,,,,,,,,,,,,,,,up,,,meh,,,,,meh,,,down,,,,,,,,,,,,,,,,,,,,,,,,,meh,,,,,,,,,,,,,,,,up,,meh,,,,,up,,down,,,
"Summer, 1976",2023-04-25,,0,0,13,9,3,1,,,,,,,,,,,down,,,,,,,,,up,,up,,,,,,,,,,,,,,,,,meh,,,up,,,,,meh,,,up,,,,,,,,,,,,,,,,,,,,,,,,,up,,,,,,,,,,,,,,,,up,,up,meh,,,,,,up,up,,
"New York, New York",2023-04-26,,0,0,14,1,6,7,,,down,,,,,,,,down,,,,,,,,,meh,,meh,,,,,,,,,,,,,,,,,,,,down,,,,,meh,,,down,,,,,,,,,,,,,,,,,,,,,,,,,down,,,,,,,,,,,,,up,,,down,,meh,meh,,,,meh,,down,,,
Grey House,2023-05-30,,0,0,11,5,6,0,,,,,,,,,,,up,,,,,,,,,up,,meh,,,,,,,,,,,,,,,,,up,,,,,,,,meh,,,meh,,,,,,,,,,,,,,,,,,,,,,,,,meh,,,,,,,,,,,,,,,,up,,meh,,,,,up,,meh,,,
Once Upon a One More Time,2023-06-22,,0,0,14,5,4,5,,,,,,,,,,,up,,,,,,,,,up,,up,,,,,,,,,,,,,,,,,down,,,down,,,,,up,,,meh,,,,,,,,,,,,,,,,,,,,,,,,,down,,,,,,,,,,,,,down,,,meh,,up,meh,,,,,,down,meh,,
Alex Edelman's Just For Us,2023-06-26,,0,0,10,10,0,0,,,,,,,,,,,up,,,,,,,,,up,,up,,,,,,,,,,,,,,,,,up,,,,,,,,up,,,up,,,,,,,,,,,,,,,,,,,,,,,,,up,,,,,,,,,,,,,,,,up,,,,,,,up,,,,,up
Here Lies Love,2023-07-20,,0,0,12,7,4,1,,,,,,,,,,,meh,,,,,,,,,meh,,,,,,,,,,,,,,,,,,,up,,,up,,,,,,,,meh,,,,,,,,,,,,,,,,,,,,,,,,,down,,,,,,,,,,,,,meh,,,up,,up,up,,,,,,up,up,,
The Cottage,2023-07-24,,0,0,12,5,2,5,,,,,,,,,,,down,,,,,,,,,,,up,,,,,,,,,,,,,,,,,meh,,,down,,,,,up,,,down,,,,,,,,,,,,,,,,,,,,,,,,,meh,,,,,,,,,,,,,down,,,up,,up,up,,,,,,down,,,
Back to the Future,2023-08-03,,0,0,16,4,5,7,,,,,,,,,,,up,,,,,,,,,meh,,meh,,,,,up,,,,,,,,,,,,meh,,,meh,,,,,up,,,down,,,,,,,,,,,,,,,,,,,,,,,,,meh,,,,,,,,,,,,,down,,,down,,up,down,,,,down,,down,down,,
The Shark is Broken,2023-08-10,,0,0,13,3,8,2,,,,,,,,,,,meh,,,,,,,,,meh,,up,,,,,,,,,,,,,,,,,down,,,meh,,,,,meh,,,meh,,,,,,,,,,,,,,,,,,,,,,,,,up,,,,,,,,,,,,,down,,,,,meh,meh,,,,,,meh,up,,
Purlie Victorious: A Non-Confederate Romp Through the Cotton Patch,2023-09-27,,0,0,12,11,1,0,,,,,,,,,,,up,,,,,,,,,up,,,,,,,,,,,,,,,,,,,up,,,,,,,,up,,,up,,,,,,,,,,,,,,,,,,,,,,,,,up,,,,,,,,,,,,,up,,,up,,meh,up,,,,up,,up,,,
Gutenberg! The Musical!,2023-10-12,,0,0,13,4,6,3,,,down,,,,,,,,up,,,,,,,,,up,,,,,,,,,,,,,,,,,,,meh,,,,,,,,meh,,,meh,,,,,,,,,,,,,,,,,,,,,,,,,,,,,,,,,,,,,,down,,,down,,up,up,,,,meh,,meh,meh,,
I Need That,2023-11-02,,0,0,12,2,9,1,,,,,,,,,,,meh,,,,,,,,,meh,,,,,,,,,,,,,,,,,,,meh,,,meh,,,,,meh,,,meh,,,,,,,,,,,,,,,,,,,,,,,,,meh,,,,,,,,,,,,,down,,,up,,meh,meh,,,,,,,up,,
Harmony,2023-11-13,,0,0,14,5,6,3,,,up,,,,,,,,up,,,,,,,,,up,,up,,,,,,,,,,,,,,,,,,,,meh,,,,,meh,,,down,,,,,,,,,,,,,,,,,,,,,,,,,down,,,,,,,,,,,,,meh,,,up,,meh,meh,,,,,,meh,down,,
Spamalot,2023-11-16,,0,0,11,8,2,1,,,,,,,,,,,up,,,,,,,,,up,,,,,,,,,,,,,,,,,,,up,,,,,,,,up,,,up,,,,,,,,,,,,,,,,,,,,,,,,,meh,,,,,,,,,,,,,down,,,up,,meh,up,,,,,,,up,,
How to Dance in Ohio,2023-12-10,,0,0,11,5,6,0,,,,,,,,,,,meh,,,,,,,,,meh,,meh,,,,,,,,,,,,,,,,,meh,,,meh,,,,,up,,,meh,,,,,,,,,,,,,,,,,,,,,,,,,up,,,,,,,,,,,,,,,,up,,,up,,,,up,,,,,
Appropriate,2023-12-18,,0,0,11,11,0,0,,,,,,,,,,,up,,,,,,,,,up,,,,,,,,,,,,,,,,,,,up,,,,,,,,up,,,up,,,,,,,,,,,,,,,,,,,,,,,,,up,,,,,,,,,,,,,up,,,up,,up,,,,,up,,up,,,
Prayer for the French Republic,2024-01-09,,0,0,11,6,5,0,,,up,,,,,,,,up,,,,,,,,,up,,,,,,,,,,,,,,,,,,,up,,,,,,,,up,,,meh,,,,,,,,,,,,,,,,,,,,,,,,,,,,,,,,,,,,,,,,,up,,meh,meh,,,,meh,,meh,,,
Days of Wine and Roses,2024-01-28,,0,0,11,9,2,0,,,up,,,,,,,,meh,,,,,,,,,up,,,,,,,,,,,,,,,,,,,up,,,,,,,,up,,,up,,,,,,,,,,,,,,,,,,,,,,,,,,,,,,,,,,,,,,up,,,up,,up,up,,,,,,meh,,,
Doubt: A Parable,2024-03-07,,0,0,13,10,2,1,,,,,,,,,,,down,,,,,,,,,up,,up,,,,,,,,,,,,,,,,,up,,,meh,,,,,up,,,up,,,,,,,,,,,,,,,,,,,,,,,,,,,,,,,,,,,,,,up,,,up,,up,up,,,,,,meh,up,,
The Notebook,2024-03-14,,0,0,10,3,5,2,,,,,,,,,,,up,,,,,,,,,meh,,,,,,,,,,,,,,,,,,,up,,,meh,,,,,meh,,,down,,,,,,,,,,,,,,,,,,,,,,,,,,,,,,,,,,,,,,down,,,meh,,up,,,,,,,,meh,,
An Enemy of the People,2024-03-18,,0,0,16,12,4,0,,,meh,,,,,,,,meh,,,,,,,,,up,,up,,,,,up,,,,,,,,,,,,up,,,up,,,,,up,,,up,,,,,,,,,,,,,,,,,,,,,,,,,,,,,,,,,,,,,,meh,,,up,,meh,up,,,,up,,up,up,,
Water for Elephants,2024-03-21,,0,0,14,9,4,1,,,,,,,,,,,up,,,,,,,,,meh,,meh,,,,,,,,,,,,,,,,,up,,,meh,,,,,up,,,up,,,,,,,,,,,,,,,,,,,,,,,,,,,,,,,,,,,,,,down,,,up,,up,up,,,,up,,up,meh,,
The Who's Tommy,2024-03-28,,0,0,13,11,1,1,,,,,,,,,,,up,,,,up,,,,,up,,up,,,,,,,,,,,,,,,,,,,,up,,,,,up,,,down,,,,,,,,,,,,,,,,,,,,,,,,,,,,,,,,,,,,,,meh,,,up,,up,up,,,,,,up,up,,
The Outsiders,2024-04-11,,0,0,14,4,9,1,,,meh,,,,,,,,meh,,,,,,,,,meh,,meh,,,,,,,,,,,,,,,,,down,,,up,,,,,meh,,,meh,,,,,,,,,,,,,,,,,,,,,,,,,,,,,,,,,,,,,,meh,,,meh,,up,meh,,,,,,up,up,,
Lempicka,2024-04-14,,0,0,11,2,5,4,,,,,,,,,,,up,,,,,,,,,meh,,,,,,,,,,,,,,,,,,,down,,,down,,,,,up,,,meh,,,,,,,,,,,,,,,,,,,,,,,,,,,,,,,,,,,,,,down,,,meh,,meh,down,,,,meh,,,,,
The Wiz,2024-04-17,,0,0,12,6,4,2,,,down,,,,,,,,up,,,,,,,,,,,up,,,,,,,,,,,,,,,,,up,,,meh,,,,,up,,,meh,,,,,,,,,,,,,,,,,,,,,,,,,,,,,,,,,,,,,,up,,,down,,up,,,,,meh,,meh,,,
Suffs,2024-04-18,,0,0,13,8,5,0,,,,,,,,,,,up,,,,,,,,,up,,,,,,,,,,,,,,,,,,,up,,,meh,,,,,meh,,,meh,,,,,,,,,,,,,,,,,,,,,,,,,,,,,,,,,,,,,,up,,,meh,,meh,up,,,,up,,up,up,,
Stereophonic,2024-04-19,,0,0,14,13,1,0,,,,,,,,,,,up,,,,,,,,,up,,up,,,,,up,,,,,,,,,,,,up,,,meh,,,,,up,,,up,,,,,,,,,,,,,,,,,,,,,,,,,,,,,,,,,,,,,,up,,,up,,up,up,,,,up,,up,,,
Hell's Kitchen,2024-04-20,,0,0,13,10,3,0,,,,,,,,,,,up,,,,up,,,,,,,up,,,,,,,,,,,,,,,,,,,,up,,meh,up,,up,,,up,,,,,,,,,,,,,,,,,,,,,,,,,,,,,,,,,,,,,,meh,,,up,,,up,,,,up,,meh,,,
Cabaret at the Kit Kat Club,2024-04-21,,0,0,15,5,6,4,,,up,,,,,,,,up,,,,,,,,,meh,,up,,,,,,,,,,,,,,,,,down,,,meh,,,,,meh,,,meh,,,,,,,,,,,,,,,,,,,,,,,,,up,,,,,,,,,,,,,down,,,down,,up,down,,,,,,meh,meh,,
Patriots,2024-04-22,,0,0,16,8,8,0,,,up,,,,,,,,meh,,,,,,,,,meh,,meh,,,,,up,,,,,,,,,,,,up,,,,,up,up,,meh,,,meh,,,,,,,,,,,,,,,,,,,,,,,,,,,,,,,,,,,,,,meh,,,meh,,meh,,,,,,,up,up,,
The Heart of Rock and Roll,2024-04-22,,0,0,9,5,3,1,,,,,,,,,,,down,,,,,,,,,,,,,,,,,,,,,,,,,,,,up,,,up,,,,,up,,,up,,,,,,,,,,,,,,,,,,,,,,,,,,,,,,,,,,,,,,meh,,,up,,meh,,,,,,,meh,,,
Mary Jane,2024-04-23,,0,0,10,10,0,0,,,,,,,,,,,up,,,,,,,,,,,,,,,,,,,,,,,,,,,,up,,,,,,,,up,,,up,,,,,,,,,,,,,,,,,,,,,,,,,,,,,,,,,,,,,,up,,,up,,up,up,,,,up,,up,,,
Uncle Vanya,2024-04-24,,0,0,13,1,10,2,,,,,,,,,,,meh,,,,,,,,,meh,,meh,,,,,,,,,,,,,,,,,down,,,meh,,,,,meh,,,meh,,,,,,,,,,,,,,,,,,,,,,,,,,,,,,,,,,,,,,meh,,,meh,,meh,meh,,,,up,,down,,,
Illinoise,2024-04-24,,0,0,13,11,2,0,,,,,,,,,,,meh,,,,up,,,,,up,,,,,,,up,,up,,,,,,,,,,,,,up,,up,,,,,,up,,,,,,,,,,,,,,,,,,,,,,,,,,,,,,,,,,,,,,meh,,,up,,up,,,,,up,,up,,,
Mother Play,2024-04-25,,0,0,12,8,4,0,,,,,,,,,,,up,,,,,,,,,,,meh,,,,,,,,,,,,,,,,,up,,,,,,,,up,,,up,,,,,,,,,,,,,,,,,,,,,,,,,meh,,,,,,,,,,,,,up,,,up,,,up,,,,up,,meh,meh,,
The Great Gatsby,2024-04-25,,0,0,10,1,5,4,,,,,,,,,,,down,,,,,,,,,,,meh,,,,,,,,,,,,,,,,,down,,,,,,,,meh,,,meh,,,,,,,,,,,,,,,,,,,,,,,,,,,,,,,,,,,,,,down,,,,,up,meh,,,,meh,,down,,,
Home,2024-06-05,,0,0,13,7,6,0,,,,,,,,,,,meh,,,,up,,,,,up,,,,,,,,,,,,,,,,,,,,,,,,meh,,up,up,,,up,,,,,,,,,,,,,,,,,,,,,,,,,,,,,meh,,,,,,,,,,,,up,,,meh,,,,,,meh,up,,
"OH, MARY!",2024-07-11,,0,0,18,17,1,0,,,,,,,,,,,up,,,,,,,,,up,,up,,,,,up,,,,,,,,,,,,up,,,up,,meh,,,up,,,up,,,,,,,,,,,,up,,,,,,,,,,,,,up,,,,up,,,,,,,,,up,,,up,,up,up,,up,,,,up,,,
JOB,2024-07-30,,0,0,16,8,7,1,,,meh,,,,,,,,up,,,,,,,,,,,,,,up,,,,,,,,,,,,,,up,,,,,meh,up,,meh,,,meh,,,,,,,,,,,,,,,,,,,,,,,,,up,,,,up,,,,,,,,,meh,,,down,,up,,,,,up,,meh,,,
Once Upon a Mattress,2024-08-12,,0,0,13,9,3,1,,,,,,,,,,,up,,,,,,,,,up,,up,,,,,,,,,,,,,,,,,up,,,,,up,,meh,meh,,,up,,,,,,,,,,,,,,,,,,,,,,,,,meh,,,,,,,,,,,,,,,,up,,up,,,,,down,,up,,,
The Roommate,2024-09-12,,0,0,14,4,8,2,,,,,,,,,,,meh,,,,up,,,,,down,,,,,,,,,,,,,,,,,,,,,,,,meh,,,up,,,meh,,,,,,,,,,,,,,,,,,,,,,,,,,,,,meh,,,,,,,,,meh,,,up,,,up,,meh,,meh,,down,,,
The Hills of California,2024-09-29,,0,0,14,10,2,2,,,,,,,,,,,up,,,,,,,,,up,,up,,,,,,,,,,,,,,,,,,,,up,,,,,meh,,,up,,,,,,,,,,,,,,,,,,,,,,,,,down,,,,,,,,,,,,,up,,,up,,up,up,,,,up,,down,,,meh
McNeal,2024-09-30,,0,0,14,1,5,8,,,,,,,,,,,down,,,,,,,,,meh,,meh,,,,,,,,,,,,,,,,,,,,down,,meh,,,,,,down,,,,,,,,,,,,,,,,,,,,,,,,,,,,,,,,,,,,,,down,,,meh,,down,down,,down,,down,,meh,,,
Yellow Face,2024-10-01,,0,0,12,10,2,0,,,,,,,,,,,up,,,,,,,,,up,,,,,,,,,,,,,,,,,,,,,,,,up,,,up,,,up,,,,,,,,,,,,,,,,,,,,,,,,,,,,,,,,,,,,,,meh,,,up,,,up,,,,up,,up,,,meh
Our Town,2024-10-10,,0,0,13,7,5,1,,,,,,,,,,,meh,,,,,,,,,meh,,up,,,,,,,,,,,,,,,,,,,,down,,up,,,,,,up,,,,,,,,,,,,,,,,,,,,,,,,,,,,,,,,,,,,,,meh,,,up,,up,up,,,,up,,meh,,,
Sunset Boulevard,2024-10-20,,0,0,16,7,8,1,,,meh,,,,,,,,up,,,,,,,,,up,,,,,,,up,,,,,,,,,,,,,,,up,,meh,,,meh,,,meh,,,,,,,,,,,,,,,,,,,,meh,,,,,,,,,,,,,,,,,,down,,,up,,,up,,meh,,up,,meh,,,
Left on Tenth,2024-10-23,,0,0,10,0,2,8,,,,,,,,,,,,,,,meh,,,,,meh,,,,,,,,,,,,,,,,,,,,,,down,,down,,,down,,,down,,,,,,,,,,,,,,,,,,,,,,,,,,,,,,,,,,,,,,down,,,,,,down,,down,,,,,,,
Romeo + Juliet,2024-10-24,,0,0,19,7,7,5,,,,,,,,,,,up,,,,down,,,,,up,,up,,,,,up,,,,,,,,,,,,,,,down,,meh,,meh,meh,,,meh,,,,,,,,,,,,up,,,,,,,,,,,,,,,,,down,,,,,,,,,,,,,,up,meh,,meh,,meh,,down,,,down
A Wonderful World,2024-11-11,,0,0,14,6,3,5,,,,,,,,,,,meh,,,,meh,,,,,up,,,,,,,,,,,,,,,,,,,,,,down,,up,down,,up,,,down,,,,,,,,,,,,,,,,,,,,,,,,,,,,,,,,,,,,,,down,,,down,,,up,,,,up,,meh,,,
Maybe Happy Ending,2024-11-12,,0,0,14,14,0,0,,,,,,,,,,,up,,,,,,,,,up,,up,,,,,,,,,,,,,,,,,,,,,,up,,,up,,,up,,,,,,,,,,,,,,,,,,,,,,,,,,,,,,,,,,,,,,up,,,up,,up,up,,up,,up,,,,,up
Tammy Faye,2024-11-14,,0,0,16,1,6,9,,,,,,,,,,,down,,,,meh,,,,,down,,meh,,,,,,,,,,,,,,,,,,,,,,meh,up,down,meh,,,down,,,,,,,,,,,,,,,,,,,,,,,,,,,,,,,,,,,,,,down,,,meh,,meh,down,,,,down,,down,,,
Elf: The Musical,2024-11-17,,0,0,12,7,4,1,,,up,,,,,,,,meh,,,,,,,,,meh,,,,,,,,,,,,,,,,,,,,,,,,up,up,down,meh,,,up,,,,,,,,,,,,,,,,,,,,,,,,,,,,,,,,,,,,,,,,,up,,,up,,,,,,meh,,,
Swept Away,2024-11-19,,0,0,16,6,8,2,,,,,,,,,,,down,,,,,,,,,up,,up,,,,,,,,,,,,,,,,,,,,meh,,up,up,meh,meh,,,up,,,,,,,,,,,,,,,,,,,,,,,,,,,,,,,,,,,,,,up,,,meh,,meh,meh,,,,,,meh,,,down
Death Becomes Her,2024-11-21,,0,0,14,10,3,1,,,,,,,,,,,,,,,,,,,,up,,up,,,,,,,,,,,,,,,,,,,,meh,,down,,,up,,,meh,,,,,,,,,,,,,,,,,,,,,,,,,,,,,up,,,,,,,,,up,,,up,,up,up,,,,up,,meh,,,
Cult of Love,2024-12-12,,0,0,12,7,5,0,,,,,,,,,,,,,,,,,,,,up,,up,,,,,,,,,,,,,,,,,,,,,,meh,,meh,meh,,,up,,,,,,,,,,,,,,,,,,,,,,,,,,,,,up,,,,,,,,,,,,meh,,up,up,,,,meh,,,,,
Eureka Day,2024-12-16,,0,0,13,9,3,1,,,,,,,,,,,up,,,,,,,,,up,,,,,,,,,,,,,,,,,,,,,,,,meh,up,up,up,,,up,,,,,,,,,,,,,,,,,,,,,,,,,,,,,,,,,,,,,,,,,meh,,down,up,,,,meh,,up,,,
Gypsy,2024-12-19,,0,0,17,15,1,1,,,,,,,,,,,up,,,,,,,,,,,up,,,,,up,,,,,,,,,,,,,,,,,up,,up,up,,,up,,,,,,,,down,,,,up,,,,,,,,,,,,,,,,,up,,,,,,,,,,,,up,,up,up,,up,,up,,meh,,,
All In: Comedy About Love,2024-12-22,,0,0,11,4,6,1,,,,,,,,,,,,,,,,,,,,up,,,,,,,,,,,,,,,,,,,,,,down,,meh,up,,meh,,,meh,,,,,,,,,,,,,,,,,,,,,,,,,,,,,,,,,,,,,,,,,meh,,,up,,,,up,,meh,,,
English,2025-01-23,,0,0,10,9,1,0,,,,,,,,,,,up,,,,,,,,,up,,,,,,,,,,,,,,,,,,,,,,,,up,,meh,up,,,up,,,,,,,,,,,,,,,,,,,,,,,,,,,,,,,,,,,,,,,,,up,,,up,,,,up,,,,,up
Redwood,2025-02-13,,0,0,17,3,6,8,,,,,,,,,,,meh,,,,,,,,,meh,,up,,,,,,,,,,,,,,,,,,,,down,,down,,meh,down,,,up,,,,,,,,,,,,down,,,,,,,,,,,,,,,,,down,,,,,,,,,down,,,meh,,meh,down,,down,,up,,,,,
Purpose,2025-03-17,,0,0,20,17,3,0,,,,,,,,,,,up,,,,,,,,,up,,,,,up,,up,,,,,,,,,,,,up,,,up,,up,up,,up,,,meh,,up,,,,,,,,,,,,,,,,,,,,,,,up,,,,,,,,,,,,,up,,,up,,up,up,,,,up,,meh,,,up
Buena Vista Social Club,2025-03-19,,0,0,16,11,5,0,,,,,,,,,,,meh,,,,,,,,,,,,,,,,,,,,,,,,,,,,meh,,,up,,up,,up,up,,,up,,,,,,,,,,,,,,,,,,,,,,,,,up,,,,meh,,,,,,,,,up,,,meh,,up,up,,,,up,,meh,,,
Operation Mincemeat,2025-03-20,,0,0,17,13,2,2,,,,,,,,,,,up,,,,,,,,,,,up,,,,,,,,,,,,,,,,,up,,,down,,up,,,up,,,meh,,,,,,,,,,,,up,,,,,,,,,,,,,up,,,,,,,,,,,,,down,,,up,,up,meh,,,,up,,up,up,,
Othello,2025-03-23,,0,0,20,2,15,3,,,,,,,,,,,meh,,,,,,,,,meh,,meh,,,,,meh,,,,,,,,,,,,meh,,,down,,meh,,,meh,,,meh,,,,,,,,,,,,,,,,,,,,,,,,,down,,,,meh,,,,,,,,,up,,,meh,,meh,meh,,meh,,meh,,down,meh,,
The Picture of Dorian Gray,2025-03-27,,0,0,19,13,4,2,,,,,,,,,,,up,,,,,,,,,up,,up,,,,,,,,,,,,,,,,,up,,,up,,meh,up,up,up,,,meh,,,,,,,,,,,,up,,,,,,,,,,,,,,,,,,,,,,,,,,down,,,meh,,meh,up,,up,,down,,up,,,
Glengarry Glen Ross,2025-03-31,,0,0,21,11,7,3,,,up,,,,,,,,meh,,,,,,,,,up,,up,,,,,up,,,,,,,,,,,,up,,,down,,up,meh,,down,,,meh,,,,,,,,,,,,,,,,,,,,,,,,,down,,,,up,,,,,,,,,,,,meh,,meh,meh,,up,,up,,meh,up,,
"Good Night, and Good Luck",2025-04-03,,0,0,25,10,10,5,,,up,,,,,,,,up,,,,,,,,,meh,,meh,,,,,meh,,,,,,,,,,,,up,,,down,,down,down,up,meh,,,up,,,,,,,,,,,,,,,,,,,,,,meh,,,meh,,,,meh,,,,,,,,,up,,,down,,meh,down,up,meh,,up,,meh,up,,
BOOP! The Musical,2025-04-05,,0,0,16,10,4,2,,,down,,,,,,,,up,,,,,,,,,,,,,,,,,,,,,,,,,,,,up,,,up,,meh,,up,up,,,meh,,,,,,,,,,,,,,,,,,,,,,,,,up,,,,,,,,,,,,,down,,,up,,up,up,,,,meh,,meh,,,
The Last Five Years,2025-04-06,,0,0,17,1,10,6,,,down,,,,,,,,down,,,,,,,,,,,meh,,,,,,,,,,,,,,,,,down,,,down,,meh,,meh,meh,,,meh,,,,,,,,,,,,,,,,,,,,,,,,,meh,,,,up,,,,,,,,,down,,,meh,,meh,down,,,,,,meh,,,
Stephen Sondheim's Old Friends,2025-04-08,,0,0,17,9,6,2,,,down,,,,,,,,up,,,,,,,,,,,,,,,,,,,,,,,,,,,,up,,,up,,meh,,meh,up,,,up,,,,,,,,,,,,,,,,,,,,,,,,,up,,,,,,,,,,,,,down,,,meh,,meh,meh,,,,up,,meh,up,,
SMASH,2025-04-10,,0,0,21,9,6,6,,,,,,,,,,,down,,,,,,,,,meh,,up,,,,,,,,,,,,,,,,,down,,,down,,down,,meh,meh,,,up,,,,,,,,,,,,up,,,,,,,,,,,,,,,,,up,,,,,,,,,up,,,up,,up,meh,,up,,up,,down,meh,,down
John Proctor is the Villain,2025-04-14,,0,0,22,18,3,1,,,up,,,,,,,,up,,,,,,,,,up,,up,,,,,up,,,,,,,,,,,,meh,,,meh,,meh,,up,up,,,up,,,,,,,,,,,,up,,,,,,,,,,,,,up,,,,up,,,,,,,,,down,,,up,,up,up,,,,up,,up,,,up
Floyd Collins,2025-04-21,,0,0,16,7,9,0,,,,,,,,,,,meh,,,,,,,,,meh,,,,,,,,,,,,,,,,,,,meh,,,,,up,up,,meh,,,up,,,,,,,,,,,,,,,,,,,,,,,,,meh,,,,,,,,,,,,,up,,,up,,up,meh,,,,meh,,meh,up,,
Stranger Things: The First Shadow,2025-04-22,,0,0,17,7,5,5,,,down,,,,,,,,up,,,,,,,,,up,,up,,,,,,,,,,,,,,,,,up,,,down,,up,,,meh,,,meh,,,,,,,,,,,,,,,,,,,,,,,,,,,,,,,,,,,,,,down,,,up,,up,meh,,,,,,meh,down,,down
Pirates! The Penzance Musical,2025-04-24,,0,0,15,11,3,1,,,,,,,,,,,meh,,,,,,,,,up,,,,,,,,,,,,,,,,,,,up,,,up,,up,,up,up,,,meh,,,,,,,,,,,,,,,,,,,,,,,,,up,,,,,,,,,,,,,meh,,,down,,up,up,,,,up,,,,,
Just in Time,2025-04-26,,0,0,19,13,5,1,,,,,,,,,,,meh,,,,,,,,,up,,up,,,,,,,,,,,,,,,,,up,,,up,,up,,up,up,,,meh,,,,,,,,,,,,,,,,,,,,,,,,,meh,,,,meh,,,,,,,,,meh,,,up,,up,up,,,,down,,up,,,up
Dead Outlaw,2025-04-27,,0,0,15,14,1,0,,,,,,,,,,,up,,,,,,,,,up,,up,,,,,,,,,,,,,,,,,up,,,meh,,up,,,up,,,up,,,,,,,,,,,,,,,,,,,,,,,,,up,,,,,,,,,,,,,,,,up,,up,up,,up,,up,,,,,
Real Women Have Curves,2025-04-27,,0,0,17,14,3,0,,,,,,,,,,,up,,,,,,,,,meh,,up,,,,,,,,,,,,,,,,,up,,,,,up,meh,,meh,,,up,,,,,,,,,,,,,,,,,,,,,,,,,up,,,,,,,,,,,,,up,,,up,,up,up,,,,up,,up,,,up
Call Me Izzy,2025-06-12,,0,0,14,7,4,3,,,,,,,,,,,,,,,,,,,,up,,,,,,,,,,,,,,,,,,,meh,,,down,,meh,,down,up,,,up,,,,,,,,,,,,,,,,,,,,,,,,,,,,,meh,,,,,,,,,,,,up,,,,,meh,,up,,down,,,up
Mamma Mia!,2025-08-14,,0,0,14,10,1,3,,,,,,,,,,,,,,,,,,,,up,,up,,,,,,,,,,,,,,,,,up,,,,,up,,up,up,,,up,,,,,,,,,,,,,,,,,,,,,,,,,down,,,,,,,,,,,,,down,,,up,,,up,,,,up,,down,,,
Jeff Ross: Take a Banana for the Ride,2025-08-18,,0,0,10,6,2,2,,,,,,,,,,,,,,,,,,,,,,,,,,,,,,,,,,,,,,,up,,,,,meh,up,meh,up,,,up,,,,,,,,,,,,,,,,,,,,,,,,,,,,,,,,,,,,,,down,,,up,,,up,,,,,,,,,
ART,2025-09-16,,0,0,18,10,4,4,,,down,,,up,,,,,,,,,,,,,,meh,,,,,,,,,,,,,,,,,,,up,,,down,,up,,,up,,,up,,,,,,,,,,,,meh,,,,,,,,,,,,,up,,,,up,,,,,,,,,down,,,up,,meh,meh,,,,up,,down,,,
Waiting For Godot,2025-09-28,,0,0,19,7,12,0,,,meh,,,,,,,,,,,,,,,,,up,,up,,,,,meh,,,,,,,,,,,,up,,,meh,,meh,,,up,,,meh,,,,,,,,,,,,,,,,,,,,,,,,,meh,,,,meh,,,,,,,,,meh,,,up,,up,meh,,up,,meh,,meh,,,
Punch,2025-09-29,,0,0,13,8,4,1,,,,,,,,,,,,,,,,,,,,meh,,up,,,,,,,,,,,,,,,,,up,,,,,up,,meh,up,,,meh,,,,,,,,,,,,,,,,,,,,,,,,,up,,,,,,,,,,,,,down,,,up,,up,meh,,,,,,up,,,
Ragtime,2025-10-16,,0,0,18,14,3,1,,,up,,,,,,,,,,,,,,,,,meh,,up,,,,,,,,,,,,,,,,,up,,,meh,,up,,up,up,,,up,,,,,,,,,,,,,,,,,,,,,,,,,up,,,,,,,,,,,,,down,,,up,,up,up,,,,up,,up,,,meh
Liberation,2025-10-28,,0,0,17,17,0,0,,,up,,,,,,,,,,,,,,,,,,,up,,,,,,,,,,,,,,,,,up,,,up,,up,,up,up,,,up,,,,,,,,,,,,,,,,,,,,,,,,,up,,,,up,,,,,,,,,up,,,up,,,up,,,,up,,up,,,up
Little Bear Ridge Road,2025-10-30,,0,0,15,12,3,0,,,,,,,,,,,,,,,,,,,,,,,,,,,up,,,,,,,,,,,,up,,,up,,up,,up,up,,,up,,,,,,,,,,,,,,,,,,,,,,,,,up,,,,,,,,,,,,,meh,,,up,,,up,,,,meh,,meh,,,up
The Queen of Versailles,2025-11-09,,0,0,17,3,8,6,,,,,,meh,,,,,,,,,,,,,,,,down,,,,,,,meh,,,,,,,,,,up,,,down,,meh,,meh,meh,,,up,,,,,,,,,,,,,,,,,,,,,,,,,down,,,,,,,,,,,,,,,,meh,,meh,down,,,,meh,,down,,,down
Oedipus,2025-11-13,,0,0,13,10,3,0,,,,,,,,,,,,,,,,,,,,,,,,,,,,,up,,,,,,,,,,up,,,up,,up,,,up,,,up,,,,,,,,,,,,,,,,,,,,,,,,,,,,,,,,,,,,,,meh,,,up,,meh,up,,,,,,meh,,,up
Chess,2025-11-16,,0,0,15,3,9,3,,,meh,,,,,,,,,,,,,,,,,,,meh,,,,,meh,,,,,,,,,,,,up,,,,,down,,,up,,,meh,,,,,,,,,,,,,,,,,,,,,,,,,meh,,,,,,,,,,,,,down,,,meh,,,down,,meh,,meh,,meh,,,
Two Strangers (Carry a Cake Across New York),2025-11-20,,0,0,13,6,5,2,,,,,,,,,,,,,,,,,,,,,,up,,,,,,,,,,,,,,,,,meh,,,up,,up,,meh,up,,,up,,,,,,,,,,,,,,,,,,,,,,,,,meh,,,,,,,,,,,,,down,,,down,,meh,,,,,,,meh,,,
Marjorie Prime,2025-12-08,,0,0,15,10,5,0,,,,,,,,,,,,,,,,,,,,,,meh,,,,,,,,,,,,,,,,,up,,,up,,up,,meh,up,,,up,,,,,,,,,,,,,,,,,,,,,,,,,up,,,,meh,,,,,,,,,meh,,,up,,up,up,,,,,,meh,,,
Bug,2026-01-08,,0,0,17,12,5,0,,,meh,,,,,,,,,,,,,,,,,,,up,,,,,,,,,,,,,,,,,up,,,up,,up,,,,,,up,,up,,,,,,,,,,,,,,,,,,,,,,,meh,,,,meh,,,,,,,,,,,,up,,up,up,,up,,up,,meh,,,up
Every Brilliant Thing,2026-03-12,,0,0,17,11,5,1,,,up,,,,,,,,,,,,,,,,,up,,up,,,,,,,up,,,,,,,,,,,,,meh,,up,,up,meh,,,up,,,,,,,,,,,,,,,,,,,,,,,,,,,,,meh,,,,,,,,,down,,,meh,,up,meh,,,,up,,up,,,
Giant,2026-03-23,,0,0,15,12,2,1,,,up,,,,,,,,,,,,,,,,,up,,,,,,,,,,,,,,,,,,,up,,,up,,up,,,meh,,,up,,,,,,,,,,,,,,,,,,,,,,,,,,,,,,,,,,,,,,down,,,up,,meh,up,,,,up,,up,up,,
Dog Day Afternoon,2026-03-30,,0,0,17,2,7,8,,,meh,,,,,,,,,,,,,,,,,,,meh,,,,,down,,,,,,,,,,,,down,,,down,,down,,meh,meh,,,down,,,,,,,,,,,,,,,,,,,,,,,,,,,,,,,,,,,,,,up,,,down,,meh,down,,down,,meh,,up,,,
Becky Shaw,2026-04-06,,0,0,14,12,2,0,,,,,,,,,,,,,,,,,,,,up,,up,,,,,,,,,,,,,,,,,up,,,up,,up,,,meh,,,up,,,,,,,,,,,,,,,,,,,,,,,,,,,,,meh,,,,,,,,,,,,up,,up,up,,,,up,,up,,,
Cats: The Jellicle Ball,2026-04-07,,0,0,16,15,1,0,,,,,,,,,,,,,,,,,,,,up,,up,,,,,,,,,,,,,,,,,up,,,up,,up,,up,up,,,up,,,,,,,,,,,,,,,,,,,,,,,,,,,,,up,,,,,,,,,meh,,,up,,up,,,up,,up,,up,,,
Death of a Salesman,2026-04-09,,0,0,16,13,1,2,,,up,,,,,,,,,,,,,,,,,up,,up,,,,,up,,,,,,,,,,,,up,,,,,up,,,up,,,up,,,,,,,,up,,,,,,,,,,,,,,,,,,,,,up,,,,,,,,,down,,,up,,meh,,,,,down,,up,,,
Titaníque,2026-04-12,,0,0,17,10,5,2,,,down,,,,,,,,,,,,,,,,,up,,up,,,,,,,,,,up,,,,,,,meh,,,up,,meh,,meh,up,,,meh,,,,,,,,,,,,,,up,,,,,,,,,,,,,,,meh,,,,,,,,,,,,up,,up,,,,,up,,up,,,
The Fear of 13,2026-04-15,,0,0,16,4,10,2,,,,,,,,,,,,,,,up,,,,,meh,,,,,,,down,,,,,,,,,,,,,,,meh,,meh,,up,meh,,,down,,,,,,,,,,,,,,,,,,,,,,,,,,,,,meh,,,,,,,,,up,,,meh,,meh,meh,,,,meh,,meh,,,
Proof,2026-04-16,,0,0,15,7,8,0,,,,,,,,,,,,,,,,,,,,up,,up,,,,,,,,,,,,,,,,,up,,,meh,,up,,up,up,,,meh,,,,,,,,,,,,,,,,,,,,,,,,,,,,,meh,,,,,,,,,meh,,,meh,,,meh,,,,meh,,meh,,,
Fallen Angels,2026-04-19,,0,0,15,9,6,0,,,meh,,,,,,,,,,,,,,,,,up,,,,,,,,,,,,,,,,,,,up,,,meh,,meh,,up,up,,,up,,,,,,,,,,,,,,,,,,,,,,,,,,,,,up,,,,,,,,,meh,,,up,,,,,,,meh,,meh,up,,
Schmigadoon!,2026-04-20,,0,0,16,11,4,1,,,meh,,,,,,,,,,,,,,,,,up,,up,,,,,,,,,,,,,,,,,,,,down,,up,,up,up,,,up,,,,,,,,,,,,,,,,,,,,,,,,,,,,,meh,,,,,,,,,meh,,,up,,up,up,,,,up,,meh,,,
The Balusters,2026-04-21,,0,0,17,12,5,0,,,,,,,,,,,,,,,,,,,,meh,,meh,,,,,,,,,,,,,,,,,up,,,up,,up,,up,up,,,up,,up,,,,,,,,,,,,,,,,,,,,,,,,,,,meh,,,,,,,,,meh,,,up,,up,,,,,up,,meh,up,,
Beaches,2026-04-22,,0,0,16,1,6,9,,,,,,,,,,,,,,,,,,,,down,,meh,,,,,,,,,,,,,,,,,meh,,,down,,meh,,down,meh,,,down,,,,,,,,,,,,,,down,,,,,,,,,,,,,,,meh,,,,,,,,,down,,,up,,meh,down,,,,down,,,,,
The Rocky Horror Show,2026-04-23,,0,0,20,10,8,2,,,up,,,,,,,,,,,,,,,,,up,,up,,,,,,,,,,,,,,,,,down,,,meh,,meh,,meh,up,,,up,,up,,,,,,,,,,,,meh,,,,,,,,,,,,,,,meh,,,,,,,,,meh,,,meh,,up,up,,,,meh,,up,,,up
Joe Turner’s Come and Gone,2026-04-25,,0,0,14,9,5,0,,,,,,,,,,,,,,,,,,,,up,,,,,,,,,,,,,,,,,,,up,,,meh,,up,,,up,,,up,,,,,,,,,,,,,,,,,,,,,,,,,,,,,meh,,,,,,,,,up,,,meh,,meh,up,,,,up,,up,,,
The Lost Boys,2026-04-26,,0,0,16,7,8,1,,,down,,,,,,,,,,,,,,,,,up,,up,,,,,,,,,,,,,,,,,meh,,,up,,meh,,,meh,,,meh,,,,,,,,,,,,,,meh,,,,,,,,,,,,,,,,,,,,,,,,meh,,,up,,meh,up,,,,up,,up,,,
