show_id,title,normalized_title,dtli_slug,ibdb_id,show_type,is_revival,opening_date,closing_date,theater,capitalization,source_dtli,source_ibdb,source_bww,created_at,updated_at
2828,80s weepie makes for soggy Broadway musical,80s weepie makes for soggy broadway musical,80s-weepie-makes-for-soggy-broadway-musical,,,0,,,,,1,0,0,2026-05-21 01:56:58,2026-05-21 02:13:08
817,A Bed And A Chair: A New York Love Affairs,bed and a chair a new york love affairs,a-bed-and-a-chair:-a-new-york-love-affair-reviews,,,0,,,,,1,0,0,2026-05-21 01:56:32,2014-04-22T15:06:38+00:00
1234,A Dolls House 2011,dolls house 2011,a-dolls-house-2011,,,0,,,,,1,0,1,2026-05-21 01:56:38,2014-04-22T15:06:36+00:00
1410,A Dolls Houses,dolls houses,a-dolls-house-reviews,,,0,,,,,1,0,0,2026-05-21 01:56:44,2023-03-10T15:01:12+00:00
314,A Radically Condensed And Expanded Supposedly Fun Thing I%E2%80%99Ll Never Do Again After David Foster Wallace,radically condensed and expanded supposedly fun thing ie28099ll never do again after david foster wallace,a-radically-condensed-and-expanded-supposedly-fun-thing-i%E2%80%99ll-never-do-again-after-david-foster-wallace,,,0,,,,,1,0,0,2026-05-21 01:56:29,2014-04-22T15:06:37+00:00
114,A View From The Bridge,view from the bridge,A-View-From-The-Bridge,,,0,,,,,1,0,1,2026-05-21 01:56:29,2014-04-22T15:06:33+00:00
123,American Idiot Broadway.Reviews,american idiot broadwayreviews,american-idiot-broadway.reviews,,,0,,,,,1,0,1,2026-05-21 01:56:29,2014-04-22T15:06:34+00:00
2572,"An iconic movie bids to become “My Fair Lady of the Evening,” but isn’t quite so loverly.",iconic movie bids to become my fair lady of the evening but isnt quite so loverly,an-iconic-movie-bids-to-become-my-fair-lady-of-the-evening-but-isnt-quite-so-loverly,,,0,,,,,1,0,0,2026-05-21 01:56:52,2026-05-21 02:15:30
611,Armistead Maupin'S Tales Of The City ,armistead maupins tales of the city,armistead-maupin's-tales-of-the-city-,,,0,,,,,1,0,0,2026-05-21 01:56:29,2014-04-22T15:06:35+00:00
1086,Baby Universe: A Puppet Odyssey,baby universe a puppet odyssey,baby-universe:-a-puppet-odyssey,,,0,,,,,1,0,0,2026-05-21 01:56:38,2014-04-22T15:06:34+00:00
425,Be Careful! The Sharks Will Eat You!,be careful the sharks will eat you,be-careful!-the-sharks-will-eat-you!,,,0,,,,,1,0,0,2026-05-21 01:56:29,2014-04-22T15:06:36+00:00
916,Billy Crystal.700 Sundayss,billy crystal700 sundayss,billy-crystal.700-sundays-reviews,,,0,,,,,1,0,0,2026-05-21 01:56:32,2014-04-22T15:06:38+00:00
2570,Broadway’s ‘Pretty Woman’ Musical: All Dressed Up With No Place To Go,broadways pretty woman musical all dressed up with no place to go,broadways-pretty-woman-musical-all-dressed-up-with-no-place-to-go,,,0,,,,,1,0,0,2026-05-21 01:56:52,2026-05-21 02:15:31
2363,Burn This,burn this,burn-this-2,,,0,,,,,1,0,1,2026-05-21 01:56:52,2026-05-21 02:16:57
907,Charlesivestakemehomes,charlesivestakemehomes,CharlesIvesTakeMeHome-reviews,,,0,,,,,1,0,0,2026-05-21 01:56:32,2014-04-22T15:06:38+00:00
2569,Chasing Shopworn Dreams in ‘Pretty Woman: The Musical’,chasing shopworn dreams in pretty woman the musical,chasing-shopworn-dreams-in-pretty-woman-the-musical,,,0,,,,,1,0,0,2026-05-21 01:56:52,2026-05-21 02:15:30
272,Colin Quinn: Long Story Short,colin quinn long story short,colin-quinn:-long-story-short,,,0,,,,,1,0,0,2026-05-21 01:56:29,2014-04-22T15:06:34+00:00
1157,"Come Back, Little Sheba",come back little sheba,"come-back,-little-sheba",,,0,,,,,1,0,0,2026-05-21 01:56:38,2014-04-22T15:06:35+00:00
667,Company,company,Company,,,0,,,,,1,0,1,2026-05-21 01:56:29,2014-04-22T15:06:35+00:00
908,Cornelius,cornelius,Cornelius,,,0,,,,,1,0,0,2026-05-21 01:56:32,2014-04-22T15:06:38+00:00
640,Dame Edna: ,dame edna,dame-edna:-,,,0,,,,,1,0,0,2026-05-21 01:56:29,2014-04-22T15:06:35+00:00
1146,Deuce,deuce,Deuce,,,0,,,,,1,0,0,2026-05-21 01:56:38,2014-04-22T15:06:35+00:00
1484,"Disparate Lives That Intersect ‘When January Feels Like Summer,’ at Ensemble Studio Theater",disparate lives that intersect when january feels like summer at ensemble studio theater,disparate-lives-that-intersect-when-january-feels-like-summer-at-ensemble-studio-theater,,,0,,,,,1,0,0,2026-05-21 01:56:46,2026-05-21 02:23:45
846,Dr. Du Bois And Miss Ovington,dr du bois and miss ovington,dr.-du-bois-and-miss-ovington,,,0,,,,,1,0,0,2026-05-21 01:56:32,2014-04-22T15:06:38+00:00
626,"Dracula, The Musical",dracula the musical,"dracula,-the-musical",,,0,,,,,1,0,0,2026-05-21 01:56:29,2014-04-22T15:06:35+00:00
2835,EL MAGO POP,el mago pop,,,,0,,,Ethel Barrymore,,0,0,1,2026-05-21 02:34:54,2026-05-21 02:34:54
598,Enfrascada ,enfrascada,enfrascada-,,,0,,,,,1,0,0,2026-05-21 01:56:29,2014-04-22T15:06:35+00:00
886,Forbidden Broadway Alive And Kicking ,forbidden broadway alive and kicking,forbidden-broadway-alive-and-kicking-,,,0,,,,,1,0,0,2026-05-21 01:56:32,2014-04-22T15:06:37+00:00
691,Frost Nixon,frost nixon,Frost-Nixon,,,0,,,,,1,0,0,2026-05-21 01:56:29,2014-04-22T15:06:35+00:00
758,Fyvush Finkel Live,fyvush finkel live,Fyvush-Finkel-Live,,,0,,,,,1,0,0,2026-05-21 01:56:32,2014-04-22T15:06:34+00:00
1274,Gob Squads Kitchen (Youve Never Had It So Good),gob squads kitchen youve never had it so good,gob-squads-kitchen-(youve-never-had-it-so-good),,,0,,,,,1,0,0,2026-05-21 01:56:41,2014-04-22T15:06:36+00:00
552,Golda'S Balcony,goldas balcony,golda's-balcony,,,0,,,,,1,0,0,2026-05-21 01:56:29,2014-04-22T15:06:35+00:00
369,Hell: Paradise Found,hell paradise found,hell:-paradise-found,,,0,,,,,1,0,0,2026-05-21 01:56:29,2014-04-22T15:06:37+00:00
1239,Herman Klines Midlife Crisis ,herman klines midlife crisis,herman-klines-midlife-crisis-,,,0,,,,,1,0,0,2026-05-21 01:56:41,2014-04-22T15:06:36+00:00
1093,Hysteria And If That'S All There Is,hysteria and if thats all there is,hysteria-and-if-that's-all-there-is,,,0,,,,,1,0,0,2026-05-21 01:56:38,2014-04-22T15:06:34+00:00
495,If You Ever Leave Me I'M Going With You,if you ever leave me im going with you,if-you-ever-leave-me-i'm-going-with-you,,,0,,,,,1,0,0,2026-05-21 01:56:29,2014-04-22T15:06:35+00:00
796,Il Divo: A Musical Affairs,il divo a musical affairs,il-divo:-a-musical-affair-reviews,,,0,,,,,1,0,0,2026-05-21 01:56:32,2014-04-22T15:06:38+00:00
782,Im Getting My Act Togethers,im getting my act togethers,Im-getting-my-act-together-reviews,,,0,,,,,1,0,0,2026-05-21 01:56:32,2014-04-22T15:06:38+00:00
2216,In Our Ladies Of Perpetual Succour Schoolgirls On The Prowl,in our ladies of perpetual succour schoolgirls on the prowl,in-our-ladies-of-perpetual-succour-schoolgirls-on-the-prowl,,,0,,,,,1,0,0,2026-05-21 01:56:50,2016-06-16T15:09:52+00:00
2003,"In ‘Head Over Heels,’ Jukebox Musical Meets Elizabethan Romance",in head over heels jukebox musical meets elizabethan romance,in-head-over-heels-jukebox-musical-meets-elizabethan-romance,,,0,,,,,1,0,0,2026-05-21 01:56:50,2026-05-21 02:19:45
1085,Jackie Five Oh!,jackie five oh,jackie-five-oh!,,,0,,,,,1,0,0,2026-05-21 01:56:38,2014-04-22T15:06:34+00:00
540,Jackie Mason'S Laughing Room Only,jackie masons laughing room only,jackie-mason's-laughing-room-only,,,0,,,,,1,0,0,2026-05-21 01:56:29,2014-04-22T15:06:35+00:00
297,Jay Johnson: The Two And Only!,jay johnson the two and only,jay-johnson:-the-two-and-only!,,,0,,,,,1,0,0,2026-05-21 01:56:29,2014-04-22T15:06:35+00:00
690,Journey'S End,journeys end,journey's-end,,,0,,,,,1,0,0,2026-05-21 01:56:29,2014-04-22T15:06:35+00:00
2823,Kelli O’Hara and Rose Byrne Are a Great Slapstick Duo in Fallen Angels,kelli ohara and rose byrne are a great slapstick duo in fallen angels,kelli-ohara-and-rose-byrne-are-a-great-slapstick-duo-in-fallen-angels,,,0,,,,,1,0,0,2026-05-21 01:56:58,2026-05-21 02:13:08
1471,"Killer Notes, Low or High",killer notes low or high,murder-for-two,,,0,,,,,1,0,0,2026-05-21 01:56:46,2026-05-21 02:23:49
2832,LORD OF THE DANCE: DANGEROUS GAMES,lord of the dance dangerous games,,,,0,,,Lyric,,0,0,1,2026-05-21 02:34:52,2026-05-21 02:34:52
832,La Belle Et La Bete,la belle et la bete,La-Belle-et-la-Bete,,,0,,,,,1,0,1,2026-05-21 01:56:32,2014-04-22T15:06:38+00:00
1312,Love'S Labour'S Lost,loves labours lost,love's-labour's-lost,,,0,,,,,1,0,0,2026-05-21 01:56:41,2014-04-22T15:06:37+00:00
546,"Love, Loss, And What I Wore",love loss and what i wore,"love,-loss,-and-what-i-wore",,,0,,,,,1,0,0,2026-05-21 01:56:29,2014-04-22T15:06:35+00:00
317,Luther,luther,Luther,,,0,,,,,1,0,0,2026-05-21 01:56:29,2014-04-22T15:06:37+00:00
2836,MELISSA ETHERIDGE: MY WINDOW,melissa etheridge my window,,,,0,,,Circle in the Square,,0,0,1,2026-05-21 02:34:54,2026-05-21 02:34:54
139,Macbeth(2008),macbeth2008,macbeth(2008),,,0,,,,,1,0,0,2026-05-21 01:56:29,2014-04-22T15:06:33+00:00
1172,Martin Short: Fame Becomes Me,martin short fame becomes me,martin-short:-fame-becomes-me,,,0,,,,,1,0,0,2026-05-21 01:56:38,2014-04-22T15:06:35+00:00
311,Massacre (Sing To Your Children),massacre sing to your children,massacre-(sing-to-your-children),,,0,,,,,1,0,0,2026-05-21 01:56:29,2014-04-22T15:06:37+00:00
262,Me Myself  I,me myself i,me-myself--i,,,0,,,,,1,0,0,2026-05-21 01:56:29,2014-04-22T15:06:34+00:00
1313,Mike Tyson: Undisputed Truth,mike tyson undisputed truth,mike-tyson:-undisputed-truth,,,0,,,,,1,0,0,2026-05-21 01:56:41,2014-04-22T15:06:37+00:00
2819,Movie Spoof Unfortunately Hits Musical Iceberg,movie spoof unfortunately hits musical iceberg,movie-spoof-unfortunately-hits-musical-iceberg,,,0,,,,,1,0,0,2026-05-21 01:56:58,2026-05-21 02:13:08
923,"Natasha, Pierre, And The Great Comet Of 1812S",natasha pierre and the great comet of 1812s,"natasha,-pierre,-and-the-great-comet-of-1812-reviews",,,0,,,,,1,0,0,2026-05-21 01:56:32,2014-04-22T15:06:38+00:00
121,Next Fall Broadway Reviews,next fall broadway reviews,Next-Fall-Broadway-Reviews,,,0,,,,,1,0,1,2026-05-21 01:56:29,2014-04-22T15:06:34+00:00
2638,Off-Broadway Theater Review: CHARLATAN (Ars Nova),offbroadway theater review charlatan ars nova,charlatan-reviews,,,0,,,,,1,0,0,2026-05-21 01:56:54,2026-05-21 02:14:40
504,One Flew Over The Cuckoo'S Nest,one flew over the cuckoos nest,one-flew-over-the-cuckoo's-nest,,,0,,,,,1,0,0,2026-05-21 01:56:29,2014-04-22T15:06:35+00:00
279,Persephone,persephone,Persephone,,,0,,,,,1,0,0,2026-05-21 01:56:29,2014-04-22T15:06:34+00:00
378,Pool No Water ,pool no water,pool-no-water-,,,0,,,,,1,0,0,2026-05-21 01:56:29,2014-04-22T15:06:37+00:00
2566,Review: Familiar Rock Dreams in ‘Gettin’ the Band Back Together’,review familiar rock dreams in gettin the band back together,review-familiar-rock-dreams-in-gettin-the-band-back-together,,,0,,,,,1,0,0,2026-05-21 01:56:52,2026-05-21 02:15:32
1430,Richard Iiis,richard iiis,richard-III-reviews,,,0,,,,,1,0,0,2026-05-21 01:56:46,2014-04-22T15:06:39+00:00
997,Rock Of Ages	,rock of ages,rock-of-ages-review	,,,0,,,,,1,0,0,2026-05-21 01:56:32,2014-04-22T15:06:33+00:00
749,Rosmersholm%20,rosmersholm20,rosmersholm%20,,,0,,,,,1,0,0,2026-05-21 01:56:32,2014-04-22T15:06:34+00:00
2837,SUNSET BLVD.,sunset blvd,,,,0,,,St. James,,0,0,1,2026-05-21 02:34:55,2026-05-21 02:34:55
305,She'S Of A Certain Age,shes of a certain age,she's-of-a-certain-age,,,0,,,,,1,0,0,2026-05-21 01:56:29,2014-04-22T15:06:37+00:00
1225,Silence  The Musical,silence the musical,silence--the-musical,,,0,,,,,1,0,0,2026-05-21 01:56:38,2014-04-22T15:06:36+00:00
1472,"Stage Door: Murder For Two, Sleeping Beauty",stage door murder for two sleeping beauty,stage-door-murder-for-two-sleeping-beauty,,,0,,,,,1,0,0,2026-05-21 01:56:46,2026-05-21 02:23:50
2571,Super-Safe Sex on Broadway,supersafe sex on broadway,super-safe-sex-on-broadway,,,0,,,,,1,0,0,2026-05-21 01:56:52,2026-05-21 02:15:29
2834,THE SIGN IN SIDNEY BRUSTEIN'S WINDOW,sign in sidney brusteins window,,,,0,,,James Earl Jones,,0,0,1,2026-05-21 02:34:54,2026-05-21 02:34:54
2214,Take A Ride On The Farce Train With Two From Ayckbourn,take a ride on the farce train with two from ayckbourn,take-a-ride-on-the-farce-train-with-two-from-ayckbourn-review,,,0,,,,,1,0,0,2026-05-21 01:56:50,2016-06-14T15:38:21+00:00
672,The Coast Of Utopia (Part 3  Salvage),coast of utopia part 3 salvage,the-coast-of-utopia-(part-3--salvage),,,0,,,,,1,0,0,2026-05-21 01:56:29,2014-04-22T15:06:35+00:00
1220,The Devils Music The Life And Blues Of Bessie Smith ,devils music the life and blues of bessie smith,the-devils-music-the-life-and-blues-of-bessie-smith-,,,0,,,,,1,0,0,2026-05-21 01:56:38,2014-04-22T15:06:37+00:00
234,The Metal Children ,metal children,the-metal-children-,,,0,,,,,1,0,0,2026-05-21 01:56:29,2014-04-22T15:06:34+00:00
729,The Motherf**Ker With The Hat,motherfker with the hat,the-motherf**ker-with-the-hat,,,0,,,,,1,0,1,2026-05-21 01:56:32,2014-04-22T15:06:35+00:00
1076,The Pee Wee Herman Show ,pee wee herman show,the-pee-wee-herman-show-,,,0,,,,,1,0,1,2026-05-21 01:56:38,2014-04-22T15:06:34+00:00
826,The Rascals: Once Upon A Dreams,rascals once upon a dreams,the-rascals:-once-upon-a-dream-reviews,,,0,,,,,1,0,0,2026-05-21 01:56:32,2014-04-22T15:06:24+00:00
2685,"The Revived and Reinvented 1776 Is a Delight, If You Can Stand to Watch It",revived and reinvented 1776 is a delight if you can stand to watch it,the-revived-and-reinvented-1776-is-a-delight-if-you-can-stand-to-watch-it,,,0,,,,,1,0,0,2026-05-21 01:56:54,2026-05-21 02:14:11
1193,The_Drowsy_Chaperone,thedrowsychaperone,The_Drowsy_Chaperone,,,0,,,,,1,0,0,2026-05-21 01:56:38,2014-04-22T15:06:35+00:00
1178,Theconstantwife,theconstantwife,TheConstantWife,,,0,,,,,1,0,0,2026-05-21 01:56:38,2014-04-22T15:06:35+00:00
711,Timon Of  Athens,timon of athens,timon-of--athens,,,0,,,,,1,0,0,2026-05-21 01:56:32,2014-04-22T15:06:35+00:00
808,Tragedy Of A Friendships,tragedy of a friendships,Tragedy-of-a-friendship-reviews,,,0,,,,,1,0,0,2026-05-21 01:56:32,2014-04-22T15:06:38+00:00
1182,Twentieth Century,twentieth century,Twentieth-Century,,,0,,,,,1,0,0,2026-05-21 01:56:38,2014-04-22T15:06:35+00:00
1083,Uncle Tom'S Cabin,uncle toms cabin,uncle-tom's-cabin,,,0,,,,,1,0,0,2026-05-21 01:56:38,2014-04-22T15:06:34+00:00
992,Uncle Vanya  Theater,uncle vanya theater,uncle-vanya--theater-review,,,0,,,,,1,0,0,2026-05-21 01:56:32,2014-04-22T15:06:33+00:00
1308,Uncle Vanya Sydney City Center,uncle vanya sydney city center,uncle-vanya-sydney-City-center,,,0,,,,,1,0,0,2026-05-21 01:56:41,2014-04-22T15:06:37+00:00
574,Unnatural Acts: Harvard'S Secret Court Of 1920 ,unnatural acts harvards secret court of 1920,unnatural-acts:-harvard's-secret-court-of-1920-,,,0,,,,,1,0,0,2026-05-21 01:56:29,2014-04-22T15:06:35+00:00
1354,Venices,venices,Venice-reviews,,,0,,,,,1,0,0,2026-05-21 01:56:44,2014-04-22T15:06:38+00:00
1108,When I Come To Die ,when i come to die,when-i-come-to-die-,,,0,,,,,1,0,0,2026-05-21 01:56:38,2014-04-22T15:06:35+00:00
230,White'S Lies,whites lies,white's-lies,,,0,,,,,1,0,0,2026-05-21 01:56:29,2014-04-22T15:06:34+00:00
2833,YANNI,yanni,,,,0,,,Lunt-Fontanne,,0,0,1,2026-05-21 02:34:53,2026-05-21 02:34:53
2826,a Pulitzer-winning playwright returns with mixed results,pulitzerwinning playwright returns with mixed results,a-pulitzer-winning-playwright-returns-with-mixed-results,,,0,,,,,1,0,0,2026-05-21 01:56:58,2026-05-21 02:13:08
2686,‘1776’ Broadway Review: A New World Declares Independence,1776 broadway review a new world declares independence,1776-broadway-review-a-new-world-declares-independence,,,0,,,,,1,0,0,2026-05-21 01:56:54,2026-05-21 02:14:10
682,"‘Awake and Sing!,’ a Depression-Era Family Drama",awake and sing a depressionera family drama,awake-and-sing!,,,0,,,,,1,0,0,2026-05-21 01:56:29,2026-05-21 02:29:46
2567,‘Gettin’ the Band Back Together’ Broadway Review: They Were Better Off Going Solo,gettin the band back together broadway review they were better off going solo,gettin-the-band-back-together-broadway-review-they-were-better-off-going-solo,,,0,,,,,1,0,0,2026-05-21 01:56:52,2026-05-21 02:15:31
2549,‘Harry Potter and the Cursed Child’ Casts a Spell Onstage,harry potter and the cursed child casts a spell onstage,review-43,,,0,,,,,1,0,0,2026-05-21 01:56:52,2026-05-21 02:15:41
2637,"‘Pretty Woman’ on Broadway is great fun, starring Samantha Barks with a heart of gold",pretty woman on broadway is great fun starring samantha barks with a heart of gold,pretty-woman-on-broadway-is-great-fun-starring-samantha-barks-with-a-heart-of-gold,,,0,,,,,1,0,0,2026-05-21 01:56:54,2026-05-21 02:14:48
1468,Ethel Sings,ethel sings,ethel-sings,,,0,0201-06-06,,Beckett Theatre,,1,0,0,2026-05-21 01:56:46,2026-05-21 02:23:32
477,Benito Cereno,benito cereno,benito-cereno,,,0,0201-09-25,,The Flea Theater,,1,0,0,2026-05-21 01:56:29,2026-05-21 02:27:39
2684,1776,1776,1776-2,,,0,1970-01-01,,American Airlines,,1,0,0,2026-05-21 01:56:54,2026-05-21 02:14:09
54,9 to 5 broadway,9 to 5 broadway,9-to-5-broadway-reviews,,,0,1970-01-01,,Marquis Theatre,,1,0,0,2026-05-21 01:56:29,2026-05-21 02:33:34
2726,Jaja's African Hair Braiding,jajas african hair braiding,jajas-african-hair-braiding,,,0,1970-01-01,,Samuel J. Friedman Theatre,,1,0,1,2026-05-21 01:56:56,2026-05-21 02:13:50
980,Jersey Boys,jersey boys,jersey-boys-reviews,,,0,1970-01-01,,37 Arts Theatre,,1,0,1,2026-05-21 01:56:32,2026-05-21 02:17:03
2727,Merrily We Roll Along,merrily we roll along,merrily-we-roll-along-bway,,,0,1970-01-01,,Hudson Theatre,,1,0,0,2026-05-21 01:56:56,2026-05-21 02:13:50
2467,Simpatico,simpatico,simpatico-review,,,0,1970-01-01,,McCarter Theater Center,,1,0,0,2026-05-21 01:56:52,2026-05-21 02:16:13
73,Speed the Plow,speed the plow,speed-the-plow-reviews,,,0,1970-01-01,,Ethel Barrymore,,1,0,0,2026-05-21 01:56:29,2026-05-21 02:32:31
59,a chorus line,chorus line,achoruslinereviews,,,0,1970-01-01,,Gerald Schoenfeld,,1,0,0,2026-05-21 01:56:29,2026-05-21 02:33:52
81,a lifetime burning,lifetime burning,a-lifetime-burning-off-broadway-review,,,0,1970-01-01,,Primary Stages,,1,0,0,2026-05-21 01:56:29,2026-05-21 02:33:52
55,a steady rain,steady rain,a-steady-rain-reviews,,,0,1970-01-01,,Schoenfeld Theatre,,1,0,0,2026-05-21 01:56:29,2026-05-21 02:33:35
82,absinthe,absinthe,absinthe-review,,,0,1970-01-01,,Spiegelworld,,1,0,0,2026-05-21 01:56:29,2026-05-21 02:32:34
56,accent on youth broadway,accent on youth broadway,accent-on-youth-reviews,,,0,1970-01-01,,Samuel J. Friedman,,1,0,0,2026-05-21 01:56:29,2026-05-21 02:33:34
83,adding machine,adding machine,adding-machine-review,,,0,1970-01-01,,Minetta Lane Theatre,,1,0,0,2026-05-21 01:56:29,2026-05-21 02:32:34
57,all my sons,all my sons,all-my-sons-reviews,,,0,1970-01-01,,Gerald Schoenfeld,,1,0,1,2026-05-21 01:56:29,2026-05-21 02:33:34
84,beast,beast,beast-review,,,0,1970-01-01,,NY Theatre Workshop,,1,0,0,2026-05-21 01:56:29,2026-05-21 02:33:53
85,blasted,blasted,blasted-review,,,0,1970-01-01,,Soho Repertory,,1,0,0,2026-05-21 01:56:29,2026-05-21 02:33:55
86,buffalo gal,buffalo gal,buffalo-gal-review,,,0,1970-01-01,,Primary Stages,,1,0,0,2026-05-21 01:56:29,2026-05-21 02:33:55
88,chasing manet,chasing manet,chasing-manet-review,,,0,1970-01-01,,"Primary Stages
                 59E59 Theaters",,1,0,0,2026-05-21 01:56:29,2026-05-21 02:33:56
60,cirque dreams: jungle fantasy,cirque dreams jungle fantasy,cirque-dreams-reviews,,,0,1970-01-01,,Broadway Theatre,,1,0,0,2026-05-21 01:56:29,2026-05-21 02:33:35
90,desir,desir,desir-review,,,0,1970-01-01,,Spiegelworld,,1,0,0,2026-05-21 01:56:29,2026-05-21 02:33:55
61,desire under the elms broadway,desire under the elms broadway,desire-under-the-elms-reviews,,,0,1970-01-01,,St. James Theatre,,1,0,0,2026-05-21 01:56:29,2026-05-21 02:33:36
91,disco pigs,disco pigs,disco-pigs-review,,,0,1970-01-01,,59E59 Theaters,,1,0,0,2026-05-21 01:56:29,2026-05-21 02:32:34
62,dividing the estate,dividing the estate,dividing-the-estate-reviews,,,0,1970-01-01,,Booth Theatre,,1,0,0,2026-05-21 01:56:29,2026-05-21 02:33:36
94,forbidden broadway,forbidden broadway,forbidden-broadway-review,,,0,1970-01-01,,47th Street Theatre,,1,0,0,2026-05-21 01:56:29,2026-05-21 02:33:58
95,geometry of fire,geometry of fire,geometry-of-fire,,,0,1970-01-01,,Rattlestick Theatre,,1,0,0,2026-05-21 01:56:29,2026-05-21 02:32:35
64,guys and dolls,guys and dolls,guys-and-dolls-reviews,,,0,1970-01-01,,Nederlander Theatre,,1,0,0,2026-05-21 01:56:29,2026-05-21 02:33:36
98,happiness,happiness,happiness-theater-review,,,0,1970-01-01,,Mitzi E. Newhouse,,1,0,0,2026-05-21 01:56:29,2026-05-21 02:32:37
65,impressionism broadway,impressionism broadway,impressionism-broadway-theater-reviews,,,0,1970-01-01,,Schoenfeld Theatre,,1,0,0,2026-05-21 01:56:29,2026-05-21 02:33:37
100,in conflict,in conflict,in-conflict-review,,,0,1970-01-01,,Barrow Street Theatre,,1,0,0,2026-05-21 01:56:29,2026-05-21 02:32:35
43,jump,jump,jump-review,,,0,1970-01-01,,Union Square Theatre,,1,0,0,2026-05-21 01:56:29,2026-05-21 02:32:29
40,lady,lady,lady-review,,,0,1970-01-01,,Rattlestick Theatre,,1,0,0,2026-05-21 01:56:29,2026-05-21 02:33:50
66,legally blonde,legally blonde,legallyblondereviews,,,0,1970-01-01,,Palace Theatre,,1,0,0,2026-05-21 01:56:29,2026-05-21 02:33:37
48,"len, asleep in vinyl",len asleep in vinyl,len-asleep-in-vinyl-review,,,0,1970-01-01,,McGinn,,1,0,0,2026-05-21 01:56:29,2026-05-21 02:33:49
67,les liaisons dangereuses,les liaisons dangereuses,lesliaisonsdangereuses,,,0,1970-01-01,,American Airlines,,1,0,1,2026-05-21 01:56:29,2026-05-21 02:33:38
69,november,november,novemberreviews,,,0,1970-01-01,,Ethel Barrymore,,1,0,0,2026-05-21 01:56:29,2026-05-21 02:33:51
70,oleanna,oleanna,oleanna-broadway-reviews,,,0,1970-01-01,,Golden Theatre,,1,0,0,2026-05-21 01:56:29,2026-05-21 02:33:51
51,opening night,opening night,opening-night-review,,,0,1970-01-01,,BAM Harvey Theater,,1,0,0,2026-05-21 01:56:29,2026-05-21 02:33:50
71,pal joey,pal joey,pal-joey,,,0,1970-01-01,,Studio 54,,1,0,0,2026-05-21 01:56:29,2026-05-21 02:33:52
50,port authority,port authority,port-authority-review,,,0,1970-01-01,,Linda Gross Theater,,1,0,0,2026-05-21 01:56:29,2026-05-21 02:33:50
2,reasons to be pretty,reasons to be pretty,reasons-to-be-pretty-review,,,0,1970-01-01,,Lucille Lortel Theatre,,1,0,0,2026-05-21 01:56:29,2026-05-21 02:32:26
25,ruined,ruined,ruined-theater-review,,,0,1970-01-01,,MTC - Stage 1,,1,0,0,2026-05-21 01:56:29,2026-05-21 02:33:46
5,shipwrecked,shipwrecked,shipwrecked,,,0,1970-01-01,,Primary Stages,,1,0,0,2026-05-21 01:56:29,2026-05-21 02:33:43
101,some americans abroad,some americans abroad,some-americans-abroad,,,0,1970-01-01,,Second Stage Theatre,,1,0,0,2026-05-21 01:56:29,2026-05-21 02:33:57
74,soul of shaolin,soul of shaolin,soul-of-shaolin,,,0,1970-01-01,,Marquis Theatre,,1,0,0,2026-05-21 01:56:29,2026-05-21 02:32:32
103,sunken red,sunken red,sunken-red-review,,,0,1970-01-01,,BAM Harvey Theater,,1,0,0,2026-05-21 01:56:29,2026-05-21 02:33:58
104,taking over,taking over,taking-over,,,0,1970-01-01,,The Public Theater,,1,0,0,2026-05-21 01:56:29,2026-05-21 02:33:58
96,the grand inquisitor,grand inquisitor,grand-inquisitor-review,,,0,1970-01-01,,NY Theatre Workshop,,1,0,0,2026-05-21 01:56:29,2026-05-21 02:32:35
68,the little mermaid,little mermaid,the-little-mermaid-reviews,,,0,1970-01-01,,Lunt-Fontanne Theatre,,1,0,0,2026-05-21 01:56:29,2026-05-21 02:33:38
72,the philanthropist,philanthropist,the-philanthropist-broadway-review,,,0,1970-01-01,,American Airlines,,1,0,0,2026-05-21 01:56:29,2026-05-21 02:33:52
75,the story of my life,story of my life,story-of-my-life-broadway-reviews,,,0,1970-01-01,,Booth Theatre,,1,0,0,2026-05-21 01:56:29,2026-05-21 02:32:31
105,this beautiful city,this beautiful city,this-beautiful-city-theater-review,,,0,1970-01-01,,Vineyard Theatre,,1,0,0,2026-05-21 01:56:29,2026-05-21 02:34:00
106,vanities,vanities,vanities-review,,,0,1970-01-01,,Second Stage Theatre,,1,0,0,2026-05-21 01:56:29,2026-05-21 02:32:37
107,vincent river,vincent river,vincent-river-review,,,0,1970-01-01,,59E59 Theaters,,1,0,0,2026-05-21 01:56:29,2026-05-21 02:33:59
2364,Phantom Of The Opera,phantom of the opera,phantom-of-the-opera-reviews,,,0,1988-01-26,,Majestic Theatre,,1,0,1,2026-05-21 01:56:52,2026-05-21 02:14:17
1353,Blue Man Group,blue man group,blue-man-group-reviews,,,0,1991-11-11,,Astor Place Theatre,,1,0,0,2026-05-21 01:56:44,2026-05-21 02:14:44
976,Stomp,stomp,stomp-reviews,,,0,1994-02-27,,Orpheum Theatre,,1,0,0,2026-05-21 01:56:32,2026-05-21 02:14:43
141,Rent (Broadway),rent broadway,rentreviews,,,0,1996-04-29,,Nederlander Theatre,,1,0,0,2026-05-21 01:56:29,2026-05-21 02:34:01
2365,Chicago,chicago,chicago-reviews,,,0,1996-11-14,,Ambassador Theatre,,1,0,1,2026-05-21 01:56:52,2026-05-21 02:14:17
1497,The Lion King,lion king,the-lion-king-reviews,,,0,1997-11-13,,Minskoff Theatre,,1,0,1,2026-05-21 01:56:46,2026-05-21 02:14:11
1214,Q.E.D.,qed,qed,,,0,2001-02-17,,Vivian Beaumont,,1,0,0,2026-05-21 01:56:38,2026-05-21 02:30:56
514,A Class Act,class act,a-class-act,,,0,2001-03-11,,Ambassador Theatre,,1,0,0,2026-05-21 01:56:29,2026-05-21 02:28:40
494,Design for Living,design for living,design-for-living,,,0,2001-03-15,,American Airlines,,1,0,0,2026-05-21 01:56:29,2026-05-21 02:28:31
493,Judgment at Nuremberg,judgment at nuremberg,judgment-at-nuremberg,,,0,2001-03-26,,Longacre Theatre,,1,0,0,2026-05-21 01:56:29,2026-05-21 02:28:31
492,The Invention of Love,invention of love,the-invention-of-love,,,0,2001-03-29,,Lyceum Theatre,,1,0,0,2026-05-21 01:56:29,2026-05-21 02:28:32
1218,Stones in His Pockets,stones in his pockets,stones-in-his-pockets,,,0,2001-04-01,,Golden Theatre,,1,0,0,2026-05-21 01:56:38,2026-05-21 02:30:56
501,Follies (2001),follies 2001,follies2001,,,0,2001-04-05,,Belasco Theatre,,1,0,0,2026-05-21 01:56:29,2026-05-21 02:28:34
502,Bells Are Ringing,bells are ringing,bells-are-ringing,,,0,2001-04-12,,Gerald Schoenfeld,,1,0,0,2026-05-21 01:56:29,2026-05-21 02:28:34
513,Blast!,blast,blast,,,0,2001-04-17,,Broadway Theatre,,1,0,0,2026-05-21 01:56:29,2026-05-21 02:28:39
508,The Producers,producers,the-producers,,,0,2001-04-19,,St James Theatre,,1,0,0,2026-05-21 01:56:29,2026-05-21 02:28:37
473,The Gathering,gathering,the-gathering,,,0,2001-04-24,,Cort Theatre,,1,0,0,2026-05-21 01:56:29,2026-05-21 02:28:29
509,The Adventures of Tom Sawyer (2001),adventures of tom sawyer 2001,the-adventures-of-tom-sawyer-2001,,,0,2001-04-26,,Minskoff Theatre,,1,0,0,2026-05-21 01:56:29,2026-05-21 02:28:37
1213,King Hedley II,king hedley ii,king-hedley-ii,,,0,2001-04-29,,August Wilson Theatre,,1,0,0,2026-05-21 01:56:38,2026-05-21 02:30:53
503,42nd Street,42nd street,42nd-street,,,0,2001-04-30,,Foxwoods Theatre,,1,0,0,2026-05-21 01:56:29,2026-05-21 02:28:35
497,George Gershwin Alone,george gershwin alone,george-gershwin-alone,,,0,2001-04-30,,Helen Hayes Theatre,,1,0,0,2026-05-21 01:56:29,2026-05-21 02:28:32
1216,A Thousand Clowns,thousand clowns,a-thousand-clowns,,,0,2001-07-11,,Longacre Theatre,,1,0,0,2026-05-21 01:56:38,2026-05-21 02:30:57
498,Major Barbara,major barbara,major-barbara,,,0,2001-07-12,,American Airlines,,1,0,0,2026-05-21 01:56:29,2026-05-21 02:28:33
505,Urinetown,urinetown,urinetown,,,0,2001-09-20,,Stephen Sondheim Theatre,,1,0,0,2026-05-21 01:56:29,2026-05-21 02:28:36
496,Hedda Gabler (2001),hedda gabler 2001,hedda-gabler2001,,,0,2001-10-04,,Ambassador Theatre,,1,0,0,2026-05-21 01:56:29,2026-05-21 02:33:40
1212,Dance of Death,dance of death,dance-of-death,,,0,2001-10-11,,Broadhurst Theatre,,1,0,0,2026-05-21 01:56:38,2026-05-21 02:30:53
981,Mamma Mia!,mamma mia,mamma-mia-reviews,,,0,2001-10-18,,Broadhurst Theatre,,1,0,1,2026-05-21 01:56:32,2026-05-21 02:20:43
507,Thou Shalt Not,thou shalt not,thou-shalt-not,,,0,2001-10-25,,Gerald Schoenfeld,,1,0,0,2026-05-21 01:56:29,2026-05-21 02:28:36
512,By Jeeves,by jeeves,by-jeeves,,,0,2001-10-28,,Helen Hayes Theatre,,1,0,0,2026-05-21 01:56:29,2026-05-21 02:28:38
500,Noises Off,noises off,noises-off,,,0,2001-11-01,,Brooks Atkinson,,1,0,1,2026-05-21 01:56:29,2026-05-21 02:28:33
506,The Women,women,the-women,,,0,2001-11-08,,American Airlines,,1,0,0,2026-05-21 01:56:29,2026-05-21 02:28:36
499,45 Seconds From Broadway,45 seconds from broadway,45-seconds-from-broadway,,,0,2001-11-11,,Richard Rodgers,,1,0,0,2026-05-21 01:56:29,2026-05-21 02:28:34
1215,Sexaholix,sexaholix,sexaholix,,,0,2001-11-11,,Broadway Theatre,,1,0,0,2026-05-21 01:56:38,2026-05-21 02:30:56
1219,A Christmas Carol,christmas carol,a-christmas-carol,,,0,2001-12-24,,Marquis Theatre,,1,0,1,2026-05-21 01:56:38,2026-05-21 02:14:54
547,An Almost Holy Picture,almost holy picture,an-almost-holy-picture,,,0,2002-02-07,,American Airlines,,1,0,0,2026-05-21 01:56:29,2026-05-21 02:28:53
573,Metamorphoses,metamorphoses,metamorphoses,,,0,2002-03-04,,Circle in the Square,,1,0,0,2026-05-21 01:56:29,2026-05-21 02:29:04
570,One Mo' Time,one mo time,one-mo-time,,,0,2002-03-06,,Longacre Theatre,,1,0,0,2026-05-21 01:56:29,2026-05-21 02:29:05
520,The Crucible,crucible,the-crucible,,,0,2002-03-07,,August Wilson Theatre,,1,0,1,2026-05-21 01:56:29,2026-05-21 02:28:43
553,"The Goat, or Who is Sylvia?",goat or who is sylvia,the-goat-or-who-is-sylvia,,,0,2002-03-10,,Golden Theatre,,1,0,0,2026-05-21 01:56:29,2026-05-21 02:28:56
568,Sweet Smell of Success,sweet smell of success,sweet-smell-of-success,,,0,2002-03-14,,Al Hirschfeld Theatre,,1,0,0,2026-05-21 01:56:29,2026-05-21 02:29:02
559,Oklahoma!,oklahoma,oklahoma,,,0,2002-03-21,,Gershwin Theatre,,1,0,1,2026-05-21 01:56:29,2026-05-21 02:28:59
535,The Smell of the Kill,smell of the kill,the-smell-of-the-kill,,,0,2002-03-26,,Helen Hayes Theatre,,1,0,0,2026-05-21 01:56:29,2026-05-21 02:28:48
565,Fortune's Fool,fortunes fool,fortunes-fool,,,0,2002-04-02,,Music Box Theatre,,1,0,0,2026-05-21 01:56:29,2026-05-21 02:29:02
538,The Graduate,graduate,the-graduate,,,0,2002-04-04,,Gerald Schoenfeld,,1,0,0,2026-05-21 01:56:29,2026-05-21 02:28:50
534,Topdog/Underdog,topdogunderdog,topdog-underdog,,,0,2002-04-07,,Ambassador Theatre,,1,0,1,2026-05-21 01:56:29,2026-05-21 02:27:46
518,The Elephant Man,elephant man,the-elephant-man,,,0,2002-04-14,,Bernard B. Jacobs,,1,0,1,2026-05-21 01:56:29,2026-05-21 02:28:40
566,Thoroughly Modern Millie,thoroughly modern millie,thoroughly-modern-millie,,,0,2002-04-18,,Marquis Theatre,,1,0,0,2026-05-21 01:56:29,2026-05-21 02:29:02
528,Morning's at Seven,mornings at seven,mornings-at-seven,,,0,2002-04-21,,Lyceum Theatre,,1,0,0,2026-05-21 01:56:29,2026-05-21 02:28:46
536,The Mystery of Charles Dickens,mystery of charles dickens,the-mystery-of-charles-dickens,,,0,2002-04-25,,Belasco Theatre,,1,0,0,2026-05-21 01:56:29,2026-05-21 02:28:49
522,Private Lives (2002),private lives 2002,private-lives2002,,,0,2002-04-28,,Richard Rodgers,,1,0,0,2026-05-21 01:56:29,2026-05-21 02:28:41
591,Into the Woods,into the woods,into-the-woods,,,0,2002-04-30,,Broadhurst Theatre,,1,0,1,2026-05-21 01:56:29,2026-05-21 02:29:12
515,The Man Who Had All the Luck,man who had all the luck,the-man-who-had-all-the-luck,,,0,2002-05-01,,American Airlines,,1,0,0,2026-05-21 01:56:29,2026-05-21 02:28:39
531,I'm Not Rappaport,im not rappaport,im-not-rappaport,,,0,2002-07-25,,Booth Theatre,,1,0,0,2026-05-21 01:56:29,2026-05-21 02:28:47
589,Frankie and Johnny in the Claire de Lune,frankie and johnny in the claire de lune,frankie-and-johnny-in-the-claire-de-lune,,,0,2002-08-08,,Belasco Theatre,,1,0,0,2026-05-21 01:56:29,2026-05-21 02:29:12
572,Hairspray,hairspray,hairspray,,,0,2002-08-15,,Neil Simon Theatre,,1,0,0,2026-05-21 01:56:29,2026-05-21 02:29:04
579,The Boys From Syracuse,boys from syracuse,the-boys-from-syracuse,,,0,2002-08-18,,American Airlines,,1,0,0,2026-05-21 01:56:29,2026-05-21 02:29:07
539,"Say Goodnight , Gracie",say goodnight gracie,say-goodnight-gracie,,,0,2002-10-10,,Helen Hayes Theatre,,1,0,0,2026-05-21 01:56:29,2026-05-21 02:28:49
551,Flower Drum Song,flower drum song,flower-drum-song,,,0,2002-10-17,,August Wilson Theatre,,1,0,0,2026-05-21 01:56:29,2026-05-21 02:28:55
578,Amour,amour,amour,,,0,2002-10-20,,Music Box Theatre,,1,0,0,2026-05-21 01:56:29,2026-05-21 02:29:06
549,Hollywood Arms,hollywood arms,hollywood-arms,,,0,2002-10-31,,Cort Theatre,,1,0,0,2026-05-21 01:56:29,2026-05-21 02:28:55
526,Our Town,our town,our-town,,,0,2002-12-04,,Booth Theatre,,1,0,1,2026-05-21 01:56:29,2026-05-21 02:28:44
583,Man of La Mancha,man of la mancha,man-of-la-mancha,,,0,2002-12-05,,Al Hirschfeld Theatre,,1,0,0,2026-05-21 01:56:29,2026-05-21 02:29:09
587,La Boheme,la boheme,la-boheme,,,0,2002-12-08,,Broadway Theatre,,1,0,0,2026-05-21 01:56:29,2026-05-21 02:29:11
542,Dance of the Vampires,dance of the vampires,dance-of-the-vampires,,,0,2002-12-09,,Minskoff Theatre,,1,0,0,2026-05-21 01:56:29,2026-05-21 02:28:50
530,Medea,medea,medea,,,0,2002-12-10,,Brooks Atkinson,,1,0,0,2026-05-21 01:56:29,2026-05-21 02:28:47
581,Imaginary Friends,imaginary friends,imaginary-friends,,,0,2002-12-12,,Barrymore Theatre,,1,0,0,2026-05-21 01:56:29,2026-05-21 02:29:08
533,Dinner at Eight,dinner at eight,dinner-at-eight,,,0,2002-12-19,,Vivian Beaumont,,1,0,0,2026-05-21 01:56:29,2026-05-21 02:28:47
517,Tartuffe,tartuffe,tartuffe,,,0,2003-01-09,,American Airlines,,1,0,0,2026-05-21 01:56:29,2026-05-21 02:28:39
521,Ma Rainey's Black Bottom,ma raineys black bottom,ma-raineys-black-bottom,,,0,2003-02-06,,Bernard B. Jacobs,,1,0,0,2026-05-21 01:56:29,2026-05-21 02:28:41
561,Take Me Out,take me out,take-me-out,,,0,2003-02-27,,Walter Kerr Theater,,1,0,1,2026-05-21 01:56:29,2026-05-21 02:28:59
537,Vincent in Brixton,vincent in brixton,vincent-in-brixton,,,0,2003-03-06,,John Golden Theatre,,1,0,0,2026-05-21 01:56:29,2026-05-21 02:28:49
558,Urban Cowboy,urban cowboy,urban-cowboy,,,0,2003-03-27,,Broadhurst Theatre,,1,0,0,2026-05-21 01:56:29,2026-05-21 02:28:59
577,The Play What I Wrote,play what i wrote,the-play-what-i-wrote,,,0,2003-03-30,,Lyceum Theatre,,1,0,0,2026-05-21 01:56:29,2026-05-21 02:29:07
575,Life X3,life x3,life-x3,,,0,2003-03-31,,Circle in the Square,,1,0,0,2026-05-21 01:56:29,2026-05-21 02:29:04
527,A Day in the Death of Joe Egg,day in the death of joe egg,a-day-in-the-death-of-joe-egg,,,0,2003-04-03,,American Airlines,,1,0,0,2026-05-21 01:56:29,2026-05-21 02:28:44
544,Nine,nine,nine,,,0,2003-04-10,,Eugene O'Neill Theatre,,1,0,0,2026-05-21 01:56:29,2026-05-21 02:28:52
550,A Year With Frog and Toad,year with frog and toad,a-year-with-frog-and-toad,,,0,2003-04-13,,Cort Theatre,,1,0,0,2026-05-21 01:56:29,2026-05-21 02:28:53
563,Enchanted April,enchanted april,enchanted-april,,,0,2003-04-29,,Belasco Theatre,,1,0,0,2026-05-21 01:56:29,2026-05-21 02:29:02
519,Salome (Broadway),salome broadway,salome,,,0,2003-04-30,,Barrymore Theatre,,1,0,0,2026-05-21 01:56:29,2026-05-21 02:28:41
628,Gypsy (2003),gypsy 2003,gypsy,,,0,2003-05-01,,Shubert Theatre,,1,0,0,2026-05-21 01:56:29,2026-05-21 02:33:40
580,The Look of Love,look of love,the-look-of-love,,,0,2003-05-04,,Brooks Atkinson,,1,0,0,2026-05-21 01:56:29,2026-05-21 02:29:06
523,Long Day's Journey Into Night,long days journey into night,long-days-journey-into-night,,,0,2003-05-07,,Gerald Schoenfeld,,1,0,1,2026-05-21 01:56:29,2026-05-21 02:28:43
529,Master Harold... And the Boys,master harold and the boys,master-harold-and-the-boys,,,0,2003-06-01,,Bernard B. Jacobs,,1,0,0,2026-05-21 01:56:29,2026-05-21 02:28:46
1183,Big River,big river,big-river,,,0,2003-07-24,,American Airlines,,1,0,0,2026-05-21 01:56:38,2026-05-21 02:30:43
130,Avenue Q Broadway,avenue q broadway,avenue-q-reviews-broadway,,,0,2003-07-31,,Golden Theatre,,1,0,0,2026-05-21 01:56:29,2026-05-21 02:28:23
584,Little Shop of Horrors,little shop of horrors,little-shop-of-horrors,,,0,2003-10-02,,August Wilson Theatre,,1,0,0,2026-05-21 01:56:29,2026-05-21 02:29:09
548,Boy From Oz,boy from oz,boy-from-oz,,,0,2003-10-16,,Imperial Theatre,,1,0,0,2026-05-21 01:56:29,2026-05-21 02:28:54
585,The Retreat From Moscow,retreat from moscow,the-retreat-from-moscow,,,0,2003-10-23,,Belasco Theatre,,1,0,0,2026-05-21 01:56:29,2026-05-21 02:29:10
545,Six Dance Lessons in Six Weeks,six dance lessons in six weeks,six-dance-lessons-in-six-weeks,,,0,2003-10-29,,Belasco Theatre,,1,0,0,2026-05-21 01:56:29,2026-05-21 02:28:53
974,Wicked,wicked,wicked-reviews,,,0,2003-10-30,,Gershwin Theatre,,1,0,1,2026-05-21 01:56:32,2026-05-21 02:14:18
525,Cat on a Hot Tin Roof (2003),cat on a hot tin roof 2003,cat-on-a-hot-tin-roof,,,0,2003-11-02,,Music Box Theatre,,1,0,0,2026-05-21 01:56:29,2026-05-21 02:28:44
569,The Violet Hour,violet hour,the-violet-hour,,,0,2003-11-06,,Biltmore Theatre,,1,0,0,2026-05-21 01:56:29,2026-05-21 02:29:02
516,The Caretaker (2003),caretaker 2003,the-caretaker-2003,,,0,2003-11-09,,American Airlines,,1,0,0,2026-05-21 01:56:29,2026-05-21 02:28:40
582,Taboo,taboo,taboo,,,0,2003-11-13,,Gerald Schoenfeld,,1,0,0,2026-05-21 01:56:29,2026-05-21 02:29:09
592,Anna in the Tropics,anna in the tropics,anna-in-the-tropics,,,0,2003-11-16,,Bernard B. Jacobs,,1,0,0,2026-05-21 01:56:29,2026-05-21 02:29:12
557,Oldest Living Confederate Widow Tells All,oldest living confederate widow tells all,oldest-living-confederate-widow-tells-all,,,0,2003-11-17,,Longacre Theatre,,1,0,0,2026-05-21 01:56:29,2026-05-21 02:28:58
524,Henry IV,henry iv,henry-iv,,,0,2003-11-20,,Vivian Beaumont,,1,0,0,2026-05-21 01:56:29,2026-05-21 02:28:44
590,Wonderful Town,wonderful town,wonderful-town,,,0,2003-11-23,,Al Hirschfeld Theatre,,1,0,0,2026-05-21 01:56:29,2026-05-21 02:29:12
543,I Am My Own Wife,i am my own wife,i-am-my-own-wife,,,0,2003-12-03,,Lyceum Theatre,,1,0,0,2026-05-21 01:56:29,2026-05-21 02:28:51
560,Never Gonna Dance,never gonna dance,never-gonna-dance,,,0,2003-12-04,,Broadhurst Theatre,,1,0,0,2026-05-21 01:56:29,2026-05-21 02:28:59
637,Drowning Crow,drowning crow,drowning-crow,,,0,2004-02-19,,Biltmore Theatre,,1,0,0,2026-05-21 01:56:29,2026-05-21 02:29:29
632,Fiddler on the Roof,fiddler on the roof,fiddler-on-the-roof,,,0,2004-02-26,,Minskoff Theatre,,1,0,1,2026-05-21 01:56:29,2026-05-21 02:29:28
1180,King Lear (2004),king lear 2004,king-lear-2004,,,0,2004-03-04,,Vivian Beaumont,,1,0,0,2026-05-21 01:56:38,2026-05-21 02:30:42
641,Sly Fox,sly fox,sly-fox,,,0,2004-04-01,,Ethel Barrymore,,1,0,0,2026-05-21 01:56:29,2026-05-21 02:29:31
1210,Match,match,match,,,0,2004-04-08,,Gerald Schoenfeld,,1,0,0,2026-05-21 01:56:38,2026-05-21 02:30:51
629,Assassins,assassins,assassins,,,0,2004-04-22,,Studio 54,,1,0,0,2026-05-21 01:56:29,2026-05-21 02:29:25
642,Jumpers,jumpers,jumpers,,,0,2004-04-25,,Brooks Atkinson,,1,0,0,2026-05-21 01:56:29,2026-05-21 02:29:30
644,A Raisin in the Sun (2004),raisin in the sun 2004,a-raisin-in-the-sun2004,,,0,2004-04-26,,Bernard B. Jacobs,,1,0,0,2026-05-21 01:56:29,2026-05-21 02:29:31
593,Bombay Dreams,bombay dreams,bombay-dreams,,,0,2004-04-29,,Broadway Theatre,,1,0,0,2026-05-21 01:56:29,2026-05-21 02:29:13
1184,"Caroline, or Change",caroline or change,caroline-or-change,,,0,2004-05-02,,Eugene O'Neill Theatre,,1,0,1,2026-05-21 01:56:38,2026-05-21 02:14:52
597,Frozen,frozen,frozen,,,0,2004-05-04,,Circle in the Square,,1,0,1,2026-05-21 01:56:29,2026-05-21 02:29:14
631,Prymate,prymate,prymate,,,0,2004-05-05,,Longacre Theatre,,1,0,0,2026-05-21 01:56:29,2026-05-21 02:29:27
1211,Sight Unseen,sight unseen,sight-unseen,,,0,2004-05-25,,Biltmore Theatre,,1,0,0,2026-05-21 01:56:38,2026-05-21 02:30:53
1185,The Frogs,frogs,the-frogs,,,0,2004-07-22,,Vivian Beaumont,,1,0,0,2026-05-21 01:56:38,2026-05-21 02:30:44
601,After the Fall,after the fall,after-the-fall,,,0,2004-07-29,,American Airlines,,1,0,0,2026-05-21 01:56:29,2026-05-21 02:29:17
594,Reckless,reckless,reckless,,,0,2004-10-14,,Biltmore Theatre,,1,0,0,2026-05-21 01:56:29,2026-05-21 02:29:13
627,Brooklyn,brooklyn,brooklyn,,,0,2004-10-21,,Gerald Schoenfeld,,1,0,0,2026-05-21 01:56:29,2026-05-21 02:29:25
562,Twelve Angry Men,twelve angry men,twelve-angry-men,,,0,2004-10-28,,American Airlines,,1,0,0,2026-05-21 01:56:29,2026-05-21 02:27:45
1458,'Night Mother,night mother,night-mother,,,0,2004-11-14,,Bernard B. Jacobs,,1,0,0,2026-05-21 01:56:46,2026-05-21 02:23:53
588,The Good Body,good body,the-good-body,,,0,2004-11-15,,Booth Theatre,,1,0,0,2026-05-21 01:56:29,2026-05-21 02:29:11
586,Whoopi,whoopi,whoopi,,,0,2004-11-17,,Lyceum Theatre,,1,0,0,2026-05-21 01:56:29,2026-05-21 02:29:10
1209,Democracy,democracy,democracy,,,0,2004-11-18,,Brooks Atkinson,,1,0,0,2026-05-21 01:56:38,2026-05-21 02:30:53
1197,Doubt,doubt,doubt,,,0,2004-11-23,,Walter Kerr Theater,,1,0,0,2026-05-21 01:56:38,2026-05-21 02:30:48
630,Pacific Overtures,pacific overtures,pacific-overtures,,,0,2004-12-02,,Studio 54,,1,0,0,2026-05-21 01:56:29,2026-05-21 02:29:25
1186,700 Sundays,700 sundays,700-sundays,,,0,2004-12-05,,Broadhurst Theatre,,1,0,1,2026-05-21 01:56:38,2026-05-21 02:14:55
634,Gem of the Ocean,gem of the ocean,gem-of-the-ocean,,,0,2004-12-06,,Walter Kerr Theater,,1,0,0,2026-05-21 01:56:29,2026-05-21 02:29:27
595,La Cage aux Folles (2004),la cage aux folles 2004,la-cage-aux-folles2004,,,0,2004-12-09,,Marquis Theatre,,1,0,0,2026-05-21 01:56:29,2026-05-21 02:33:40
599,The Rivals,rivals,the-rivals,,,0,2004-12-16,,Vivian Beaumont,,1,0,0,2026-05-21 01:56:29,2026-05-21 02:29:15
649,Little Women,little women,little-women,,,0,2005-01-23,,August Wilson Theatre,,1,0,0,2026-05-21 01:56:29,2026-05-21 02:29:34
606,Good Vibrations,good vibrations,good-vibrations,,,0,2005-02-02,,Eugene O'Neill Theatre,,1,0,0,2026-05-21 01:56:29,2026-05-21 02:29:19
616,Brooklyn Boy,brooklyn boy,brooklyn-boy,,,0,2005-02-03,,Biltmore Theatre,,1,0,0,2026-05-21 01:56:29,2026-05-21 02:29:22
650,The Glass Menagerie (2005),glass menagerie 2005,the-glass-menagerie,,,0,2005-02-24,,Ethel Barrymore,,1,0,0,2026-05-21 01:56:29,2026-05-21 02:29:34
49,altar boyz,altar boyz,altar-boyz-review,,,0,2005-03-01,,New World Stages,,1,0,0,2026-05-21 01:56:29,2026-05-21 02:32:29
655,Dirty Rotten Scoundrels,dirty rotten scoundrels,dirty-rotten-scoundrels,,,0,2005-03-03,,Imperial Theatre,,1,0,0,2026-05-21 01:56:29,2026-05-21 02:29:35
142,Spamalot,spamalot,spamalot-reviews,,,0,2005-03-17,,Shubert Theatre,,1,0,1,2026-05-21 01:56:29,2026-05-21 02:34:00
615,Jackie Mason: Freshly Squeezed,jackie mason freshly squeezed,jackie-mason,,,0,2005-03-23,,Helen Hayes Theatre,,1,0,0,2026-05-21 01:56:29,2026-05-21 02:29:22
609,All Shook Up,all shook up,all-shook-up,,,0,2005-03-24,,Palace Theatre,,1,0,0,2026-05-21 01:56:29,2026-05-21 02:29:19
607,Julius Caesar (2005),julius caesar 2005,julius-caesar2005,,,0,2005-04-03,,37 Arts Theatre,,1,0,0,2026-05-21 01:56:29,2026-05-21 02:29:19
1201,Steel Magnolias,steel magnolias,steel-magnolias,,,0,2005-04-04,,Lyceum Theatre,,1,0,0,2026-05-21 01:56:38,2026-05-21 02:30:50
605,On Golden Pond,on golden pond,on-golden-pond,,,0,2005-04-07,,Cort Theatre,,1,0,0,2026-05-21 01:56:29,2026-05-21 02:29:17
1202,The Pillowman,pillowman,the-pillowman,,,0,2005-04-10,,Booth Theatre,,1,0,0,2026-05-21 01:56:38,2026-05-21 02:30:50
1208,Light in the Piazza,light in the piazza,light-in-the-piazza,,,0,2005-04-18,,Vivian Beaumont,,1,0,0,2026-05-21 01:56:38,2026-05-21 02:30:52
648,Who's Afraid of Virginia Woolf? (2005),whos afraid of virginia woolf 2005,whos-afraid-of-virginia-woolf2005,,,0,2005-04-20,,Longacre Theatre,,1,0,0,2026-05-21 01:56:29,2026-05-21 02:29:32
1205,Chitty Chitty Bang Bang,chitty chitty bang bang,chitty-chitty-bang-bang,,,0,2005-04-28,,Foxwoods Theatre,,1,0,0,2026-05-21 01:56:38,2026-05-21 02:30:50
656,Glengarry Glen Ross(2005),glengarry glen ross2005,glengarry-glen-ross-2005,,,0,2005-05-01,,Bernard B. Jacobs,,1,0,0,2026-05-21 01:56:29,2026-05-21 02:29:37
1207,25th Annual Putnam County Spelling Bee,25th annual putnam county spelling bee,25th-annual-putnam-county-spelling-bee,,,0,2005-05-02,,Circle in the Square,,1,0,0,2026-05-21 01:56:38,2026-05-21 02:23:58
647,Sweet Charity,sweet charity,sweet-charity,,,0,2005-05-04,,Al Hirschfeld Theatre,,1,0,0,2026-05-21 01:56:29,2026-05-21 02:29:32
1196,After the Night and the Music,after the night and the music,after-the-night-and-the-music,,,0,2005-06-01,,Biltmore Theatre,,1,0,0,2026-05-21 01:56:38,2026-05-21 02:30:48
1199,Mark Twain Tonight!,mark twain tonight,mark-twain-tonight,,,0,2005-06-09,,Brooks Atkinson,,1,0,0,2026-05-21 01:56:38,2026-05-21 02:14:51
1200,Primo,primo,primo,,,0,2005-07-11,,Music Box Theatre,,1,0,0,2026-05-21 01:56:38,2026-05-21 02:30:49
612,The Blonde in the Thunderbird,blonde in the thunderbird,the-blonde-in-the-thunderbird,,,0,2005-07-17,,Brooks Atkinson,,1,0,0,2026-05-21 01:56:29,2026-05-21 02:29:19
1206,Lennon,lennon,lennon,,,0,2005-08-14,,Broadhurst Theatre,,1,0,0,2026-05-21 01:56:38,2026-05-21 02:30:52
1195,A Naked Girl on the Appian Way,naked girl on the appian way,a-naked-girl-on-the-appian-way,,,0,2005-10-06,,American Airlines,,1,0,0,2026-05-21 01:56:38,2026-05-21 02:14:55
1198,Latinologues,latinologues,latinologues,,,0,2005-10-13,,Helen Hayes Theatre,,1,0,0,2026-05-21 01:56:38,2026-05-21 02:30:49
1174,Absurd Person Singular,absurd person singular,absurd-person-singular,,,0,2005-10-18,,Biltmore Theatre,,1,0,0,2026-05-21 01:56:38,2026-05-21 02:30:40
652,In My Life,in my life,in-my-life,,,0,2005-10-20,,Music Box Theatre,,1,0,0,2026-05-21 01:56:29,2026-05-21 02:29:35
604,The Odd Couple,odd couple,the-odd-couple,,,0,2005-10-27,,Brooks Atkinson,,1,0,0,2026-05-21 01:56:29,2026-05-21 02:29:17
1179,Sweeney Todd (2005),sweeney todd 2005,sweeney-todd2005,,,0,2005-11-03,,Eugene O'Neill Theatre,,1,0,0,2026-05-21 01:56:38,2026-05-21 02:30:42
613,Souvenir,souvenir,souvenir,,,0,2005-11-10,,Lyceum Theatre,,1,0,0,2026-05-21 01:56:29,2026-05-21 02:29:20
643,The Woman in White,woman in white,the-woman-in-white,,,0,2005-11-17,,Marquis Theatre,,1,0,0,2026-05-21 01:56:29,2026-05-21 02:29:31
651,Seascape,seascape,seascape,,,0,2005-11-21,,Booth Theatre,,1,0,0,2026-05-21 01:56:29,2026-05-21 02:29:33
646,The Color Purple,color purple,the-color-purple,,,0,2005-12-01,,Broadway Theatre,,1,0,1,2026-05-21 01:56:29,2026-05-21 02:29:32
662,A Touch of the Poet,touch of the poet,a-touch-of-the-poet,,,0,2005-12-08,,Studio 54,,1,0,0,2026-05-21 01:56:29,2026-05-21 02:27:47
1204,Chita Rivera: The Dancer's Life,chita rivera the dancers life,chita-rivera-the-dancers-life,,,0,2005-12-11,,37 Arts Theatre,,1,0,0,2026-05-21 01:56:38,2026-05-21 02:14:53
681,Bridge and Tunnel,bridge and tunnel,bridge-and-tunnel,,,0,2006-01-26,,Helen Hayes Theatre,,1,0,0,2026-05-21 01:56:29,2026-05-21 02:29:44
1159,Rabbit Hole,rabbit hole,rabbit-hole,,,0,2006-02-02,,Biltmore Theatre,,1,0,0,2026-05-21 01:56:38,2026-05-21 02:30:32
1156,Barefoot in the Park,barefoot in the park,barefoot-in-the-park,,,0,2006-02-16,,Cort Theatre,,1,0,0,2026-05-21 01:56:38,2026-05-21 02:30:31
620,The Pajama Game,pajama game,the-pajama-game,,,0,2006-02-23,,American Airlines,,1,0,0,2026-05-21 01:56:29,2026-05-21 02:29:22
1158,Festen,festen,festen,,,0,2006-03-09,,Music Box Theatre,,1,0,0,2026-05-21 01:56:38,2026-05-21 02:30:31
663,Ring Of Fire,ring of fire,ring-of-fire,,,0,2006-03-12,,Ethel Barrymore,,1,0,0,2026-05-21 01:56:29,2026-05-21 02:29:39
1171,Lestat,lestat,lestat,,,0,2006-03-25,,Palace Theatre,,1,0,0,2026-05-21 01:56:38,2026-05-21 02:30:38
666,Hot Feet,hot feet,hot-feet,,,0,2006-03-30,,Foxwoods Theatre,,1,0,0,2026-05-21 01:56:29,2026-05-21 02:29:39
622,Three Days of Rain,three days of rain,three-days-of-rain,,,0,2006-04-19,,Bernard B. Jacobs,,1,0,0,2026-05-21 01:56:29,2026-05-21 02:29:24
1192,The Threepenny Opera (2006),threepenny opera 2006,the-threepenny-opera-2006,,,0,2006-04-20,,Studio 54,,1,0,0,2026-05-21 01:56:38,2026-05-21 02:30:47
671,History Boys,history boys,history-boys,,,0,2006-04-23,,Broadhurst Theatre,,1,0,0,2026-05-21 01:56:29,2026-05-21 02:29:40
618,The Wedding Singer,wedding singer,the-wedding-singer,,,0,2006-04-27,,Al Hirschfeld Theatre,,1,0,0,2026-05-21 01:56:29,2026-05-21 02:29:22
1165,Lieutenant of Inishmore,lieutenant of inishmore,lieutenant-of-inishmore,,,0,2006-05-03,,Lyceum Theatre,,1,0,0,2026-05-21 01:56:38,2026-05-21 02:30:36
680,Faith Healer,faith healer,faith-healer,,,0,2006-05-04,,Booth Theatre,,1,0,0,2026-05-21 01:56:29,2026-05-21 02:29:45
1190,The Caine Mutiny Court-Martial,caine mutiny courtmartial,the-caine-mutiny-court-martial,,,0,2006-05-07,,Gerald Schoenfeld,,1,0,0,2026-05-21 01:56:38,2026-05-21 02:30:46
674,Shining City,shining city,shining-city,,,0,2006-05-09,,Biltmore Theatre,,1,0,0,2026-05-21 01:56:29,2026-05-21 02:18:12
1173,Tarzan,tarzan,tarzan,,,0,2006-05-10,,Richard Rodgers,,1,0,0,2026-05-21 01:56:38,2026-05-21 02:30:39
665,Kiki & Herb: Alive on Broadway,kiki herb alive on broadway,kiki-and-herb-alive-on-broadway,,,0,2006-08-15,,Helen Hayes Theatre,,1,0,0,2026-05-21 01:56:29,2026-05-21 02:29:40
13,Spring Awakening,spring awakening,spring-awakening-reviews,,,0,2006-10-10,,Eugene O'Neill Theatre,,1,0,1,2026-05-21 01:56:29,2026-05-21 02:32:27
679,Heartbreak House,heartbreak house,heartbreak-house,,,0,2006-10-11,,American Airlines,,1,0,0,2026-05-21 01:56:29,2026-05-21 02:29:43
677,Losing Louie,losing louie,losing-louie,,,0,2006-10-12,,Biltmore Theatre,,1,0,0,2026-05-21 01:56:29,2026-05-21 02:29:42
1145,Butley,butley,butley,,,0,2006-10-25,,Booth Theatre,,1,0,0,2026-05-21 01:56:38,2026-05-21 02:30:26
621,Les Miserables (2006),les miserables 2006,les-miserables2006,,,0,2006-11-06,,Broadhurst Theatre,,1,0,0,2026-05-21 01:56:29,2026-05-21 02:29:23
619,Grey Gardens,grey gardens,grey-gardens,,,0,2006-11-08,,Walter Kerr Theater,,1,0,0,2026-05-21 01:56:29,2026-05-21 02:29:21
1189,The Little Dog Laughed,little dog laughed,the-little-dog-laughed,,,0,2006-11-13,,Cort Theatre,,1,0,0,2026-05-21 01:56:38,2026-05-21 02:30:44
44,Mary Poppins,mary poppins,mary-poppins-reviews,,,0,2006-11-16,,New Amsterdam,,1,0,1,2026-05-21 01:56:29,2026-05-21 02:33:32
673,The Coast of Utopia (Part 1- Voyage),coast of utopia part 1 voyage,the-coast-of-utopia,,,0,2006-11-27,,Vivian Beaumont,,1,0,0,2026-05-21 01:56:29,2026-05-21 02:29:41
1167,The Vertical Hour,vertical hour,the-vertical-hour,,,0,2006-11-30,,Music Box Theatre,,1,0,0,2026-05-21 01:56:38,2026-05-21 02:30:36
1169,High Fidelity,high fidelity,high-fidelity,,,0,2006-12-07,,Imperial Theatre,,1,0,0,2026-05-21 01:56:38,2026-05-21 02:30:38
1191,The Apple Tree,apple tree,the-apple-tree,,,0,2006-12-14,,Studio 54,,1,0,0,2026-05-21 01:56:38,2026-05-21 02:30:46
1163,The Coast of Utopia (Part 2 - Shipwreck),coast of utopia part 2 shipwreck,the-coast-of-utopia-part-2,,,0,2006-12-21,,Vivian Beaumont,,1,0,0,2026-05-21 01:56:38,2026-05-21 02:30:35
685,Translations,translations,translations,,,0,2007-01-25,,Biltmore Theatre,,1,0,0,2026-05-21 01:56:29,2026-05-21 02:27:47
1149,Prelude to a Kiss,prelude to a kiss,prelude-to-a-kiss,,,0,2007-03-08,,American Airlines,,1,0,0,2026-05-21 01:56:38,2026-05-21 02:30:29
1162,Talk Radio,talk radio,talk-radio,,,0,2007-03-11,,Longacre Theatre,,1,0,0,2026-05-21 01:56:38,2026-05-21 02:30:34
133,Curtains,curtains,curtainsreviews,,,0,2007-03-22,,Al Hirschfeld Theatre,,1,0,0,2026-05-21 01:56:29,2026-05-21 02:32:42
1187,The Year of Magical Thinking,year of magical thinking,the-year-of-magical-thinking,,,0,2007-03-27,,Booth Theatre,,1,0,0,2026-05-21 01:56:38,2026-05-21 02:30:45
623,The Pirate Queen,pirate queen,the-pirate-queen,,,0,2007-04-05,,Foxwoods Theatre,,1,0,0,2026-05-21 01:56:29,2026-05-21 02:29:25
1188,A Moon for the Misbegotten (2007),moon for the misbegotten 2007,a-moon-for-the-misbegotten-2007,,,0,2007-04-09,,Brooks Atkinson,,1,0,0,2026-05-21 01:56:38,2026-05-21 02:14:55
1147,Inherit The Wind,inherit the wind,inherit-the-wind,,,0,2007-04-12,,Lyceum Theatre,,1,0,0,2026-05-21 01:56:38,2026-05-21 02:30:26
692,Coram Boy,coram boy,coram-boy,,,0,2007-05-02,,Imperial Theatre,,1,0,0,2026-05-21 01:56:29,2026-05-21 02:29:49
664,LoveMusik,lovemusik,lovemusik,,,0,2007-05-03,,Biltmore Theatre,,1,0,0,2026-05-21 01:56:29,2026-05-21 02:29:38
676,Radio Golf,radio golf,radio-golf,,,0,2007-05-08,,Cort Theatre,,1,0,0,2026-05-21 01:56:29,2026-05-21 02:29:42
668,110 in the Shade,110 in the shade,110-in-the-shade,,,0,2007-05-09,,Studio 54,,1,0,0,2026-05-21 01:56:29,2026-05-21 02:29:39
689,Old Acquaintance,old acquaintance,old-acquaintance,,,0,2007-06-28,,American Airlines,,1,0,0,2026-05-21 01:56:29,2026-05-21 02:29:49
79,xanadu,xanadu,xanadureviews,,,0,2007-07-11,,Helen Hayes Theatre,,1,0,0,2026-05-21 01:56:29,2026-05-21 02:32:33
7,Grease,grease,grease-reviews,,,0,2007-08-19,,Brooks Atkinson,,1,0,0,2026-05-21 01:56:29,2026-05-21 02:33:27
1148,Mauritius,mauritius,mauritius,,,0,2007-10-04,,Biltmore Theatre,,1,0,0,2026-05-21 01:56:38,2026-05-21 02:30:30
1152,The Ritz,ritz,the-ritz,,,0,2007-10-11,,Studio 54,,1,0,0,2026-05-21 01:56:38,2026-05-21 02:30:30
688,Pygmalion,pygmalion,pygmalion,,,0,2007-10-18,,American Airlines,,1,0,0,2026-05-21 01:56:29,2026-05-21 02:29:48
52,Fuerza Bruta,fuerza bruta,fuerzabruta-reviews,,,0,2007-10-24,,Daryl Roth Theatre,,1,0,0,2026-05-21 01:56:29,2026-05-21 02:32:32
1168,A Bronx Tale,bronx tale,a-bronx-tale,,,0,2007-10-25,,Walter Kerr Theater,,1,0,0,2026-05-21 01:56:38,2026-05-21 02:30:36
1153,Cyrano de Bergerac 2007,cyrano de bergerac 2007,cyrano-de-bergerac-2007,,,0,2007-11-01,,Richard Rodgers,,1,0,0,2026-05-21 01:56:38,2026-05-21 02:30:30
15,Young Frankenstein,young frankenstein,young-frankenstein-reviews,,,0,2007-11-08,,Foxwoods Theatre,,1,0,0,2026-05-21 01:56:29,2026-05-21 02:32:28
1164,The Farnsworth Invention,farnsworth invention,the-farnsworth-invention,,,0,2007-12-03,,Music Box Theatre,,1,0,0,2026-05-21 01:56:38,2026-05-21 02:30:36
58,august: osage county,august osage county,august-osage-county-reviews,,,0,2007-12-04,,Music Box Theatre,,1,0,0,2026-05-21 01:56:29,2026-05-21 02:33:50
669,The Seafarer,seafarer,the-seafarer,,,0,2007-12-06,,Booth Theatre,,1,0,0,2026-05-21 01:56:29,2026-05-21 02:29:41
1170,Is He Dead?,is he dead,is-he-dead,,,0,2007-12-09,,Lyceum Theatre,,1,0,0,2026-05-21 01:56:38,2026-05-21 02:30:39
684,The Homecoming,homecoming,the-homecoming,,,0,2007-12-16,,Cort Theatre,,1,0,0,2026-05-21 01:56:29,2026-05-21 02:29:45
37,The 39 Steps,39 steps,39-steps-reviews,,,0,2008-01-15,,Cort Theatre,,1,0,1,2026-05-21 01:56:29,2026-05-21 02:33:32
143,Sunday in the Park with George,sunday in the park with george,sundayintheparkwithgeorgereviews,,,0,2008-02-21,,Studio 54,,1,0,1,2026-05-21 01:56:29,2026-05-21 02:32:45
140,Passing Strange,passing strange,passingstrange,,,0,2008-02-28,,Belasco Theatre,,1,0,0,2026-05-21 01:56:29,2026-05-21 02:32:46
6,Boeing-Boeing,boeingboeing,boeing-boeing-reviews,,,0,2008-03-04,,Longacre Theatre,,1,0,0,2026-05-21 01:56:29,2026-05-21 02:33:44
3,In The Heights,in the heights,in-the-heights-reviews,,,0,2008-03-09,,Richard Rodgers,,1,0,1,2026-05-21 01:56:29,2026-05-21 02:33:42
181,Jackie Mason,jackie mason,jackie-mason-review,,,0,2008-03-22,,New World Stages,,1,0,0,2026-05-21 01:56:29,2026-05-21 02:32:58
8,Gypsy,gypsy,gypsy-reviews,,,0,2008-03-27,,St James Theatre,,1,0,1,2026-05-21 01:56:29,2026-05-21 02:28:23
4,South Pacific,south pacific,south-pacific-reviews,,,0,2008-04-03,,Vivian Beaumont,,1,0,1,2026-05-21 01:56:29,2026-05-21 02:33:27
53,the new century,new century,the-new-century-review,,,0,2008-04-15,,Lincoln Center Theater,,1,0,0,2026-05-21 01:56:29,2026-05-21 02:31:03
129,A Catered Affair,catered affair,acateredaffairreviews,,,0,2008-04-17,,Walter Kerr Theater,,1,0,0,2026-05-21 01:56:29,2026-05-21 02:32:43
163,From Up Here,from up here,from-up-here-review,,,0,2008-04-17,,MTC - Stage 1,,1,0,0,2026-05-21 01:56:29,2026-05-21 02:32:52
132,Cry Baby,cry baby,crybabyreviews,,,0,2008-04-24,,Marquis Theatre,,1,0,0,2026-05-21 01:56:29,2026-05-21 02:32:42
144,The Country Girl,country girl,thecountrygirl,,,0,2008-04-27,,Jacobs Theatre,,1,0,0,2026-05-21 01:56:29,2026-05-21 02:32:48
87,the castle,castle,the-castle-review,,,0,2008-04-28,,New World Stages,,1,0,0,2026-05-21 01:56:29,2026-05-21 02:33:55
76,thurgood,thurgood,thurgoodreviews,,,0,2008-05-01,,Booth Theatre,,1,0,0,2026-05-21 01:56:29,2026-05-21 02:32:32
136,Glory Days,glory days,glorydaysreviews,,,0,2008-05-06,,Circle in the Square,,1,0,0,2026-05-21 01:56:29,2026-05-21 02:32:45
78,top girls,top girls,topgirlsreviews,,,0,2008-05-08,,Biltmore Theatre,,1,0,0,2026-05-21 01:56:29,2026-05-21 02:32:34
998,"Rafta, Rafta",rafta rafta,rafta-rafta-review,,,0,2008-05-09,,Acorn Theatre,,1,0,0,2026-05-21 01:56:32,2026-05-21 02:33:22
177,Good Boys and True,good boys and true,good-boys-and-true-reviews,,,0,2008-05-20,,Second Stage Theatre,,1,0,0,2026-05-21 01:56:29,2026-05-21 02:32:57
1,prisoner of the crown,prisoner of the crown,prisoner-of-the-crown-review,,,0,2008-05-28,,Irish Repertory Theatre,,1,0,0,2026-05-21 01:56:29,2026-05-21 02:33:42
201,Saved,saved,saved-review,,,0,2008-06-04,,Playwrights Horizons,,1,0,0,2026-05-21 01:56:29,2026-05-21 02:33:06
192,Occupant,occupant,occupant-review,,,0,2008-06-06,,Signature Theatre,,1,0,0,2026-05-21 01:56:29,2026-05-21 02:33:03
151,Arias with a Twist,arias with a twist,arias-with-a-twist-review,,,0,2008-06-19,,HERE Arts Center,,1,0,0,2026-05-21 01:56:29,2026-05-21 02:34:03
148,A Perfect Couple,perfect couple,a-perfect-couple-review,,,0,2008-06-20,,DR2 Theatre,,1,0,0,2026-05-21 01:56:29,2026-05-21 02:34:02
187,Macbeth Off-Broadway,macbeth offbroadway,macbeth-review,,,0,2008-06-23,,St. Ann's Warehouse,,1,0,0,2026-05-21 01:56:29,2026-05-21 02:33:00
152,Bash'd,bashd,bashd-review,,,0,2008-06-25,,Zipper Factory Theater,,1,0,0,2026-05-21 01:56:29,2026-05-21 02:34:03
189,Marriage of Bette and Boo,marriage of bette and boo,marriage-of-bette-boo-review,,,0,2008-07-14,,Laura Pels Theatre,,1,0,0,2026-05-21 01:56:29,2026-05-21 02:33:02
182,Kicking a Dead Horse,kicking a dead horse,kicking-dead-horse-review,,,0,2008-07-15,,Zipper Factory Theater,,1,0,0,2026-05-21 01:56:29,2026-05-21 02:32:58
80,[title of show],title of show,title-of-show-reviews,,,0,2008-07-18,,Lyceum Theatre,,1,0,0,2026-05-21 01:56:29,2026-05-21 02:32:34
92,Eh Joe,eh joe,lct-eh-joe,,,0,2008-07-19,,Gerald W. Lynch,,1,0,0,2026-05-21 01:56:29,2026-05-21 02:33:56
93,first love,first love,lct-first-love,,,0,2008-07-24,,Gerald W. Lynch,,1,0,0,2026-05-21 01:56:29,2026-05-21 02:33:57
178,Hair Off-Broadway,hair offbroadway,hair-review,,,0,2008-08-08,,The Public Theater,,1,0,0,2026-05-21 01:56:29,2026-05-21 02:32:57
216,Hattie... What I Need You to Know,hattie what i need you to know,hattie-national-black-theater-review,,,0,2008-08-21,,National Black Theatre,,1,0,0,2026-05-21 01:56:29,2026-05-21 02:33:11
162,The First Breeze of Summer,first breeze of summer,first-breeze-summer-review,,,0,2008-08-22,,Signature Theatre,,1,0,0,2026-05-21 01:56:29,2026-05-21 02:32:50
154,Celebrity Autobiography,celebrity autobiography,celebrity-autobiography-review,,,0,2008-09-08,,The Triad Theater,,1,0,1,2026-05-21 01:56:29,2026-05-21 02:32:48
989,King of Shadows,king of shadows,king-of-shadows-review,,,0,2008-09-09,,Theatre for the New City,,1,0,0,2026-05-21 01:56:32,2026-05-21 02:33:18
211,Three Changes,three changes,three-changes-review,,,0,2008-09-17,,Playwrights Horizons,,1,0,0,2026-05-21 01:56:29,2026-05-21 02:33:10
14,A Tale Of Two Cities,tale of two cities,tale-of-two-cities-review,,,0,2008-09-18,,Al Hirschfeld Theatre,,1,0,0,2026-05-21 01:56:29,2026-05-21 02:32:27
990,Wig Out!,wig out,wig-out-review,,,0,2008-10-01,,Vineyard Theatre,,1,0,0,2026-05-21 01:56:32,2026-05-21 02:33:18
161,Fifty Words,fifty words,fifty-words-review,,,0,2008-10-02,,Lucille Lortel Theatre,,1,0,0,2026-05-21 01:56:29,2026-05-21 02:32:51
12,The Seagull,seagull,the-seagull-reviews,,,0,2008-10-02,,Walter Kerr Theater,,1,0,0,2026-05-21 01:56:29,2026-05-21 02:32:27
10,A Man For All Seasons,man for all seasons,a-man-for-all-seasons,,,0,2008-10-07,,American Airlines,,1,0,0,2026-05-21 01:56:29,2026-05-21 02:33:27
183,Kindness,kindness,kindness-review,,,0,2008-10-14,,Playwrights Horizons,,1,0,0,2026-05-21 01:56:29,2026-05-21 02:32:59
77,to be or not to be,to be or not to be,to-be-or-not-to-be-broadway-reviews,,,0,2008-10-15,,Samuel J. Friedman,,1,0,0,2026-05-21 01:56:29,2026-05-21 02:32:32
153,Boys' Life,boys life,boys-life-review,,,0,2008-10-22,,Second Stage Theatre,,1,0,0,2026-05-21 01:56:29,2026-05-21 02:34:04
99,if you see something say something,if you see something say something,see-something-review,,,0,2008-10-28,,Joe's Pub...at the,,1,0,0,2026-05-21 01:56:29,2026-05-21 02:32:36
200,Romantic Poetry,romantic poetry,romantic-poetry-review,,,0,2008-10-29,,MTC,,1,0,0,2026-05-21 01:56:29,2026-05-21 02:33:05
11,the language of trees,language of trees,the-language-of-trees-review,,,0,2008-10-30,,Roundabout Underground,,1,0,0,2026-05-21 01:56:29,2026-05-21 02:33:44
1005,Mouth to Mouth,mouth to mouth,mouth-to-mouth-review,,,0,2008-11-07,,Acorn Theatre,,1,0,0,2026-05-21 01:56:32,2026-05-21 02:33:24
102,streamers,streamers,streamers-review,,,0,2008-11-12,,Laura Pels Theatre at the Harold and Miriam Steinberg Center for Theatre,,1,0,0,2026-05-21 01:56:29,2026-05-21 02:33:58
38,Billy Elliot,billy elliot,billy-elliot-reviews,,,0,2008-11-13,,Imperial Theatre,,1,0,0,2026-05-21 01:56:29,2026-05-21 02:31:01
160,Farragut North,farragut north,farragut-north-review,,,0,2008-11-13,,Atlantic Theater,,1,0,0,2026-05-21 01:56:29,2026-05-21 02:32:50
16,American Buffalo,american buffalo,american-buffalo-reviews,,,0,2008-11-17,,Belasco Theatre,,1,0,1,2026-05-21 01:56:29,2026-05-21 02:33:44
991,Waves,waves,waves-review,,,0,2008-11-17,,Duke on 42nd Street,,1,0,0,2026-05-21 01:56:32,2026-05-21 02:33:18
17,Road Show,road show,road-show-review,,,0,2008-11-19,,The Public Theater,,1,0,0,2026-05-21 01:56:29,2026-05-21 02:33:44
164,The Garden of Earthly Delights,garden of earthly delights,garden-earthly-delights-review,,,0,2008-11-20,,Minetta Lane Theatre,,1,0,0,2026-05-21 01:56:29,2026-05-21 02:32:51
1003,On the Town,on the town,on-the-town-review,,,0,2008-11-21,,37 Arts Theatre,,1,0,1,2026-05-21 01:56:32,2026-05-21 02:33:23
18,White Christmas,white christmas,white-christmas-reviews,,,0,2008-11-23,,Marquis Theatre,,1,0,1,2026-05-21 01:56:29,2026-05-21 02:32:28
138,Liza's at the Palace,lizas at the palace,lizas-at-the-palace,,,0,2008-12-03,,Palace Theatre,,1,0,0,2026-05-21 01:56:29,2026-05-21 02:32:44
146,Slava's Snowshow,slavas snowshow,slavas-snowshow,,,0,2008-12-07,,Helen Hayes Theatre,,1,0,1,2026-05-21 01:56:29,2026-05-21 02:32:47
179,Home,home,home-review,,,0,2008-12-09,,Signature Theatre,,1,0,1,2026-05-21 01:56:29,2026-05-21 02:32:57
196,Prayer for My Enemy,prayer for my enemy,prayer-for-my-enemy-review,,,0,2008-12-10,,Playwrights Horizons,,1,0,0,2026-05-21 01:56:29,2026-05-21 02:33:06
156,A Civil War Christmas - Long Wharf,civil war christmas long wharf,civil-war-christmas-review,,,0,2008-12-11,,Long Wharf Theatre,,1,0,0,2026-05-21 01:56:29,2026-05-21 02:32:48
47,shrek,shrek,shrek,,,0,2008-12-14,,Broadway Theatre,,1,0,1,2026-05-21 01:56:29,2026-05-21 02:33:33
158,The Cripple of Inishmann,cripple of inishmann,cripple-of-inishmann-review,,,0,2008-12-22,,Atlantic Theater,,1,0,0,2026-05-21 01:56:29,2026-05-21 02:32:49
985,The Cherry Orchard Off Broadway,cherry orchard off broadway,cherry-orchard,,,0,2009-01-16,,BAM Harvey Theater,,1,0,0,2026-05-21 01:56:32,2026-05-21 02:17:36
19,The American Plan,american plan,american-plan-reviews,,,0,2009-01-22,,Samuel J. Friedman,,1,0,0,2026-05-21 01:56:29,2026-05-21 02:33:46
20,Hedda Gabler,hedda gabler,hedda-gabler-reviews,,,0,2009-01-25,,American Airlines,,1,0,0,2026-05-21 01:56:29,2026-05-21 02:28:24
994,The Third Story,third story,third-story-review,,,0,2009-02-03,,Lucille Lortel Theatre,,1,0,0,2026-05-21 01:56:32,2026-05-21 02:33:19
213,Desire Under the Elms,desire under the elms,under-the-elms-review,,,0,2009-02-04,,Goodman Theatre,,1,0,0,2026-05-21 01:56:29,2026-05-21 02:33:10
190,Minsky's,minskys,minsky,,,0,2009-02-09,,Ahmanson Theatre,,1,0,0,2026-05-21 01:56:29,2026-05-21 02:33:03
1000,Pippin 2009,pippin 2009,pippin-theater-review-2009,,,0,2009-02-12,,Mark Taper Forum,,1,0,0,2026-05-21 01:56:32,2026-05-21 02:33:23
995,Telephone,telephone,telephone-theater-review,,,0,2009-02-12,,Cherry Lane Theatre,,1,0,0,2026-05-21 01:56:32,2026-05-21 02:33:21
1001,Othello - Theatre for a New Audience,othello theatre for a new audience,othello,,,0,2009-02-24,,Duke on 42nd Street,,1,0,0,2026-05-21 01:56:32,2026-05-21 02:33:23
159,Distracted,distracted,distracted-theater-review,,,0,2009-03-05,,Laura Pels Theatre,,1,0,0,2026-05-21 01:56:29,2026-05-21 02:32:50
21,33 Variations,33 variations,33-variations-broadway-reviews,,,0,2009-03-09,,Eugene O'Neill Theatre,,1,0,0,2026-05-21 01:56:29,2026-05-21 02:33:27
22,Blithe Spirit,blithe spirit,blithe-spirit-broadway-theater-reviews,,,0,2009-03-15,,Shubert Theatre,,1,0,0,2026-05-21 01:56:29,2026-05-21 02:33:46
23,West Side Story,west side story,west-side-story-broadway-theater-review,,,0,2009-03-19,,Palace Theatre,,1,0,1,2026-05-21 01:56:29,2026-05-21 02:32:28
41,God of Carnage,god of carnage,god-of-carnage-broadway-theater-review,,,0,2009-03-22,,Jacobs Theatre,,1,0,1,2026-05-21 01:56:29,2026-05-21 02:31:01
63,exit the king,exit the king,exit-the-king-broadway-theater-review,,,0,2009-03-26,,Barrymore Theatre,,1,0,0,2026-05-21 01:56:29,2026-05-21 02:33:37
145,Finian's Rainbow Encores,finians rainbow encores,finians-rainbow-review,,,0,2009-03-28,,New York City Center,,1,0,0,2026-05-21 01:56:29,2026-05-21 02:34:00
137,Irena's Vow,irenas vow,irenas-vow-broadway-theater-reviews,,,0,2009-03-29,,Walter Kerr Theater,,1,0,0,2026-05-21 01:56:29,2026-05-21 02:32:44
24,Hair,hair,hair-broadway-theater-reviews,,,0,2009-03-31,,Al Hirschfeld Theatre,,1,0,1,2026-05-21 01:56:29,2026-05-21 02:33:46
184,La Didone,la didone,la-didone-theater-review,,,0,2009-04-06,,St. Ann's Warehouse,,1,0,0,2026-05-21 01:56:29,2026-05-21 02:33:00
973,Rock Of Ages,rock of ages,rock-of-ages-broadway-reviews,,,0,2009-04-07,,Brooks Atkinson,,1,0,1,2026-05-21 01:56:32,2026-05-21 02:21:59
212,The Toxic Avenger,toxic avenger,toxic-avenger-theater-review,,,0,2009-04-07,,New World Stages,,1,0,0,2026-05-21 01:56:29,2026-05-21 02:33:09
214,"Why Torture is Wrong, and the People Who Love Them",why torture is wrong and the people who love them,why-torture-review,,,0,2009-04-07,,Public Theater,,1,0,0,2026-05-21 01:56:29,2026-05-21 02:33:11
45,Next to Normal,next to normal,next-to-normal-reviews,,,0,2009-04-15,,Booth Theatre,,1,0,1,2026-05-21 01:56:29,2026-05-21 02:31:01
131,Joe Turner's Come and Gone,joe turners come and gone,come-and-gone-broadway-reviews,,,0,2009-04-16,,Belasco Theatre,,1,0,1,2026-05-21 01:56:29,2026-05-21 02:32:42
26,Mary Stuart,mary stuart,mary-stuart-broadway-reviews,,,0,2009-04-19,,Broadhurst Theatre,,1,0,0,2026-05-21 01:56:29,2026-05-21 02:33:30
27,The Norman Conquests,norman conquests,norman-conquests-broadway-reviews,,,0,2009-04-24,,Circle in the Square,,1,0,0,2026-05-21 01:56:29,2026-05-21 02:33:29
210,The Singing Forest,singing forest,the-singing-forest-review,,,0,2009-04-29,,The Public Theater,,1,0,0,2026-05-21 01:56:29,2026-05-21 02:33:08
28,Waiting For Godot (2009),waiting for godot 2009,waiting-for-godot2009,,,0,2009-04-30,,Studio 54,,1,0,0,2026-05-21 01:56:29,2026-05-21 02:32:30
1006,Hamlet - Shakespeare in the Park,hamlet shakespeare in the park,hamlet-broadway,,,0,2009-05-27,,The Public Theater,,1,0,0,2026-05-21 01:56:32,2026-05-21 02:33:24
157,Coraline,coraline,coraline-theater-review,,,0,2009-06-02,,Lucille Lortel Theatre,,1,0,0,2026-05-21 01:56:29,2026-05-21 02:32:49
191,Next Fall Off-Broadway,next fall offbroadway,next-fall-theater-review,,,0,2009-06-04,,Peter Jay Sharp,,1,0,0,2026-05-21 01:56:29,2026-05-21 02:33:03
188,"Machines, Machines...",machines machines,machines-machines-theater-review,,,0,2009-06-08,,HERE Arts Center,,1,0,0,2026-05-21 01:56:29,2026-05-21 02:33:00
993,Tin Pan Alley Rag,tin pan alley rag,tin-pan-alley-rag-review,,,0,2009-07-15,,Laura Pels Theatre,,1,0,0,2026-05-21 01:56:32,2026-05-21 02:33:20
39,Burn the Floor,burn the floor,burn-the-floor-broadway-reviews,,,0,2009-08-02,,Longacre Theatre,,1,0,1,2026-05-21 01:56:29,2026-05-21 02:33:49
999,The Pride of Parnell,pride of parnell,pride-of-parnell-review,,,0,2009-09-09,,59E59 Theaters,,1,0,0,2026-05-21 01:56:32,2026-05-21 02:33:21
111,keep your pantheon and school,keep your pantheon and school,keep-your-pantheon-and-school-review,,,0,2009-09-09,,"Atlantic Theater Co. 
                Linda Gross Theater",,1,0,0,2026-05-21 01:56:29,2026-05-21 02:32:37
194,Oohrah!,oohrah,oohrah-review,,,0,2009-09-11,,Atlantic Theater,,1,0,0,2026-05-21 01:56:29,2026-05-21 02:33:02
198,The Retributionists,retributionists,retributionist-review,,,0,2009-09-15,,Playwrights Horizons,,1,0,0,2026-05-21 01:56:29,2026-05-21 02:33:06
150,Aftermath,aftermath,aftermath,,,0,2009-09-16,,NY Theatre Workshop,,1,0,0,2026-05-21 01:56:29,2026-05-21 02:32:48
147,A Boy and His Soul,boy and his soul,a-boy-and-his-soul-review,,,0,2009-09-25,,Vineyard Theatre,,1,0,0,2026-05-21 01:56:29,2026-05-21 02:34:01
155,Othello,othello,othello-review,,,0,2009-09-28,,Skirball Center for the Performing Arts @ NYU,,1,0,1,2026-05-21 01:56:29,2026-05-21 02:32:48
29,Superior Donuts,superior donuts,superior-donuts-reviews,,,0,2009-10-01,,Music Box Theatre,,1,0,1,2026-05-21 01:56:29,2026-05-21 02:33:30
30,Wishful Drinking,wishful drinking,wishful-drinking-reviews,,,0,2009-10-04,,Studio 54,,1,0,1,2026-05-21 01:56:29,2026-05-21 02:33:30
97,Hamlet,hamlet,hamlet-review,,,0,2009-10-06,,Broadhurst Theatre,,1,0,0,2026-05-21 01:56:29,2026-05-21 02:33:38
996,Still Life,still life,still-live-review,,,0,2009-10-06,,Lucille Lortel Theatre,,1,0,0,2026-05-21 01:56:32,2026-05-21 02:33:21
186,Let Me Down Easy,let me down easy,let-me-down-easy-review,,,0,2009-10-08,,Second Stage Theatre,,1,0,0,2026-05-21 01:56:29,2026-05-21 02:33:01
31,The Royal Family,royal family,royal-family-broadway-reviews,,,0,2009-10-08,,Samuel J. Friedman,,1,0,0,2026-05-21 01:56:29,2026-05-21 02:32:29
195,Parade,parade,parade,,,0,2009-10-14,,Mark Taper Forum,,1,0,1,2026-05-21 01:56:29,2026-05-21 02:33:03
32,Bye Bye Birdie,bye bye birdie,bye-bye-birdie-broadway-reviews,,,0,2009-10-15,,Henry Miller's Theatre,,1,0,1,2026-05-21 01:56:29,2026-05-21 02:33:47
185,The Lady With All the Answers,lady with all the answers,the-lady-with-all-the-answers,,,0,2009-10-15,,Cherry Lane Theatre,,1,0,0,2026-05-21 01:56:29,2026-05-21 02:33:00
33,Memphis,memphis,memphis-broadway-reviews,,,0,2009-10-19,,Shubert Theatre,,1,0,0,2026-05-21 01:56:29,2026-05-21 02:30:59
975,Avenue Q,avenue q,avenue-q-reviews,,,0,2009-10-21,,New World Stages,,1,0,0,2026-05-21 01:56:32,2026-05-21 02:15:18
34,After Miss Julie,after miss julie,after-miss-julie-broadway-reviews,,,0,2009-10-22,,American Airlines,,1,0,0,2026-05-21 01:56:29,2026-05-21 02:33:31
35,Brighton Beach Memoirs,brighton beach memoirs,brighton-beach-memoirs-reviews,,,0,2009-10-25,,Nederlander Theatre,,1,0,0,2026-05-21 01:56:29,2026-05-21 02:33:46
135,Finian's Rainbow Broadway,finians rainbow broadway,finians-rainbow-broadway-reviews,,,0,2009-10-29,,St. James Theatre,,1,0,1,2026-05-21 01:56:29,2026-05-21 02:32:42
1004,Nightingale,nightingale,nightingale-review,,,0,2009-11-04,,New York City Center,,1,0,0,2026-05-21 01:56:32,2026-05-21 02:33:24
180,Idiot Savant,idiot savant,idiot-savant-review,,,0,2009-11-05,,The Public Theater,,1,0,0,2026-05-21 01:56:29,2026-05-21 02:32:58
119,The Orphans' Home Cycle: Part 3,orphans home cycle part 3,orphans-home-cycle-review3,,,0,2009-11-05,,Peter Norton Space,,1,0,0,2026-05-21 01:56:29,2026-05-21 02:32:40
197,Quartett,quartett,quartett-review,,,0,2009-11-06,,BAM Harvey Theater,,1,0,0,2026-05-21 01:56:29,2026-05-21 02:33:04
36,Ragtime,ragtime,ragtime-broadway-reviews,,,0,2009-11-15,,Neil Simon Theatre,,1,0,1,2026-05-21 01:56:29,2026-05-21 02:33:31
109,brother/sister plays,brothersister plays,brother-sister-plays,,,0,2009-11-17,,The Public Theater,,1,0,0,2026-05-21 01:56:29,2026-05-21 02:32:37
42,In The Next Room Or The Vibrator Play,in the next room or the vibrator play,in-the-next-room-vibrator-play,,,0,2009-11-19,,Lyceum Theatre,,1,0,0,2026-05-21 01:56:29,2026-05-21 02:33:32
108,Dreamgirls,dreamgirls,dreamgirls-review,,,0,2009-11-22,,Apollo Theatre,,1,0,0,2026-05-21 01:56:29,2026-05-21 02:14:50
134,Fela(2009),fela2009,fela-broadway-reviews,,,0,2009-11-23,,Eugene O'Neill Theatre,,1,0,0,2026-05-21 01:56:29,2026-05-21 02:31:06
209,A Streetcar Named Desire Off-Broadway,streetcar named desire offbroadway,streetcar-named-desire-review,,,0,2009-12-03,,BAM Harvey Theater,,1,0,0,2026-05-21 01:56:29,2026-05-21 02:33:08
46,Race,race,race-broadway-reviews,,,0,2009-12-06,,Ethel Barrymore Theater,,1,0,1,2026-05-21 01:56:29,2026-05-21 02:31:02
112,So Help Me God!,so help me god,so-help-me-god-review,,,0,2009-12-07,,Lucille Lortel Theatre,,1,0,0,2026-05-21 01:56:29,2026-05-21 02:32:38
117,A Little Night Music,little night music,little-night-music-broadway-review,,,0,2009-12-13,,Walter Kerr Theater,,1,0,1,2026-05-21 01:56:29,2026-05-21 02:31:03
110,The Emperor Jones,emperor jones,emperor-jones-review,,,0,2009-12-15,,Irish Repertory Theatre,,1,0,0,2026-05-21 01:56:29,2026-05-21 02:32:39
1002,The Orphans' Home Cycle: Part 2,orphans home cycle part 2,orphans-home-cycle-review,,,0,2009-12-18,,Peter Norton Space,,1,0,0,2026-05-21 01:56:32,2026-05-21 02:33:22
149,Ads,ads,ads-review,,,0,2010-01-14,,P.S. 122,,1,0,0,2026-05-21 01:56:29,2026-05-21 02:34:03
113,Present Laughter,present laughter,present-laughter-reviews,,,0,2010-01-21,,American Airlines,,1,0,1,2026-05-21 01:56:29,2026-05-21 02:32:39
120,As You Like It (2010),as you like it 2010,as-you-like-it-off-broadway,,,0,2010-01-26,,BAM Harvey Theater,,1,0,0,2026-05-21 01:56:29,2026-05-21 02:32:42
118,Venus In Fur (Off-Broadway),venus in fur offbroadway,venus-in-fur-off-broadway,,,0,2010-01-26,,Classic Stage Comp.,,1,0,0,2026-05-21 01:56:29,2026-05-21 02:32:40
176,Measure for Measure 2010,measure for measure 2010,measure-for-measure,,,0,2010-02-06,,Duke on 42nd Street,,1,0,0,2026-05-21 01:56:29,2026-05-21 02:32:55
175,THE JACKIE LOOK,jackie look,the-jackie-look,,,0,2010-02-06,,Laurie Beechman,,1,0,0,2026-05-21 01:56:29,2026-05-21 02:32:55
165,Happy Now?,happy now,happy-now-off-broadway-reviews,,,0,2010-02-09,,59E59 Theaters,,1,0,0,2026-05-21 01:56:29,2026-05-21 02:32:53
169,A Lie of the Mind,lie of the mind,a-lie-of-the-mind-reviews,,,0,2010-02-18,,Acorn Theatre,,1,0,0,2026-05-21 01:56:29,2026-05-21 02:32:52
988,The Caucasian Chalk Circle,caucasian chalk circle,the-caucasian-challk-circle,,,0,2010-02-18,,37 Arts Theatre,,1,0,0,2026-05-21 01:56:32,2026-05-21 02:33:17
172,Clybourne Park Off Broadway,clybourne park off broadway,clybourne-park-reviews,,,0,2010-02-21,,Playwrights Horizons,,1,0,0,2026-05-21 01:56:29,2026-05-21 02:32:55
207,"Whatever, Heaven Allows",whatever heaven allows,whatever-heaven-allows,,,0,2010-02-21,,P.S. 122,,1,0,0,2026-05-21 01:56:29,2026-05-21 02:33:09
170,Mr. & Mrs. Fitch,mr mrs fitch,mr-and-mrs-fitch-reviews,,,0,2010-02-22,,Second Stage Theatre,,1,0,0,2026-05-21 01:56:29,2026-05-21 02:32:53
208,The Female of the Species,female of the species,the-female-of-the-species-review,,,0,2010-02-28,,Geffen Playhouse,,1,0,0,2026-05-21 01:56:29,2026-05-21 02:33:08
174,The Temperamentals,temperamentals,the-temperamentals-reviews,,,0,2010-02-28,,New World Stages,,1,0,0,2026-05-21 01:56:29,2026-05-21 02:32:55
217,Equivocation,equivocation,equivocation-review,,,0,2010-03-02,,MTC - Stage 1,,1,0,0,2026-05-21 01:56:29,2026-05-21 02:33:12
221,The Book of Grace,book of grace,the-book-of-grace,,,0,2010-03-02,,Public Theater,,1,0,0,2026-05-21 01:56:29,2026-05-21 02:33:14
116,The Miracle Worker,miracle worker,miracle-worker-broadway-reviews,,,0,2010-03-03,,Circle in the Square,,1,0,1,2026-05-21 01:56:29,2026-05-21 02:32:41
987,A Behanding in Spokane,behanding in spokane,a-behanding-in-spokane,,,0,2010-03-04,,Gerald Schoenfeld,,1,0,1,2026-05-21 01:56:32,2026-05-21 02:31:45
218,A Life in Three Acts,life in three acts,a-life-in-three-acts-review,,,0,2010-03-08,,St. Ann's Warehouse,,1,0,0,2026-05-21 01:56:29,2026-05-21 02:33:12
986,Candida,candida,candida-review,,,0,2010-03-08,,Irish Repertory Theatre,,1,0,0,2026-05-21 01:56:32,2026-05-21 02:33:16
168,When the Rain Stops Falling,when the rain stops falling,when-the-rain-stops-falling-reviews,,,0,2010-03-08,,Mitzi E. Newhouse,,1,0,0,2026-05-21 01:56:29,2026-05-21 02:32:54
242,Love Never Dies,love never dies,love-never-dies,,,0,2010-03-09,,Adelphi Theatre,,1,0,0,2026-05-21 01:56:29,2026-05-21 02:33:14
220,Neighbors,neighbors,neighbors-review,,,0,2010-03-09,,The Public Theater,,1,0,0,2026-05-21 01:56:29,2026-05-21 02:33:13
984,Top Secret: The Battle for the Pentagon Papers,top secret the battle for the pentagon papers,top-secret-review,,,0,2010-03-09,,NY Theatre Workshop,,1,0,0,2026-05-21 01:56:32,2026-05-21 02:33:16
167,The Scottsboro Boys Off-Broadway,scottsboro boys offbroadway,the-scottsboro-boys-reviews,,,0,2010-03-10,,Vineyard Theatre,,1,0,0,2026-05-21 01:56:29,2026-05-21 02:32:54
978,Equus,equus,equus-reviews,,,0,2010-03-12,,John Drew Theater at Guild Hall,,1,0,0,2026-05-21 01:56:32,2026-05-21 02:23:51
203,Looped,looped,looped-review,,,0,2010-03-14,,Lyceum Theatre,,1,0,1,2026-05-21 01:56:29,2026-05-21 02:33:05
204,All About Me,all about me,all-about-me-reviews,,,0,2010-03-18,,Henry Miller's Theatre,,1,0,1,2026-05-21 01:56:29,2026-05-21 02:33:06
222,North Atlantic,north atlantic,north-atlantic,,,0,2010-03-23,,Jerome Robbins Theatre,,1,0,0,2026-05-21 01:56:29,2026-05-21 02:33:13
173,The Glass Menagerie (2010),glass menagerie 2010,the-glass-menagerie-reviews,,,0,2010-03-24,,Laura Pels Theatre,,1,0,0,2026-05-21 01:56:29,2026-05-21 02:31:08
124,Come Fly Away,come fly away,come-fly-away-broadway-reviews,,,0,2010-03-25,,Marquis Theatre,,1,0,1,2026-05-21 01:56:29,2026-05-21 02:31:05
128,Lend Me A Tenor,lend me a tenor,lend-me-a-tenor-broadway-reviews,,,0,2010-04-04,,Music Box Theatre,,1,0,1,2026-05-21 01:56:29,2026-05-21 02:31:06
171,Bloody Bloody Andrew Jackson (Off-Broadway),bloody bloody andrew jackson offbroadway,bloody-bloody-andrew-jackson-reviews,,,0,2010-04-06,,Public Theater,,1,0,0,2026-05-21 01:56:29,2026-05-21 02:32:55
223,Inner Voices: Solo Musicals,inner voices solo musicals,inner-voices-solo-musicals,,,0,2010-04-06,,59E59 Theaters,,1,0,0,2026-05-21 01:56:29,2026-05-21 02:33:14
224,Uncle Vanya - Brooklyn Academy of Music,uncle vanya brooklyn academy of music,uncle-vanya-bam-review,,,0,2010-04-07,,BAM Harvey Theater,,1,0,0,2026-05-21 01:56:29,2026-05-21 02:33:15
1007,Anyone Can Whistle,anyone can whistle,anyone-can-whistle-review,,,0,2010-04-08,,New York City Center,,1,0,0,2026-05-21 01:56:35,2026-05-21 02:33:25
122,The Addams Family,addams family,the-addams-family-broadway-reviews,,,0,2010-04-08,,Lunt-Fontanne Theatre,,1,0,1,2026-05-21 01:56:29,2026-05-21 02:31:03
205,Million Dollar Quartet (2010),million dollar quartet 2010,million-dollar-quartet-review,,,0,2010-04-11,,Nederlander Theatre,,1,0,0,2026-05-21 01:56:29,2026-05-21 02:31:07
226,The 39 Steps Off-Broadway,39 steps offbroadway,the-39-steps-off-broadway,,,0,2010-04-15,,New World Stages,,1,0,0,2026-05-21 01:56:29,2026-05-21 02:31:10
225,Bloodsong of Love,bloodsong of love,bloodsong-of-love-review,,,0,2010-04-16,,Ars Nova,,1,0,0,2026-05-21 01:56:29,2026-05-21 02:33:14
1012,Creditors,creditors,creditors,,,0,2010-04-16,,BAM Harvey Theater,,1,0,0,2026-05-21 01:56:35,2026-05-21 02:31:46
1009,The Really Big Once,really big once,the-really-big-once,,,0,2010-04-17,,The Ontological Theater at St. Mark's Church,,1,0,0,2026-05-21 01:56:35,2026-05-21 02:33:26
125,La Cage Aux Folles,la cage aux folles,la-cage-aux-folles-broadway-reviews,,,0,2010-04-18,,Longacre Theatre,,1,0,0,2026-05-21 01:56:29,2026-05-21 02:28:23
127,Sondheim on Sondheim,sondheim on sondheim,sondheim-on-sondheim-broadway-reviews,,,0,2010-04-22,,Studio 54,,1,0,1,2026-05-21 01:56:29,2026-05-21 02:31:05
126,"Promises, Promises",promises promises,promises-promises-broadway-reviews,,,0,2010-04-25,,Broadway Theatre,,1,0,0,2026-05-21 01:56:29,2026-05-21 02:31:05
1013,Fences (2010),fences 2010,fences-review,,,0,2010-04-26,,Cort Theatre,,1,0,0,2026-05-21 01:56:35,2026-05-21 02:31:46
1014,Enron,enron,enron-review,,,0,2010-04-27,,Broadhurst Theatre,,1,0,1,2026-05-21 01:56:35,2026-05-21 02:31:48
206,Collected Stories,collected stories,collected-stories-review,,,0,2010-04-28,,Samuel J. Friedman,,1,0,1,2026-05-21 01:56:29,2026-05-21 02:31:08
1015,Everyday Rapture,everyday rapture,everyday-rapture-broadway,,,0,2010-04-29,,American Airlines,,1,0,1,2026-05-21 01:56:35,2026-05-21 02:31:47
1025,Women of Will 2010,women of will 2010,women-of-will-2010,,,0,2010-04-29,,Shakespeare & Company,,1,0,0,2026-05-21 01:56:35,2026-05-21 02:31:51
236,Take Flight,take flight,take-flight,,,0,2010-04-30,,McCarter Theater Center,,1,0,0,2026-05-21 01:56:29,2026-05-21 02:31:13
229,Family Week,family week,family-week-review,,,0,2010-05-05,,Lucille Lortel Theatre,,1,0,0,2026-05-21 01:56:29,2026-05-21 02:31:11
1016,The Forest,forest,the-forest-review,,,0,2010-05-07,,Classic Stage Comp.,,1,0,0,2026-05-21 01:56:35,2026-05-21 02:31:48
1017,The Kid,kid,the-kid,,,0,2010-05-10,,Acorn Theatre,,1,0,0,2026-05-21 01:56:35,2026-05-21 02:31:49
231,Passion Play,passion play,passion-play,,,0,2010-05-12,,The Irondale Center,,1,0,0,2026-05-21 01:56:29,2026-05-21 02:31:13
1018,Gabriel,gabriel,gabriel,,,0,2010-05-13,,"Atlantic Theater Co. 
                Linda Gross Theater",,1,0,0,2026-05-21 01:56:35,2026-05-21 02:31:48
1023,The Glass House,glass house,the-glass-house,,,0,2010-05-16,,Clurman Theatre,,1,0,0,2026-05-21 01:56:35,2026-05-21 02:31:52
232,This Wide Night,this wide night,this-wide-night,,,0,2010-05-16,,Peter Jay Sharp,,1,0,0,2026-05-21 01:56:29,2026-05-21 02:31:12
1019,Graceland,graceland,graceland,,,0,2010-05-17,,Duke on 42nd Street,,1,0,0,2026-05-21 01:56:35,2026-05-21 02:31:48
235,Oliver Parker!,oliver parker,oliver-parker,,,0,2010-05-17,,Cherry Lane Theatre,,1,0,0,2026-05-21 01:56:29,2026-05-21 02:31:14
233,That Face,that face,that-face,,,0,2010-05-18,,New York City Center,,1,0,0,2026-05-21 01:56:29,2026-05-21 02:31:12
166,Banana Shpeel,banana shpeel,banana-shpeel,,,0,2010-05-19,,Beacon Theatre,,1,0,0,2026-05-21 01:56:29,2026-05-21 02:31:08
1020,Restoration,restoration,restoration,,,0,2010-05-19,,NY Theatre Workshop,,1,0,0,2026-05-21 01:56:35,2026-05-21 02:31:50
1021,The Elaborate Entrance of Chad Deity,elaborate entrance of chad deity,the-elaborate-entrance-of-chad-deity,,,0,2010-05-20,,Second Stage Theatre,,1,0,0,2026-05-21 01:56:35,2026-05-21 02:31:51
1022,The Burnt Part Boys,burnt part boys,the-burnt-part-boys,,,0,2010-05-25,,Playwrights Horizons,,1,0,0,2026-05-21 01:56:35,2026-05-21 02:31:50
238,Leaving,leaving,leaving,,,0,2010-05-26,,Wilma Theater,,1,0,0,2026-05-21 01:56:29,2026-05-21 02:31:14
237,Dusk Rings A Bell,dusk rings a bell,dusk-rings-a-bell,,,0,2010-05-27,,Atlantic Theater,,1,0,0,2026-05-21 01:56:29,2026-05-21 02:14:45
1024,Johnny Baseball,johnny baseball,johnny-baseball,,,0,2010-06-02,,American Repertory Theater,,1,0,0,2026-05-21 01:56:35,2026-05-21 02:31:51
1026,Another Part of the Forest,another part of the forest,another-part-of-the-forest,,,0,2010-06-07,,Theatre at St. Clement's,,1,0,0,2026-05-21 01:56:35,2026-05-21 02:31:53
219,Naked in a Fishbowl,naked in a fishbowl,naked-in-a-fishbowl,,,0,2010-06-07,,Soho Playhouse,,1,0,0,2026-05-21 01:56:29,2026-05-21 02:31:11
239,Prophecy,prophecy,prophecy,,,0,2010-06-08,,NY Theatre Workshop,,1,0,0,2026-05-21 01:56:29,2026-05-21 02:31:15
215,The Winter's Tale (2010),winters tale 2010,winters-tale-theater-review,,,0,2010-06-09,,Public Theater,,1,0,0,2026-05-21 01:56:29,2026-05-21 02:31:09
1027,Illuscination,illuscination,illuscination,,,0,2010-06-17,,Ringling Bros. and Barnum & Bailey Circus- Coney Island Boardwalk,,1,0,0,2026-05-21 01:56:35,2026-05-21 02:31:52
193,Little Doc,little doc,little-doc,,,0,2010-06-17,,Rattlestick Theatre,,1,0,0,2026-05-21 01:56:29,2026-05-21 02:33:38
1031,Sweeney Todd,sweeney todd,sweeney-todd,,,0,2010-06-17,,Barrington Stage Company,,1,0,0,2026-05-21 01:56:35,2026-05-21 02:31:54
1030,It's a Bird...It's a Plane...It's Superman,its a birdits a planeits superman,its-a-bird-its-a-plane-its-superman,,,0,2010-06-18,,Dee and Charles Wyly Theatre,,1,0,0,2026-05-21 01:56:35,2026-05-21 02:31:54
1460,Sucker Punch,sucker punch,sucker-punch,,,0,2010-06-19,,Royal Court Theater,,1,0,0,2026-05-21 01:56:46,2026-05-21 02:23:53
202,Dietrich and Chevalier: The Musical,dietrich and chevalier the musical,dietrich-and-chevalier-the-musical,,,0,2010-06-20,,St. Luke's Theatre,,1,0,0,2026-05-21 01:56:29,2026-05-21 02:31:08
1035,The Tempest at the Festival Theater,tempest at the festival theater,the-tempest-at-the-festival-theater,,,0,2010-06-25,,Festival Theatre,,1,0,0,2026-05-21 01:56:35,2026-05-21 02:31:57
979,The Grand Manner,grand manner,the-grand-manner,,,0,2010-06-27,,Mitzi E. Newhouse,,1,0,0,2026-05-21 01:56:32,2026-05-21 02:31:45
1033,The Zero Hour,zero hour,the-zero-hour,,,0,2010-06-27,,Soho Repertory,,1,0,0,2026-05-21 01:56:35,2026-05-21 02:31:55
1028,On the Levee,on the levee,on-the-levee,,,0,2010-06-28,,Duke on 42nd Street,,1,0,0,2026-05-21 01:56:35,2026-05-21 02:31:52
1032,A Funny Thing Happened on the Way to the Forum,funny thing happened on the way to the forum,a-funny-thing-happened-on-the-way-to-the-forum,,,0,2010-06-30,,Williamstown Theatre Festival,,1,0,0,2026-05-21 01:56:35,2026-05-21 02:31:54
244,I'll Be Damned,ill be damned,ill-be-damned,,,0,2010-07-01,,Vineyard Theatre,,1,0,0,2026-05-21 01:56:29,2026-05-21 02:31:15
9,Hairspray (Off-Broadway),hairspray offbroadway,hairspray-reviews,,,0,2010-07-07,,Gateway Playhouse,,1,0,0,2026-05-21 01:56:29,2026-05-21 02:30:59
243,Musashi,musashi,musashi,,,0,2010-07-07,,Lincoln Center Theater,,1,0,0,2026-05-21 01:56:29,2026-05-21 02:31:16
1010,A Night at the Tombs,night at the tombs,a-night-at-the-tombs,,,0,2010-07-08,,Bowery Poetry Club,,1,0,0,2026-05-21 01:56:35,2026-05-21 02:31:46
89,Damn Yankees,damn yankees,damn-yankees-review,,,0,2010-07-08,,John W. Engeman Theater at Northport,,1,0,0,2026-05-21 01:56:29,2026-05-21 02:31:02
247,We the People: America Rocks!,we the people america rocks,we-the-people-america-rocks,,,0,2010-07-08,,Lucille Lortel Theatre,,1,0,0,2026-05-21 01:56:29,2026-05-21 02:34:04
1049,Richard I I I (2010),richard i i i 2010,richard-shakespeare2010,,,0,2010-07-09,,Shakespeare & Company,,1,0,0,2026-05-21 01:56:35,2026-05-21 02:32:02
1034,The Demons,demons,the-demons,,,0,2010-07-10,,Governer's Island,,1,0,0,2026-05-21 01:56:35,2026-05-21 02:31:57
245,"Sweet, Sweet Motherhood",sweet sweet motherhood,sweet-sweet-motherhood,,,0,2010-07-11,,HERE Arts Center,,1,0,0,2026-05-21 01:56:29,2026-05-21 02:31:17
253,The Late Henry Moss,late henry moss,the-late-henry-moss,,,0,2010-07-11,,The 45th Street Theatre,,1,0,0,2026-05-21 01:56:29,2026-05-21 02:31:19
1038,Gary the Thief & Plevna: Meditations on Hatred,gary the thief plevna meditations on hatred,gary-the-thief-plevna-meditations-on-hatred,,,0,2010-07-12,,Atlantic Theater,,1,0,0,2026-05-21 01:56:35,2026-05-21 02:31:57
248,The Guardsman,guardsman,the-guardsman,,,0,2010-07-13,,Birkshire Theatre Festival,,1,0,0,2026-05-21 01:56:29,2026-05-21 02:31:19
246,With Glee,with glee,with-glee,,,0,2010-07-13,,Kirk Theatre,,1,0,0,2026-05-21 01:56:29,2026-05-21 02:31:16
1011,A Disappearing Number,disappearing number,a-disappearing-number,,,0,2010-07-15,,Lincoln Center Theater,,1,0,0,2026-05-21 01:56:35,2026-05-21 02:31:45
1036,Falling for Eve,falling for eve,falling-for-eve,,,0,2010-07-15,,York Theatre Company,,1,0,0,2026-05-21 01:56:35,2026-05-21 02:14:47
1037,Lysistrata,lysistrata,lysistrata,,,0,2010-07-15,,New York Public Library,,1,0,0,2026-05-21 01:56:35,2026-05-21 02:31:55
1041,In God's Hat,in gods hat,in-gods-hat,,,0,2010-07-18,,Peter Jay Sharp,,1,0,0,2026-05-21 01:56:35,2026-05-21 02:31:59
1039,The Battle of Stalingrad,battle of stalingrad,the-battle-of-stalingrad,,,0,2010-07-20,,Clark Studio Theater,,1,0,0,2026-05-21 01:56:35,2026-05-21 02:31:57
249,Hater,hater,hater,,,0,2010-07-21,,Ohio Theatre,,1,0,0,2026-05-21 01:56:29,2026-05-21 02:31:18
1042,Viagara Falls,viagara falls,viagara-falls,,,0,2010-07-21,,Little Shubert Theatre,,1,0,0,2026-05-21 01:56:35,2026-05-21 02:31:59
251,Red Over Red,red over red,red-over-red,,,0,2010-07-22,,The Ontological Theater at St. Mark's Church,,1,0,0,2026-05-21 01:56:29,2026-05-21 02:31:18
252,The Irish...and How They Got That Way,irishand how they got that way,the-irish-and-how-they-got-that-way,,,0,2010-07-22,,Irish Repertory Theatre,,1,0,0,2026-05-21 01:56:29,2026-05-21 02:31:20
1043,Twelfth Night (2010),twelfth night 2010,twelfth-nigh2010t,,,0,2010-07-23,,Theatre at St. Clement's,,1,0,0,2026-05-21 01:56:35,2026-05-21 02:31:59
1040,See Rock City & Other Destinations,see rock city other destinations,see-rock-city-other-destinations,,,0,2010-07-25,,Duke on 42nd Street,,1,0,0,2026-05-21 01:56:35,2026-05-21 02:14:43
254,Tales From the Tunnel,tales from the tunnel,tales-from-the-tunnel,,,0,2010-07-25,,Bleecker Street  Theatre,,1,0,0,2026-05-21 01:56:29,2026-05-21 02:31:20
250,Bachelorette,bachelorette,bachelorette,,,0,2010-07-26,,McGinn,,1,0,0,2026-05-21 01:56:29,2026-05-21 02:31:19
1044,Julius Caesar (2010),julius caesar 2010,julius-caesar-2010,,,0,2010-07-29,,Shakespeare in the Park(ing) Lot,,1,0,0,2026-05-21 01:56:35,2026-05-21 02:31:59
1045,Summer Shorts 4,summer shorts 4,summer-shorts-4,,,0,2010-07-30,,59E59 Theaters,,1,0,0,2026-05-21 01:56:35,2026-05-21 02:31:59
255,Wolves,wolves,wolves,,,0,2010-08-04,,59E59 Theaters,,1,0,0,2026-05-21 01:56:29,2026-05-21 02:31:19
260,Hedda Gabler (Off-Broadway),hedda gabler offbroadway,hedda-gabler-review,,,0,2010-08-10,,To Be Announced,,1,0,0,2026-05-21 01:56:29,2026-05-21 02:31:21
1046,Secrets of the Trade,secrets of the trade,secrets-of-the-trade,,,0,2010-08-10,,"Primary Stages
                 59E59 Theaters",,1,0,0,2026-05-21 01:56:35,2026-05-21 02:32:00
256,"Abraham Lincoln's Big, Gay Dance Party",abraham lincolns big gay dance party,abraham-lincolns-big-gay-dance-party,,,0,2010-08-11,,Acorn Theatre,,1,0,0,2026-05-21 01:56:29,2026-05-21 02:31:23
1047,Trust,trust,trust,,,0,2010-08-12,,Second Stage Theatre,,1,0,0,2026-05-21 01:56:35,2026-05-21 02:32:03
1048,The Capeman,capeman,the-capeman-review,,,0,2010-08-14,,The Delacorte Theater,,1,0,0,2026-05-21 01:56:35,2026-05-21 02:32:02
257,Long Story Short,long story short,long-story-short-review,,,0,2010-08-17,,Bleecker Street  Theatre,,1,0,0,2026-05-21 01:56:29,2026-05-21 02:31:22
1050,The Memory Show,memory show,the-memory-show,,,0,2010-08-18,,Barrington Stage Company,,1,0,0,2026-05-21 01:56:35,2026-05-21 02:32:02
258,Power Balladz,power balladz,power-balladz-reviews,,,0,2010-08-19,,Midtown Theater,,1,0,0,2026-05-21 01:56:29,2026-05-21 02:31:21
259,A Delicate Balance,delicate balance,a-delicate-balance-reviews,,,0,2010-08-24,,Berkshire Theatre Festival - Mainstage,,1,0,1,2026-05-21 01:56:29,2026-05-21 02:31:22
1051,An Error of the Moon,error of the moon,an-error-of-the-moon,,,0,2010-08-30,,The Beckett Theater,,1,0,0,2026-05-21 01:56:35,2026-05-21 02:32:02
261,Troilus and Cressida,troilus and cressida,troilus-and-cressida,,,0,2010-09-01,,Hudson Valley Shakespeare Festival,,1,0,0,2026-05-21 01:56:29,2026-05-21 02:31:22
1052,Vision Disturbance,vision disturbance,vision-disturbance,,,0,2010-09-01,,Abrons Arts Center Henry Street Settlement,,1,0,0,2026-05-21 01:56:35,2026-05-21 02:32:03
263,Absolution,absolution,absolution,,,0,2010-09-08,,59E59 Theaters,,1,0,0,2026-05-21 01:56:29,2026-05-21 02:31:24
1053,Bottom of the World,bottom of the world,bottom-of-the-world,,,0,2010-09-14,,Atlantic Stage Two,,1,0,0,2026-05-21 01:56:35,2026-05-21 02:32:04
1054,The Sun Also Rises (The Select),sun also rises the select,the-sun-also-rises-the-select,,,0,2010-09-15,,The Arts Bank,,1,0,0,2026-05-21 01:56:35,2026-05-21 02:32:04
1062,The Drunkard,drunkard,the-drunkard,,,0,2010-09-18,,Metropolitan Playhouse,,1,0,0,2026-05-21 01:56:35,2026-05-21 02:32:07
278,Detroit at Steppenwolf,detroit at steppenwolf,detroit-steppenwolf,,,0,2010-09-19,,Steppenwolf Theatre,,1,0,0,2026-05-21 01:56:29,2026-05-21 02:31:28
264,The Little Foxes,little foxes,the-little-foxes,,,0,2010-09-21,,NY Theatre Workshop,,1,0,1,2026-05-21 01:56:29,2026-05-21 02:31:24
265,"Orange, Hat & Grace",orange hat grace,orange-hat-and-grace,,,0,2010-09-22,,Soho Repertory,,1,0,0,2026-05-21 01:56:29,2026-05-21 02:31:25
1055,The Divine Sister,divine sister,the-divine-sister,,,0,2010-09-22,,Soho Playhouse,,1,0,0,2026-05-21 01:56:35,2026-05-21 02:14:45
1056,Orlando,orlando,orlando,,,0,2010-09-23,,Classic Stage Comp.,,1,0,0,2026-05-21 01:56:35,2026-05-21 02:14:48
266,We Have Always Lived in the Castle,we have always lived in the castle,we-have-always-lived-in-the-castle,,,0,2010-09-23,,University Theatre at Yale University,,1,0,0,2026-05-21 01:56:29,2026-05-21 02:31:24
267,Gatz,gatz,gatz,,,0,2010-09-26,,Public Theater,,1,0,0,2026-05-21 01:56:29,2026-05-21 02:31:25
1058,Now Circa Then,now circa then,now-circa-then,,,0,2010-09-27,,Ars Nova,,1,0,0,2026-05-21 01:56:35,2026-05-21 02:32:04
1057,Brief Encounter,brief encounter,brief-encounter,,,0,2010-09-28,,Studio 54,,1,0,1,2026-05-21 01:56:35,2026-05-21 02:32:05
268,Hotel Savoy,hotel savoy,hotel-savoy,,,0,2010-09-30,,Goethe-Institut New York,,1,0,0,2026-05-21 01:56:29,2026-05-21 02:31:25
1059,The Pitmen Painters,pitmen painters,the-pitmen-painters,,,0,2010-09-30,,Samuel J. Friedman,,1,0,1,2026-05-21 01:56:35,2026-05-21 02:32:06
1008,Zero Hour,zero hour,zero-hour,,,0,2010-10-02,,DR2 Theatre,,1,0,0,2026-05-21 01:56:35,2026-05-21 02:33:27
240,Mrs. Warren's Profession,mrs warrens profession,mrs-warrens-profession,,,0,2010-10-03,,American Airlines,,1,0,1,2026-05-21 01:56:29,2026-05-21 02:31:14
269,In Transit,in transit,in-transit,,,0,2010-10-05,,59E59 Theaters,,1,0,1,2026-05-21 01:56:29,2026-05-21 02:31:27
1061,The Deer House,deer house,the-deer-house,,,0,2010-10-05,,BAM Harvey Theater,,1,0,0,2026-05-21 01:56:35,2026-05-21 02:32:06
1060,Tigers Be Still,tigers be still,tigers-be-still,,,0,2010-10-06,,Roundabout Underground,,1,0,0,2026-05-21 01:56:35,2026-05-21 02:32:05
115,Time Stands Still,time stands still,time-stands-still-broadway-reviews,,,0,2010-10-07,,Cort Theatre,,1,0,1,2026-05-21 01:56:29,2026-05-21 02:31:03
1063,A Life in the Theatre,life in the theatre,a-life-in-the-theatre,,,0,2010-10-12,,Gerald Schoenfeld,,1,0,1,2026-05-21 01:56:35,2026-05-21 02:32:08
270,Bloody Bloody Andrew Jackson,bloody bloody andrew jackson,bloody-bloody-andrew-jackson-broadway,,,0,2010-10-13,,Bernard B. Jacobs,,1,0,1,2026-05-21 01:56:29,2026-05-21 02:31:28
1064,La Bête,la bte,la-bete,,,0,2010-10-14,,Eugene O'Neill Theatre,,1,0,0,2026-05-21 01:56:35,2026-05-21 02:32:06
1065,The Language Archive,language archive,the-language-archive,,,0,2010-10-17,,Laura Pels Theatre at the Harold and Miriam Steinberg Center for Theatre,,1,0,0,2026-05-21 01:56:35,2026-05-21 02:32:07
1066,Lombardi,lombardi,lombardi-review,,,0,2010-10-21,,Circle in the Square,,1,0,1,2026-05-21 01:56:35,2026-05-21 02:32:09
1070,"Miss Abigail's Guide to Dating, Mating, & Marriage",miss abigails guide to dating mating marriage,miss-abigails-guide-reviews,,,0,2010-10-24,,Sofia's Downstairs Theater,,1,0,0,2026-05-21 01:56:35,2026-05-21 02:32:12
1067,Wings,wings,wings,,,0,2010-10-24,,Second Stage Theatre,,1,0,0,2026-05-21 01:56:35,2026-05-21 02:32:10
1068,Driving Miss Daisy,driving miss daisy,driving-miss-daisy,,,0,2010-10-25,,John Golden Theatre,,1,0,1,2026-05-21 01:56:35,2026-05-21 02:32:10
241,RAIN - A Tribute to the Beatles,rain a tribute to the beatles,rain-a-tribute-to-the-beatles,,,0,2010-10-26,,Neil Simon Theatre,,1,0,0,2026-05-21 01:56:29,2026-05-21 02:31:16
1074,Perfect Harmony,perfect harmony,perfect-harmony,,,0,2010-10-27,,Acorn Theatre,,1,0,0,2026-05-21 01:56:35,2026-05-21 02:32:13
1069,Angels in America,angels in america,angels-in-america,,,0,2010-10-28,,Peter Norton Space,,1,0,1,2026-05-21 01:56:35,2026-05-21 02:32:09
280,The Merry Wives of Windsor,merry wives of windsor,the-merry-wives-of-windsor,,,0,2010-10-28,,Michael Schimmel Center for the Performing Arts,,1,0,0,2026-05-21 01:56:29,2026-05-21 02:31:30
1073,Nevermore,nevermore,nevermore,,,0,2010-10-29,,New Victory Theater,,1,0,0,2026-05-21 01:56:35,2026-05-21 02:32:13
1071,The Scottsboro Boys,scottsboro boys,the-scottsboro-boys,,,0,2010-10-31,,Lyceum Theatre,,1,0,1,2026-05-21 01:56:35,2026-05-21 02:32:12
1072,In the Wake,in the wake,in-the-wake,,,0,2010-11-01,,The Public Theater,,1,0,0,2026-05-21 01:56:35,2026-05-21 02:32:13
1075,That Hopey Changey Thing,that hopey changey thing,that-hopey-changey-thing,,,0,2010-11-02,,The Public Theater,,1,0,0,2026-05-21 01:56:35,2026-05-21 02:32:13
757,Middletown,middletown,middletown,,,0,2010-11-03,,Vineyard Theatre,,1,0,0,2026-05-21 01:56:32,2026-05-21 02:31:44
227,Women on the Verge of a Nervous Breakdown,women on the verge of a nervous breakdown,women-on-the-verge,,,0,2010-11-04,,Belasco Theatre,,1,0,1,2026-05-21 01:56:29,2026-05-21 02:31:10
1029,The Merchant of Venice (Broadway),merchant of venice broadway,the-merchant-of-venice-broadway,,,0,2010-11-07,,Broadhurst Theatre,,1,0,0,2026-05-21 01:56:35,2026-05-21 02:31:53
754,Lingua Franca,lingua franca,lingua-franca,,,0,2010-11-09,,59E59 Theaters,,1,0,0,2026-05-21 01:56:32,2026-05-21 02:31:42
756,After the Revolution,after the revolution,after-the-revolution,,,0,2010-11-10,,Playwrights Horizons,,1,0,0,2026-05-21 01:56:32,2026-05-21 02:31:42
1078,There Are No More Big Secrets,there are no more big secrets,there-are-no-more-big-secrets,,,0,2010-11-11,,Rattlestick Theatre,,1,0,0,2026-05-21 01:56:38,2026-05-21 02:32:15
1081,In the Footprint: The Battle Over Atlantic Yards,in the footprint the battle over atlantic yards,in-the-footprint-the-battle-over-atlantic-yards,,,0,2010-11-12,,The Irondale Center,,1,0,0,2026-05-21 01:56:38,2026-05-21 02:32:14
1077,Ghosts in the Cottonwoods,ghosts in the cottonwoods,ghosts-in-the-cottonwoods,,,0,2010-11-13,,Theater 80,,1,0,0,2026-05-21 01:56:38,2026-05-21 02:32:16
273,Elf(2010),elf2010,elf-2010,,,0,2010-11-14,,Al Hirschfeld Theatre,,1,0,0,2026-05-21 01:56:29,2026-05-21 02:31:27
755,Mistakes Were Made,mistakes were made,mistakes-were-made,,,0,2010-11-14,,Barrow Street Theatre,,1,0,0,2026-05-21 01:56:32,2026-05-21 02:31:42
1082,Wintuk,wintuk,wintuk,,,0,2010-11-17,,Theater at Madison Square Garden,,1,0,0,2026-05-21 01:56:38,2026-05-21 02:32:18
228,A Free Man of Color,free man of color,a-free-man-of-color-review,,,0,2010-11-18,,Vivian Beaumont,,1,0,1,2026-05-21 01:56:29,2026-05-21 02:31:10
748,Do Androids Dream of Electric Sheep?,do androids dream of electric sheep,do-androids-dream-of-electric-sheep,,,0,2010-11-18,,3LD Art & Technology Center,,1,0,0,2026-05-21 01:56:32,2026-05-21 02:31:40
751,The Red Shoes,red shoes,the-red-shoes,,,0,2010-11-19,,St. Ann's Warehouse,,1,0,0,2026-05-21 01:56:32,2026-05-21 02:31:40
747,Looking At Christmas,looking at christmas,looking-at-christmas,,,0,2010-11-20,,The Flea Theater,,1,0,0,2026-05-21 01:56:32,2026-05-21 02:31:39
1079,Elling,elling,elling,,,0,2010-11-21,,Ethel Barrymore Theater,,1,0,1,2026-05-21 01:56:38,2026-05-21 02:32:15
753,Knock Me A Kiss,knock me a kiss,knock-me-a-kiss,,,0,2010-11-21,,Abrons Arts Center Henry Street Settlement,,1,0,0,2026-05-21 01:56:32,2026-05-21 02:31:42
752,The Collection & A Kind of Alaska,collection a kind of alaska,the-collection-and-a-kind-of-alaska,,,0,2010-11-21,,Classic Stage Comp.,,1,0,0,2026-05-21 01:56:32,2026-05-21 02:31:41
1080,The Break of Noon,break of noon,the-break-of-noon,,,0,2010-11-22,,Lucille Lortel Theatre,,1,0,0,2026-05-21 01:56:38,2026-05-21 02:32:15
750,Being Sellers,being sellers,being-sellers,,,0,2010-11-23,,59E59 Theaters,,1,0,0,2026-05-21 01:56:32,2026-05-21 02:31:40
1084,Metamorphosis,metamorphosis,metamorphosis,,,0,2010-11-30,,BAM Harvey Theater,,1,0,0,2026-05-21 01:56:38,2026-05-21 02:32:19
746,Lay of the Land,lay of the land,lay-of-the-land,,,0,2010-12-01,,P.S. 122,,1,0,0,2026-05-21 01:56:32,2026-05-21 02:31:39
1092,Let Them Eat Cake,let them eat cake,let-them-eat-cake,,,0,2010-12-02,,Dixon Place,,1,0,0,2026-05-21 01:56:38,2026-05-21 02:32:21
1090,Who's Afraid of Virginia Woolf? original,whos afraid of virginia woolf original,whos-afraid-of-virginia-woolf,,,0,2010-12-02,,Steppenwolf Theatre,,1,0,0,2026-05-21 01:56:38,2026-05-21 02:32:20
1088,Michael & Edie,michael edie,michael-and-edie,,,0,2010-12-03,,Access Theater,,1,0,0,2026-05-21 01:56:38,2026-05-21 02:32:20
744,Momentum,momentum,momentum,,,0,2010-12-03,,New Victory Theater,,1,0,0,2026-05-21 01:56:32,2026-05-21 02:31:38
742,With Aaron's Arms Around Me and The Mire,with aarons arms around me and the mire,with-aarons-arms-around-me-and-the-mire,,,0,2010-12-03,,Cherry Lane Theatre,,1,0,0,2026-05-21 01:56:32,2026-05-21 02:31:37
743,"Pass the Blutwurst, Bitte",pass the blutwurst bitte,pass-the-blutwurst-bitte,,,0,2010-12-05,,La MaMa E.T.C.,,1,0,0,2026-05-21 01:56:32,2026-05-21 02:31:38
1089,The Wife,wife,the-wife,,,0,2010-12-05,,Access Theater,,1,0,0,2026-05-21 01:56:38,2026-05-21 02:32:20
1087,The Great Game: Afghanistan,great game afghanistan,the-great-game-afghanistan,,,0,2010-12-07,,Skirball Center for the Performing Arts @ NYU,,1,0,0,2026-05-21 01:56:38,2026-05-21 02:32:18
740,Three Pianos,three pianos,three-pianos,,,0,2010-12-07,,NY Theatre Workshop,,1,0,0,2026-05-21 01:56:32,2026-05-21 02:31:37
745,Haunted,haunted,haunted,,,0,2010-12-08,,59E59 Theaters,,1,0,0,2026-05-21 01:56:32,2026-05-21 02:31:38
741,I'm Going To Make A Small Incision Behind Your Ear to Check and See IF You're Actually Human,im going to make a small incision behind your ear to check and see if youre actually human,im-going-to-make-a-small-incision-behind-your-earto-check-and-see-if-youre-actually-human,,,0,2010-12-08,,The Bushwick Starr,,1,0,0,2026-05-21 01:56:32,2026-05-21 02:31:37
1094,Korach: The Biblical Antichrist,korach the biblical antichrist,korach-the-biblical-antichrist,,,0,2010-12-08,,The Living Theatre,,1,0,0,2026-05-21 01:56:38,2026-05-21 02:32:23
1091,Donny & Marie – A Broadway Christmas,donny marie a broadway christmas,donny-and-marie-a-broadway-christmas,,,0,2010-12-14,,Marquis Theatre,,1,0,0,2026-05-21 01:56:38,2026-05-21 02:32:20
739,Mummenschanz,mummenschanz,mummenschanz,,,0,2010-12-21,,Skirball Center for the Performing Arts @ NYU,,1,0,0,2026-05-21 01:56:32,2026-05-21 02:31:36
1095,Dollface,dollface,dollface,,,0,2010-12-23,,Theatre for the New City,,1,0,0,2026-05-21 01:56:38,2026-05-21 02:32:23
738,Dracula,dracula,dracula,,,0,2011-01-05,,Little Shubert Theatre,,1,0,0,2026-05-21 01:56:32,2026-05-21 02:31:35
1096,A Small Fire,small fire,a-small-fire,,,0,2011-01-06,,Playwrights Horizons,,1,0,0,2026-05-21 01:56:38,2026-05-21 02:32:23
1097,The Interminable Suicide of Gregory Church,interminable suicide of gregory church,the-interminable-suicide-of-gregory-church,,,0,2011-01-06,,St. Ann's Warehouse,,1,0,0,2026-05-21 01:56:38,2026-05-21 02:32:22
737,Nearly Lear,nearly lear,nearly-lear,,,0,2011-01-07,,New Victory Theater,,1,0,0,2026-05-21 01:56:32,2026-05-21 02:31:35
733,The How and the Why,how and the why,the-how-and-the-why,,,0,2011-01-07,,McCarter Theater Center,,1,0,0,2026-05-21 01:56:32,2026-05-21 02:31:34
1102,Baby Wants Candy,baby wants candy,baby-wants-candy,,,0,2011-01-08,,Soho Playhouse,,1,0,0,2026-05-21 01:56:38,2026-05-21 02:32:25
735,Blood From a Stone,blood from a stone,blood-from-a-stone,,,0,2011-01-12,,Acorn Theatre,,1,0,0,2026-05-21 01:56:32,2026-05-21 02:31:34
730,Honey Brown Eyes,honey brown eyes,honey-brown-eyes,,,0,2011-01-13,,Clurman Theatre,,1,0,0,2026-05-21 01:56:32,2026-05-21 02:31:34
1100,Room 17B,room 17b,room-17b,,,0,2011-01-13,,59E59 Theaters,,1,0,0,2026-05-21 01:56:38,2026-05-21 02:32:24
1098,The Importance of Being Earnest,importance of being earnest,importance-of-being-earnest,,,0,2011-01-13,,37 Arts Theatre,,1,0,1,2026-05-21 01:56:38,2026-05-21 02:32:23
1099,Cymbeline,cymbeline,cymbeline,,,0,2011-01-16,,New Victory Theater,,1,0,0,2026-05-21 01:56:38,2026-05-21 02:30:11
1101,Carnival Round the Central Figure,carnival round the central figure,carnival-round-the-central-figure,,,0,2011-01-17,,IRT Theater,,1,0,0,2026-05-21 01:56:38,2026-05-21 02:32:26
731,The Walk Across America for Mother Earth,walk across america for mother earth,the-walk-across-america-for-mother-earth,,,0,2011-01-20,,La MaMa E.T.C.,,1,0,0,2026-05-21 01:56:32,2026-05-21 02:31:33
726,The Misanthrope,misanthrope,the-misanthrope,,,0,2011-01-23,,New York City Center - Stage II,,1,0,0,2026-05-21 01:56:32,2026-05-21 02:31:33
725,The New York Idea,new york idea,the-new-york-idea,,,0,2011-01-26,,Lucille Lortel Theatre,,1,0,0,2026-05-21 01:56:32,2026-05-21 02:31:31
724,What The Public Wants,what the public wants,what-the-public-wants,,,0,2011-01-27,,Mint Theatre,,1,0,0,2026-05-21 01:56:32,2026-05-21 02:31:32
722,How I Fell In Love,how i fell in love,how-i-fell-in-love,,,0,2011-01-30,,Abingdon Theatre Arts Complex,,1,0,0,2026-05-21 01:56:32,2026-05-21 02:31:31
1105,Molly Sweeney,molly sweeney,molly-sweeney,,,0,2011-01-30,,Irish Repertory Theatre,,1,0,0,2026-05-21 01:56:38,2026-05-21 02:32:25
1103,The Milk Train Doesn’t Stop Here Anymore,milk train doesnt stop here anymore,the-milk-train-doesnt-stop-here-anymore,,,0,2011-01-30,,Laura Pels Theatre at the Harold and Miriam Steinberg Center for Theatre,,1,0,0,2026-05-21 01:56:38,2026-05-21 02:32:26
1104,Gruesome Playground Injuries,gruesome playground injuries,gruesome-playground-injuries,,,0,2011-01-31,,Second Stage Theatre,,1,0,0,2026-05-21 01:56:38,2026-05-21 02:32:24
723,The Whipping Man,whipping man,the-whipping-man,,,0,2011-02-01,,MTC - Stage 1,,1,0,0,2026-05-21 01:56:32,2026-05-21 02:31:31
1109,My Scandalous Life,my scandalous life,my-scandalous-life,,,0,2011-02-02,,Irish Repertory Theatre,,1,0,0,2026-05-21 01:56:38,2026-05-21 02:30:13
715,Vieux Carré,vieux carr,vieux-carre,,,0,2011-02-02,,"Baryshnikov Arts Center, Howard Gilman Performance Space",,1,0,0,2026-05-21 01:56:32,2026-05-21 02:30:06
1107,The Road to Qatar!,road to qatar,the-road-to-qatar,,,0,2011-02-03,,York Theatre Company,,1,0,0,2026-05-21 01:56:38,2026-05-21 02:30:12
721,The Witch of Edmonton,witch of edmonton,the-witch-of-edmonton,,,0,2011-02-03,,Theatre at St. Clement's,,1,0,0,2026-05-21 01:56:32,2026-05-21 02:31:30
1106,Three Sisters (2011),three sisters 2011,three-sisters-2011,,,0,2011-02-03,,Classic Stage Comp.,,1,0,0,2026-05-21 01:56:38,2026-05-21 02:30:11
1112,"A Couple of Poor, Polish-Speaking Romanians",couple of poor polishspeaking romanians,a-couple-of-poor-polish-speaking-romanians,,,0,2011-02-04,,Abrons Arts Center Henry Street Settlement,,1,0,0,2026-05-21 01:56:38,2026-05-21 02:30:13
718,Apple Cove,apple cove,apple-cove,,,0,2011-02-06,,Women's Project Theatre,,1,0,0,2026-05-21 01:56:32,2026-05-21 02:30:06
720,Black Tie,black tie,black-tie,,,0,2011-02-08,,59E59 Theaters,,1,0,0,2026-05-21 01:56:32,2026-05-21 02:30:07
1110,In the Pony Palace/Football,in the pony palacefootball,in-the-pony-palace-football,,,0,2011-02-08,,The Bushwick Starr,,1,0,0,2026-05-21 01:56:38,2026-05-21 02:30:14
719,Interviewing the Audience,interviewing the audience,interviewing-the-audience,,,0,2011-02-10,,37 Arts Theatre,,1,0,0,2026-05-21 01:56:32,2026-05-21 02:30:07
716,Thinner Than Water,thinner than water,thinner-than-water,,,0,2011-02-13,,The Cherry Pit,,1,0,0,2026-05-21 01:56:32,2026-05-21 02:30:05
1120,Little Miss Sunshine (La Jolla Playhouse),little miss sunshine la jolla playhouse,little-miss-sunshine-la-jolla-playhouse,,,0,2011-02-15,,La Jolla Playhouse,,1,0,0,2026-05-21 01:56:38,2026-05-21 02:30:17
1111,Diary of a Madman,diary of a madman,diary-of-a-madman,,,0,2011-02-16,,BAM Harvey Theater,,1,0,0,2026-05-21 01:56:38,2026-05-21 02:30:13
1113,A Perfect Future,perfect future,a-perfec-future,,,0,2011-02-17,,Cherry Lane Theatre,,1,0,0,2026-05-21 01:56:38,2026-05-21 02:30:14
717,Compulsion,compulsion,compulsion,,,0,2011-02-17,,The Public Theater,,1,0,0,2026-05-21 01:56:32,2026-05-21 02:30:04
714,La Barberia,la barberia,la-barberia,,,0,2011-02-17,,New World Stages,,1,0,0,2026-05-21 01:56:32,2026-05-21 02:30:05
712,Storm Still,storm still,storm-still,,,0,2011-02-19,,P.S. 122,,1,0,0,2026-05-21 01:56:32,2026-05-21 02:30:04
713,Frankenstein,frankenstein,frankenstein-national-theatre,,,0,2011-02-22,,Royal National Theatre,,1,0,0,2026-05-21 01:56:32,2026-05-21 02:30:05
708,Cactus Flower,cactus flower,cactus-flower,,,0,2011-02-24,,Westside Theatre,,1,0,0,2026-05-21 01:56:29,2026-05-21 02:30:02
1115,The Hallway Trilogy,hallway trilogy,the-hallway-trilogy,,,0,2011-02-24,,Rattlestick Theatre,,1,0,0,2026-05-21 01:56:38,2026-05-21 02:30:15
710,The Merchant of Venice Off-Broadway,merchant of venice offbroadway,the-merchant-of-venice-off-broadway,,,0,2011-02-27,,Michael Schimmel Center for the Performing Arts,,1,0,0,2026-05-21 01:56:32,2026-05-21 02:30:03
1116,Beautiful Burnout,beautiful burnout,beautiful-burnout,,,0,2011-03-01,,St. Ann's Warehouse,,1,0,0,2026-05-21 01:56:38,2026-05-21 02:30:14
1119,The Method Gun,method gun,the-method-gun,,,0,2011-03-02,,Dance Theater Workshop,,1,0,0,2026-05-21 01:56:38,2026-05-21 02:30:17
1117,Good People,good people,good-people,,,0,2011-03-03,,Samuel J. Friedman,,1,0,1,2026-05-21 01:56:38,2026-05-21 02:30:16
678,Treasure Island,treasure island,treasure-island,,,0,2011-03-05,,The Irondale Center,,1,0,0,2026-05-21 01:56:29,2026-05-21 02:29:43
1118,That Championship Season,that championship season,that-championship-season,,,0,2011-03-06,,Bernard B. Jacobs,,1,0,1,2026-05-21 01:56:38,2026-05-21 02:30:17
699,Sleep No More,sleep no more,sleep-no-more,,,0,2011-03-07,,The McKittrick Hotel,,1,0,0,2026-05-21 01:56:29,2026-05-21 02:29:58
759,Peter and the Starcatcher Off-Broadway,peter and the starcatcher offbroadway,peter-and-the-starcatcher,,,0,2011-03-09,,NY Theatre Workshop,,1,0,0,2026-05-21 01:56:32,2026-05-21 02:30:10
1121,Kathy Griffin Wants A Tony,kathy griffin wants a tony,kathy-griffin-wants-a-tony,,,0,2011-03-11,,Belasco Theatre,,1,0,1,2026-05-21 01:56:38,2026-05-21 02:30:16
1129,The Other Place(2011),other place2011,the-other-place-2011,,,0,2011-03-11,,Lucille Lortel Theatre,,1,0,0,2026-05-21 01:56:38,2026-05-21 02:30:21
704,Macbeth - Theatre for a New Audience,macbeth theatre for a new audience,macbeth-tfana,,,0,2011-03-12,,Duke on 42nd Street,,1,0,0,2026-05-21 01:56:29,2026-05-21 02:30:00
1122,Clifford Chase's Winkie,clifford chases winkie,clifford-chases-winkie,,,0,2011-03-13,,59E59 Theaters,,1,0,0,2026-05-21 01:56:38,2026-05-21 02:30:18
1123,Arcadia,arcadia,arcadia,,,0,2011-03-17,,Ethel Barrymore Theater,,1,0,1,2026-05-21 01:56:38,2026-05-21 02:30:19
706,Where's Charley?,wheres charley,wheres-charley,,,0,2011-03-17,,New York City Center,,1,0,0,2026-05-21 01:56:29,2026-05-21 02:30:02
1126,A Tree Grows in Brooklyn,tree grows in brooklyn,a-tree-grows-in-brooklyn,,,0,2011-03-20,,Theatre at St. Clement's,,1,0,0,2026-05-21 01:56:38,2026-05-21 02:30:19
1125,Hello Again,hello again,hello-again,,,0,2011-03-20,,52 Mercer Street,,1,0,0,2026-05-21 01:56:38,2026-05-21 02:30:19
1124,Priscilla Queen of the Desert,priscilla queen of the desert,priscilla-queen-of-the-desert,,,0,2011-03-20,,Palace Theatre,,1,0,0,2026-05-21 01:56:38,2026-05-21 02:30:18
703,Wittenberg,wittenberg,wittenberg,,,0,2011-03-20,,New York City Center - Stage II,,1,0,0,2026-05-21 01:56:29,2026-05-21 02:29:59
705,Kin,kin,kin,,,0,2011-03-21,,Playwrights Horizons,,1,0,0,2026-05-21 01:56:29,2026-05-21 02:30:01
702,Tomorrow Morning,tomorrow morning,tomorrow-morning,,,0,2011-03-21,,York Theatre Company,,1,0,0,2026-05-21 01:56:29,2026-05-21 02:30:01
732,Ghetto Klown,ghetto klown,ghetto-klown,,,0,2011-03-22,,Lyceum Theatre,,1,0,1,2026-05-21 01:56:32,2026-05-21 02:30:09
1127,The Dream of the Burning Boy,dream of the burning boy,the-dream-of-the-burning-boy,,,0,2011-03-23,,Black Box Theatre at The Harold and Miriam Steinberg Center for Theatre,,1,0,0,2026-05-21 01:56:38,2026-05-21 02:30:19
1128,The Book of Mormon,book of mormon,the-book-of-mormon-reviews,,,0,2011-03-24,,Eugene O'Neill Theatre,,1,0,1,2026-05-21 01:56:38,2026-05-21 02:14:13
1131,Three Men on a Horse,three men on a horse,three-men-on-a-horse,,,0,2011-03-24,,Beckett Theatre,,1,0,0,2026-05-21 01:56:38,2026-05-21 02:30:21
274,How to Succeed in Business Without Really Trying,how to succeed in business without really trying,how-to-succeed-in-business-without-really-trying,,,0,2011-03-27,,Al Hirschfeld Theatre,,1,0,1,2026-05-21 01:56:29,2026-05-21 02:28:24
1130,Bengal Tiger at the Baghdad Zoo,bengal tiger at the baghdad zoo,bengal-tiger-at-the-baghdad-zoo,,,0,2011-03-31,,Richard Rodgers,,1,0,0,2026-05-21 01:56:38,2026-05-21 02:30:21
1134,We're Gonna Die,were gonna die,were-gonna-die,,,0,2011-04-01,,Joe's Pub...at the,,1,0,0,2026-05-21 01:56:38,2026-05-21 02:30:21
1136,One Night with Fanny Brice,one night with fanny brice,one-night-with-fanny-brice,,,0,2011-04-03,,St. Luke's Theatre,,1,0,0,2026-05-21 01:56:38,2026-05-21 02:30:24
698,Benefactors,benefactors,benefactors,,,0,2011-04-05,,Clurman Theatre,,1,0,0,2026-05-21 01:56:29,2026-05-21 02:29:57
697,Love Song,love song,love-song,,,0,2011-04-05,,59E59 Theaters,,1,0,0,2026-05-21 01:56:29,2026-05-21 02:29:57
701,Macbeth at BAM,macbeth at bam,macbeth-at-bam,,,0,2011-04-05,,BAM Harvey Theater,,1,0,0,2026-05-21 01:56:29,2026-05-21 02:30:00
1132,Marie and Bruce,marie and bruce,marie-and-bruce,,,0,2011-04-05,,Acorn Theatre,,1,0,0,2026-05-21 01:56:38,2026-05-21 02:30:22
1133,Anything Goes,anything goes,anything-goes,,,0,2011-04-07,,Stephen Sondheim Theatre,,1,0,1,2026-05-21 01:56:38,2026-05-21 02:27:50
700,Born Bad,born bad,born-bad,,,0,2011-04-07,,Soho Repertory,,1,0,0,2026-05-21 01:56:29,2026-05-21 02:30:00
271,Catch Me If You Can,catch me if you can,catch-me-if-you-can,,,0,2011-04-10,,Neil Simon Theatre,,1,0,1,2026-05-21 01:56:29,2026-05-21 02:28:24
1135,Go Back to Where You Are,go back to where you are,go-back-to-where-you-are,,,0,2011-04-12,,Playwrights Horizons,,1,0,0,2026-05-21 01:56:38,2026-05-21 02:30:22
1137,War Horse,war horse,war-horse,,,0,2011-04-14,,Vivian Beaumont,,1,0,1,2026-05-21 01:56:38,2026-05-21 02:30:23
1144,Future Anxiety,future anxiety,future-anxiety,,,0,2011-04-15,,The Flea Theater,,1,0,0,2026-05-21 01:56:38,2026-05-21 02:30:28
564,Sixteen Wounded,sixteen wounded,sixteen-wounded,,,0,2011-04-15,,Walter Kerr Theater,,1,0,0,2026-05-21 01:56:29,2026-05-21 02:29:02
1141,The Escape Artist,escape artist,the-escape-artist,,,0,2011-04-15,,P.S. 122,,1,0,0,2026-05-21 01:56:38,2026-05-21 02:30:25
1244,Camelot,camelot,camelot-stratford,,,0,2011-04-16,,Festival Theatre,,1,0,1,2026-05-21 01:56:41,2026-05-21 02:27:57
1138,Reading Under the Influence,reading under the influence,reading-under-the-influence,,,0,2011-04-16,,DR2 Theatre,,1,0,0,2026-05-21 01:56:38,2026-05-21 02:30:23
276,Wonderland,wonderland,wonderland,,,0,2011-04-17,,Marquis Theatre,,1,0,1,2026-05-21 01:56:29,2026-05-21 02:28:26
281,High,high,high,,,0,2011-04-19,,Booth Theatre,,1,0,1,2026-05-21 01:56:29,2026-05-21 02:28:25
694,Be A Good Little Widow,be a good little widow,be-a-good-little-widow,,,0,2011-04-20,,Ars Nova,,1,0,0,2026-05-21 01:56:29,2026-05-21 02:29:57
696,Picked,picked,picked,,,0,2011-04-20,,Vineyard Theatre,,1,0,0,2026-05-21 01:56:29,2026-05-21 02:29:57
275,Sister Act,sister act,sister-act,,,0,2011-04-20,,Broadway Theatre,,1,0,1,2026-05-21 01:56:29,2026-05-21 02:28:26
1139,Jerusalem,jerusalem,jerusalem,,,0,2011-04-21,,Music Box Theatre,,1,0,1,2026-05-21 01:56:38,2026-05-21 02:30:24
695,Under Construction,under construction,under-construction,,,0,2011-04-21,,Dance Theater Workshop,,1,0,0,2026-05-21 01:56:29,2026-05-21 02:29:57
1140,Born Yesterday,born yesterday,born-yesterday,,,0,2011-04-24,,Cort Theatre,,1,0,1,2026-05-21 01:56:38,2026-05-21 02:30:24
727,The House of Blue Leaves,house of blue leaves,house-of-blue-leaves,,,0,2011-04-25,,Walter Kerr Theater,,1,0,1,2026-05-21 01:56:32,2026-05-21 02:30:08
1142,Baby It's You,baby its you,baby-its-you,,,0,2011-04-27,,Broadhurst Theatre,,1,0,1,2026-05-21 01:56:38,2026-05-21 02:30:26
707,The Normal Heart,normal heart,the-normal-heart,,,0,2011-04-27,,John Golden Theatre,,1,0,1,2026-05-21 01:56:29,2026-05-21 02:30:03
728,The People in the Picture,people in the picture,the-people-in-the-picture,,,0,2011-04-28,,Studio 54,,1,0,1,2026-05-21 01:56:32,2026-05-21 02:30:08
693,The Tragical Life of Cheeseboy,tragical life of cheeseboy,the-tragical-life-of-cheeseboy,,,0,2011-04-29,,Duke on 42nd Street,,1,0,0,2026-05-21 01:56:29,2026-05-21 02:29:57
1143,The School for Lies,school for lies,the-school-for-lies,,,0,2011-05-01,,Classic Stage Comp.,,1,0,0,2026-05-21 01:56:38,2026-05-21 02:30:26
683,The Shaughraun,shaughraun,the-shaughraun,,,0,2011-05-01,,Irish Repertory Theatre,,1,0,0,2026-05-21 01:56:29,2026-05-21 02:29:46
687,King Lear (BAM),king lear bam,king-lear-bam,,,0,2011-05-04,,BAM Harvey Theater,,1,0,0,2026-05-21 01:56:29,2026-05-21 02:29:47
1155,Little Black Dress,little black dress,little-black-dress,,,0,2011-05-05,,Theatre at St. Clement's,,1,0,0,2026-05-21 01:56:38,2026-05-21 02:30:32
1175,The Human Comedy,human comedy,the-human-comedy,,,0,2011-05-05,,Astoria Performing Arts Center,,1,0,0,2026-05-21 01:56:38,2026-05-21 02:30:41
1150,The Intelligent Homosexual’s Guide to Capitalism and Socialism With a Key to the Scriptures,intelligent homosexuals guide to capitalism and socialism with a key to the scriptures,intelligent-homosexuals-guide,,,0,2011-05-05,,Public Theater,,1,0,0,2026-05-21 01:56:38,2026-05-21 02:30:29
1160,Radio Play,radio play,radio-play,,,0,2011-05-06,,P.S. 122,,1,0,0,2026-05-21 01:56:38,2026-05-21 02:30:33
661,Sleeping Beauty Wakes,sleeping beauty wakes,sleeping-beauty-wakes,,,0,2011-05-06,,McCarter Theater Center,,1,0,0,2026-05-21 01:56:29,2026-05-21 02:29:37
1166,Follies at Kennedy Center,follies at kennedy center,follies-at-kennedy-center,,,0,2011-05-07,,The Kennedy Center,,1,0,0,2026-05-21 01:56:38,2026-05-21 02:30:36
1151,A Minister's Wife,ministers wife,a-ministers-wife,,,0,2011-05-08,,Mitzi E. Newhouse,,1,0,0,2026-05-21 01:56:38,2026-05-21 02:30:29
686,"By the Way, Meet Vera Stark",by the way meet vera stark,by-the-way-meet-vera-stark,,,0,2011-05-09,,Second Stage Theatre,,1,0,0,2026-05-21 01:56:29,2026-05-21 02:29:47
1154,The Tempest at HERE Arts,tempest at here arts,the-tempest-at-here-arts,,,0,2011-05-09,,HERE Arts Center,,1,0,0,2026-05-21 01:56:38,2026-05-21 02:30:31
675,Tearing Down the Walls,tearing down the walls,tearing-down-the-walls,,,0,2011-05-12,,Riverside Theater,,1,0,0,2026-05-21 01:56:29,2026-05-21 02:29:43
1243,Jesus Christ Superstar at Avon,jesus christ superstar at avon,jesus-christ-superstar-at-avon,,,0,2011-05-16,,Avon Theatre,,1,0,0,2026-05-21 01:56:41,2026-05-21 02:27:58
670,Lucky Guy the Musical,lucky guy the musical,lucky-guy-musical,,,0,2011-05-19,,Little Shubert Theatre,,1,0,0,2026-05-21 01:56:29,2026-05-21 02:29:40
1176,World Trade Center View,world trade center view,wtc-view,,,0,2011-05-19,,59E59 Theaters,,1,0,0,2026-05-21 01:56:38,2026-05-21 02:30:40
654,As It Is in Heaven,as it is in heaven,as-it-is-in-heaven,,,0,2011-05-20,,Cherry Lane Theatre,,1,0,0,2026-05-21 01:56:29,2026-05-21 02:29:36
1177,I Married Wyatt Earp,i married wyatt earp,i-married-wyatt-earp,,,0,2011-05-20,,59E59 Theaters,,1,0,0,2026-05-21 01:56:38,2026-05-21 02:30:42
1221,"Mama, I Want to Sing: The Next Generation",mama i want to sing the next generation,mama-i-want-to-sing-the-next-generation,,,0,2011-05-21,,Oberia D. Dempsey Multi-Service Center,,1,0,0,2026-05-21 01:56:38,2026-05-21 02:30:57
736,Cradle and All,cradle and all,cradle-and-all,,,0,2011-05-25,,New York City Center,,1,0,0,2026-05-21 01:56:32,2026-05-21 02:30:09
657,The Best is Yet to Come,best is yet to come,the-best-is-yet-to-come,,,0,2011-05-25,,59E59 Theaters,,1,0,0,2026-05-21 01:56:29,2026-05-21 02:29:36
653,Shakespeare's Slave,shakespeares slave,shakespeares-slave,,,0,2011-05-29,,Clurman Theatre,,1,0,0,2026-05-21 01:56:29,2026-05-21 02:29:35
638,Wax Wings,wax wings,wax-wings,,,0,2011-06-01,,The Wild Project,,1,0,0,2026-05-21 01:56:29,2026-05-21 02:29:29
1203,Ajax in Iraq,ajax in iraq,ajax-in-iraq,,,0,2011-06-03,,Clemente Soto Velez Cultural Center,,1,0,0,2026-05-21 01:56:38,2026-05-21 02:30:51
596,Under the Cross,under the cross,under-the-cross,,,0,2011-06-03,,Abingdon Theatre Arts Complex,,1,0,0,2026-05-21 01:56:29,2026-05-21 02:29:14
602,Lysistrata Jones (Off-Broadway),lysistrata jones offbroadway,lysistrata-jones-off-broadway,,,0,2011-06-05,,The Gym at Judson,,1,0,0,2026-05-21 01:56:29,2026-05-21 02:29:18
645,The Illusion,illusion,the-illusion,,,0,2011-06-05,,Peter Norton Space,,1,0,0,2026-05-21 01:56:29,2026-05-21 02:29:31
635,A Little Journey,little journey,a-little-journey,,,0,2011-06-06,,Mint Theatre,,1,0,0,2026-05-21 01:56:29,2026-05-21 02:29:28
472,Measure for Measure (Shakespeare in the Park),measure for measure shakespeare in the park,measure-for-measure-park,,,0,2011-06-06,,Delacorte Theatre,,1,0,0,2026-05-21 01:56:29,2026-05-21 02:28:29
639,Through a Glass Darkly,through a glass darkly,through-a-glass-darkly,,,0,2011-06-06,,NY Theatre Workshop,,1,0,0,2026-05-21 01:56:29,2026-05-21 02:14:48
1194,Drawn and Quartered,drawn and quartered,drawn-and-quartered,,,0,2011-06-07,,Intar Theatre,,1,0,0,2026-05-21 01:56:38,2026-05-21 02:30:47
576,Sex Lives of Our Parents,sex lives of our parents,sex-lives-of-our-parents,,,0,2011-06-07,,McGinn,,1,0,0,2026-05-21 01:56:29,2026-05-21 02:29:07
659,The Shaggs: Philosophy of the World,shaggs philosophy of the world,the-shaggs-philosophy-of-the-world,,,0,2011-06-07,,Playwrights Horizons,,1,0,0,2026-05-21 01:56:29,2026-05-21 02:29:37
636,Theatre for One,theatre for one,theatre-for-one,,,0,2011-06-08,,Theatre for One,,1,0,0,2026-05-21 01:56:29,2026-05-21 02:29:29
1181,One Arm,one arm,one-arm,,,0,2011-06-09,,Acorn Theatre,,1,0,0,2026-05-21 01:56:38,2026-05-21 02:30:43
1217,Zarkana,zarkana,zarkana,,,0,2011-06-09,,Radio City Music Hall,,1,0,0,2026-05-21 01:56:38,2026-05-21 02:30:57
555,All's Well That Ends Well,alls well that ends well,alls-well-that-ends-well,,,0,2011-06-11,,Delacorte Theatre,,1,0,0,2026-05-21 01:56:29,2026-05-21 02:28:58
633,Our Lot,our lot,our-lot,,,0,2011-06-12,,HERE Arts Center,,1,0,0,2026-05-21 01:56:29,2026-05-21 02:29:27
734,Spider-Man: Turn Off the Dark,spiderman turn off the dark,spider-man-turn-off-the-dark-reviews,,,0,2011-06-14,,Foxwoods Theatre,,1,0,1,2026-05-21 01:56:32,2026-05-21 02:30:10
571,The Play About My Dad,play about my dad,the-play-about-my-dad,,,0,2011-06-16,,59E59 Theaters,,1,0,0,2026-05-21 01:56:29,2026-05-21 02:29:03
610,Side Effects,side effects,side-effects,,,0,2011-06-19,,Lucille Lortel Theatre,,1,0,0,2026-05-21 01:56:29,2026-05-21 02:29:19
600,4000 Miles (2011),4000 miles 2011,4000-miles-2011,,,0,2011-06-20,,Duke on 42nd Street,,1,0,0,2026-05-21 01:56:29,2026-05-21 02:29:16
1224,Berenstain Bears LIVE!,berenstain bears live,the-berenstain-bears-live-in-family-matters-the-musical-reviews,,,0,2011-06-25,,Manhattan Movement & Arts Center,,1,0,0,2026-05-21 01:56:38,2026-05-21 02:17:52
532,The Rap Guide to Evolution,rap guide to evolution,the-rap-guide-to-evolution,,,0,2011-06-26,,Soho Playhouse,,1,0,0,2026-05-21 01:56:29,2026-05-21 02:28:47
491,Manipulation,manipulation,manipulation,,,0,2011-06-28,,Cherry Lane Theatre,,1,0,0,2026-05-21 01:56:29,2026-05-21 02:28:29
1222,The Greenwich Village Follies,greenwich village follies,the-greenwich-village-follies,,,0,2011-06-28,,Manhattan TheatreSource,,1,0,0,2026-05-21 01:56:38,2026-05-21 02:30:59
465,The Magdalene,magdalene,the-magdalene,,,0,2011-06-28,,Theatre at St. Clement's,,1,0,0,2026-05-21 01:56:29,2026-05-21 02:28:26
471,Three Hotels,three hotels,three-hotels,,,0,2011-06-29,,Williamstown Theatre Festival,,1,0,0,2026-05-21 01:56:29,2026-05-21 02:28:29
490,MoLoRa,molora,molora,,,0,2011-06-30,,Joan Weill Center for Dance,,1,0,0,2026-05-21 01:56:29,2026-05-21 02:28:29
1228,Julius by Design,julius by design,julius-by-design,,,0,2011-07-05,,Access Theater,,1,0,0,2026-05-21 01:56:38,2026-05-21 02:27:51
2105,The Accidental Pervert,accidental pervert,the-accidental-pervert-review,,,0,2011-07-05,,The 13th Street Repertory Theatre,,1,0,0,2026-05-21 01:56:50,2026-05-21 02:15:38
463,Victory - Choices in Reaction,victory choices in reaction,victory,,,0,2011-07-05,,Atlantic Stage Two,,1,0,0,2026-05-21 01:56:29,2026-05-21 02:27:36
489,The Judy Show: My Life as a Sitcom,judy show my life as a sitcom,the-judy-show-my-life-as-a-sitcom,,,0,2011-07-06,,DR2 Theatre,,1,0,0,2026-05-21 01:56:29,2026-05-21 02:28:29
467,As You Like It (2011),as you like it 2011,as-you-like-it-2011,,,0,2011-07-07,,Park Avenue Armory,,1,0,0,2026-05-21 01:56:29,2026-05-21 02:28:27
1223,Master Class,master class,master-class,,,0,2011-07-07,,Samuel J. Friedman,,1,0,1,2026-05-21 01:56:38,2026-05-21 02:30:58
1230,Tryst,tryst,tryst,,,0,2011-07-07,,Irish Repertory Theatre,,1,0,0,2026-05-21 01:56:38,2026-05-21 02:27:52
466,Romeo and Juliet,romeo and juliet,romeo-and-juliet,,,0,2011-07-11,,Park Avenue Armory,,1,0,1,2026-05-21 01:56:29,2026-05-21 02:28:26
488,Voca People,voca people,voca-people,,,0,2011-07-12,,Westside Theatre,,1,0,0,2026-05-21 01:56:29,2026-05-21 02:27:43
1226,Hair: Summer of Love 2011,hair summer of love 2011,hair-tour,,,0,2011-07-13,,St James Theatre,,1,0,0,2026-05-21 01:56:38,2026-05-21 02:30:58
1229,Salome,salome,salome-2011,,,0,2011-07-13,,The Flea Theater,,1,0,0,2026-05-21 01:56:38,2026-05-21 02:27:50
1235,The Patsy,patsy,the-patsy,,,0,2011-07-15,,Duke on 42nd Street,,1,0,0,2026-05-21 01:56:41,2026-05-21 02:27:53
1227,King Lear 2011,king lear 2011,king-lear-2011,,,0,2011-07-16,,Park Avenue Armory,,1,0,0,2026-05-21 01:56:38,2026-05-21 02:27:50
1231,A Strange and Separate People,strange and separate people,a-strange-and-separate-people,,,0,2011-07-19,,Studio Theatre at Theatre Row,,1,0,0,2026-05-21 01:56:38,2026-05-21 02:27:51
485,The Yellow Brick Road,yellow brick road,the-yellow-brick-road,,,0,2011-07-19,,Lucille Lortel Theatre,,1,0,0,2026-05-21 01:56:29,2026-05-21 02:27:43
1233,The Parting Glass,parting glass,the-parting-glass,,,0,2011-07-20,,Barrow Street Theatre,,1,0,0,2026-05-21 01:56:38,2026-05-21 02:27:52
1232,Death Takes a Holiday,death takes a holiday,death-takes-a-holiday,,,0,2011-07-21,,Laura Pels Theatre,,1,0,0,2026-05-21 01:56:38,2026-05-21 02:27:52
462,The Winter's Tale,winters tale,the-winters-tale,,,0,2011-07-22,,Park Avenue Armory,,1,0,0,2026-05-21 01:56:29,2026-05-21 02:27:34
486,The Shoemaker,shoemaker,the-shoemaker,,,0,2011-07-24,,Acorn Theatre,,1,0,0,2026-05-21 01:56:29,2026-05-21 02:27:43
461,All New People,all new people,all-new-people,,,0,2011-07-25,,Second Stage Theatre,,1,0,0,2026-05-21 01:56:29,2026-05-21 02:27:35
460,The Silver Tassie,silver tassie,the-silver-tassie,,,0,2011-07-25,,Gerald W. Lynch,,1,0,0,2026-05-21 01:56:29,2026-05-21 02:27:35
459,It Ain't Nothin' But the Blues,it aint nothin but the blues,it-aint-nothin-but-the-blues,,,0,2011-07-28,,Aaron Davis Hall,,1,0,0,2026-05-21 01:56:29,2026-05-21 02:27:35
368,Million Dollar Quartet,million dollar quartet,million-dollar-quartet,,,0,2011-07-28,,New World Stages,,1,0,1,2026-05-21 01:56:29,2026-05-21 02:26:12
1236,Julius Caesar (Park Avenue Armory),julius caesar park avenue armory,julius-caesar-park-avenue-armory,,,0,2011-07-29,,Park Avenue Armory,,1,0,0,2026-05-21 01:56:41,2026-05-21 02:27:53
482,The Talls,talls,the-talls,,,0,2011-08-01,,McGinn,,1,0,0,2026-05-21 01:56:29,2026-05-21 02:27:40
458,The Pretty Trap,pretty trap,the-pretty-trap,,,0,2011-08-02,,Acorn Theatre,,1,0,0,2026-05-21 01:56:29,2026-05-21 02:27:34
457,Uncle Vanya (2011),uncle vanya 2011,uncle-vanya-2011,,,0,2011-08-04,,The Kennedy Center,,1,0,0,2026-05-21 01:56:29,2026-05-21 02:27:33
1240,Henry V,henry v,henry-v,,,0,2011-08-05,,The Malcolm X & Dr. Betty Shabazz Memorial and Educational Center,,1,0,0,2026-05-21 01:56:41,2026-05-21 02:27:55
1237,Traces,traces,traces,,,0,2011-08-08,,Union Square Theatre,,1,0,0,2026-05-21 01:56:41,2026-05-21 02:27:55
454,Olive and the Bitter Herbs,olive and the bitter herbs,olive-and-the-bitter-herbs,,,0,2011-08-09,,59E59 Theaters,,1,0,0,2026-05-21 01:56:29,2026-05-21 02:27:31
1238,HotelMotel,hotelmotel,hotelmotel,,,0,2011-08-10,,Gershwin Hotel,,1,0,0,2026-05-21 01:56:41,2026-05-21 02:27:55
456,Rent,rent,rent,,,0,2011-08-11,,New World Stages,,1,0,0,2026-05-21 01:56:29,2026-05-21 02:27:32
455,Ten Cents a Dance,ten cents a dance,ten-cents-a-dance,,,0,2011-08-11,,Williamstown Theatre Festival,,1,0,0,2026-05-21 01:56:29,2026-05-21 02:27:32
452,The Wood,wood,the-wood,,,0,2011-08-15,,Rattlestick Theatre,,1,0,0,2026-05-21 01:56:29,2026-05-21 02:27:31
1242,The Gershwins' Porgy and Bess (Massachusetts),gershwins porgy and bess massachusetts,porgy-and-bess-massachusetts,,,0,2011-08-17,,Loeb Drama Center,,1,0,0,2026-05-21 01:56:41,2026-05-21 02:27:57
1241,Bluebird,bluebird,bluebird,,,0,2011-08-22,,Atlantic Stage Two,,1,0,0,2026-05-21 01:56:41,2026-05-21 02:27:55
1245,Temporal Powers,temporal powers,temporal-powers,,,0,2011-08-29,,Mint Theatre,,1,0,0,2026-05-21 01:56:41,2026-05-21 02:27:57
1247,The Lapsburgh Layover,lapsburgh layover,the-lapsburgh-layover,,,0,2011-08-31,,Ars Nova,,1,0,0,2026-05-21 01:56:41,2026-05-21 02:27:58
1248,Sweet and Sad,sweet and sad,sweet-and-sad,,,0,2011-09-06,,The Public Theater,,1,0,0,2026-05-21 01:56:41,2026-05-21 02:28:00
453,The Select (The Sun Also Rises),select the sun also rises,the-select-the-sun-also-rises,,,0,2011-09-11,,NY Theatre Workshop,,1,0,0,2026-05-21 01:56:29,2026-05-21 02:27:32
470,Follies,follies,follies,,,0,2011-09-12,,Marquis Theatre,,1,0,1,2026-05-21 01:56:29,2026-05-21 02:27:39
481,Completeness,completeness,completeness,,,0,2011-09-13,,Playwrights Horizons,,1,0,0,2026-05-21 01:56:29,2026-05-21 02:27:41
479,Invasion!,invasion,invasion,,,0,2011-09-13,,The Flea Theater,,1,0,0,2026-05-21 01:56:29,2026-05-21 02:27:40
1246,Arias With a Twist 2011,arias with a twist 2011,arias-with-a-twist-2011,,,0,2011-09-14,,Abrons Arts Center Henry Street Settlement,,1,0,0,2026-05-21 01:56:41,2026-05-21 02:27:58
1251,Dublin by Lamplight,dublin by lamplight,dublin-by-lamplight,,,0,2011-09-14,,37 Arts Theatre,,1,0,0,2026-05-21 01:56:41,2026-05-21 02:28:01
450,Lucia's Chapters of Coming Forth by Day,lucias chapters of coming forth by day,lucias-chapters-of-coming-forth-by-day,,,0,2011-09-14,,Mabou Mines,,1,0,0,2026-05-21 01:56:29,2026-05-21 02:27:29
480,Play it Cool,play it cool,play-it-cool,,,0,2011-09-14,,Acorn Theatre,,1,0,0,2026-05-21 01:56:29,2026-05-21 02:27:40
1249,Crane Story,crane story,crane-story,,,0,2011-09-15,,Cherry Lane Theatre,,1,0,0,2026-05-21 01:56:41,2026-05-21 02:27:59
449,Newsies at Paper Mill,newsies at paper mill,newsies-at-paper-mill,,,0,2011-09-15,,Paper Mill Playhouse,,1,0,0,2026-05-21 01:56:29,2026-05-21 02:27:30
447,Seed,seed,seed,,,0,2011-09-16,,National Black Theatre,,1,0,0,2026-05-21 01:56:29,2026-05-21 02:27:30
451,After.,after,after,,,0,2011-09-21,,The Wild Project,,1,0,0,2026-05-21 01:56:29,2026-05-21 02:27:30
478,The Love Letter You've Been meaning to Write New York,love letter youve been meaning to write new york,love-letter-new-york,,,0,2011-09-21,,3LD Art & Technology Center,,1,0,0,2026-05-21 01:56:29,2026-05-21 02:27:40
1250,From Rags to Riches,from rags to riches,from-rags-to-riches,,,0,2011-09-23,,Metropolitan Playhouse,,1,0,0,2026-05-21 01:56:41,2026-05-21 02:28:00
448,Lemon Sky,lemon sky,lemon-sky,,,0,2011-09-27,,Clurman Theatre,,1,0,0,2026-05-21 01:56:29,2026-05-21 02:27:28
1252,The Submission,submission,the-submission,,,0,2011-09-27,,Lucille Lortel Theatre,,1,0,0,2026-05-21 01:56:41,2026-05-21 02:28:01
445,Lidless,lidless,lidless,,,0,2011-09-28,,Walkerspace,,1,0,0,2026-05-21 01:56:29,2026-05-21 02:27:27
1255,The Little Prince,little prince,the-little-prince,,,0,2011-10-01,,New Victory Theater,,1,0,1,2026-05-21 01:56:41,2026-05-21 02:28:03
1253,Dreams of Flying Dreams of Falling,dreams of flying dreams of falling,dreams-of-flying-dreams-of-fall,,,0,2011-10-03,,Classic Stage Comp.,,1,0,0,2026-05-21 01:56:41,2026-05-21 02:28:01
446,Motherhood Out Loud,motherhood out loud,motherhood-out-loud,,,0,2011-10-04,,59E59 Theaters,,1,0,0,2026-05-21 01:56:29,2026-05-21 02:27:30
1254,The Threepenny Opera 2011,threepenny opera 2011,the-threepenny-opera,,,0,2011-10-04,,BAM Howard Gilman Opera House,,1,0,0,2026-05-21 01:56:41,2026-05-21 02:28:01
1256,Man and Boy,man and boy,man-and-boy,,,0,2011-10-09,,American Airlines,,1,0,1,2026-05-21 01:56:41,2026-05-21 02:28:04
1257,The Agony and the Ecstasy of Steve Jobs,agony and the ecstasy of steve jobs,the-agony-and-the-ecstasy-of-steve-jobs,,,0,2011-10-11,,Public Theater,,1,0,0,2026-05-21 01:56:41,2026-05-21 02:28:04
444,The Lyons Off-Broadway,lyons offbroadway,the-lyons-off-broadway,,,0,2011-10-11,,Vineyard Theatre,,1,0,0,2026-05-21 01:56:29,2026-05-21 02:27:27
476,We Live Here,we live here,we-live-here,,,0,2011-10-12,,New York City Center,,1,0,0,2026-05-21 01:56:29,2026-05-21 02:27:38
660,The Mountaintop,mountaintop,the-mountaintop,,,0,2011-10-13,,Bernard B. Jacobs,,1,0,1,2026-05-21 01:56:29,2026-05-21 02:27:48
541,Relatively Speaking,relatively speaking,relatively-speaking,,,0,2011-10-20,,Brooks Atkinson,,1,0,1,2026-05-21 01:56:29,2026-05-21 02:27:46
1258,Sons of the Prophet,sons of the prophet,sons-of-the-prophet,,,0,2011-10-20,,Laura Pels Theatre at the Harold and Miriam Steinberg Center for Theatre,,1,0,0,2026-05-21 01:56:41,2026-05-21 02:28:03
1259,Cries and Whispers,cries and whispers,cries-and-whispers,,,0,2011-10-26,,BAM Harvey Theater,,1,0,0,2026-05-21 01:56:41,2026-05-21 02:28:04
1261,Asuncion,asuncion,asuncion,,,0,2011-10-27,,Cherry Lane Theatre,,1,0,0,2026-05-21 01:56:41,2026-05-21 02:28:05
1260,Chinglish,chinglish,chinglish,,,0,2011-10-27,,Longacre Theatre,,1,0,1,2026-05-21 01:56:41,2026-05-21 02:28:04
475,Dancing at Lughnasa,dancing at lughnasa,dancing-at-lughnasa,,,0,2011-10-30,,Irish Repertory Theatre,,1,0,0,2026-05-21 01:56:29,2026-05-21 02:27:37
1262,The Atmosphere of Memory,atmosphere of memory,the-atmosphere-of-memory,,,0,2011-10-30,,Bank Street Theatre,,1,0,0,2026-05-21 01:56:41,2026-05-21 02:28:06
1114,Bring It On Tour,bring it on tour,bring-it-on-tour,,,0,2011-10-31,,To Be Announced,,1,0,0,2026-05-21 01:56:38,2026-05-21 02:27:50
443,Love's Labor's Lost,loves labors lost,loves-labors-lost,,,0,2011-10-31,,Public Theater,,1,0,0,2026-05-21 01:56:29,2026-05-21 02:27:26
442,Milk Like Sugar,milk like sugar,milk-like-sugar,,,0,2011-11-01,,Peter Jay Sharp,,1,0,0,2026-05-21 01:56:29,2026-05-21 02:27:28
1263,"Suicide, Incorporated",suicide incorporated,suicide-incorporated,,,0,2011-11-02,,Black Box Theatre at The Harold and Miriam Steinberg Center for Theatre,,1,0,0,2026-05-21 01:56:41,2026-05-21 02:28:07
487,Other Desert Cities,other desert cities,other-desert-cities,,,0,2011-11-03,,Booth Theatre,,1,0,1,2026-05-21 01:56:29,2026-05-21 02:27:43
1264,Queen of the Mist,queen of the mist,queen-of-the-mist,,,0,2011-11-06,,The Gym at Judson,,1,0,0,2026-05-21 01:56:41,2026-05-21 02:28:06
608,Godspell,godspell,godspell,,,0,2011-11-07,,Circle in the Square,,1,0,1,2026-05-21 01:56:29,2026-05-21 02:27:48
277,Freckleface The Musical,freckleface the musical,freckleface-the-musical,,,0,2011-11-08,,Manhattan Movement & Arts Center,,1,0,0,2026-05-21 01:56:29,2026-05-21 02:31:28
441,The Blue Flower,blue flower,the-blue-flower,,,0,2011-11-09,,Second Stage Theatre,,1,0,0,2026-05-21 01:56:29,2026-05-21 02:27:26
474,Hugh Jackman Back on Broadway,hugh jackman back on broadway,hugh-jackman-back-on-broadway,,,0,2011-11-10,,Broadhurst Theatre,,1,0,0,2026-05-21 01:56:29,2026-05-21 02:27:37
1265,Standing on Ceremony: The Gay Marriage Plays,standing on ceremony the gay marriage plays,standing-on-ceremony-the-gay-marriage-plays,,,0,2011-11-13,,Minetta Lane Theatre,,1,0,0,2026-05-21 01:56:41,2026-05-21 02:28:05
1269,Happy Hour,happy hour,happy-hour,,,0,2011-11-16,,Peter Norton Space,,1,0,0,2026-05-21 01:56:41,2026-05-21 02:28:09
1266,Private Lives,private lives,private-lives,,,0,2011-11-17,,Music Box Theatre,,1,0,1,2026-05-21 01:56:41,2026-05-21 02:28:07
483,Seminar,seminar,seminar,,,0,2011-11-20,,John Golden Theatre,,1,0,1,2026-05-21 01:56:29,2026-05-21 02:27:43
422,Wild Animals You Should Know,wild animals you should know,wild-animals-you-should-know,,,0,2011-11-20,,Lucille Lortel Theatre,,1,0,0,2026-05-21 01:56:29,2026-05-21 02:27:20
1267,An Evening with Patti LuPone and Mandy Patinkin,evening with patti lupone and mandy patinkin,an-evening-with-patti-lupone-and-mandy-patinkin,,,0,2011-11-21,,Ethel Barrymore,,1,0,1,2026-05-21 01:56:41,2026-05-21 02:28:08
421,Blood and Gifts,blood and gifts,blood-and-gifts,,,0,2011-11-21,,Mitzi E. Newhouse,,1,0,0,2026-05-21 01:56:29,2026-05-21 02:27:19
419,Titus Andronicus at Public Lab,titus andronicus at public lab,titus-andronicus-at-public-lab,,,0,2011-11-29,,37 Arts Theatre,,1,0,0,2026-05-21 01:56:29,2026-05-21 02:27:20
1268,Misterman,misterman,misterman,,,0,2011-11-30,,37 Arts Theatre,,1,0,0,2026-05-21 01:56:41,2026-05-21 02:28:07
1271,Neighbourhood Watch,neighbourhood watch,neighbourhood-watch,,,0,2011-11-30,,37 Arts Theatre,,1,0,0,2026-05-21 01:56:41,2026-05-21 02:14:50
556,Bonnie & Clyde,bonnie clyde,bonnie-and-clyde,,,0,2011-12-01,,Gerald Schoenfeld,,1,0,0,2026-05-21 01:56:29,2026-05-21 02:27:47
439,The Cherry Orchard at CSC,cherry orchard at csc,the-cherry-orchard-at-csc,,,0,2011-12-04,,37 Arts Theatre,,1,0,0,2026-05-21 01:56:29,2026-05-21 02:27:26
1270,Once at NYTW,once at nytw,once-at-nytw,,,0,2011-12-06,,NY Theatre Workshop,,1,0,0,2026-05-21 01:56:41,2026-05-21 02:28:10
420,Maple and Vine,maple and vine,maple-and-vine,,,0,2011-12-07,,Playwrights Horizons,,1,0,0,2026-05-21 01:56:29,2026-05-21 02:27:19
567,Stick Fly,stick fly,stick-fly,,,0,2011-12-08,,Cort Theatre,,1,0,1,2026-05-21 01:56:29,2026-05-21 02:27:47
510,On A Clear Day You Can See Forever,on a clear day you can see forever,on-a-clear-day-you-can-see-forever,,,0,2011-12-11,,St James Theatre,,1,0,1,2026-05-21 01:56:29,2026-05-21 02:27:44
1272,Lysistrata Jones,lysistrata jones,lysistrata-jones,,,0,2011-12-14,,Walter Kerr Theater,,1,0,1,2026-05-21 01:56:41,2026-05-21 02:28:09
415,Kissing Sid James,kissing sid james,kissing-sid-james,,,0,2011-12-18,,59E59 Theaters,,1,0,0,2026-05-21 01:56:29,2026-05-21 02:27:18
418,Close Up Space,close up space,close-up-space,,,0,2011-12-19,,MTC - Stage I,,1,0,0,2026-05-21 01:56:29,2026-05-21 02:27:18
411,The History of the World,history of the world,the-history-of-the-world,,,0,2011-12-31,,The Living Theatre,,1,0,0,2026-05-21 01:56:29,2026-05-21 02:27:17
1273,Alexis. A Greek Tragedy,alexis a greek tragedy,alexis-a-greek-tragedy,,,0,2012-01-04,,La MaMa E.T.C.,,1,0,0,2026-05-21 01:56:41,2026-05-21 02:28:09
414,Goodbar,goodbar,goodbar,,,0,2012-01-04,,Public Theater,,1,0,0,2026-05-21 01:56:29,2026-05-21 02:27:17
410,Bridesburg,bridesburg,bridesburg,,,0,2012-01-09,,Gene Frankel Theatre,,1,0,0,2026-05-21 01:56:29,2026-05-21 02:27:17
435,Richard III (2012),richard iii 2012,richard-iii2012,,,0,2012-01-10,,BAM Harvey Theater,,1,0,0,2026-05-21 01:56:29,2026-05-21 02:27:25
468,The Gershwins' Porgy and Bess,gershwins porgy and bess,the-gershwins-porgy-and-bess,,,0,2012-01-12,,Richard Rodgers,,1,0,1,2026-05-21 01:56:29,2026-05-21 02:27:36
1279,The Convert,convert,the-convert,,,0,2012-01-13,,McCarter Theater Center,,1,0,0,2026-05-21 01:56:41,2026-05-21 02:28:13
413,The Fall to Earth,fall to earth,the-fall-to-earth,,,0,2012-01-13,,59E59 Theaters,,1,0,0,2026-05-21 01:56:29,2026-05-21 02:27:17
484,The Road to Mecca,road to mecca,the-road-to-mecca,,,0,2012-01-17,,American Airlines,,1,0,1,2026-05-21 01:56:29,2026-05-21 02:27:41
432,These Seven Sicknesses,these seven sicknesses,these-seven-sicknesses,,,0,2012-01-19,,The Flea Theater,,1,0,0,2026-05-21 01:56:29,2026-05-21 02:27:25
1277,Stopped Bridge of Dreams,stopped bridge of dreams,stopped-bridge-of-dreams,,,0,2012-01-20,,La MaMa E.T.C.,,1,0,0,2026-05-21 01:56:41,2026-05-21 02:28:12
430,Seth Rudetsky's Disaster,seth rudetskys disaster,seth-rudetskys-disaster,,,0,2012-01-22,,The Triad Theater,,1,0,0,2026-05-21 01:56:29,2026-05-21 02:27:22
409,The Philanderer,philanderer,the-philanderer,,,0,2012-01-22,,New York City Center - Stage II,,1,0,0,2026-05-21 01:56:29,2026-05-21 02:27:16
1278,Gonna See a Movie Called Gunga Din,gonna see a movie called gunga din,gonna-see-a-movie-called-gunga-din,,,0,2012-01-25,,The Bushwick Starr,,1,0,0,2026-05-21 01:56:41,2026-05-21 02:28:12
1284,Growing Up Gonzales,growing up gonzales,growing-up-gonzales,,,0,2012-01-26,,Jan Hus Playhouse,,1,0,0,2026-05-21 01:56:41,2026-05-21 02:28:14
464,Wit,wit,wit,,,0,2012-01-26,,Samuel J. Friedman,,1,0,1,2026-05-21 01:56:29,2026-05-21 02:27:37
433,Yosemite,yosemite,yosemite,,,0,2012-01-26,,Rattlestick Theatre,,1,0,0,2026-05-21 01:56:29,2026-05-21 02:27:24
1275,"Wuthering Heights, Restless Souls",wuthering heights restless souls,wuthering-heights-restless-souls,,,0,2012-01-27,,New Victory Theater,,1,0,0,2026-05-21 01:56:41,2026-05-21 02:28:10
1286,Botanica,botanica,botanica,,,0,2012-01-28,,3LD Art & Technology Center,,1,0,0,2026-05-21 01:56:41,2026-05-21 02:28:15
1276,Russian Transport,russian transport,russian-transport,,,0,2012-01-30,,Acorn Theatre,,1,0,0,2026-05-21 01:56:41,2026-05-21 02:28:13
431,Myths and Hymns,myths and hymns,myths-and-hymns,,,0,2012-01-31,,West End Theatre,,1,0,0,2026-05-21 01:56:29,2026-05-21 02:27:24
1282,Ionescopade,ionescopade,ionescopade,,,0,2012-02-02,,York Theatre Company,,1,0,0,2026-05-21 01:56:41,2026-05-21 02:28:15
407,Look Back in Anger,look back in anger,look-back-in-anger,,,0,2012-02-02,,Laura Pels Theatre at the Harold and Miriam Steinberg Center for Theatre,,1,0,0,2026-05-21 01:56:29,2026-05-21 02:27:15
397,Assistance,assistance,assistance,,,0,2012-02-03,,Playwrights Horizons,,1,0,0,2026-05-21 01:56:29,2026-05-21 02:27:10
402,The Broken Heart,broken heart,the-broken-heart,,,0,2012-02-04,,Duke on 42nd Street,,1,0,0,2026-05-21 01:56:29,2026-05-21 02:27:12
429,Tokio Confidential,tokio confidential,tokio-confidential,,,0,2012-02-05,,Atlantic Stage Two,,1,0,0,2026-05-21 01:56:29,2026-05-21 02:27:23
1281,Chekhovek,chekhovek,chekhovek,,,0,2012-02-07,,ArcLight Theatre,,1,0,0,2026-05-21 01:56:41,2026-05-21 02:28:13
1283,Psycho Therapy,psycho therapy,psycho-therapy,,,0,2012-02-07,,Cherry Lane Theatre,,1,0,0,2026-05-21 01:56:41,2026-05-21 02:28:14
1280,Rx,rx,rx,,,0,2012-02-07,,"Primary Stages
                 59E59 Theaters",,1,0,0,2026-05-21 01:56:41,2026-05-21 02:28:13
406,The Ugly One,ugly one,the-ugly-one,,,0,2012-02-07,,Soho Repertory,,1,0,0,2026-05-21 01:56:29,2026-05-21 02:27:14
511,Venus in Fur,venus in fur,venus-in-fur,,,0,2012-02-07,,Lyceum Theatre,,1,0,1,2026-05-21 01:56:29,2026-05-21 02:27:45
405,Merrily We Roll Along,merrily we roll along,merrily-we-roll-along,,,0,2012-02-08,,New York City Center,,1,0,1,2026-05-21 01:56:29,2026-05-21 02:27:14
1288,A Map of Virtue,map of virtue,a-map-of-virtue,,,0,2012-02-09,,Fourth Street Theatre,,1,0,0,2026-05-21 01:56:41,2026-05-21 02:28:17
403,Leave the Balcony Open,leave the balcony open,leave-the-balcony-open,,,0,2012-02-09,,3LD Art & Technology Center,,1,0,0,2026-05-21 01:56:29,2026-05-21 02:27:14
399,Poetic License,poetic license,poetic-license,,,0,2012-02-09,,59E59 Theaters,,1,0,0,2026-05-21 01:56:29,2026-05-21 02:27:11
404,Samuel & Alasdair: A Personal History of the Robot War,samuel alasdair a personal history of the robot war,samuel-alasdair-a-personal-history-of-the-robot-war,,,0,2012-02-09,,New Ohio Theatre,,1,0,0,2026-05-21 01:56:29,2026-05-21 02:27:14
400,I Killed My Mother,i killed my mother,i-killed-my-mother,,,0,2012-02-10,,La MaMa E.T.C.,,1,0,0,2026-05-21 01:56:29,2026-05-21 02:27:11
1290,The Navigator,navigator,the-navigator,,,0,2012-02-11,,Workshop Theater,,1,0,0,2026-05-21 01:56:41,2026-05-21 02:28:18
1285,How I Learned To Drive,how i learned to drive,how-i-learned-to-drive,,,0,2012-02-13,,Second Stage Theatre,,1,0,1,2026-05-21 01:56:41,2026-05-21 02:28:16
428,The Inexplicable Redemption of Agent G,inexplicable redemption of agent g,the-inexplicable-redemption-of-agent-g,,,0,2012-02-14,,Beckett Theatre,,1,0,0,2026-05-21 01:56:29,2026-05-21 02:27:23
394,The Lady from Dubuque,lady from dubuque,the-lady-from-dubuque,,,0,2012-02-14,,Signature Theatre,,1,0,0,2026-05-21 01:56:29,2026-05-21 02:27:08
424,An Iliad,iliad,an-iliad,,,0,2012-02-15,,NY Theatre Workshop,,1,0,0,2026-05-21 01:56:29,2026-05-21 02:27:20
398,Beyond the Horizon,beyond the horizon,beyond-the-horizon,,,0,2012-02-15,,Irish Repertory Theatre,,1,0,0,2026-05-21 01:56:29,2026-05-21 02:27:11
1287,CQ/CX,cqcx,cqcx,,,0,2012-02-15,,Peter Norton Space,,1,0,0,2026-05-21 01:56:41,2026-05-21 02:28:17
408,Shatner's World: We Just Live In It,shatners world we just live in it,shatner,,,0,2012-02-16,,Music Box Theatre,,1,0,1,2026-05-21 01:56:29,2026-05-21 02:27:15
401,Bad Kid,bad kid,bad-kid,,,0,2012-02-17,,Axis Theatre,,1,0,0,2026-05-21 01:56:29,2026-05-21 02:27:12
427,Early Plays,early plays,early-plays,,,0,2012-02-22,,St. Ann's Warehouse,,1,0,0,2026-05-21 01:56:29,2026-05-21 02:27:22
396,Evelyn,evelyn,evelyn,,,0,2012-02-22,,Bushwick Starr,,1,0,0,2026-05-21 01:56:29,2026-05-21 02:27:09
1289,Galileo,galileo,galileo,,,0,2012-02-23,,Classic Stage Comp.,,1,0,0,2026-05-21 01:56:41,2026-05-21 02:28:17
1291,Rutherford & Son,rutherford son,rutherford-son,,,0,2012-02-27,,Mint Theatre,,1,0,0,2026-05-21 01:56:41,2026-05-21 02:14:48
426,As Wide As I Can See,as wide as i can see,as-wide-as-i-can-see,,,0,2012-02-29,,HERE Arts Center,,1,0,0,2026-05-21 01:56:29,2026-05-21 02:27:22
1294,I ♥ Alice ♥ I,i alice i,i-alice-i,,,0,2012-02-29,,Irish Arts Center,,1,0,0,2026-05-21 01:56:41,2026-05-21 02:28:19
1292,Rated P for Parenthood,rated p for parenthood,rated-p-for-parenthood,,,0,2012-02-29,,Westside Theatre,,1,0,0,2026-05-21 01:56:41,2026-05-21 02:28:18
1293,Carrie,carrie,carrie,,,0,2012-03-01,,Lucille Lortel Theatre,,1,0,0,2026-05-21 01:56:41,2026-05-21 02:28:19
1298,Eternal Equinox,eternal equinox,eternal-equinox,,,0,2012-03-01,,59E59 Theaters,,1,0,0,2026-05-21 01:56:41,2026-05-21 02:28:20
1296,Hot Lunch Apostles,hot lunch apostles,hot-lunch-apostles,,,0,2012-03-01,,La MaMa E.T.C.,,1,0,0,2026-05-21 01:56:41,2026-05-21 02:28:21
303,The Big Meal,big meal,the-big-meal,,,0,2012-03-01,,Playwrights Horizons,,1,0,0,2026-05-21 01:56:29,2026-05-21 02:27:05
393,The Adventures Of Tom Sawyer,adventures of tom sawyer,the-adventures-of-tom-sawyer,,,0,2012-03-02,,New Victory Theater,,1,0,0,2026-05-21 01:56:29,2026-05-21 02:27:08
1299,Deep are the Roots,deep are the roots,deep-are-the-roots,,,0,2012-03-03,,Metropolitan Playhouse,,1,0,0,2026-05-21 01:56:41,2026-05-21 02:28:22
1295,Make Mine Manhattan,make mine manhattan,make-mine-manhattan,,,0,2012-03-04,,Connelly Theater,,1,0,0,2026-05-21 01:56:41,2026-05-21 02:28:21
395,Tribes,tribes,tribes,,,0,2012-03-04,,Barrow Street Theatre,,1,0,0,2026-05-21 01:56:29,2026-05-21 02:27:11
440,Painting Churches,painting churches,painting-churches,,,0,2012-03-06,,Clurman Theatre,,1,0,0,2026-05-21 01:56:29,2026-05-21 02:27:26
392,Flight,flight,flight,,,0,2012-03-07,,DR2 Theatre,,1,0,0,2026-05-21 01:56:29,2026-05-21 02:27:08
1304,Give Me Your Hand,give me your hand,give-me-your-hand,,,0,2012-03-07,,Irish Repertory Theatre,,1,0,0,2026-05-21 01:56:41,2026-05-21 02:28:22
1297,The Kreutzer Sonata,kreutzer sonata,the-kreutzer-sonata,,,0,2012-03-08,,La MaMa E.T.C.,,1,0,0,2026-05-21 01:56:41,2026-05-21 02:28:21
1302,The Deepest Play Ever: The Catharsis of Pathos,deepest play ever the catharsis of pathos,the-deepest-play-ever-the-catharsis-of-pathos,,,0,2012-03-09,,New Ohio Theatre,,1,0,0,2026-05-21 01:56:41,2026-05-21 02:28:21
1301,All Hands,all hands,all-hands,,,0,2012-03-10,,Incubator Arts Project at St. Mark's Church,,1,0,0,2026-05-21 01:56:41,2026-05-21 02:23:56
389,No Place to Go,no place to go,no-place-to-go,,,0,2012-03-14,,Joe's Pub...at the,,1,0,0,2026-05-21 01:56:29,2026-05-21 02:27:07
438,Death of a Salesman,death of a salesman,death-of-a-salesman,,,0,2012-03-15,,Ethel Barrymore,,1,0,1,2026-05-21 01:56:29,2026-05-21 02:27:25
1300,Hindsight,hindsight,hindsight,,,0,2012-03-15,,Drilling Company Theater,,1,0,0,2026-05-21 01:56:41,2026-05-21 02:23:56
302,Swell,swell,swell,,,0,2012-03-15,,The Living Theatre,,1,0,0,2026-05-21 01:56:29,2026-05-21 02:27:05
391,Lucky Duck,lucky duck,lucky-duck,,,0,2012-03-16,,New Victory Theater,,1,0,0,2026-05-21 01:56:29,2026-05-21 02:27:09
388,That Beautiful Laugh,that beautiful laugh,that-beautiful-laugh,,,0,2012-03-16,,La MaMa E.T.C.,,1,0,0,2026-05-21 01:56:29,2026-05-21 02:27:06
386,The Taming of the Shrew,taming of the shrew,the-taming-of-the-shrew,,,0,2012-03-17,,Duke on 42nd Street,,1,0,0,2026-05-21 01:56:29,2026-05-21 02:18:11
338,A Moon for the Misbegotten,moon for the misbegotten,a-moon-for-the-misbegotten,,,0,2012-03-18,,New York City Center - Stage II,,1,0,0,2026-05-21 01:56:29,2026-05-21 02:25:57
313,Court-Martial at Fort Devens,courtmartial at fort devens,court-martial-at-fort-devens,,,0,2012-03-18,,New Federal Theatre,,1,0,0,2026-05-21 01:56:29,2026-05-21 02:25:48
390,Lifeline,lifeline,lifeline,,,0,2012-03-18,,Abingdon Theatre Arts Complex,,1,0,0,2026-05-21 01:56:29,2026-05-21 02:27:07
1303,Once,once,once-reviews,,,0,2012-03-18,,Bernard B. Jacobs,,1,0,1,2026-05-21 01:56:41,2026-05-21 02:22:37
779,Peter and the Starcatcher (New World Stages),peter and the starcatcher new world stages,peter-and-the-starcatcher-new-world-stages-reviews,,,0,2012-03-18,,New World Stages,,1,0,0,2026-05-21 01:56:32,2026-05-21 02:24:23
1332,'Tis Pity She's a Whore,tis pity shes a whore,tis-pity-shes-a-whore,,,0,2012-03-20,,37 Arts Theatre,,1,0,0,2026-05-21 01:56:44,2026-05-21 02:14:56
1337,My Occasion of Sin,my occasion of sin,my-occasion-of-sin,,,0,2012-03-21,,Urban Stages,,1,0,0,2026-05-21 01:56:44,2026-05-21 02:27:02
1334,Elephant Room,elephant room,elephant-room,,,0,2012-03-22,,St. Ann's Warehouse,,1,0,0,2026-05-21 01:56:44,2026-05-21 02:23:54
417,Jesus Christ Superstar,jesus christ superstar,jesus-christ-superstar,,,0,2012-03-22,,Neil Simon Theatre,,1,0,1,2026-05-21 01:56:29,2026-05-21 02:26:21
301,Just Sex,just sex,just-sex,,,0,2012-03-22,,Theatre for the New City,,1,0,0,2026-05-21 01:56:29,2026-05-21 02:25:41
370,Lost In Yonkers,lost in yonkers,lost-in-yonkers,,,0,2012-03-22,,Beckett Theatre,,1,0,0,2026-05-21 01:56:29,2026-05-21 02:26:12
366,The Soap Myth,soap myth,the-soap-myth,,,0,2012-03-23,,Black Box Theatre at The Harold and Miriam Steinberg Center for Theatre,,1,0,0,2026-05-21 01:56:29,2026-05-21 02:26:11
312,Out of Iceland,out of iceland,out-of-iceland,,,0,2012-03-24,,Walkerspace,,1,0,0,2026-05-21 01:56:29,2026-05-21 02:25:46
554,Out of Iceland,out of iceland,movin'-out,,,0,2012-03-24,,Walkerspace,,1,0,0,2026-05-21 01:56:29,2026-05-21 02:28:57
385,Cascabel,cascabel,cascabel,,,0,2012-03-27,,Lookingglass Theatre,,1,0,0,2026-05-21 01:56:29,2026-05-21 02:26:19
337,Regrets,regrets,regrets,,,0,2012-03-27,,New York City Center,,1,0,0,2026-05-21 01:56:29,2026-05-21 02:25:56
387,Now. Here. This.,now here this,now-here-this,,,0,2012-03-28,,Vineyard Theatre,,1,0,0,2026-05-21 01:56:29,2026-05-21 02:26:19
1459,Pipe Dream,pipe dream,pipe-dream,,,0,2012-03-28,,New York City Center,,1,0,0,2026-05-21 01:56:46,2026-05-21 02:23:55
1333,Newsies,newsies,newsies-reviews,,,0,2012-03-29,,Nederlander Theatre,,1,0,1,2026-05-21 01:56:44,2026-05-21 02:23:12
1335,Blast Radius,blast radius,blast-radius,,,0,2012-03-30,,The Secret Theatre,,1,0,0,2026-05-21 01:56:44,2026-05-21 02:23:57
437,The Best Man,best man,the-best-man,,,0,2012-04-01,,Gerald Schoenfeld,,1,0,1,2026-05-21 01:56:29,2026-05-21 02:26:22
367,4000 Miles,4000 miles,4000-miles,,,0,2012-04-02,,Mitzi E. Newhouse,,1,0,0,2026-05-21 01:56:29,2026-05-21 02:26:11
436,End of the Rainbow,end of the rainbow,end-of-the-rainbow,,,0,2012-04-02,,Belasco Theatre,,1,0,1,2026-05-21 01:56:29,2026-05-21 02:26:21
365,Being Shakespeare,being shakespeare,being-shakespeare,,,0,2012-04-04,,BAM Harvey Theater,,1,0,0,2026-05-21 01:56:29,2026-05-21 02:26:10
363,Federer Versus Murray,federer versus murray,federer-versus-murray,,,0,2012-04-04,,59E59 Theaters,,1,0,0,2026-05-21 01:56:29,2026-05-21 02:26:09
1336,Evita,evita,evita,,,0,2012-04-05,,Marquis Theatre,,1,0,1,2026-05-21 01:56:44,2026-05-21 02:27:00
334,From the Same Cloth,from the same cloth,from-the-same-cloth,,,0,2012-04-05,,To Be Announced,,1,0,0,2026-05-21 01:56:29,2026-05-21 02:25:57
361,Ninth and Joanie,ninth and joanie,ninth-and-joanie,,,0,2012-04-05,,Bank Street Theatre,,1,0,0,2026-05-21 01:56:29,2026-05-21 02:26:08
299,The March,march,the-march,,,0,2012-04-05,,Steppenwolf Theatre,,1,0,0,2026-05-21 01:56:29,2026-05-21 02:25:41
332,Broke House,broke house,broke-house,,,0,2012-04-06,,Abrons Arts Center Henry Street Settlement,,1,0,0,2026-05-21 01:56:29,2026-05-21 02:25:55
383,Your Boyfriend May Be Imaginary,your boyfriend may be imaginary,your-boyfriend-may-be-imaginary,,,0,2012-04-06,,UNDER St Marks,,1,0,0,2026-05-21 01:56:29,2026-05-21 02:26:17
331,Julius Caesar (Baruch),julius caesar baruch,julius-caesar,,,0,2012-04-09,,Baruch Performing Arts Center,,1,0,0,2026-05-21 01:56:29,2026-05-21 02:25:53
1338,Magic/Bird,magicbird,magic-bird,,,0,2012-04-11,,Longacre Theatre,,1,0,1,2026-05-21 01:56:44,2026-05-21 02:27:03
333,A Slow Air,slow air,a-slow-air,,,0,2012-04-12,,37 Arts Theatre,,1,0,0,2026-05-21 01:56:29,2026-05-21 02:25:56
307,Fat Camp,fat camp,fat-camp,,,0,2012-04-12,,American Theater of Actors,,1,0,0,2026-05-21 01:56:29,2026-05-21 02:25:45
300,MoM - A Rock Concert Musical,mom a rock concert musical,mom-a-rock-concert-musical,,,0,2012-04-12,,Barrow Street Theatre,,1,0,0,2026-05-21 01:56:29,2026-05-21 02:25:41
364,You Better Sit Down: Tales from My Parents' Divorce,you better sit down tales from my parents divorce,you-better-sit-down-tales-from-my-parents-divorce,,,0,2012-04-12,,The Flea Theater,,1,0,0,2026-05-21 01:56:29,2026-05-21 02:26:10
358,Blogologues: Younger Than Springtime,blogologues younger than springtime,blogologues-younger-than-springtime,,,0,2012-04-13,,The Players Theatre Steve & Marie Sgouros Theatre,,1,0,0,2026-05-21 01:56:29,2026-05-21 02:26:07
360,Pinocchio's Ashes,pinocchios ashes,pinocchios-ashes,,,0,2012-04-13,,Theatre for the New City,,1,0,0,2026-05-21 01:56:29,2026-05-21 02:26:07
382,Poor Baby Bree in I Am Going to Run Away,poor baby bree in i am going to run away,poor-baby-bree-in-i-am-going-to-run-away,,,0,2012-04-13,,La MaMa E.T.C.,,1,0,0,2026-05-21 01:56:29,2026-05-21 02:26:18
362,Prometheus Within,prometheus within,prometheus-within,,,0,2012-04-13,,La MaMa E.T.C.,,1,0,0,2026-05-21 01:56:29,2026-05-21 02:26:09
412,Peter and the Starcatcher,peter and the starcatcher,peter-and-the-starcatcher-broadway,,,0,2012-04-15,,Brooks Atkinson,,1,0,1,2026-05-21 01:56:29,2026-05-21 02:26:19
384,In Masks Outrageous and Austere,in masks outrageous and austere,in-masks-outrageous-and-austere,,,0,2012-04-16,,Culture Project,,1,0,0,2026-05-21 01:56:29,2026-05-21 02:26:18
1339,"One Man, Two Guvnors",one man two guvnors,one-man-two-guvnors,,,0,2012-04-18,,Music Box Theatre,,1,0,1,2026-05-21 01:56:44,2026-05-21 02:27:02
310,Three Sisters,three sisters,three-sisters,,,0,2012-04-18,,BAM Harvey Theater,,1,0,0,2026-05-21 01:56:29,2026-05-21 02:25:45
434,Clybourne Park,clybourne park,clybourne-park-broadway,,,0,2012-04-19,,Walter Kerr Theater,,1,0,1,2026-05-21 01:56:29,2026-05-21 02:26:22
359,Festen (the Celebration),festen the celebration,festen-the-celebration,,,0,2012-04-20,,St. Ann's Warehouse,,1,0,0,2026-05-21 01:56:29,2026-05-21 02:26:07
330,The Book of Everything,book of everything,the-book-of-everything,,,0,2012-04-20,,New Victory Theater,,1,0,0,2026-05-21 01:56:29,2026-05-21 02:25:53
309,The Ash Girl,ash girl,the-ash-girl,,,0,2012-04-21,,Connelly Theater,,1,0,0,2026-05-21 01:56:29,2026-05-21 02:25:44
327,The Iceman Cometh,iceman cometh,the-iceman-cometh-goodman-theatre,,,0,2012-04-21,,Goodman Theatre,,1,0,1,2026-05-21 01:56:29,2026-05-21 02:25:54
1340,A Streetcar Named Desire,streetcar named desire,a-streetcar-named-desire,,,0,2012-04-22,,Broadhurst Theatre,,1,0,1,2026-05-21 01:56:44,2026-05-21 02:27:02
329,The Merchant of Venice,merchant of venice,the-merchant-of-venice,,,0,2012-04-22,,Theatre Row Complex,,1,0,1,2026-05-21 01:56:29,2026-05-21 02:18:00
381,An Early History of Fire,early history of fire,an-early-history-of-fire,,,0,2012-04-23,,Acorn Theatre,,1,0,0,2026-05-21 01:56:29,2026-05-21 02:26:17
1341,Ghost the Musical,ghost the musical,ghost-the-musical,,,0,2012-04-23,,Lunt-Fontanne Theatre,,1,0,0,2026-05-21 01:56:44,2026-05-21 02:27:02
1342,The Lyons,lyons,the-lyons,,,0,2012-04-23,,Cort Theatre,,1,0,1,2026-05-21 01:56:44,2026-05-21 02:27:03
1343,Nice Work If You Can Get It,nice work if you can get it,nice-work-if-you-can-get-it,,,0,2012-04-24,,Imperial Theatre,,1,0,1,2026-05-21 01:56:44,2026-05-21 02:27:05
469,The Columnist,columnist,the-columnist,,,0,2012-04-25,,Samuel J. Friedman,,1,0,1,2026-05-21 01:56:29,2026-05-21 02:26:23
379,Color Between the Lines,color between the lines,color-between-the-lines,,,0,2012-04-26,,The Irondale Center,,1,0,0,2026-05-21 01:56:29,2026-05-21 02:26:18
1345,Don't Dress for Dinner,dont dress for dinner,dont-dress-for-dinner,,,0,2012-04-26,,American Airlines,,1,0,1,2026-05-21 01:56:44,2026-05-21 02:27:03
1344,Leap of Faith,leap of faith,leap-of-faith,,,0,2012-04-26,,St. James Theatre,,1,0,1,2026-05-21 01:56:44,2026-05-21 02:27:05
328,The Realistic Joneses - Yale,realistic joneses yale,the-realistic-joneses-yale,,,0,2012-04-26,,Yale Repertory Theatre,,1,0,0,2026-05-21 01:56:29,2026-05-21 02:25:54
326,You Are in an Open Field,you are in an open field,you-are-in-an-open-field,,,0,2012-04-26,,HERE Arts Center,,1,0,0,2026-05-21 01:56:29,2026-05-21 02:25:53
355,Eavesdropping on Dreams,eavesdropping on dreams,eavesdropping-on-dreams,,,0,2012-04-27,,Cherry Lane Theatre,,1,0,0,2026-05-21 01:56:29,2026-05-21 02:26:06
354,Protected,protected,protected,,,0,2012-04-28,,Workshop Theater,,1,0,0,2026-05-21 01:56:29,2026-05-21 02:26:04
357,A Midsummer Night's Dream,midsummer nights dream,a-midsummer-nights-dream,,,0,2012-04-29,,Classic Stage Comp.,,1,0,0,2026-05-21 01:56:29,2026-05-21 02:26:07
356,Uncle Vanya(HERE Arts Cener 2012),uncle vanyahere arts cener 2012,uncle-vanya,,,0,2012-04-30,,HERE Arts Center,,1,0,0,2026-05-21 01:56:29,2026-05-21 02:26:06
350,My Children! My Africa!,my children my africa,my-children-my-africa,,,0,2012-05-01,,Signature Theatre,,1,0,0,2026-05-21 01:56:29,2026-05-21 02:26:03
325,Heat Wave,heat wave,heat-wave,,,0,2012-05-03,,Queens Theatre,,1,0,0,2026-05-21 01:56:29,2026-05-21 02:25:53
1346,The Caretaker,caretaker,the-caretaker,,,0,2012-05-03,,BAM Harvey Theater,,1,0,0,2026-05-21 01:56:44,2026-05-21 02:27:05
380,The Runner Stumbles,runner stumbles,the-runner-stumbles,,,0,2012-05-03,,ArcLight Theatre,,1,0,0,2026-05-21 01:56:29,2026-05-21 02:26:17
324,"Are You There, McPhee?",are you there mcphee,are-you-there-mcphee,,,0,2012-05-04,,McCarter Theater Center,,1,0,0,2026-05-21 01:56:29,2026-05-21 02:25:51
352,Man and Superman,man and superman,man-and-superman,,,0,2012-05-06,,Irish Repertory Theatre,,1,0,0,2026-05-21 01:56:29,2026-05-21 02:26:03
308,"Lonely, I'm Not",lonely im not,lonely-im-not,,,0,2012-05-07,,Second Stage Theatre,,1,0,0,2026-05-21 01:56:29,2026-05-21 02:25:44
353,Gentlemen Prefer Blondes,gentlemen prefer blondes,gentlemen-prefer-blondes,,,0,2012-05-09,,New York City Center,,1,0,0,2026-05-21 01:56:29,2026-05-21 02:26:05
351,Cock,cock,cock,,,0,2012-05-17,,Duke on 42nd Street,,1,0,0,2026-05-21 01:56:29,2026-05-21 02:26:04
298,Old Jews Telling Jokes,old jews telling jokes,old-jews-telling-jokes,,,0,2012-05-20,,Westside Theatre,,1,0,0,2026-05-21 01:56:29,2026-05-21 02:25:41
377,Title and Deed,title and deed,title-and-deed,,,0,2012-05-20,,Signature Theatre,,1,0,0,2026-05-21 01:56:29,2026-05-21 02:26:16
306,February House,february house,february-house,,,0,2012-05-22,,Public Theater,,1,0,0,2026-05-21 01:56:29,2026-05-21 02:25:43
374,Chimichangas and Zoloft,chimichangas and zoloft,chimichangas-and-zoloft,,,0,2012-05-23,,Atlantic Stage Two,,1,0,0,2026-05-21 01:56:29,2026-05-21 02:26:14
323,The Common Pursuit,common pursuit,the-common-pursuit,,,0,2012-05-24,,Laura Pels Theatre,,1,0,0,2026-05-21 01:56:29,2026-05-21 02:25:50
316,Murder In the First,murder in the first,murder-in-the-first,,,0,2012-05-25,,59E59 Theaters,,1,0,0,2026-05-21 01:56:29,2026-05-21 02:25:48
321,Jukebox Jackie,jukebox jackie,jukebox-jackie,,,0,2012-05-30,,La MaMa E.T.C.,,1,0,0,2026-05-21 01:56:29,2026-05-21 02:25:50
346,I Am a Tree,i am a tree,i-am-a-tree,,,0,2012-05-31,,Theatre at St. Clement's,,1,0,0,2026-05-21 01:56:29,2026-05-21 02:26:02
322,Playing With Fire,playing with fire,playing-with-fire,,,0,2012-05-31,,New School for Drama,,1,0,0,2026-05-21 01:56:29,2026-05-21 02:25:50
345,Rangoon,rangoon,rangoon,,,0,2012-05-31,,Clurman Theatre,,1,0,0,2026-05-21 01:56:29,2026-05-21 02:26:01
761,The Matchmaker,matchmaker,the-matchmaker,,,0,2012-06-02,,Stratford Shakespeare Festival,,1,0,0,2026-05-21 01:56:32,2026-05-21 02:26:26
320,Potted Potter,potted potter,potted-potter,,,0,2012-06-03,,Little Shubert Theatre,,1,0,0,2026-05-21 01:56:29,2026-05-21 02:14:48
319,The Bad Guys,bad guys,the-bad-guys,,,0,2012-06-04,,McGinn,,1,0,0,2026-05-21 01:56:29,2026-05-21 02:25:49
294,As You Like It,as you like it,as-you-like-it,,,0,2012-06-05,,Delacorte Theatre,,1,0,0,2026-05-21 01:56:29,2026-05-21 02:25:40
1319,Closer Than Ever,closer than ever,closer-than-ever,,,0,2012-06-05,,York Theatre Company,,1,0,0,2026-05-21 01:56:41,2026-05-21 02:26:57
296,3C,3c,3c,,,0,2012-06-06,,Rattlestick Theatre,,1,0,0,2026-05-21 01:56:29,2026-05-21 02:25:40
344,Hands On a Hardbody at La Jolla,hands on a hardbody at la jolla,hands-on-a-hardbody-la-jolla,,,0,2012-06-06,,La Jolla Playhouse,,1,0,0,2026-05-21 01:56:29,2026-05-21 02:26:01
342,Food and Fadwa,food and fadwa,food-and-fadwa,,,0,2012-06-07,,NY Theatre Workshop,,1,0,0,2026-05-21 01:56:29,2026-05-21 02:25:59
318,Medieval Play,medieval play,medieval-play,,,0,2012-06-07,,Signature Theatre,,1,0,0,2026-05-21 01:56:29,2026-05-21 02:25:50
371,Tiny Dynamite,tiny dynamite,tiny-dynamite,,,0,2012-06-07,,59E59 Theaters,,1,0,0,2026-05-21 01:56:29,2026-05-21 02:26:13
982,Uncle Vanya (2012),uncle vanya 2012,uncle-vanya-2012,,,0,2012-06-07,,Soho Repertory,,1,0,0,2026-05-21 01:56:32,2026-05-21 02:22:48
341,The Hunchback Variations,hunchback variations,the-hunchback-variations,,,0,2012-06-10,,59E59 Theaters,,1,0,0,2026-05-21 01:56:29,2026-05-21 02:26:00
372,Storefront Church,storefront church,storefront-church,,,0,2012-06-11,,Atlantic Theater,,1,0,0,2026-05-21 01:56:29,2026-05-21 02:26:13
304,"Rapture, Blister, Burn",rapture blister burn,rapture-blister-burn,,,0,2012-06-12,,Playwrights Horizons,,1,0,0,2026-05-21 01:56:29,2026-05-21 02:25:43
1305,Harvey,harvey,harvey,,,0,2012-06-14,,Studio 54,,1,0,1,2026-05-21 01:56:41,2026-05-21 02:26:50
293,The Bad and the Better,bad and the better,the-bad-and-the-better,,,0,2012-06-14,,Peter Jay Sharp,,1,0,0,2026-05-21 01:56:29,2026-05-21 02:25:38
295,This Is Fiction,this is fiction,this-is-fiction,,,0,2012-06-15,,Cherry Lane Theatre,,1,0,0,2026-05-21 01:56:29,2026-05-21 02:25:39
373,Slowgirl,slowgirl,slowgirl,,,0,2012-06-18,,Claire Tow Theater,,1,0,0,2026-05-21 01:56:29,2026-05-21 02:26:14
284,More of Our Parts,more of our parts,more-of-our-parts,,,0,2012-06-21,,Clurman Theatre,,1,0,0,2026-05-21 01:56:29,2026-05-21 02:25:36
347,Motel Cherry,motel cherry,motel-cherry,,,0,2012-06-21,,HERE Arts Center,,1,0,0,2026-05-21 01:56:29,2026-05-21 02:26:01
287,7th Monarch,7th monarch,7th-monarch,,,0,2012-06-24,,Acorn Theatre,,1,0,0,2026-05-21 01:56:29,2026-05-21 02:25:37
285,Triassic Parq,triassic parq,triassic-parq,,,0,2012-06-27,,Soho Playhouse,,1,0,0,2026-05-21 01:56:29,2026-05-21 02:25:35
291,Monster,monster,monster,,,0,2012-07-03,,Atlantic Stage Two,,1,0,0,2026-05-21 01:56:29,2026-05-21 02:25:39
290,Macbeth at Lincoln Center Festival,macbeth at lincoln center festival,macbeth,,,0,2012-07-05,,Jazz at Lincoln Center-Rose Hall,,1,0,0,2026-05-21 01:56:29,2026-05-21 02:25:38
288,Nymph Errant,nymph errant,nymph-errant,,,0,2012-07-07,,Clurman Theatre,,1,0,0,2026-05-21 01:56:29,2026-05-21 02:25:37
315,DruidMurphy,druidmurphy,druidmurphy,,,0,2012-07-08,,Gerald W. Lynch,,1,0,0,2026-05-21 01:56:29,2026-05-21 02:25:48
1309,Warrior Class,warrior class,warrior-class,,,0,2012-07-11,,McGinn,,1,0,0,2026-05-21 01:56:41,2026-05-21 02:26:52
339,Fela!,fela,fela-2012,,,0,2012-07-12,,Al Hirschfeld Theatre,,1,0,1,2026-05-21 01:56:29,2026-05-21 02:25:59
658,Probation,probation,probation,,,0,2012-07-12,,Repertorio EspaÃ±ol,,1,0,0,2026-05-21 01:56:29,2026-05-21 02:26:25
1306,Feast,feast,feast,,,0,2012-07-13,,Incubator Arts Project at St. Mark's Church,,1,0,0,2026-05-21 01:56:41,2026-05-21 02:23:54
336,Dogfight,dogfight,dogfight,,,0,2012-07-16,,Second Stage Theatre,,1,0,0,2026-05-21 01:56:29,2026-05-21 02:25:57
625,Tiny Bubbles,tiny bubbles,tiny-bubbles,,,0,2012-07-16,,The Medicine Show Theatre,,1,0,0,2026-05-21 01:56:29,2026-05-21 02:26:24
624,Skippyjon Jones,skippyjon jones,skippyjon-jones,,,0,2012-07-17,,Lucille Lortel Theatre,,1,0,0,2026-05-21 01:56:29,2026-05-21 02:26:25
1307,Hand Stories,hand stories,hand-stories,,,0,2012-07-19,,Clark Studio Theater,,1,0,0,2026-05-21 01:56:41,2026-05-21 02:26:52
1311,The Tempest,tempest,the-tempest,,,0,2012-07-19,,The Tina Packer Playhouse,,1,0,0,2026-05-21 01:56:41,2026-05-21 02:26:53
603,Lady and the Champ,lady and the champ,lady-and-the-champ,,,0,2012-07-22,,Richmond Shepherd Theatre,,1,0,0,2026-05-21 01:56:29,2026-05-21 02:26:24
760,Harrison TX,harrison tx,harrison-tx,,,0,2012-07-24,,59E59 Theaters,,1,0,0,2026-05-21 01:56:32,2026-05-21 02:26:26
1310,New Girl In Town,new girl in town,new-girl-in-town,,,0,2012-07-26,,Irish Repertory Theatre,,1,0,0,2026-05-21 01:56:41,2026-05-21 02:26:52
375,Bring It On,bring it on,bring-it-on,,,0,2012-08-01,,St James Theatre,,1,0,0,2026-05-21 01:56:29,2026-05-21 02:26:16
1316,Richard III at the Public Theater,richard iii at the public theater,richard-iii-public-theater,,,0,2012-08-07,,Public Theater,,1,0,0,2026-05-21 01:56:41,2026-05-21 02:26:55
1315,Bullet for Adolf,bullet for adolf,bullet-for-adolf,,,0,2012-08-08,,New World Stages,,1,0,0,2026-05-21 01:56:41,2026-05-21 02:26:54
1314,Into the Woods at the Delacorte Theater,into the woods at the delacorte theater,into-the-woods-delacorte,,,0,2012-08-09,,Delacorte Theatre,,1,0,0,2026-05-21 01:56:41,2026-05-21 02:26:54
885,Mary Broome,mary broome,mary-broome,,,0,2012-08-18,,Mint Theatre,,1,0,0,2026-05-21 01:56:32,2026-05-21 02:26:37
1325,Cougar the Musical,cougar the musical,cougar-the-musical-reviews,,,0,2012-08-26,,St. Luke's Theatre,,1,0,0,2026-05-21 01:56:41,2026-05-21 02:21:16
887,Fried Chicken & Latkes,fried chicken latkes,fried-chicken-and-latkes,,,0,2012-08-26,,Actors Temple Theater at Congregation Ezrath Israel,,1,0,0,2026-05-21 01:56:32,2026-05-21 02:26:38
762,Heartless,heartless,heartless,,,0,2012-08-27,,Signature Theatre,,1,0,0,2026-05-21 01:56:32,2026-05-21 02:26:26
1317,Tender Napalm,tender napalm,tender-napalm,,,0,2012-08-29,,59E59 Theaters,,1,0,0,2026-05-21 01:56:41,2026-05-21 02:26:55
1322,Us,us,us,,,0,2012-09-05,,Theatre Row Complex,,1,0,0,2026-05-21 01:56:41,2026-05-21 02:26:57
1318,The Train Driver,train driver,train-driver,,,0,2012-09-09,,Signature Theatre,,1,0,0,2026-05-21 01:56:41,2026-05-21 02:26:56
349,Chaplin,chaplin,chaplin,,,0,2012-09-10,,Barrymore Theatre,,1,0,1,2026-05-21 01:56:29,2026-05-21 02:26:04
1320,Fly Me to the Moon,fly me to the moon,fly-me-to-the-moon,,,0,2012-09-12,,59E59 Theaters,,1,0,0,2026-05-21 01:56:41,2026-05-21 02:26:57
895,Sweet Bird of Youth,sweet bird of youth,sweet-bird-of-youth,,,0,2012-09-15,,Goodman Theatre,,1,0,0,2026-05-21 01:56:32,2026-05-21 02:33:17
1321,Detroit,detroit,detroit,,,0,2012-09-18,,Playwrights Horizons,,1,0,0,2026-05-21 01:56:41,2026-05-21 02:26:58
1323,Job,job,job,,,0,2012-09-19,,The Flea Theater,,1,0,1,2026-05-21 01:56:41,2026-05-21 02:26:57
879,The Exonerated,exonerated,the-exonerated,,,0,2012-09-19,,37 Arts Theatre,,1,0,0,2026-05-21 01:56:32,2026-05-21 02:26:35
983,If There Is I Haven't Found It Yet,if there is i havent found it yet,if-there-is-i-havent-found-it-yet,,,0,2012-09-20,,Laura Pels Theatre at the Harold and Miriam Steinberg Center for Theatre,,1,0,0,2026-05-21 01:56:32,2026-05-21 02:33:17
892,Children of Killers,children of killers,children-of-killers,,,0,2012-09-21,,Castillo Theatre,,1,0,0,2026-05-21 01:56:32,2026-05-21 02:26:39
859,Habit,habit,habit,,,0,2012-09-21,,P.S. 122,,1,0,0,2026-05-21 01:56:32,2026-05-21 02:33:16
343,An Enemy of the People (2012),enemy of the people 2012,an-enemy-of-the-people-2012,,,0,2012-09-27,,Samuel J. Friedman,,1,0,0,2026-05-21 01:56:29,2026-05-21 02:26:00
874,Marry Me A Little,marry me a little,marry-me-a-little,,,0,2012-10-02,,Clurman Theatre,,1,0,0,2026-05-21 01:56:32,2026-05-21 02:26:32
376,Grace,grace,grace,,,0,2012-10-04,,Cort Theatre,,1,0,1,2026-05-21 01:56:29,2026-05-21 02:26:15
891,The Old Man and The Old Moon,old man and the old moon,the-old-man-and-the-old-moon,,,0,2012-10-07,,The Gym at Judson,,1,0,0,2026-05-21 01:56:32,2026-05-21 02:26:40
888,Helen & Edgar,helen edgar,helen-and-edgar,,,0,2012-10-09,,Theater 80,,1,0,0,2026-05-21 01:56:32,2026-05-21 02:26:38
416,Him,him,him,,,0,2012-10-09,,59E59 Theaters,,1,0,0,2026-05-21 01:56:29,2026-05-21 02:26:21
889,Lewis Black: Running on Empty,lewis black running on empty,lewis-black-running-on-empty,,,0,2012-10-09,,Richard Rodgers,,1,0,0,2026-05-21 01:56:32,2026-05-21 02:26:39
890,Harper Regan,harper regan,harper-regan,,,0,2012-10-10,,Atlantic Theater,,1,0,0,2026-05-21 01:56:32,2026-05-21 02:26:39
1324,Cyrano de Bergerac,cyrano de bergerac,cyrano-de-bergerac,,,0,2012-10-11,,American Airlines,,1,0,1,2026-05-21 01:56:41,2026-05-21 02:26:57
875,Heresy,heresy,heresy,,,0,2012-10-11,,The Flea Theater,,1,0,0,2026-05-21 01:56:32,2026-05-21 02:26:32
882,5 Lesbians Eating A Quiche,5 lesbians eating a quiche,5-lesbians-eating-a-quiche,,,0,2012-10-13,,Soho Playhouse,,1,0,0,2026-05-21 01:56:32,2026-05-21 02:26:35
340,Who's Afraid of Virginia Woolf,whos afraid of virginia woolf,whos-afraid-of-virginia-woolf-2012,,,0,2012-10-13,,Booth Theatre,,1,0,1,2026-05-21 01:56:29,2026-05-21 02:25:59
877,Falling,falling,falling,,,0,2012-10-15,,Minetta Lane Theatre,,1,0,0,2026-05-21 01:56:32,2026-05-21 02:26:33
884,A Celebration of Harold Pinter,celebration of harold pinter,a-celebration-of-harold-pinter,,,0,2012-10-16,,Irish Repertory Theatre,,1,0,0,2026-05-21 01:56:32,2026-05-21 02:26:37
883,Modern Terrorism,modern terrorism,modern-terrorism,,,0,2012-10-18,,Second Stage Theatre,,1,0,0,2026-05-21 01:56:32,2026-05-21 02:26:35
872,Neutral Hero,neutral hero,neutral-hero,,,0,2012-10-18,,The Kitchen,,1,0,0,2026-05-21 01:56:32,2026-05-21 02:26:31
870,Big Apple Circus: Legendarium,big apple circus legendarium,big-apple-circus-legendarium,,,0,2012-10-20,,Lincoln Center Theater,,1,0,0,2026-05-21 01:56:32,2026-05-21 02:26:31
894,The Other Josh Cohen,other josh cohen,the-other-josh-cohen,,,0,2012-10-21,,Soho Playhouse,,1,0,0,2026-05-21 01:56:32,2026-05-21 02:26:40
878,Disgraced,disgraced,disgraced,,,0,2012-10-22,,Claire Tow Theater,,1,0,1,2026-05-21 01:56:32,2026-05-21 02:26:34
1326,Sistas: The Musical,sistas the musical,sistas-the-musical-reviews,,,0,2012-10-23,,St. Luke's Theatre,,1,0,0,2026-05-21 01:56:41,2026-05-21 02:14:45
873,House For Sale,house for sale,house-for-sale,,,0,2012-10-24,,Duke on 42nd Street,,1,0,0,2026-05-21 01:56:32,2026-05-21 02:26:32
871,Wild With Happy,wild with happy,wild-with-happy,,,0,2012-10-24,,Joseph Papp Public Theater,,1,0,0,2026-05-21 01:56:32,2026-05-21 02:26:30
869,Bad Jews,bad jews,bad-jews,,,0,2012-10-30,,Roundabout Underground,,1,0,0,2026-05-21 01:56:32,2026-05-21 02:26:29
286,The Heiress,heiress,the-heiress,,,0,2012-11-01,,Walter Kerr Theater,,1,0,1,2026-05-21 01:56:29,2026-05-21 02:25:36
876,The Freedom of the City,freedom of the city,freedom-of-the-city,,,0,2012-11-05,,Irish Repertory Theatre,,1,0,0,2026-05-21 01:56:32,2026-05-21 02:26:33
868,The Whale,whale,the-whale,,,0,2012-11-05,,Playwrights Horizons,,1,0,0,2026-05-21 01:56:32,2026-05-21 02:26:29
862,Sorry,sorry,sorry,,,0,2012-11-06,,Public Theater,,1,0,0,2026-05-21 01:56:32,2026-05-21 02:26:27
348,Annie,annie,annie-reviews,,,0,2012-11-08,,Palace Theatre,,1,0,1,2026-05-21 01:56:29,2026-05-21 02:26:02
709,Elf,elf,elf,,,0,2012-11-09,,Al Hirschfeld Theatre,,1,0,1,2026-05-21 01:56:32,2026-05-21 02:33:43
861,Ivanov,ivanov,ivanov,,,0,2012-11-11,,Classic Stage Comp.,,1,0,0,2026-05-21 01:56:32,2026-05-21 02:26:27
860,Giant,giant,giant,,,0,2012-11-13,,Public Theater,,1,0,1,2026-05-21 01:56:32,2026-05-21 02:26:26
335,The Mystery of Edwin Drood,mystery of edwin drood,the-mystery-of-edwin-drood,,,0,2012-11-13,,Studio 54,,1,0,1,2026-05-21 01:56:29,2026-05-21 02:25:57
1327,The Performers,performers,the-performers,,,0,2012-11-14,,Longacre Theatre,,1,0,1,2026-05-21 01:56:41,2026-05-21 02:26:59
941,Murder Ballad,murder ballad,murder-ballad,,,0,2012-11-15,,New York City Center - Stage II,,1,0,0,2026-05-21 01:56:32,2026-05-21 02:26:42
1328,Scandalous,scandalous,scandalous,,,0,2012-11-15,,Neil Simon Theatre,,1,0,1,2026-05-21 01:56:41,2026-05-21 02:26:59
942,Forever Dusty,forever dusty,forever-dusty,,,0,2012-11-18,,New World Stages,,1,0,0,2026-05-21 01:56:32,2026-05-21 02:26:40
906,The Piano Lesson,piano lesson,the-piano-lesson,,,0,2012-11-18,,Signature Theatre,,1,0,1,2026-05-21 01:56:32,2026-05-21 02:26:40
614,A Christmas Story the Musical (Lunt-Fontanne),christmas story the musical luntfontanne,a-christmas-story-the-musical,,,0,2012-11-19,,Lunt-Fontanne Theatre,,1,0,0,2026-05-21 01:56:29,2026-05-21 02:26:24
943,The Boss,boss,the-boss,,,0,2012-11-24,,Metropolitan Playhouse,,1,0,0,2026-05-21 01:56:32,2026-05-21 02:26:41
946,The Killing of Sister George,killing of sister george,the-killing-of-sister-george,,,0,2012-11-28,,Long Wharf Theatre,,1,0,0,2026-05-21 01:56:32,2026-05-21 02:26:42
1329,Dead Accounts,dead accounts,dead-accounts,,,0,2012-11-29,,Music Box Theatre,,1,0,1,2026-05-21 01:56:41,2026-05-21 02:27:00
289,The Anarchist,anarchist,the-anarchist,,,0,2012-12-02,,Golden Theatre,,1,0,1,2026-05-21 01:56:29,2026-05-21 02:25:37
944,A Civil War Christmas,civil war christmas,a-civil-war-christmas,,,0,2012-12-04,,NY Theatre Workshop,,1,0,0,2026-05-21 01:56:32,2026-05-21 02:26:43
945,Golden Age,golden age,golden-age,,,0,2012-12-04,,New York City Center,,1,0,0,2026-05-21 01:56:32,2026-05-21 02:26:43
947,Dear Elizabeth,dear elizabeth,dear-elizabeth,,,0,2012-12-06,,Yale Repertory Theatre,,1,0,0,2026-05-21 01:56:32,2026-05-21 02:26:42
423,Golden Boy,golden boy,golden-boy,,,0,2012-12-06,,Lincoln Center Theater,,1,0,1,2026-05-21 01:56:29,2026-05-21 02:26:21
292,Glengarry Glen Ross,glengarry glen ross,glengarry-glen-ross,,,0,2012-12-08,,Schoenfeld Theatre,,1,0,1,2026-05-21 01:56:29,2026-05-21 02:25:38
617,Dr. Seuss' How the Grinch Stole Christmas the Musical,dr seuss how the grinch stole christmas the musical,dr-seuss-how-the-grinch-stole-christmas-the-musical,,,0,2012-12-13,,Theater at Madison Square Garden,,1,0,0,2026-05-21 01:56:29,2026-05-21 02:33:39
958,Invisible Man,invisible man,invisible-man,,,0,2013-01-09,,Huntington Theatre Company,,1,0,0,2026-05-21 01:56:32,2026-05-21 02:26:46
283,The Other Place,other place,the-other-place,,,0,2013-01-10,,Samuel J. Friedman,,1,0,1,2026-05-21 01:56:29,2026-05-21 02:25:35
867,Picnic,picnic,picnic,,,0,2013-01-13,,American Airlines,,1,0,1,2026-05-21 01:56:32,2026-05-21 02:26:28
956,Life and Times: Episodes 1-4,life and times episodes 14,life-and-times-episodes-1-4,,,0,2013-01-16,,Public Theater,,1,0,0,2026-05-21 01:56:32,2026-05-21 02:26:45
1330,Cat on a Hot Tin Roof,cat on a hot tin roof,cat-on-a-hot-tin-roof-2013,,,0,2013-01-17,,Richard Rodgers,,1,0,1,2026-05-21 01:56:41,2026-05-21 02:27:00
955,Collision,collision,collision,,,0,2013-01-22,,Rattlestick Theatre,,1,0,0,2026-05-21 01:56:32,2026-05-21 02:26:44
954,The Jammer,jammer,the-jammer,,,0,2013-01-22,,Atlantic Theater,,1,0,0,2026-05-21 01:56:32,2026-05-21 02:26:45
957,The House of Von Macramé,house of von macram,the-house-of-von-macrame,,,0,2013-01-23,,Bushwick Starr,,1,0,0,2026-05-21 01:56:32,2026-05-21 02:26:46
964,Manilow on Broadway,manilow on broadway,manilow-on-broadway,,,0,2013-01-29,,St James Theatre,,1,0,1,2026-05-21 01:56:32,2026-05-21 02:26:47
969,Moose Murders,moose murders,moose-murders,,,0,2013-01-29,,Connelly Theater,,1,0,0,2026-05-21 01:56:32,2026-05-21 02:26:49
960,All The Rage,all the rage,all-the-rage,,,0,2013-01-30,,Peter Jay Sharp,,1,0,0,2026-05-21 01:56:32,2026-05-21 02:26:46
965,Fiorello!,fiorello,fiorello,,,0,2013-01-30,,New York City Center,,1,0,0,2026-05-21 01:56:32,2026-05-21 02:26:47
967,Women of Will,women of will,women-of-will,,,0,2013-02-03,,The Gym at Judson,,1,0,0,2026-05-21 01:56:32,2026-05-21 02:26:48
972,"Really, Really",really really,reallyreally,,,0,2013-02-19,,Lucille Lortel Theatre,,1,0,0,2026-05-21 01:56:32,2026-05-21 02:26:50
966,Passion,passion,passion,,,0,2013-02-28,,Classic Stage Comp.,,1,0,0,2026-05-21 01:56:32,2026-05-21 02:26:48
1331,Cinderella,cinderella,rodgers-and-hammersteins-cinderella-reviews,,,0,2013-03-03,,Broadway Theatre,,1,0,1,2026-05-21 01:56:44,2026-05-21 02:22:57
863,Ann,ann,ann,,,0,2013-03-07,,Vivian Beaumont,,1,0,1,2026-05-21 01:56:32,2026-05-21 02:26:29
977,13,13,13-reviews,,,0,2013-03-12,,Jacobs Theatre,,1,0,0,2026-05-21 01:56:32,2026-05-21 02:23:48
970,Vanya and Sonia and Masha and Spike,vanya and sonia and masha and spike,vanya-sonia-masha-spike,,,0,2013-03-14,,Golden Theatre,,1,0,1,2026-05-21 01:56:32,2026-05-21 02:26:49
948,Breakfast at Tiffany's,breakfast at tiffanys,breakfastattiffanys,,,0,2013-03-20,,Cort Theatre,,1,0,1,2026-05-21 01:56:32,2026-05-21 02:26:44
866,Hands on a Hardbody,hands on a hardbody,hands-on-a-hardbody,,,0,2013-03-21,,Brooks Atkinson,,1,0,1,2026-05-21 01:56:32,2026-05-21 02:26:29
938,Good With People,good with people,good-with-people,,,0,2013-03-27,,59E59 Theaters,,1,0,0,2026-05-21 01:56:32,2026-05-21 02:25:09
949,Lucky Guy,lucky guy,lucky-guy1,,,0,2013-04-01,,Broadhurst Theatre,,1,0,1,2026-05-21 01:56:32,2026-05-21 02:26:44
1351,Here Lies Love (2013),here lies love 2013,here-lies-love-reviews,,,0,2013-04-02,,Public Theater,,1,0,0,2026-05-21 01:56:44,2026-05-21 02:23:47
963,The Last Five Years,last five years,the-last-five-years,,,0,2013-04-02,,Second Stage Theatre,,1,0,1,2026-05-21 01:56:32,2026-05-21 02:26:48
1347,Kinky Boots,kinky boots,kinky-boots-reviews,,,0,2013-04-04,,Al Hirschfeld Theatre,,1,0,1,2026-05-21 01:56:44,2026-05-21 02:15:27
937,Kinky Boots The Musical,kinky boots the musical,lucky-guy,,,0,2013-04-04,,Al Hirschfeld Theatre,,1,0,0,2026-05-21 01:56:32,2026-05-21 02:25:07
936,Bullet Catch,bullet catch,bullet-catch-reviews,,,0,2013-04-06,,59E59 Theaters,,1,0,0,2026-05-21 01:56:32,2026-05-21 02:25:07
927,Bunty Berman Presents,bunty berman presents,bunty-berman-presents-reviews,,,0,2013-04-08,,Acorn Theatre,,1,0,0,2026-05-21 01:56:32,2026-05-21 02:25:04
935,RSC's Julius Caesar,rscs julius caesar,julius-caesar-reviews,,,0,2013-04-10,,BAM Harvey Theater,,1,0,0,2026-05-21 01:56:32,2026-05-21 02:25:07
1348,Matilda the Musical,matilda the musical,matilda-the-musical-reviews,,,0,2013-04-11,,Shubert Theatre,,1,0,0,2026-05-21 01:56:44,2026-05-21 02:17:38
1349,Motown The Musical,motown the musical,motown-the-musical-reviews,,,0,2013-04-14,,Lunt-Fontanne Theatre,,1,0,1,2026-05-21 01:56:44,2026-05-21 02:23:01
864,The Nance,nance,the-nance-reviews,,,0,2013-04-15,,Lyceum Theatre,,1,0,1,2026-05-21 01:56:32,2026-05-21 02:24:55
1350,The Big Knife,big knife,the-big-knife-reviews,,,0,2013-04-16,,American Airlines,,1,0,1,2026-05-21 01:56:44,2026-05-21 02:25:13
968,The Rascals: Once Upon A Dream (Richard Rodgers),rascals once upon a dream richard rodgers,the-rascals-once-upon-a-dream-richard-rodgers-reviews,,,0,2013-04-16,,Richard Rodgers,,1,0,0,2026-05-21 01:56:32,2026-05-21 02:33:40
928,Transport Group's The Memory Show,transport groups the memory show,the-memory-show-reviews,,,0,2013-04-16,,Duke on 42nd Street,,1,0,0,2026-05-21 01:56:32,2026-05-21 02:25:04
865,The Assembled Parties,assembled parties,the-assembled-parties-reviews,,,0,2013-04-17,,Samuel J. Friedman,,1,0,1,2026-05-21 01:56:32,2026-05-21 02:24:54
971,Jekyll & Hyde,jekyll hyde,jekyll-and-hyde-reviews,,,0,2013-04-18,,Marquis Theatre,,1,0,1,2026-05-21 01:56:32,2026-05-21 02:25:11
953,Orphans,orphans,orphans-reviews,,,0,2013-04-18,,Schoenfeld Theatre,,1,0,1,2026-05-21 01:56:32,2026-05-21 02:25:10
961,Macbeth (2013),macbeth 2013,alan-cumming-macbeth-2013-reviews,,,0,2013-04-21,,Ethel Barrymore,,1,0,0,2026-05-21 01:56:32,2026-05-21 02:25:10
951,The Testament of Mary,testament of mary,the-testament-of-mary-reviews,,,0,2013-04-22,,Walter Kerr Theater,,1,0,1,2026-05-21 01:56:32,2026-05-21 02:25:10
952,The Trip to Bountiful,trip to bountiful,the-trip-to-bountiful-reviews,,,0,2013-04-23,,Stephen Sondheim Theatre,,1,0,1,2026-05-21 01:56:32,2026-05-21 02:25:09
962,I'll Eat You Last,ill eat you last,ill-eat-you-last-reviews,,,0,2013-04-24,,Booth Theatre,,1,0,0,2026-05-21 01:56:32,2026-05-21 02:25:11
934,Bull,bull,bull-reviews,,,0,2013-04-25,,59E59 Theaters,,1,0,0,2026-05-21 01:56:32,2026-05-21 02:25:06
1352,Pippin,pippin,pippin-reviews,,,0,2013-04-25,,Music Box Theatre,,1,0,1,2026-05-21 01:56:44,2026-05-21 02:22:27
926,A Public Reading of an Unproduced Screenplay About the Death of Walt Disney,public reading of an unproduced screenplay about the death of walt disney,a-public-reading-of-an-unproduced-screenplay-about-the-death-of-walt-disney-reviews,,,0,2013-04-30,,Soho Repertory,,1,0,0,2026-05-21 01:56:32,2026-05-21 02:25:02
924,Fiasco Theater's Into the Woods,fiasco theaters into the woods,into-the-woods-reviews,,,0,2013-05-03,,McCarter Theater Center,,1,0,0,2026-05-21 01:56:32,2026-05-21 02:25:03
930,Old Fashioned Prostitutes (A True Romance),old fashioned prostitutes a true romance,old-fashioned-prostitutes-reviews,,,0,2013-05-07,,Public Theater,,1,0,0,2026-05-21 01:56:32,2026-05-21 02:25:04
929,On Your Toes,on your toes,on-your-toes-reviews,,,0,2013-05-08,,New York City Center,,1,0,0,2026-05-21 01:56:32,2026-05-21 02:25:03
921,The Golden Dragon,golden dragon,the-golden-dragon-reviews,,,0,2013-05-08,,New Ohio Theatre,,1,0,0,2026-05-21 01:56:32,2026-05-21 02:25:01
925,A Family For All Occasions,family for all occasions,a-family-for-all-occasions-reviews,,,0,2013-05-12,,Bank Street Theatre,,1,0,0,2026-05-21 01:56:32,2026-05-21 02:25:02
922,The Master Builder,master builder,the-master-builder-reviews,,,0,2013-05-20,,BAM Harvey Theater,,1,0,0,2026-05-21 01:56:32,2026-05-21 02:25:01
912,Around the World in 80 Days,around the world in 80 days,around-the-world-in-80-days-reviews,,,0,2013-05-30,,The New Theater at 45th Street,,1,0,0,2026-05-21 01:56:32,2026-05-21 02:24:57
913,The Giacomo Variations,giacomo variations,the-giacomo-variations-reviews,,,0,2013-05-30,,New York City Center,,1,0,0,2026-05-21 01:56:32,2026-05-21 02:24:58
914,Far From Heaven,far from heaven,far-from-heaven-reviews,,,0,2013-06-02,,Playwrights Horizons,,1,0,0,2026-05-21 01:56:32,2026-05-21 02:24:58
909,3 Kinds of Exile,3 kinds of exile,3kindsofexile,,,0,2013-06-11,,Atlantic Theater,,1,0,0,2026-05-21 01:56:32,2026-05-21 02:24:56
910,Reasons to Be Happy,reasons to be happy,reasons-to-be-happy-reviews,,,0,2013-06-11,,MTC,,1,0,0,2026-05-21 01:56:32,2026-05-21 02:24:58
763,A Kid Like Jake,kid like jake,a-kid-like-jake-reviews,,,0,2013-06-17,,Claire Tow Theater,,1,0,0,2026-05-21 01:56:32,2026-05-21 02:24:17
766,The Comedy of Errors,comedy of errors,the-comedy-of-errors-reviews,,,0,2013-06-18,,Delacorte Theatre,,1,0,0,2026-05-21 01:56:32,2026-05-21 02:24:19
765,On the Town (Barrington Stage Company),on the town barrington stage company,on-the-town-reviews,,,0,2013-06-19,,Barrington Stage Company,,1,0,0,2026-05-21 01:56:32,2026-05-21 02:24:17
768,The Two-Character Play,twocharacter play,the-two-character-play-reviews,,,0,2013-06-19,,New World Stages,,1,0,0,2026-05-21 01:56:32,2026-05-21 02:24:18
767,The Explorers Club,explorers club,the-explorers-club-reviews,,,0,2013-06-20,,New York City Center,,1,0,0,2026-05-21 01:56:32,2026-05-21 02:24:19
770,Buyer and Cellar,buyer and cellar,buyer-and-cellar-reviews,,,0,2013-06-24,,Barrow Street Theatre,,1,0,0,2026-05-21 01:56:32,2026-05-21 02:24:18
771,Charlie and the Chocolate Factory,charlie and the chocolate factory,charlie-and-the-chocolate-factory-reviews,,,0,2013-06-25,,Theatre Royal Drury Lane,,1,0,1,2026-05-21 01:56:32,2026-05-21 02:24:20
777,Choir Boy,choir boy,choir-boy-reviews,,,0,2013-07-02,,New York City Center - Stage II,,1,0,1,2026-05-21 01:56:32,2026-05-21 02:24:23
1355,The Old Woman 2013,old woman 2013,the-old-woman-reviews,,,0,2013-07-08,,Palace Theatre,,1,0,0,2026-05-21 01:56:44,2026-05-21 02:23:36
778,Monkey: Journey to the West,monkey journey to the west,monkey-journey-to-the-west-reviews,,,0,2013-07-09,,Lincoln Center Theater,,1,0,0,2026-05-21 01:56:32,2026-05-21 02:24:22
920,Forever Tango,forever tango,forever-tango-reviews,,,0,2013-07-14,,Walter Kerr Theater,,1,0,1,2026-05-21 01:56:32,2026-05-21 02:25:00
781,Nobody Loves You,nobody loves you,nobody-loves-you-reviews,,,0,2013-07-18,,Second Stage Theatre,,1,0,0,2026-05-21 01:56:32,2026-05-21 02:24:23
780,Violet at City Center,violet at city center,violet-at-city-center,,,0,2013-07-18,,New York City Center,,1,0,0,2026-05-21 01:56:32,2026-05-21 02:24:24
1409,iLuminate,iluminate,iluminate-reviews,,,0,2013-07-18,,New World Stages,,1,0,0,2026-05-21 01:56:44,2026-05-21 02:21:15
919,Let it Be,let it be,let-it-be-reviews,,,0,2013-07-24,,St James Theatre,,1,0,1,2026-05-21 01:56:32,2026-05-21 02:25:01
793,"Mr. Burns, a Post-Electric Play",mr burns a postelectric play,mr-burns-a-post-electric-play-reveiws,,,0,2013-08-03,,Playwrights Horizons,,1,0,0,2026-05-21 01:56:32,2026-05-21 02:24:28
940,First Date,first date,first-date-reviews,,,0,2013-08-04,,Longacre Theatre,,1,0,1,2026-05-21 01:56:32,2026-05-21 02:25:09
783,The Jungle Book (Chicago),jungle book chicago,the-jungle-book-chicago-reviews,,,0,2013-08-06,,Goodman Theatre,,1,0,0,2026-05-21 01:56:32,2026-05-21 02:24:25
784,Love's Labour's Lost (Shakespeare in the Park),loves labours lost shakespeare in the park,loves-labours-lost-reviews,,,0,2013-08-12,,Delacorte Theatre,,1,0,0,2026-05-21 01:56:32,2026-05-21 02:24:24
911,SOUL DOCTOR: Journey of a Rock-Star Rabbi,soul doctor journey of a rockstar rabbi,soul-doctor-journey-of-a-rock-star-rabbi-reviews,,,0,2013-08-15,,Circle in the Square,,1,0,1,2026-05-21 01:56:32,2026-05-21 02:24:56
786,Everything Is Ours,everything is ours,everything-is-ours-reviews,,,0,2013-08-31,,HERE Arts Center,,1,0,0,2026-05-21 01:56:32,2026-05-21 02:24:26
788,The Machine,machine,the-machine-reviews,,,0,2013-09-04,,Park Avenue Armory,,1,0,0,2026-05-21 01:56:32,2026-05-21 02:24:26
789,The Tempest: Public Theater,tempest public theater,the-tempest-public-reviews,,,0,2013-09-06,,Delacorte Theatre,,1,0,0,2026-05-21 01:56:32,2026-05-21 02:24:27
797,All The Way (ART),all the way art,all-the-way-art-reviews,,,0,2013-09-13,,American Repertory Theater,,1,0,0,2026-05-21 01:56:32,2026-05-21 02:24:30
933,Romeo & Juliet,romeo juliet,romeo-and-juliet-2013-reviews,,,0,2013-09-19,,Richard Rodgers,,1,0,1,2026-05-21 01:56:32,2026-05-21 02:25:05
918,The Glass Menagerie,glass menagerie,the-glass-menagerie-2013-reviews,,,0,2013-09-26,,Booth Theatre,,1,0,1,2026-05-21 01:56:32,2026-05-21 02:25:00
959,Big Fish,big fish,big-fish-reviews,,,0,2013-10-06,,Neil Simon Theatre,,1,0,1,2026-05-21 01:56:32,2026-05-21 02:30:11
815,Bronx Bombers (off-broadway),bronx bombers offbroadway,bronx-bombers-off-broadway-reviews,,,0,2013-10-09,,Duke on 42nd Street,,1,0,0,2026-05-21 01:56:32,2026-05-21 02:24:36
282,Honeymoon in Vegas,honeymoon in vegas,honeymoon-in-vegas-reviews,,,0,2013-10-09,,Paper Mill Playhouse,,1,0,1,2026-05-21 01:56:29,2026-05-21 02:24:16
798,Julius Caesar,julius caesar,julius-caesar-2013-reviews,,,0,2013-10-09,,St. Ann's Warehouse,,1,0,0,2026-05-21 01:56:32,2026-05-21 02:31:43
773,A Night With Janis Joplin,night with janis joplin,a-night-with-janis-joplin-reviews,,,0,2013-10-10,,Gramercy Theatre,,1,0,1,2026-05-21 01:56:32,2026-05-21 02:24:20
799,Gettin' the Band Back Together,gettin the band back together,gettin-the-band-back-together,,,0,2013-10-10,,George Street Playhouse,,1,0,1,2026-05-21 01:56:32,2026-05-21 02:24:28
819,A Mind-Bending Evening of Beckett,mindbending evening of beckett,a-mind-bending-evening-of-beckett-reviews,,,0,2013-10-16,,Irish Repertory Theatre,,1,0,0,2026-05-21 01:56:32,2026-05-21 02:24:37
775,The Winslow Boy,winslow boy,the-winslow-boy-reviews,,,0,2013-10-17,,American Airlines,,1,0,1,2026-05-21 01:56:32,2026-05-21 02:24:21
800,RoosevElvis,roosevelvis,roosevelvis-reviews,,,0,2013-10-18,,Bushwick Starr,,1,0,0,2026-05-21 01:56:32,2026-05-21 02:24:29
774,A Time to Kill,time to kill,a-time-to-kill-reviews,,,0,2013-10-20,,John Golden Theatre,,1,0,1,2026-05-21 01:56:32,2026-05-21 02:24:21
803,Luce,luce,luce-reviews,,,0,2013-10-21,,Claire Tow Theater,,1,0,0,2026-05-21 01:56:32,2026-05-21 02:24:31
802,Fun Home,fun home,fun-home-reviews,,,0,2013-10-22,,Public Theater,,1,0,1,2026-05-21 01:56:32,2026-05-21 02:24:31
804,The Landing,landing,the-landing-review,,,0,2013-10-23,,Vineyard Theatre,,1,0,0,2026-05-21 01:56:32,2026-05-21 02:24:31
816,In the Wine Time,in the wine time,in-the-wine-time-reviews,,,0,2013-10-24,,Castillo Theatre,,1,0,0,2026-05-21 01:56:32,2026-05-21 02:24:36
822,The Last Saint on Sugar Hill,last saint on sugar hill,the-last-saint-on-sugar-hill-reviews,,,0,2013-10-24,,National Black Theatre,,1,0,0,2026-05-21 01:56:32,2026-05-21 02:24:39
931,The Snow Geese,snow geese,the-snow-geese-reviews,,,0,2013-10-24,,Samuel J. Friedman,,1,0,1,2026-05-21 01:56:32,2026-05-21 02:25:06
814,Year of the Rooster,year of the rooster,year-of-the-rooster-reviews,,,0,2013-10-24,,Ensemble Studio Theater,,1,0,0,2026-05-21 01:56:32,2026-05-21 02:24:34
932,Betrayal,betrayal,betrayal-reviews,,,0,2013-10-27,,Ethel Barrymore Theater,,1,0,1,2026-05-21 01:56:32,2026-05-21 02:25:06
823,Small Engine Repair,small engine repair,small-engine-repair-reviews,,,0,2013-10-30,,Lucille Lortel Theatre,,1,0,0,2026-05-21 01:56:32,2026-05-21 02:24:38
806,Sleeping Beauty,sleeping beauty,sleeping-beauty-reviews,,,0,2013-11-01,,New Victory Theater,,1,0,0,2026-05-21 01:56:32,2026-05-21 02:24:32
1369,Strawberry & Chocolate,strawberry chocolate,strawberry-chocolate-reviews,,,0,2013-11-01,,777 Theater,,1,0,0,2026-05-21 01:56:44,2026-05-21 02:25:16
813,The Mutliated,mutliated,the-mutliated-revews,,,0,2013-11-01,,37 Arts Theatre,,1,0,0,2026-05-21 01:56:32,2026-05-21 02:24:35
1356,After Midnight,after midnight,after-midnight-reviews,,,0,2013-11-03,,Brooks Atkinson,,1,0,1,2026-05-21 01:56:44,2026-05-21 02:23:37
1357,Disaster!,disaster,disaster-reviews,,,0,2013-11-04,,St. Luke's Theatre,,1,0,1,2026-05-21 01:56:44,2026-05-21 02:23:24
805,Domesticated,domesticated,domesticated-reviews,,,0,2013-11-04,,Mitzi E. Newhouse,,1,0,0,2026-05-21 01:56:32,2026-05-21 02:24:33
835,How I Learned What I Learned,how i learned what i learned,how-i-learned-what-i-learned-reviews,,,0,2013-11-05,,Signature Theatre,,1,0,0,2026-05-21 01:56:32,2026-05-21 02:24:43
810,An Enemy of the People,enemy of the people,an-enemy-of-the-people-reviews,,,0,2013-11-06,,BAM Harvey Theater,,1,0,1,2026-05-21 01:56:32,2026-05-21 02:24:33
1482,Murder For Two,murder for two,murder-for-two-2,,,0,2013-11-06,,New World Stages,,1,0,0,2026-05-21 01:56:46,2026-05-21 02:23:46
809,Nothing to Hide,nothing to hide,nothing-to-hide-reviews,,,0,2013-11-06,,Romulus Linney Courtyard Theatre at The Pershing Square Signature Center,,1,0,0,2026-05-21 01:56:32,2026-05-21 02:24:34
1363,One Night...,one night,one-night-reviews,,,0,2013-11-06,,Cherry Lane Theatre,,1,0,0,2026-05-21 01:56:44,2026-05-21 02:25:14
1362,Sunset Baby,sunset baby,sunset-baby-reviews,,,0,2013-11-06,,Bank Street Theatre,,1,0,0,2026-05-21 01:56:44,2026-05-21 02:25:14
1358,La Soiree,la soiree,la-soiree-reviews,,,0,2013-11-07,,Union Square Theatre,,1,0,0,2026-05-21 01:56:44,2026-05-21 02:23:49
811,The Jacksonian,jacksonian,the-jacksonian-reviews,,,0,2013-11-07,,Acorn Theatre,,1,0,0,2026-05-21 01:56:32,2026-05-21 02:24:33
821,Cloven Tongues,cloven tongues,cloven-tongues-reviews,,,0,2013-11-08,,The Wild Project,,1,0,0,2026-05-21 01:56:32,2026-05-21 02:24:39
824,Radio City Christmas Spectacular,radio city christmas spectacular,the-radio-city-christmas-spectacular-reviews,,,0,2013-11-08,,Radio City Music Hall,,1,0,0,2026-05-21 01:56:32,2026-05-21 02:24:39
834,Lies My Father Told Me,lies my father told me,lies-my-father-told-me-reviews,,,0,2013-11-10,,Baruch Performing Arts Center,,1,0,0,2026-05-21 01:56:32,2026-05-21 02:24:42
785,TWELFTH NIGHT AND RICHARD III,twelfth night and richard iii,twelfth-night-and-richard-iii-reviews,,,0,2013-11-10,,Belasco Theatre,,1,0,0,2026-05-21 01:56:32,2026-05-21 02:24:25
1361,And Away We Go,and away we go,and-away-we-go-reviews,,,0,2013-11-12,,The Pearl Theater,,1,0,0,2026-05-21 01:56:44,2026-05-21 02:25:12
836,Family Furniture,family furniture,family-furniture-reviews,,,0,2013-11-12,,The Flea Theater,,1,0,0,2026-05-21 01:56:32,2026-05-21 02:24:45
818,Water,water,water-bam-reveiews,,,0,2013-11-13,,BAM Harvey Theater,,1,0,0,2026-05-21 01:56:32,2026-05-21 02:24:37
830,Every Day A Visitor,every day a visitor,every-day-a-visitor-reviews,,,0,2013-11-14,,Clurman Theatre,,1,0,0,2026-05-21 01:56:32,2026-05-21 02:24:42
795,Little Miss Sunshine,little miss sunshine,little-miss-sunshine-reviews,,,0,2013-11-14,,Second Stage Theatre,,1,0,0,2026-05-21 01:56:32,2026-05-21 02:24:27
820,This is My Office,this is my office,this-is-my-office-reviews,,,0,2013-11-15,,Chashama,,1,0,0,2026-05-21 01:56:32,2026-05-21 02:24:36
1365,A Christmas Carol (St. Clement's),christmas carol st clements,a-christmas-carol-reviews,,,0,2013-11-16,,Theatre at St. Clement's,,1,0,0,2026-05-21 01:56:44,2026-05-21 02:25:15
1359,A Gentleman's Guide to Love and Murder,gentlemans guide to love and murder,a-gentlemans-guide-to-love-and-murder-reviews,,,0,2013-11-17,,Walter Kerr Theater,,1,0,1,2026-05-21 01:56:44,2026-05-21 02:19:17
825,Taking Care of Baby,taking care of baby,taking-care-of-baby-reviews,,,0,2013-11-19,,MTC,,1,0,0,2026-05-21 01:56:32,2026-05-21 02:24:39
829,"Too Much, Too Much, Too Many",too much too much too many,too-much-too-much-too-many-reviews,,,0,2013-11-20,,Black Box Theatre at The Harold and Miriam Steinberg Center for Theatre,,1,0,0,2026-05-21 01:56:32,2026-05-21 02:24:42
1360,Macbeth LCT,macbeth lct,macbeth-reviews,,,0,2013-11-21,,Vivian Beaumont,,1,0,0,2026-05-21 01:56:44,2026-05-21 02:23:46
831,The Commons of Pensacola,commons of pensacola,the-commons-of-pensacola-reviews,,,0,2013-11-21,,New York City Center,,1,0,0,2026-05-21 01:56:32,2026-05-21 02:24:41
917,No Man's Land/Waiting for Godot,no mans landwaiting for godot,no-mans-land-waiting-for-godot-reviews,,,0,2013-11-24,,Cort Theatre,,1,0,0,2026-05-21 01:56:32,2026-05-21 02:24:59
833,Regular Singing,regular singing,regular-singing-reviews,,,0,2013-11-24,,Public Theater,,1,0,0,2026-05-21 01:56:32,2026-05-21 02:24:43
1364,Self,self,self-reviews,,,0,2013-11-27,,Metropolitan Playhouse,,1,0,0,2026-05-21 01:56:44,2026-05-21 02:25:14
1376,Handle With Care,handle with care,handle-with-care-reviews,,,0,2013-12-03,,Westside Theatre,,1,0,0,2026-05-21 01:56:44,2026-05-21 02:25:18
1366,Bodycast,bodycast,bodycast,,,0,2013-12-04,,BAM Harvey Theater,,1,0,0,2026-05-21 01:56:44,2026-05-21 02:25:14
1368,Struck,struck,struck-reviews,,,0,2013-12-05,,HERE Arts Center,,1,0,0,2026-05-21 01:56:44,2026-05-21 02:25:16
199,Cheri,cheri,cheri-reviews,,,0,2013-12-08,,Signature Theatre,,1,0,0,2026-05-21 01:56:29,2026-05-21 02:24:16
1367,The (Curious Case of the) Watson Intelligence,curious case of the watson intelligence,the-curious-case-of-the-watson-intelligence-reviews,,,0,2013-12-09,,Playwrights Horizons,,1,0,0,2026-05-21 01:56:44,2026-05-21 02:25:16
1372,The Rime of the Ancient Mariner,rime of the ancient mariner,the-rime-of-the-ancient-mariner-reviews,,,0,2013-12-10,,BAM Harvey Theater,,1,0,0,2026-05-21 01:56:44,2026-05-21 02:25:17
1374,"A Christmas Story, The Musical",christmas story the musical,a-christmas-story-the-musical-msg-reviews,,,0,2013-12-11,,Theater at Madison Square Garden,,1,0,0,2026-05-21 01:56:44,2026-05-21 02:25:19
1370,Blue Wizard/Black Wizard,blue wizardblack wizard,blue-wizard-black-wizard-reviews,,,0,2013-12-11,,Incubator Arts Project at St. Mark's Church,,1,0,0,2026-05-21 01:56:44,2026-05-21 02:25:17
1385,Wolf Hall and Bring Up The Bodies (LONDON),wolf hall and bring up the bodies london,wolf-hall-and-bring-up-the-bodies,,,0,2013-12-11,,Swan Theatre,,1,0,0,2026-05-21 01:56:44,2026-05-21 02:25:24
1371,The Night Alive,night alive,the-night-alive-reviews,,,0,2013-12-12,,Atlantic Theater,,1,0,0,2026-05-21 01:56:44,2026-05-21 02:25:16
1373,What We Know,what we know,what-we-know-reviews,,,0,2013-12-12,,Teatro Circulo,,1,0,0,2026-05-21 01:56:44,2026-05-21 02:25:17
1375,The Life and Death of Marina Abramovic,life and death of marina abramovic,the-life-and-death-of-marina-abramovic-reviews,,,0,2013-12-13,,Park Avenue Armory,,1,0,0,2026-05-21 01:56:44,2026-05-21 02:25:18
1377,"Love, Linda: The Life of Mrs. Cole Porter",love linda the life of mrs cole porter,love-linda-reviews,,,0,2013-12-15,,York Theatre Company,,1,0,0,2026-05-21 01:56:44,2026-05-21 02:25:19
1378,A Piece of Work,piece of work,a-piece-of-work-reviews,,,0,2013-12-18,,BAM Fishman Space,,1,0,0,2026-05-21 01:56:44,2026-05-21 02:25:21
1379,Tyson vs. Ali,tyson vs ali,tyson-vs-ali,,,0,2014-01-03,,3LD Art & Technology Center,,1,0,0,2026-05-21 01:56:44,2026-05-21 02:25:20
1383,King Lear (BAM 2014),king lear bam 2014,king-lear,,,0,2014-01-07,,BAM Harvey Theater,,1,0,0,2026-05-21 01:56:44,2026-05-21 02:25:21
845,Cherokee,cherokee,cherokee,,,0,2014-01-08,,Wilma Theater,,1,0,0,2026-05-21 01:56:32,2026-05-21 02:24:48
1384,Grounded,grounded,grounded,,,0,2014-01-08,,Walkerspace,,1,0,0,2026-05-21 01:56:44,2026-05-21 02:25:23
1391,Thank You for Being a Friend,thank you for being a friend,thank-you-for-being-a-friend,,,0,2014-01-08,,Laurie Beechman,,1,0,0,2026-05-21 01:56:44,2026-05-21 02:25:26
1390,The Loneliness of the Long Distance Runner,loneliness of the long distance runner,the-loneliness-of-the-long-distance-runner,,,0,2014-01-08,,Atlantic Stage Two,,1,0,0,2026-05-21 01:56:44,2026-05-21 02:25:26
840,Craving for Travel,craving for travel,craving-for-travel,,,0,2014-01-09,,Peter Jay Sharp,,1,0,0,2026-05-21 01:56:32,2026-05-21 02:24:46
1382,I Am the Wind,i am the wind,i-am-the-wind,,,0,2014-01-09,,59E59 Theaters,,1,0,0,2026-05-21 01:56:44,2026-05-21 02:25:21
839,Fences,fences,fences,,,0,2014-01-10,,McCarter Theater Center,,1,0,1,2026-05-21 01:56:32,2026-05-21 02:24:45
1381,The Record,record,the-record,,,0,2014-01-10,,Public Theater,,1,0,0,2026-05-21 01:56:44,2026-05-21 02:25:21
1380,Beautiful: The Carole King Musical,beautiful the carole king musical,beautiful-the-carole-king-musical-reviews,,,0,2014-01-12,,Stephen Sondheim Theatre,,1,0,0,2026-05-21 01:56:44,2026-05-21 02:15:06
842,Ellen Terry With Eileen Atkins (London),ellen terry with eileen atkins london,ellen-terry-with-eileen-atkins,,,0,2014-01-12,,Shakespeare's Globe,,1,0,0,2026-05-21 01:56:32,2026-05-21 02:24:48
848,Take Me Home,take me home,take-me-home,,,0,2014-01-13,,N,,1,0,0,2026-05-21 01:56:32,2026-05-21 02:24:49
841,King Lear (London),king lear london,king-lear-london,,,0,2014-01-14,,National Theatre,,1,0,0,2026-05-21 01:56:32,2026-05-21 02:24:46
857,My Daughter Keeps Our Hammer,my daughter keeps our hammer,my-daughter-keeps-our-hammer-reviews,,,0,2014-01-15,,The Flea Theater,,1,0,0,2026-05-21 01:56:32,2026-05-21 02:24:54
1386,Row After Row,row after row,row-after-row,,,0,2014-01-15,,New York City Center - Stage II,,1,0,0,2026-05-21 01:56:44,2026-05-21 02:25:24
1389,East Towards Home,east towards home,east-towards-home,,,0,2014-01-16,,Theatre for the New City,,1,0,0,2026-05-21 01:56:44,2026-05-21 02:25:24
1387,Loot,loot,loot,,,0,2014-01-16,,Lucille Lortel Theatre,,1,0,0,2026-05-21 01:56:44,2026-05-21 02:25:23
776,Machinal,machinal,machinal-reviews,,,0,2014-01-16,,American Airlines,,1,0,1,2026-05-21 01:56:32,2026-05-21 02:24:21
1396,A Great Wilderness,great wilderness,a-great-wilderness-reviews,,,0,2014-01-17,,Seattle Repertory Theatre,,1,0,0,2026-05-21 01:56:44,2026-05-21 02:25:26
1393,Luna Gale,luna gale,luna-gale-reviews,,,0,2014-01-18,,Goodman Theatre,,1,0,0,2026-05-21 01:56:44,2026-05-21 02:25:26
852,Almost Maine,almost maine,almost-maine,,,0,2014-01-21,,The Gym at Judson,,1,0,0,2026-05-21 01:56:32,2026-05-21 02:24:51
855,The Tribute Artist,tribute artist,the-tribute-artist-reviews,,,0,2014-01-21,,59E59 Theaters,,1,0,0,2026-05-21 01:56:32,2026-05-21 02:24:52
850,I Call My Brothers,i call my brothers,i-call-my-brothers,,,0,2014-01-22,,New Ohio Theatre,,1,0,0,2026-05-21 01:56:32,2026-05-21 02:24:51
787,Outside Mullingar,outside mullingar,outside-mullingar-reviews,,,0,2014-01-23,,Samuel J. Friedman,,1,0,1,2026-05-21 01:56:32,2026-05-21 02:24:26
838,Stop Hitting Yourself,stop hitting yourself,stop-hitting-yourself,,,0,2014-01-27,,Claire Tow Theater,,1,0,0,2026-05-21 01:56:32,2026-05-21 02:24:45
1388,Rosencrantz and Guildenstern Are Dead,rosencrantz and guildenstern are dead,rosencrantz-and-guildenst,,,0,2014-01-28,,The Pearl Theater,,1,0,0,2026-05-21 01:56:44,2026-05-21 02:25:23
837,The Wong Kids in the Secret of the Space Chupacabra Go!,wong kids in the secret of the space chupacabra go,the-wong-kids-reviews,,,0,2014-01-28,,La MaMa E.T.C.,,1,0,0,2026-05-21 01:56:32,2026-05-21 02:24:45
1394,Actress Fury,actress fury,actress-fury-reviews,,,0,2014-01-29,,The Bushwick Starr,,1,0,0,2026-05-21 01:56:44,2026-05-21 02:25:26
851,Beertown,beertown,beertown,,,0,2014-01-29,,59E59 Theaters,,1,0,0,2026-05-21 01:56:32,2026-05-21 02:24:52
843,Intimacy,intimacy,intimacy,,,0,2014-01-29,,Acorn Theatre,,1,0,0,2026-05-21 01:56:32,2026-05-21 02:24:47
844,A Man’s a Man,mans a man,a-mans-a-man,,,0,2014-01-30,,Classic Stage Comp.,,1,0,0,2026-05-21 01:56:32,2026-05-21 02:24:47
849,Adult,adult,adult,,,0,2014-01-30,,Abrons Arts Center Henry Street Settlement,,1,0,0,2026-05-21 01:56:32,2026-05-21 02:24:49
1416,The Chocolate Show,chocolate show,the-chocolate-show-reviews,,,0,2014-02-01,,47th Street Theatre,,1,0,0,2026-05-21 01:56:44,2026-05-21 02:25:33
1392,Queen of the Night,queen of the night,queen-of-the-night,,,0,2014-02-02,,Paramount Hotel,,1,0,0,2026-05-21 01:56:44,2026-05-21 02:18:56
1397,Philosophy For Gangsters,philosophy for gangsters,philosophy-for-gangsters-reviews,,,0,2014-02-04,,Beckett Theatre,,1,0,0,2026-05-21 01:56:44,2026-05-21 02:25:27
1400,Twelfth Night (Abrons Arts Center),twelfth night abrons arts center,twelfth-night-reviews,,,0,2014-02-04,,Abrons Arts Center Henry Street Settlement,,1,0,0,2026-05-21 01:56:44,2026-05-21 02:14:50
853,Little Me,little me,little-me-reviews,,,0,2014-02-05,,New York City Center,,1,0,0,2026-05-21 01:56:32,2026-05-21 02:24:52
854,Riding the Midnight Express,riding the midnight express,riding-the-midnight-express-reviews,,,0,2014-02-05,,St. Luke's Theatre,,1,0,0,2026-05-21 01:56:32,2026-05-21 02:24:53
801,Bronx Bombers,bronx bombers,bronx-bombers-reviews,,,0,2014-02-06,,Circle in the Square,,1,0,1,2026-05-21 01:56:32,2026-05-21 02:24:30
1395,Bob Marley's Three Little Birds,bob marleys three little birds,bob-marleys-three-little-birds-reviews,,,0,2014-02-07,,New Victory Theater,,1,0,0,2026-05-21 01:56:44,2026-05-21 02:25:26
1412,Stage Kiss,stage kiss,stage-kiss-reviews,,,0,2014-02-07,,Playwrights Horizons,,1,0,0,2026-05-21 01:56:44,2026-05-21 02:25:31
1401,The Faire,faire,the-faire-reviews,,,0,2014-02-07,,Fourth Street Theatre,,1,0,0,2026-05-21 01:56:44,2026-05-21 02:25:28
1403,Transport,transport,transport-reviews,,,0,2014-02-07,,Irish Repertory Theatre,,1,0,0,2026-05-21 01:56:44,2026-05-21 02:25:30
1398,Sex Tips for Straight Women From a Gay Man,sex tips for straight women from a gay man,sex-tips-for-straight-women-from-a-gay-man-reviews,,,0,2014-02-09,,777 Theater,,1,0,0,2026-05-21 01:56:44,2026-05-21 02:15:24
1414,The Open House,open house,the-open-house-reviews,,,0,2014-02-11,,Signature Theatre,,1,0,0,2026-05-21 01:56:44,2026-05-21 02:25:32
1413,Arlington,arlington,arlington-reviews,,,0,2014-02-12,,Vineyard Theatre,,1,0,0,2026-05-21 01:56:44,2026-05-21 02:25:32
1411,Ode to Joy,ode to joy,ode-to-joy-reviews,,,0,2014-02-12,,Cherry Lane Theatre,,1,0,0,2026-05-21 01:56:44,2026-05-21 02:25:32
1399,Dinner With Friends,dinner with friends,dinner-with-friends-reviews,,,0,2014-02-13,,Laura Pels Theatre at the Harold and Miriam Steinberg Center for Theatre,,1,0,0,2026-05-21 01:56:44,2026-05-21 02:25:29
856,The Correspondent,correspondent,the-correspondent-reviews,,,0,2014-02-13,,Rattlestick Theatre,,1,0,0,2026-05-21 01:56:32,2026-05-21 02:24:53
1426,Satchmo at the Waldorf,satchmo at the waldorf,satchmo-at-the-waldorf-reviews,,,0,2014-02-15,,Westside Theatre,,1,0,0,2026-05-21 01:56:46,2026-05-21 02:23:51
1402,Sotto Voce,sotto voce,sotto-voce-reviews,,,0,2014-02-15,,Theatre for the New City,,1,0,0,2026-05-21 01:56:44,2026-05-21 02:25:29
1417,Antony and Cleopatra,antony and cleopatra,antony-and-cleopatra-reviews,,,0,2014-02-18,,The Public Theater,,1,0,0,2026-05-21 01:56:44,2026-05-21 02:25:34
1405,Bikeman: A 9/11 Play,bikeman a 911 play,bikeman-a-911-play-reviews,,,0,2014-02-18,,BMCC Tribeca Performing Arts Cente,,1,0,0,2026-05-21 01:56:44,2026-05-21 02:25:29
828,Hand to God,hand to god,hand-to-god-reviews,,,0,2014-02-19,,Lucille Lortel Theatre,,1,0,1,2026-05-21 01:56:32,2026-05-21 02:24:41
1404,Love and Information,love and information,love-and-information-reviews,,,0,2014-02-19,,Minetta Lane Theatre,,1,0,0,2026-05-21 01:56:44,2026-05-21 02:25:29
1406,Til Divorce Do Us Part,til divorce do us part,til-divorce-do-us-part-reviews,,,0,2014-02-19,,DR2 Theatre,,1,0,0,2026-05-21 01:56:44,2026-05-21 02:25:30
1408,My Mother Has 4 Noses,my mother has 4 noses,my-mother-has-4-noses-reviews,,,0,2014-02-20,,37 Arts Theatre,,1,0,0,2026-05-21 01:56:44,2026-05-21 02:25:31
1407,The Bridges of Madison County,bridges of madison county,the-bridges-of-madison-county-reviews,,,0,2014-02-20,,Gerald Schoenfeld,,1,0,1,2026-05-21 01:56:44,2026-05-21 02:23:51
858,Kung Fu,kung fu,kung-fu-reviews,,,0,2014-02-24,,Signature Theatre,,1,0,0,2026-05-21 01:56:32,2026-05-21 02:24:54
764,London Wall,london wall,london-wall-reviews,,,0,2014-02-24,,Mint Theatre,,1,0,0,2026-05-21 01:56:32,2026-05-21 02:24:16
792,Appropriate,appropriate,appropriate-reviews,,,0,2014-02-25,,Signature Theatre,,1,0,1,2026-05-21 01:56:32,2026-05-21 02:23:59
807,No Exit,no exit,no-exit-reviews,,,0,2014-02-25,,37 Arts Theatre,,1,0,0,2026-05-21 01:56:32,2026-05-21 02:24:01
1419,Nothing on Earth Can Hold Houdini,nothing on earth can hold houdini,nothing-on-earth-can-hold-houdini-reviews,,,0,2014-02-27,,Axis Theatre,,1,0,0,2026-05-21 01:56:44,2026-05-21 02:25:34
1421,Character Man,character man,character-man-reviews,,,0,2014-02-28,,Urban Stages,,1,0,0,2026-05-21 01:56:44,2026-05-21 02:14:45
847,Measure for Measure,measure for measure,measure-for-measure-reviews,,,0,2014-02-28,,New Victory Theater,,1,0,0,2026-05-21 01:56:32,2026-05-21 02:24:49
827,The Hero,hero,the-hero-reviews,,,0,2014-03-01,,Metropolitan Playhouse,,1,0,0,2026-05-21 01:56:32,2026-05-21 02:24:40
1415,The Happiest Song Plays Last,happiest song plays last,the-happiest-song-plays-last-reviews,,,0,2014-03-03,,Second Stage Theatre,,1,0,0,2026-05-21 01:56:44,2026-05-21 02:25:33
794,Stockholm,stockholm,stockholm-reviews,,,0,2014-03-05,,59E59 Theaters,,1,0,0,2026-05-21 01:56:32,2026-05-21 02:23:59
1418,All The Way,all the way,all-the-way-reviews,,,0,2014-03-06,,Neil Simon Theatre,,1,0,1,2026-05-21 01:56:44,2026-05-21 02:23:41
812,"The Pig, or Vaclav Havel’s Hunt for a Pig",pig or vaclav havels hunt for a pig,the-pig-or-vaclav-havels-hunt-for-a-pig-reviews,,,0,2014-03-06,,3LD Art & Technology Center,,1,0,0,2026-05-21 01:56:32,2026-05-21 02:23:57
880,And Baby Makes Seven,and baby makes seven,and-baby-makes-seven-reviews,,,0,2014-03-11,,New Ohio Theatre,,1,0,0,2026-05-21 01:56:32,2026-05-21 02:24:01
1433,Beyond Therapy,beyond therapy,beyond-therapy-reviews,,,0,2014-03-11,,Beckett Theatre,,1,0,0,2026-05-21 01:56:46,2026-05-21 02:14:50
1423,50 Shades! The Musical,50 shades the musical,50-shades-the-musical-reviews,,,0,2014-03-12,,Elektra Theatre,,1,0,0,2026-05-21 01:56:46,2026-05-21 02:20:38
950,Fast Company,fast company,fast-company-reviews,,,0,2014-03-12,,Ensemble Studio Theater,,1,0,0,2026-05-21 01:56:32,2026-05-21 02:24:08
1420,Take Me Back,take me back,take-me-back-reviews,,,0,2014-03-12,,Walkerspace,,1,0,0,2026-05-21 01:56:44,2026-05-21 02:25:35
772,Adoration of the Old Woman,adoration of the old woman,adoration-of-the-old-woman-reviews,,,0,2014-03-13,,Intar Theatre,,1,0,0,2026-05-21 01:56:32,2026-05-21 02:23:59
791,Beauty and the Beast,beauty and the beast,beauty-and-the-beast-reviews,,,0,2014-03-13,,Abrons Arts Center Henry Street Settlement,,1,0,0,2026-05-21 01:56:32,2026-05-21 02:23:59
1422,Rocky,rocky,rocky-reviews,,,0,2014-03-13,,Winter Garden Theatre,,1,0,1,2026-05-21 01:56:46,2026-05-21 02:23:22
790,The Real Americans,real americans,the-real-americans-reviews,,,0,2014-03-13,,Culture Project,,1,0,0,2026-05-21 01:56:32,2026-05-21 02:23:58
881,Hellman v. McCarthy,hellman v mccarthy,hellman-v-mccarthy-reviews,,,0,2014-03-14,,Abingdon Theatre Arts Complex,,1,0,0,2026-05-21 01:56:32,2026-05-21 02:24:03
1429,King Lear,king lear,king-lear-reviews,,,0,2014-03-14,,Polonsky Shakespeare Center,,1,0,1,2026-05-21 01:56:46,2026-05-21 02:24:09
769,The Junket,junket,the-junket-reivews,,,0,2014-03-14,,Culture Project,,1,0,0,2026-05-21 01:56:32,2026-05-21 02:23:58
1431,These Paper Bullets!,these paper bullets,these-paper-bullets-reviews,,,0,2014-03-14,,Yale Repertory Theatre,,1,0,0,2026-05-21 01:56:46,2026-05-21 02:24:08
939,Uriel Acosta: I Want That Man!,uriel acosta i want that man,uriel-acosta-i-want-that-man-reviews,,,0,2014-03-14,,The Chocolate Factory,,1,0,0,2026-05-21 01:56:32,2026-05-21 02:24:08
915,Sir Patient Fancy,sir patient fancy,sir-patient-fancy-reviews,,,0,2014-03-15,,Wild Project,,1,0,0,2026-05-21 01:56:32,2026-05-21 02:24:06
1436,I Remember Mama,i remember mama,i-remember-mama-reviews,,,0,2014-03-16,,The Gym at Judson,,1,0,0,2026-05-21 01:56:46,2026-05-21 02:24:11
893,Jasper in Deadland,jasper in deadland,jasper-in-deadland-reviews,,,0,2014-03-16,,West End Theatre,,1,0,0,2026-05-21 01:56:32,2026-05-21 02:24:02
1424,Tales from Red Vienna,tales from red vienna,tales-from-red-vienna-reviews,,,0,2014-03-18,,MTC,,1,0,0,2026-05-21 01:56:46,2026-05-21 02:23:52
1434,Don Juan Comes Home From Iraq,don juan comes home from iraq,don-juan-comes-home-from-iraq-reviews,,,0,2014-03-19,,Wilma Theater,,1,0,0,2026-05-21 01:56:46,2026-05-21 02:24:12
1425,Aladdin,aladdin,aladdin-reviews,,,0,2014-03-20,,New Amsterdam,,1,0,1,2026-05-21 01:56:46,2026-05-21 02:14:16
903,The Bardy Bunch,bardy bunch,the-bardy-bunch-reviews,,,0,2014-03-20,,Theatre at St. Clement's,,1,0,0,2026-05-21 01:56:32,2026-05-21 02:24:06
1432,Breathing Time,breathing time,breathing-time-reviews,,,0,2014-03-21,,IATI Theater,,1,0,0,2026-05-21 01:56:46,2026-05-21 02:24:11
1427,Les Miserables,les miserables,les-miserables-reviews,,,0,2014-03-23,,Imperial Theatre,,1,0,1,2026-05-21 01:56:46,2026-05-21 02:17:55
1428,Mothers and Sons,mothers and sons,mothers-and-sons-reviews,,,0,2014-03-24,,John Golden Theatre,,1,0,1,2026-05-21 01:56:46,2026-05-21 02:23:40
905,Red Velvet,red velvet,red-velvet-reviews,,,0,2014-03-25,,St. Ann's Warehouse,,1,0,0,2026-05-21 01:56:32,2026-05-21 02:24:06
1513,Let the Right One In (London),let the right one in london,let-the-right-one-in,,,0,2014-03-26,,Apollo Theatre London,,1,0,0,2026-05-21 01:56:46,2026-05-21 02:23:18
1444,The Shadow of the Hummingbird,shadow of the hummingbird,the-shadow-of-the-hummingbird-reviews,,,0,2014-03-26,,Long Wharf Theatre,,1,0,0,2026-05-21 01:56:46,2026-05-21 02:24:12
1456,Your Mother’s Copy of the Kama Sutra,your mothers copy of the kama sutra,your-mothers-copy-of-the-kama-sutra-reviews,,,0,2014-03-29,,Playwrights Horizons,,1,0,0,2026-05-21 01:56:46,2026-05-21 02:24:15
1437,A Second Chance,second chance,a-second-chance-reviews,,,0,2014-03-30,,Public Theater,,1,0,0,2026-05-21 01:56:46,2026-05-21 02:24:12
1435,If/Then,ifthen,if-then-reviews,,,0,2014-03-30,,Richard Rodgers,,1,0,1,2026-05-21 01:56:46,2026-05-21 02:21:44
902,The Most Deserving,most deserving,the-most-deserving-reviews,,,0,2014-03-30,,New York City Center - Stage II,,1,0,0,2026-05-21 01:56:32,2026-05-21 02:24:04
1438,Heathers The Musical,heathers the musical,heathers-the-musical-reviews,,,0,2014-03-31,,New World Stages,,1,0,0,2026-05-21 01:56:46,2026-05-21 02:23:26
897,Chang in a Void Moon,chang in a void moon,chang-in-a-void-moon-reviews,,,0,2014-04-01,,Incubator Arts Project at St. Mark's Church,,1,0,0,2026-05-21 01:56:32,2026-05-21 02:24:03
1443,A Respectable Widow Takes to Vulgarity,respectable widow takes to vulgarity,a-respectable-widow-takes-to-vulgarity-reviews,,,0,2014-04-02,,59E59 Theaters,,1,0,0,2026-05-21 01:56:46,2026-05-21 02:24:13
899,Cirque du Soleil: Amulana,cirque du soleil amulana,cirque-du-soleil-amulana-reviews,,,0,2014-04-02,,The Grand Chapiteau,,1,0,0,2026-05-21 01:56:32,2026-05-21 02:24:04
898,The Most Happy Fella,most happy fella,the-most-happy-fella-reviews,,,0,2014-04-02,,New York City Center,,1,0,0,2026-05-21 01:56:32,2026-05-21 02:24:05
1439,A Raisin in the Sun,raisin in the sun,a-raisin-in-the-sun-reviews,,,0,2014-04-03,,Ethel Barrymore,,1,0,1,2026-05-21 01:56:46,2026-05-21 02:14:54
900,Greed: A Musical for Our Times,greed a musical for our times,greed-a-musical-for-our-times-reviews,,,0,2014-04-03,,New World Stages,,1,0,0,2026-05-21 01:56:32,2026-05-21 02:24:05
1454,The Mysteries,mysteries,the-mysteries-reviews,,,0,2014-04-03,,The Flea Theater,,1,0,0,2026-05-21 01:56:46,2026-05-21 02:23:45
1452,Our God’s Brother,our gods brother,our-gods-brother-reviews,,,0,2014-04-04,,The Storm Theatre,,1,0,0,2026-05-21 01:56:46,2026-05-21 02:24:14
1440,The Realistic Joneses,realistic joneses,the-realistic-joneses,,,0,2014-04-06,,Lyceum Theatre,,1,0,1,2026-05-21 01:56:46,2026-05-21 02:23:39
901,The Threepenny Opera,threepenny opera,the-threepenny-opera-reviews,,,0,2014-04-07,,Atlantic Theater,,1,0,0,2026-05-21 01:56:32,2026-05-21 02:24:04
904,The Heir Apparent,heir apparent,the-heir-apparent-reviews,,,0,2014-04-09,,Classic Stage Comp.,,1,0,0,2026-05-21 01:56:32,2026-05-21 02:24:07
1451,Ubu Sings Ubu,ubu sings ubu,ubu-sings-ubu-reviews,,,0,2014-04-09,,Abrons Arts Center Henry Street Settlement,,1,0,0,2026-05-21 01:56:46,2026-05-21 02:24:13
1441,Bullets Over Broadway,bullets over broadway,bullets-over-broadway-reviews,,,0,2014-04-10,,St. James Theatre,,1,0,1,2026-05-21 01:56:46,2026-05-21 02:23:15
896,Isolde,isolde,isolde-reviews,,,0,2014-04-10,,Abrons Arts Center Henry Street Settlement,,1,0,0,2026-05-21 01:56:32,2026-05-21 02:24:02
1450,The Mystery of Irma Vep,mystery of irma vep,the-mystery-of-irma-vep-reviews,,,0,2014-04-10,,Lucille Lortel Theatre,,1,0,0,2026-05-21 01:56:46,2026-05-21 02:23:52
1455,Annapurna,annapurna,annapurna-reviews,,,0,2014-04-13,,Acorn Theatre,,1,0,0,2026-05-21 01:56:46,2026-05-21 02:24:15
1442,Lady Day at Emerson's Bar & Grill,lady day at emersons bar grill,lady-day-at-emersons-bar-and-grill-reviews,,,0,2014-04-13,,Circle in the Square,,1,0,0,2026-05-21 01:56:46,2026-05-21 02:23:06
1445,The Library,library,the-library-reviews,,,0,2014-04-15,,Public Theater,,1,0,0,2026-05-21 01:56:46,2026-05-21 02:24:13
1446,Of Mice and Men,of mice and men,of-mice-and-men-reviews,,,0,2014-04-16,,Longacre Theatre,,1,0,1,2026-05-21 01:56:46,2026-05-21 02:23:39
1447,Act One,act one,act-one-reviews,,,0,2014-04-17,,Vivian Beaumont,,1,0,1,2026-05-21 01:56:46,2026-05-21 02:23:53
1457,The World Is Round,world is round,the-world-is-round-reviews,,,0,2014-04-17,,BAM Fishman Space,,1,0,0,2026-05-21 01:56:46,2026-05-21 02:24:16
1448,The Cripple of Inishmaan,cripple of inishmaan,the-cripple-of-inishmaan,,,0,2014-04-20,,Cort Theatre,,1,0,1,2026-05-21 01:56:46,2026-05-21 02:23:40
1449,Violet,violet,violet-reviews,,,0,2014-04-20,,American Airlines,,1,0,1,2026-05-21 01:56:46,2026-05-21 02:23:39
1453,The Velocity of Autumn,velocity of autumn,the-velocity-of-autumn-reviews,,,0,2014-04-21,,Booth Theatre,,1,0,1,2026-05-21 01:56:46,2026-05-21 02:23:52
1496,Hedwig & the Angry Inch,hedwig the angry inch,hedwig-and-the-angry-inch-reviews,,,0,2014-04-22,,Belasco Theatre,,1,0,1,2026-05-21 01:56:46,2026-05-21 02:19:43
1495,Casa Valentina,casa valentina,casa-valentina-reviews,,,0,2014-04-23,,Samuel J. Friedman,,1,0,1,2026-05-21 01:56:46,2026-05-21 02:23:41
1494,Cabaret,cabaret,cabaret-reviews,,,0,2014-04-24,,Studio 54,,1,0,1,2026-05-21 01:56:46,2026-05-21 02:21:48
1488,The Substance of Fire,substance of fire,the-substance-of-fire,,,0,2014-04-27,,Second Stage Theatre,,1,0,0,2026-05-21 01:56:46,2026-05-21 02:23:24
1489,Tony n’ Tina’s Wedding,tony n tinas wedding,tony-n-tinas-wedding,,,0,2014-04-28,,Jan Hus Playhouse,,1,0,0,2026-05-21 01:56:46,2026-05-21 02:23:25
1473,Here Lies Love,here lies love,here-lies-love,,,0,2014-05-01,,The Public Theater,,1,0,1,2026-05-21 01:56:46,2026-05-21 02:22:33
1469,A Fable,fable,a-fable,,,0,2014-05-03,,Cherry Lane Theatre,,1,0,0,2026-05-21 01:56:46,2026-05-21 02:23:32
1480,Forbidden Broadway Comes Out Swinging!,forbidden broadway comes out swinging,forbidden-broadway-comes-out-swinging-2,,,0,2014-05-04,,Davenport Theatre,,1,0,0,2026-05-21 01:56:46,2026-05-21 02:23:24
1477,Sea Marks,sea marks,sea-marks,,,0,2014-05-05,,Irish Repertory Theatre,,1,0,0,2026-05-21 01:56:46,2026-05-21 02:23:47
1479,The City of Conversation,city of conversation,the-city-of-conversation,,,0,2014-05-05,,Mitzi E. Newhouse,,1,0,0,2026-05-21 01:56:46,2026-05-21 02:23:33
1500,The Killer,killer,the-killer,,,0,2014-05-07,,Polonsky Shakespeare Center,,1,0,0,2026-05-21 01:56:46,2026-05-21 02:23:33
1474,In The Park,in the park,in-the-park-2,,,0,2014-05-14,,Axis Theatre,,1,0,0,2026-05-21 01:56:46,2026-05-21 02:23:49
1483,Under My Skin,under my skin,under-my-skin,,,0,2014-05-15,,Little Shubert Theatre,,1,0,0,2026-05-21 01:56:46,2026-05-21 02:23:30
1476,Los Monólogos de la Vagina,los monlogos de la vagina,los-monologos-de-la-vagina,,,0,2014-05-18,,Westside Theatre,,1,0,0,2026-05-21 01:56:46,2026-05-21 02:23:12
1461,Too Much Sun,too much sun,too-much-sun,,,0,2014-05-18,,Vineyard Theatre,,1,0,0,2026-05-21 01:56:46,2026-05-21 02:23:53
1464,The Anthem,anthem,the-anthem,,,0,2014-05-19,,Culture Project,,1,0,0,2026-05-21 01:56:46,2026-05-21 02:23:27
1463,American Hero,american hero,american-hero,,,0,2014-05-22,,McGinn,,1,0,0,2026-05-21 01:56:46,2026-05-21 02:23:50
1467,Deepest Man,deepest man,deepest-man,,,0,2014-05-22,,3LD Art & Technology Center,,1,0,0,2026-05-21 01:56:46,2026-05-21 02:23:47
1487,The Sonic Life of a Giant Tortoise,sonic life of a giant tortoise,the-sonic-life-of-a-giant-tortoise,,,0,2014-05-24,,JACK,,1,0,0,2026-05-21 01:56:46,2026-05-21 02:23:43
1491,When January Feels Like Summer,when january feels like summer,when-january-feels-like-summer-2,,,0,2014-05-28,,Ensemble Studio Theater,,1,0,0,2026-05-21 01:56:46,2026-05-21 02:22:44
1493,Within the Law,within the law,within-the-law-2,,,0,2014-05-31,,Metropolitan Playhouse,,1,0,0,2026-05-21 01:56:46,2026-05-21 02:23:43
1466,Blink,blink,blink,,,0,2014-06-03,,59E59 Theaters,,1,0,0,2026-05-21 01:56:46,2026-05-21 02:23:34
1505,Donogoo,donogoo,donogoo,,,0,2014-06-03,,Mint Theatre,,1,0,0,2026-05-21 01:56:46,2026-05-21 02:23:32
1475,Just Jim Dale,just jim dale,just-jim-dale,,,0,2014-06-03,,Laura Pels Theatre,,1,0,0,2026-05-21 01:56:46,2026-05-21 02:23:33
1465,Arrivals & Departures,arrivals departures,arrivals-departures,,,0,2014-06-04,,59E59 Theaters,,1,0,0,2026-05-21 01:56:46,2026-05-21 02:23:35
1534,They Call Me Q,they call me q,they-call-me-q,,,0,2014-06-04,,St. Luke's Theatre,,1,0,0,2026-05-21 01:56:46,2026-05-21 02:23:16
1478,Carnival Kids,carnival kids,carnival-kids,,,0,2014-06-05,,The Barrow Group,,1,0,0,2026-05-21 01:56:46,2026-05-21 02:23:34
1470,Macbeth,macbeth,macbeth-7,,,0,2014-06-05,,Park Avenue Armory,,1,0,1,2026-05-21 01:56:46,2026-05-21 02:23:44
1485,Our New Girl,our new girl,our-new-girl,,,0,2014-06-10,,Atlantic Theater,,1,0,0,2026-05-21 01:56:46,2026-05-21 02:23:45
1486,Pat Kirkwood is Angry,pat kirkwood is angry,pat-kirkwood-is-angry-2,,,0,2014-06-10,,59E59 Theaters,,1,0,0,2026-05-21 01:56:46,2026-05-21 02:23:36
1490,The Village Bike,village bike,the-village-bike-3,,,0,2014-06-10,,Lucille Lortel Theatre,,1,0,0,2026-05-21 01:56:46,2026-05-21 02:23:43
1462,Fly by Night,fly by night,fly-by-night,,,0,2014-06-11,,Playwrights Horizons,,1,0,0,2026-05-21 01:56:46,2026-05-21 02:23:33
1504,Our Town (Green-Wood Cemetery),our town greenwood cemetery,our-town-green-wood-cemetery,,,0,2014-06-11,,Green-Wood Cemetery,,1,0,0,2026-05-21 01:56:46,2026-05-21 02:23:35
1499,Gertrude Stein Saints!,gertrude stein saints,gertrude-stein-saints,,,0,2014-06-12,,Abrons Arts Center Henry Street Settlement,,1,0,0,2026-05-21 01:56:46,2026-05-21 02:23:37
1512,The Bullpen,bullpen,the-bullpen,,,0,2014-06-12,,Playroom Theater,,1,0,0,2026-05-21 01:56:46,2026-05-21 02:23:29
1501,Side Show (Kennedy Center),side show kennedy center,side-show-kennedy-center,,,0,2014-06-14,,The Kennedy Center,,1,0,0,2026-05-21 01:56:46,2026-05-21 02:23:36
1509,The Muscles in Our Toes,muscles in our toes,the-muscles-in-our-toes,,,0,2014-06-14,,Bank Street Theatre,,1,0,0,2026-05-21 01:56:46,2026-05-21 02:23:28
1481,Much Ado About Nothing,much ado about nothing,much-ado-about-nothing,,,0,2014-06-16,,Delacorte Theatre,,1,0,0,2026-05-21 01:56:46,2026-05-21 02:23:42
1492,The Who and the What,who and the what,the-who-and-the-what,,,0,2014-06-16,,Claire Tow Theater,,1,0,0,2026-05-21 01:56:46,2026-05-21 02:23:42
1498,When We Were Young and Unafraid,when we were young and unafraid,when-we-were-young-and-unafraid,,,0,2014-06-17,,MTC - Stage 1,,1,0,0,2026-05-21 01:56:46,2026-05-21 02:23:38
1571,Barceló con Hielo,barcel con hielo,barcelo-con-hielo,,,0,2014-06-18,,37 Arts Theatre,,1,0,0,2026-05-21 01:56:46,2026-05-21 02:22:57
1514,The Religion Thing,religion thing,the-religion-thing,,,0,2014-06-18,,Cell Theatre,,1,0,0,2026-05-21 01:56:46,2026-05-21 02:23:28
1503,Holler If Ya Hear Me,holler if ya hear me,holler-if-ya-hear-me,,,0,2014-06-19,,Palace Theatre,,1,0,1,2026-05-21 01:56:46,2026-05-21 02:23:24
1521,The Crucible (London),crucible london,the-crucible-old-vic,,,0,2014-06-21,,The Old Vic,,1,0,0,2026-05-21 01:56:46,2026-05-21 02:23:18
1502,The Old Woman,old woman,the-old-woman,,,0,2014-06-22,,BAM Howard Gilman Opera House,,1,0,0,2026-05-21 01:56:46,2026-05-21 02:23:36
1508,Katogora,katogora,katogora,,,0,2014-06-24,,Incubator Arts Project at St. Mark's Church,,1,0,0,2026-05-21 01:56:46,2026-05-21 02:23:30
1510,The Other Mozart,other mozart,the-other-mozart,,,0,2014-06-25,,HERE Arts Center,,1,0,0,2026-05-21 01:56:46,2026-05-21 02:23:29
1506,"Tick, Tick ... Boom!",tick tick boom,tick-tick-boom,,,0,2014-06-25,,New York City Center,,1,0,0,2026-05-21 01:56:46,2026-05-21 02:23:30
1525,Enter At Forest Lawn,enter at forest lawn,enter-at-forest-lawn,,,0,2014-06-26,,Walkerspace,,1,0,0,2026-05-21 01:56:46,2026-05-21 02:23:21
1528,The Qualification of Douglas Evans,qualification of douglas evans,the-qualification-of-douglas-evans,,,0,2014-06-26,,Walkerspace,,1,0,0,2026-05-21 01:56:46,2026-05-21 02:23:21
1523,Brigadoon (Chicago),brigadoon chicago,brigadoon-goodman-theatre,,,0,2014-06-27,,Goodman Theatre,,1,0,0,2026-05-21 01:56:46,2026-05-21 02:23:19
1511,Great Britain (London),great britain london,great-britain-national-theatre,,,0,2014-06-30,,National Theatre,,1,0,0,2026-05-21 01:56:46,2026-05-21 02:23:19
1567,Family Album (OSF),family album osf,family-album-osf,,,0,2014-07-01,,Oregon Shakespeare Festival,,1,0,0,2026-05-21 01:56:46,2026-05-21 02:22:58
1532,Richard III (London),richard iii london,richard-iii-london,,,0,2014-07-01,,Trafalgar Studios,,1,0,0,2026-05-21 01:56:46,2026-05-21 02:23:17
1518,The Qualms (Chicago),qualms chicago,the-qualms,,,0,2014-07-03,,Steppenwolf Theatre,,1,0,0,2026-05-21 01:56:46,2026-05-21 02:23:18
1515,Romeo N Juliet,romeo n juliet,romeo-n-juliet,,,0,2014-07-05,,Richard Rodgers Amphitheater,,1,0,0,2026-05-21 01:56:46,2026-05-21 02:23:29
1517,Kaidan Chibusa no Enoki,kaidan chibusa no enoki,kaidan-chibusa-no-enoki,,,0,2014-07-07,,Lincoln Center Theater,,1,0,0,2026-05-21 01:56:46,2026-05-21 02:23:26
1519,The Long Shrift,long shrift,the-long-shrift,,,0,2014-07-07,,Rattlestick Theatre,,1,0,0,2026-05-21 01:56:46,2026-05-21 02:23:27
1516,Fuerza Bruta: Wayra,fuerza bruta wayra,fuerza-bruta-wayra,,,0,2014-07-08,,Daryl Roth Theatre,,1,0,0,2026-05-21 01:56:46,2026-05-21 02:17:51
1527,Gertrude — The Cry,gertrude the cry,gertrude-the-cry,,,0,2014-07-08,,Atlantic Stage Two,,1,0,0,2026-05-21 01:56:46,2026-05-21 02:23:20
1533,Pentecost,pentecost,pentecost,,,0,2014-07-08,,Atlantic Stage Two,,1,0,0,2026-05-21 01:56:46,2026-05-21 02:23:18
1522,The Pigeoning,pigeoning,the-pigeoning,,,0,2014-07-09,,37 Arts Theatre,,1,0,0,2026-05-21 01:56:46,2026-05-21 02:23:24
1531,Picture Ourselves in Latvia,picture ourselves in latvia,picture-ourselves-in-latvia,,,0,2014-07-10,,Access Theater,,1,0,0,2026-05-21 01:56:46,2026-05-21 02:23:20
1535,Twelfth Night,twelfth night,twelfth-night,,,0,2014-07-10,,Municipal Parking Lot,,1,0,0,2026-05-21 01:56:46,2026-05-21 02:23:16
1520,Atomic,atomic,atomic,,,0,2014-07-13,,Acorn Theatre,,1,0,0,2026-05-21 01:56:46,2026-05-21 02:23:25
1524,Pageant: The Musical,pageant the musical,pageant-the-musical,,,0,2014-07-14,,Davenport Theatre,,1,0,0,2026-05-21 01:56:46,2026-05-21 02:22:39
1538,Drop Dead Perfect,drop dead perfect,drop-dead-perfect,,,0,2014-07-15,,Theatre at St. Clement's,,1,0,0,2026-05-21 01:56:46,2026-05-21 02:23:16
1540,Play/Date,playdate,playdate,,,0,2014-07-15,,Fat Baby,,1,0,0,2026-05-21 01:56:46,2026-05-21 02:23:14
1530,The Gig,gig,the-gig,,,0,2014-07-15,,37 Arts Theatre,,1,0,0,2026-05-21 01:56:46,2026-05-21 02:23:22
1529,Living on Love (Williamstown),living on love williamstown,living-on-love,,,0,2014-07-16,,Williamstown Theatre Festival,,1,0,0,2026-05-21 01:56:46,2026-05-21 02:23:16
1526,Pump Boys and Dinettes,pump boys and dinettes,pump-boys-and-dinettes,,,0,2014-07-16,,New York City Center,,1,0,0,2026-05-21 01:56:46,2026-05-21 02:23:21
1536,Clinton The Musical,clinton the musical,clinton-the-musical,,,0,2014-07-18,,Alice Griffin Jewel Box Theatre,,1,0,0,2026-05-21 01:56:46,2026-05-21 02:23:15
1542,Summer Shorts: Series A,summer shorts series a,summer-shorts-series-a,,,0,2014-07-18,,59E59 Theaters,,1,0,0,2026-05-21 01:56:46,2026-05-21 02:23:11
1537,Piece of My Heart,piece of my heart,piece-of-my-heart,,,0,2014-07-21,,The Pershing Square Signature Center,,1,0,0,2026-05-21 01:56:46,2026-05-21 02:22:59
1543,The Lightning Theif,lightning theif,the-lightning-theif,,,0,2014-07-21,,Lucille Lortel Theatre,,1,0,0,2026-05-21 01:56:46,2026-05-21 02:23:10
1544,Strictly Dishonorable,strictly dishonorable,strictly-dishonorable,,,0,2014-07-22,,The Flea Theater,,1,0,0,2026-05-21 01:56:46,2026-05-21 02:23:11
1539,The Pianist of Willesden Lane,pianist of willesden lane,the-pianist-of-willesden-lane,,,0,2014-07-22,,59E59 Theaters,,1,0,0,2026-05-21 01:56:46,2026-05-21 02:23:14
1545,Fool for Love (Williamstown),fool for love williamstown,fool-for-love-williamstown,,,0,2014-07-23,,Williamstown Theatre Festival,,1,0,0,2026-05-21 01:56:46,2026-05-21 02:23:11
1541,Shakespeare in Love: The Play (London),shakespeare in love the play london,shakespeare-in-love-the-play-london,,,0,2014-07-23,,The Noël Coward Theatre,,1,0,0,2026-05-21 01:56:46,2026-05-21 02:23:13
1565,The Great Society,great society,the-great-society-osf,,,0,2014-07-23,,Angus Bowmer Theatre,,1,0,1,2026-05-21 01:56:46,2026-05-21 02:22:36
1553,Summer Shorts: Series B,summer shorts series b,summer-shorts-series-b,,,0,2014-07-26,,59E59 Theaters,,1,0,0,2026-05-21 01:56:46,2026-05-21 02:23:06
1546,Mala Hierba,mala hierba,mala-hierba,,,0,2014-07-28,,McGinn,,1,0,0,2026-05-21 01:56:46,2026-05-21 02:23:10
1550,Stupid Fucking Bird (DC),stupid fucking bird dc,stupid-fucking-bird-dc,,,0,2014-07-28,,Woolly Mammoth Theater,,1,0,0,2026-05-21 01:56:46,2026-05-21 02:23:08
1547,Handball,handball,handball,,,0,2014-07-29,,Marcus Garvey Park,,1,0,0,2026-05-21 01:56:46,2026-05-21 02:23:09
1561,Puppet Titus Andronicus,puppet titus andronicus,puppet-titus-andronicus,,,0,2014-07-30,,Beckett Theatre,,1,0,0,2026-05-21 01:56:46,2026-05-21 02:23:02
1548,Sex with Strangers,sex with strangers,sex-with-strangers,,,0,2014-07-30,,Second Stage Theatre,,1,0,0,2026-05-21 01:56:46,2026-05-21 02:23:09
1549,Between Riverside and Crazy,between riverside and crazy,between-riverside-and-crazy,,,0,2014-07-31,,Atlantic Theater,,1,0,1,2026-05-21 01:56:46,2026-05-21 02:23:08
1566,Dark Meat on a Funny Mind,dark meat on a funny mind,dark-meat-on-a-funny-mind,,,0,2014-07-31,,Nuyorican Poets Cafe,,1,0,0,2026-05-21 01:56:46,2026-05-21 02:23:01
1554,Othello,othello,othello-2,,,0,2014-07-31,,Municipal Parking Lot,,1,0,0,2026-05-21 01:56:46,2026-05-21 02:23:05
1560,The Law of Return,law of return,the-law-of-return,,,0,2014-08-01,,4th Street Theatre,,1,0,0,2026-05-21 01:56:46,2026-05-21 02:23:03
1551,The Good and the True,good and the true,the-good-and-the-true,,,0,2014-08-03,,Daryl Roth Theatre,,1,0,0,2026-05-21 01:56:46,2026-05-21 02:23:07
1552,King Lear,king lear,king-lear-2,,,0,2014-08-05,,Delacorte Theatre,,1,0,0,2026-05-21 01:56:46,2026-05-21 02:23:08
1559,Daredevil,daredevil,daredevil,,,0,2014-08-06,,The Brick,,1,0,0,2026-05-21 01:56:46,2026-05-21 02:23:05
1558,The Maids,maids,the-maids,,,0,2014-08-06,,New York City Center,,1,0,0,2026-05-21 01:56:46,2026-05-21 02:23:03
1555,The Opponent,opponent,the-opponent,,,0,2014-08-06,,59E59 Theaters,,1,0,0,2026-05-21 01:56:46,2026-05-21 02:23:05
1556,Phoenix,phoenix,phoenix,,,0,2014-08-07,,Cherry Lane Theatre,,1,0,0,2026-05-21 01:56:46,2026-05-21 02:23:00
1557,The Visit (Williamstown),visit williamstown,the-visit-williamstown,,,0,2014-08-07,,Williamstown Theatre Festival,,1,0,0,2026-05-21 01:56:46,2026-05-21 02:23:05
1563,Finding Neverland (American Rep),finding neverland american rep,finding-neverland-american-rep,,,0,2014-08-13,,American Repertory Theater,,1,0,0,2026-05-21 01:56:46,2026-05-21 02:23:01
1562,Revolution in the Elbow of Ragnar Agnarsson,revolution in the elbow of ragnar agnarsson,revolution-in-the-elbow-of-ragnar-agnarsson,,,0,2014-08-13,,Minetta Lane Theatre,,1,0,0,2026-05-21 01:56:46,2026-05-21 02:23:02
1568,Voices of Swords,voices of swords,voices-of-swords,,,0,2014-08-15,,Walkerspace,,1,0,0,2026-05-21 01:56:46,2026-05-21 02:22:59
1564,Poor Behavior,poor behavior,poor-behavior,,,0,2014-08-17,,Duke on 42nd Street,,1,0,0,2026-05-21 01:56:46,2026-05-21 02:23:02
1569,The Last Days of Cleopatra,last days of cleopatra,the-last-days-of-cleopatra,,,0,2014-08-20,,Urban Stages,,1,0,0,2026-05-21 01:56:46,2026-05-21 02:22:59
1570,And I and Silence,and i and silence,and-i-and-silence,,,0,2014-08-25,,Romulus Linney Courtyard Theatre at The Pershing Square Signature Center,,1,0,0,2026-05-21 01:56:46,2026-05-21 02:22:58
1588,Olympics Über Alles,olympics ber alles,olympics-uber-alles,,,0,2014-08-27,,St. Luke's Theatre,,1,0,0,2026-05-21 01:56:46,2026-05-21 02:22:50
1572,Dead Behind These Eyes,dead behind these eyes,dead-behind-these-eyes,,,0,2014-08-29,,Sing Sing Karaoke,,1,0,0,2026-05-21 01:56:46,2026-05-21 02:22:57
1573,Trade Practices,trade practices,trade-practices,,,0,2014-08-31,,Governer's Island,,1,0,0,2026-05-21 01:56:46,2026-05-21 02:22:57
1576,My Mañana Comes,my maana comes,my-manana-comes,,,0,2014-09-04,,Peter Jay Sharp,,1,0,0,2026-05-21 01:56:46,2026-05-21 02:22:55
1574,Red Eye of Love,red eye of love,red-eye-of-love,,,0,2014-09-04,,Dicapo Opera Theatre,,1,0,0,2026-05-21 01:56:46,2026-05-21 02:22:55
1575,The Wayside Motor Inn,wayside motor inn,the-wayside-motor-inn,,,0,2014-09-04,,Signature Theatre,,1,0,0,2026-05-21 01:56:46,2026-05-21 02:22:56
1577,Bastards of Strindberg,bastards of strindberg,bastards-of-strindberg,,,0,2014-09-06,,Theatre Row Complex,,1,0,0,2026-05-21 01:56:46,2026-05-21 02:22:56
1585,Dry Land,dry land,dry-land,,,0,2014-09-06,,HERE Arts Center,,1,0,0,2026-05-21 01:56:46,2026-05-21 02:14:44
1579,3 Christs,3 christs,3-christs,,,0,2014-09-07,,Judson Memorial Church,,1,0,0,2026-05-21 01:56:46,2026-05-21 02:22:54
1580,Boys and Girls,boys and girls,boys-and-girls,,,0,2014-09-07,,59E59 Theaters,,1,0,0,2026-05-21 01:56:46,2026-05-21 02:22:54
1581,Bauer,bauer,bauer,,,0,2014-09-08,,59E59 Theaters,,1,0,0,2026-05-21 01:56:46,2026-05-21 02:22:52
1692,Fabulous!,fabulous,fabulous,,,0,2014-09-08,,Times Square Arts Center,,1,0,0,2026-05-21 01:56:48,2026-05-21 02:22:07
1578,Smoke,smoke,smoke,,,0,2014-09-08,,The Flea Theater,,1,0,0,2026-05-21 01:56:46,2026-05-21 02:22:53
1631,Rococo Rouge,rococo rouge,rococo-rouge,,,0,2014-09-09,,XIV,,1,0,0,2026-05-21 01:56:48,2026-05-21 02:22:34
1592,To The Bone,to the bone,to-the-bone,,,0,2014-09-09,,Cherry Lane Theatre,,1,0,0,2026-05-21 01:56:46,2026-05-21 02:22:49
1602,A Sucker Emcee,sucker emcee,a-sucker-emcee,,,0,2014-09-10,,Bank Street Theatre,,1,0,0,2026-05-21 01:56:48,2026-05-21 02:22:48
1582,Bootycandy,bootycandy,bootycandy,,,0,2014-09-10,,Playwrights Horizons,,1,0,0,2026-05-21 01:56:46,2026-05-21 02:22:52
1583,Juárez: A Documentary Mythology,jurez a documentary mythology,juarez-a-documentary-mythology,,,0,2014-09-10,,Rattlestick Theatre,,1,0,0,2026-05-21 01:56:46,2026-05-21 02:22:53
1586,Nico: Underground,nico underground,nico-underground,,,0,2014-09-11,,Theatre for the New City,,1,0,0,2026-05-21 01:56:46,2026-05-21 02:22:51
1584,This Is Our Youth,this is our youth,this-is-our-youth,,,0,2014-09-11,,Cort Theatre,,1,0,1,2026-05-21 01:56:46,2026-05-21 02:21:55
1595,"Teach, Teacher, Teachest",teach teacher teachest,teach-teacher-teachest,,,0,2014-09-12,,Intar Theatre,,1,0,0,2026-05-21 01:56:46,2026-05-21 02:22:41
1606,Bright Star,bright star,bright-star,,,0,2014-09-13,,The Old Globe Theater,,1,0,1,2026-05-21 01:56:48,2026-05-21 02:22:44
1587,Bedbugs!!!,bedbugs,bedbugs,,,0,2014-09-14,,ArcLight Theatre,,1,0,0,2026-05-21 01:56:46,2026-05-21 02:22:39
1597,Mighty Real,mighty real,mighty-real,,,0,2014-09-14,,Theatre at St. Clement's,,1,0,0,2026-05-21 01:56:46,2026-05-21 02:22:49
1596,The Valley of Astonishment,valley of astonishment,the-valley-of-astonishment,,,0,2014-09-14,,Polonsky Shakespeare Center,,1,0,0,2026-05-21 01:56:46,2026-05-21 02:22:48
1589,Solitary Light,solitary light,solitary-light,,,0,2014-09-15,,Axis Theatre,,1,0,0,2026-05-21 01:56:46,2026-05-21 02:22:50
1590,The Fatal Weakness,fatal weakness,the-fatal-weakness,,,0,2014-09-15,,Mint Theatre,,1,0,0,2026-05-21 01:56:46,2026-05-21 02:22:51
1591,Ndebele Funeral,ndebele funeral,ndebele-funeral,,,0,2014-09-16,,59E59 Theaters,,1,0,0,2026-05-21 01:56:46,2026-05-21 02:22:50
1593,Rock Bottom,rock bottom,rock-bottom,,,0,2014-09-17,,Joe's Pub...at the,,1,0,0,2026-05-21 01:56:46,2026-05-21 02:21:48
1598,Almost Home,almost home,almost-home,,,0,2014-09-18,,Acorn Theatre,,1,0,0,2026-05-21 01:56:46,2026-05-21 02:22:48
1594,Love Letters,love letters,love-letters,,,0,2014-09-18,,Nederlander Theatre,,1,0,1,2026-05-21 01:56:46,2026-05-21 02:21:52
1603,Icebound,icebound,icebound,,,0,2014-09-19,,37 Arts Theatre,,1,0,0,2026-05-21 01:56:48,2026-05-21 02:22:46
1605,Belfast Blues,belfast blues,belfast-blues,,,0,2014-09-20,,Barrow Street Theatre,,1,0,0,2026-05-21 01:56:48,2026-05-21 02:22:44
1601,Uncle Vanya,uncle vanya,uncle-vanya-2,,,0,2014-09-21,,The Pearl Theater,,1,0,1,2026-05-21 01:56:48,2026-05-21 02:22:46
1599,Scenes From a Marriage,scenes from a marriage,scenes-from-a-marriage,,,0,2014-09-22,,NY Theatre Workshop,,1,0,0,2026-05-21 01:56:48,2026-05-21 02:22:46
1600,The Money Shot,money shot,the-money-shot,,,0,2014-09-22,,Lucille Lortel Theatre,,1,0,0,2026-05-21 01:56:48,2026-05-21 02:22:46
1607,Chinese Coffee,chinese coffee,chinese-coffee,,,0,2014-09-24,,Roy Arias Stage II,,1,0,0,2026-05-21 01:56:48,2026-05-21 02:22:44
1608,The Old Man and the Old Moon,old man and the old moon,the-old-man-and-the-old-moon-2,,,0,2014-09-26,,New Victory Theater,,1,0,0,2026-05-21 01:56:48,2026-05-21 02:22:44
1604,You Can’t Take It With You,you cant take it with you,you-cant-take-it-with-you,,,0,2014-09-28,,Longacre Theatre,,1,0,1,2026-05-21 01:56:48,2026-05-21 02:21:52
1612,Stalking the Bogeyman,stalking the bogeyman,stalking-the-bogeyman,,,0,2014-09-29,,New World Stages,,1,0,0,2026-05-21 01:56:48,2026-05-21 02:22:02
1609,A Walk in the Woods,walk in the woods,a-walk-in-the-woods,,,0,2014-09-30,,Clurman Theatre,,1,0,0,2026-05-21 01:56:48,2026-05-21 02:22:44
1611,Alan Smithee Directed This Play: Triple Feature,alan smithee directed this play triple feature,alan-smithee-directed-this-play-triple-feature,,,0,2014-09-30,,BAM Harvey Theater,,1,0,0,2026-05-21 01:56:48,2026-05-21 02:22:42
1610,Indian Ink,indian ink,indian-ink,,,0,2014-09-30,,Laura Pels Theatre,,1,0,0,2026-05-21 01:56:48,2026-05-21 02:22:41
1614,King Lear,king lear,king-lear-3,,,0,2014-09-30,,Skirball Center for the Performing Arts @ NYU,,1,0,0,2026-05-21 01:56:48,2026-05-21 02:22:41
1613,Tail! Spin!,tail spin,tail-spin,,,0,2014-10-01,,Culture Project,,1,0,0,2026-05-21 01:56:48,2026-05-21 02:21:49
1627,Extreme Weather,extreme weather,extreme-weather,,,0,2014-10-02,,Theatre for the New City,,1,0,0,2026-05-21 01:56:48,2026-05-21 02:22:34
1623,Port Authority,port authority,port-authority,,,0,2014-10-02,,DR2 Theatre,,1,0,0,2026-05-21 01:56:48,2026-05-21 02:22:37
1628,Tempest,tempest,tempest,,,0,2014-10-02,,La MaMa E.T.C.,,1,0,0,2026-05-21 01:56:48,2026-05-21 02:22:35
1615,The Country House,country house,the-country-house,,,0,2014-10-02,,Samuel J. Friedman,,1,0,1,2026-05-21 01:56:48,2026-05-21 02:22:14
1633,Uncanny Valley,uncanny valley,uncanny-valley,,,0,2014-10-02,,59E59 Theaters,,1,0,0,2026-05-21 01:56:48,2026-05-21 02:22:31
1630,Written in Sand,written in sand,written-in-sand,,,0,2014-10-02,,Baruch Performing Arts Center,,1,0,0,2026-05-21 01:56:48,2026-05-21 02:22:34
1626,Can-Can,cancan,can-can,,,0,2014-10-05,,Paper Mill Playhouse,,1,0,0,2026-05-21 01:56:48,2026-05-21 02:22:35
1616,The Curious Incident of the Dog in the Night-Time,curious incident of the dog in the nighttime,the-curious-incident-of-the-dog-in-the-night-time-reviews,,,0,2014-10-05,,Ethel Barrymore Theater,,1,0,1,2026-05-21 01:56:48,2026-05-21 02:17:58
1620,That Poor Dream,that poor dream,that-poor-dream,,,0,2014-10-06,,New Ohio Theatre,,1,0,0,2026-05-21 01:56:48,2026-05-21 02:22:38
1654,Metamorphosis,metamorphosis,metamorphosis-2,,,0,2014-10-07,,Damrosch Park,,1,0,0,2026-05-21 01:56:48,2026-05-21 02:22:26
1619,"Not I, Footfalls, Rockaby",not i footfalls rockaby,not-i-footfalls-rockaby,,,0,2014-10-07,,BAM Harvey Theater,,1,0,0,2026-05-21 01:56:48,2026-05-21 02:22:39
1618,Shakespeare's Sonnets,shakespeares sonnets,shakespeares-sonnets,,,0,2014-10-07,,BAM Howard Gilman Opera House,,1,0,0,2026-05-21 01:56:48,2026-05-21 02:22:41
1617,The Killing of Sister George,killing of sister george,the-killing-of-sister-george-2,,,0,2014-10-07,,Beckett Theatre,,1,0,0,2026-05-21 01:56:48,2026-05-21 02:22:41
1622,Ghost Quartet,ghost quartet,ghost-quartet,,,0,2014-10-08,,Bushwick Starr,,1,0,0,2026-05-21 01:56:48,2026-05-21 02:22:37
1621,It's Only A Play,its only a play,its-only-a-play,,,0,2014-10-09,,Bernard B. Jacobs,,1,0,1,2026-05-21 01:56:48,2026-05-21 02:21:09
1636,Labyrinth,labyrinth,labyrinth,,,0,2014-10-09,,Abrons Arts Center Henry Street Settlement,,1,0,0,2026-05-21 01:56:48,2026-05-21 02:22:32
1643,Deliverance,deliverance,deliverance,,,0,2014-10-10,,59E59 Theaters,,1,0,0,2026-05-21 01:56:48,2026-05-21 02:22:30
1632,It Has to Be You,it has to be you,it-has-to-be-you,,,0,2014-10-12,,Abingdon Theatre Arts Complex,,1,0,0,2026-05-21 01:56:48,2026-05-21 02:22:33
1624,While I Yet Live,while i yet live,while-i-yet-live,,,0,2014-10-12,,Duke on 42nd Street,,1,0,0,2026-05-21 01:56:48,2026-05-21 02:22:37
1625,Jacuzzi,jacuzzi,jacuzzi,,,0,2014-10-13,,Ars Nova,,1,0,0,2026-05-21 01:56:48,2026-05-21 02:22:36
1647,Father Comes Home From the Wars,father comes home from the wars,father-comes-home-from-the-wars,,,0,2014-10-14,,The Public Theater,,1,0,0,2026-05-21 01:56:48,2026-05-21 02:22:30
1629,Found,found,found,,,0,2014-10-14,,Atlantic Theater,,1,0,0,2026-05-21 01:56:48,2026-05-21 02:22:35
1665,Odd Birdz,odd birdz,odd-birdz,,,0,2014-10-14,,The Players Theatre Steve & Marie Sgouros Theatre,,1,0,0,2026-05-21 01:56:48,2026-05-21 02:22:20
1635,Lennon: Through a Glass Onion,lennon through a glass onion,lennon-through-a-glass-onion,,,0,2014-10-15,,Union Square Theatre,,1,0,0,2026-05-21 01:56:48,2026-05-21 02:21:51
1637,Lippy,lippy,lippy,,,0,2014-10-15,,Abrons Arts Center Henry Street Settlement,,1,0,0,2026-05-21 01:56:48,2026-05-21 02:22:32
1639,4:48 Psychosis,448 psychosis,448-psychosis,,,0,2014-10-16,,St. Ann's Warehouse,,1,0,0,2026-05-21 01:56:48,2026-05-21 02:22:31
1634,On The Town,on the town,on-the-town,,,0,2014-10-16,,Lyric Theatre,,1,0,0,2026-05-21 01:56:48,2026-05-21 02:19:43
1657,Lift,lift,lift,,,0,2014-10-17,,59E59 Theaters,,1,0,0,2026-05-21 01:56:48,2026-05-21 02:22:24
1653,Buzz,buzz,buzz,,,0,2014-10-18,,Tom and Sasha’s Loft,,1,0,0,2026-05-21 01:56:48,2026-05-21 02:22:27
1640,Billy & Ray,billy ray,billy-ray,,,0,2014-10-19,,Vineyard Theatre,,1,0,0,2026-05-21 01:56:48,2026-05-21 02:22:30
1646,Not Afraid,not afraid,not-afraid,,,0,2014-10-19,,UNDER St Marks,,1,0,0,2026-05-21 01:56:48,2026-05-21 02:22:28
1638,The Belle of Amherst,belle of amherst,the-belle-of-amherst,,,0,2014-10-19,,Westside Theatre,,1,0,0,2026-05-21 01:56:48,2026-05-21 02:22:02
1641,brownsville song (b-side for tray),brownsville song bside for tray,brownsville-song-b-side-for-tray,,,0,2014-10-20,,Claire Tow Theater,,1,0,0,2026-05-21 01:56:48,2026-05-21 02:22:30
1642,The Fortress of Solitude,fortress of solitude,the-fortress-of-solitude,,,0,2014-10-22,,The Public Theater,,1,0,0,2026-05-21 01:56:48,2026-05-21 02:22:30
1644,Disgraced,disgraced,disgraced-2,,,0,2014-10-23,,Lyceum Theatre,,1,0,0,2026-05-21 01:56:48,2026-05-21 02:21:48
1655,Spacebar,spacebar,spacebar,,,0,2014-10-24,,The Wild Project,,1,0,0,2026-05-21 01:56:48,2026-05-21 02:22:25
1663,Carnaval,carnaval,carnaval,,,0,2014-10-25,,National Black Theatre,,1,0,0,2026-05-21 01:56:48,2026-05-21 02:22:22
1686,Little Dancer,little dancer,little-dancer,,,0,2014-10-25,,The Kennedy Center,,1,0,0,2026-05-21 01:56:48,2026-05-21 02:22:13
1645,The Last Ship,last ship,the-last-ship-reviews,,,0,2014-10-26,,Neil Simon Theatre,,1,0,1,2026-05-21 01:56:48,2026-05-21 02:21:45
1650,Salt of the Earth,salt of the earth,salt-of-the-earth,,,0,2014-10-28,,BAM Fishman Space,,1,0,0,2026-05-21 01:56:48,2026-05-21 02:22:27
1651,Six Characters in Search of an Author,six characters in search of an author,six-characters-in-search-of-an-author,,,0,2014-10-28,,BAM Harvey Theater,,1,0,0,2026-05-21 01:56:48,2026-05-21 02:22:27
1648,"Lips Together, Teeth Apart",lips together teeth apart,lips-together-teeth-apart,,,0,2014-10-29,,Second Stage Theatre,,1,0,0,2026-05-21 01:56:48,2026-05-21 02:21:50
1649,The Real Thing,real thing,the-real-thing-reviews,,,0,2014-10-30,,American Airlines,,1,0,1,2026-05-21 01:56:48,2026-05-21 02:22:26
1695,THE SEAGULL and SENSE & SENSIBILITY,seagull and sense sensibility,the-seagull-and-sense-sensibility,,,0,2014-10-31,,The Sheen Center,,1,0,0,2026-05-21 01:56:48,2026-05-21 02:22:06
1656,The Maids’ The Maids,maids the maids,the-maids-the-maids,,,0,2014-10-31,,Abrons Arts Center Henry Street Settlement,,1,0,0,2026-05-21 01:56:48,2026-05-21 02:22:24
1680,"Tamburlaine, Parts I & II",tamburlaine parts i ii,tamburlaine-parts-i-and-ii,,,0,2014-11-01,,Polonsky Shakespeare Center,,1,0,0,2026-05-21 01:56:48,2026-05-21 02:21:54
1666,Powerhouse,powerhouse,powerhouse,,,0,2014-11-03,,New Ohio Theatre,,1,0,0,2026-05-21 01:56:48,2026-05-21 02:22:20
1652,The Oldest Boy,oldest boy,the-oldest-boy,,,0,2014-11-03,,Lincoln Center Theater,,1,0,0,2026-05-21 01:56:48,2026-05-21 02:22:27
1691,Major Barbara,major barbara,major-barbara-2,,,0,2014-11-04,,The Pearl Theater,,1,0,0,2026-05-21 01:56:48,2026-05-21 02:22:07
1667,Livin’ la Vida Imelda,livin la vida imelda,livin-la-vida-imelda,,,0,2014-11-05,,Clurman Theatre,,1,0,0,2026-05-21 01:56:48,2026-05-21 02:22:19
1660,Show Boat,show boat,show-boat,,,0,2014-11-05,,Lincoln Center Theater,,1,0,0,2026-05-21 01:56:48,2026-05-21 02:22:23
1659,The Object Lesson,object lesson,the-object-lesson,,,0,2014-11-05,,BAM Fishman Space,,1,0,0,2026-05-21 01:56:48,2026-05-21 02:22:22
1658,Wiesenthal,wiesenthal,wiesenthal,,,0,2014-11-05,,Acorn Theatre,,1,0,0,2026-05-21 01:56:48,2026-05-21 02:22:22
1669,Chairs and a Long Table,chairs and a long table,chairs-and-a-long-table,,,0,2014-11-06,,Clurman Theatre,,1,0,0,2026-05-21 01:56:48,2026-05-21 02:22:20
1661,Sticks and Bones,sticks and bones,sticks-and-bones,,,0,2014-11-06,,The Pershing Square Signature Center,,1,0,0,2026-05-21 01:56:48,2026-05-21 02:22:24
1664,The Band Wagon,band wagon,the-band-wagon,,,0,2014-11-06,,New York City Center,,1,0,0,2026-05-21 01:56:48,2026-05-21 02:22:20
1689,Pitbulls,pitbulls,pitbulls,,,0,2014-11-07,,Rattlestick Theatre,,1,0,0,2026-05-21 01:56:48,2026-05-21 02:22:13
1674,Radio City Christmas Spectacular,radio city christmas spectacular,radio-city-christmas-spectacular,,,0,2014-11-07,,Radio City Music Hall,,1,0,0,2026-05-21 01:56:48,2026-05-21 02:22:17
1681,Straight White Men,straight white men,straight-white-men,,,0,2014-11-07,,Public Theater,,1,0,1,2026-05-21 01:56:48,2026-05-21 02:22:15
1662,You Got Older,you got older,you-got-older,,,0,2014-11-07,,HERE Arts Center,,1,0,0,2026-05-21 01:56:48,2026-05-21 02:22:21
1670,Basetrack Live,basetrack live,basetrack-live,,,0,2014-11-11,,BAM Harvey Theater,,1,0,0,2026-05-21 01:56:48,2026-05-21 02:22:19
1668,Lost Lake,lost lake,lost-lake,,,0,2014-11-11,,MTC - Stage 1,,1,0,0,2026-05-21 01:56:48,2026-05-21 02:21:14
1694,"Pericles, Prince of Tyre",pericles prince of tyre,pericles-prince-of-tyre,,,0,2014-11-11,,Public Theater,,1,0,0,2026-05-21 01:56:48,2026-05-21 02:22:06
1671,Grand Concourse,grand concourse,grand-concourse,,,0,2014-11-12,,Playwrights Horizons,,1,0,0,2026-05-21 01:56:48,2026-05-21 02:22:18
1673,Lypsinka! The Trilogy,lypsinka the trilogy,lypsinka-the-trilogy,,,0,2014-11-13,,Connelly Theater,,1,0,0,2026-05-21 01:56:48,2026-05-21 02:22:16
1688,Asymmetric,asymmetric,asymmetric,,,0,2014-11-14,,59E59 Theaters,,1,0,0,2026-05-21 01:56:48,2026-05-21 02:22:14
1698,On a Stool at the End of the Bar,on a stool at the end of the bar,on-a-stool-at-the-end-of-the-bar,,,0,2014-11-14,,59E59 Theaters,,1,0,0,2026-05-21 01:56:48,2026-05-21 02:22:03
1672,The Strange Case of Dr. Jekyll and Mr. Hyde,strange case of dr jekyll and mr hyde,the-strange-case-of-dr-jekyll-and-mr-hyde,,,0,2014-11-14,,Abingdon Theatre Arts Complex,,1,0,0,2026-05-21 01:56:48,2026-05-21 02:22:18
1676,Our Lady of Kibeho,our lady of kibeho,our-lady-of-kibeho,,,0,2014-11-16,,Signature Theatre,,1,0,0,2026-05-21 01:56:48,2026-05-21 02:22:17
1675,The River,river,the-river,,,0,2014-11-16,,Circle in the Square,,1,0,1,2026-05-21 01:56:48,2026-05-21 02:21:54
1697,Tristan & Yseult,tristan yseult,tristan-yseult,,,0,2014-11-16,,St. Ann's Warehouse,,1,0,0,2026-05-21 01:56:48,2026-05-21 02:22:03
1687,Blank! The Musical,blank the musical,blank-the-musical,,,0,2014-11-17,,New World Stages,,1,0,0,2026-05-21 01:56:48,2026-05-21 02:22:05
1678,I See You,i see you,i-see-you,,,0,2014-11-17,,The Flea Theater,,1,0,0,2026-05-21 01:56:48,2026-05-21 02:22:16
1679,Punk Rock,punk rock,punk-rock,,,0,2014-11-17,,Lucille Lortel Theatre,,1,0,0,2026-05-21 01:56:48,2026-05-21 02:22:17
1677,Side Show,side show,side-show,,,0,2014-11-17,,St. James Theatre,,1,0,1,2026-05-21 01:56:48,2026-05-21 02:21:53
1682,By the Water,by the water,by-the-water,,,0,2014-11-18,,MTC,,1,0,0,2026-05-21 01:56:48,2026-05-21 02:21:16
1683,Allegro,allegro,allegro,,,0,2014-11-19,,Classic Stage Comp.,,1,0,0,2026-05-21 01:56:48,2026-05-21 02:22:15
1709,The Invisible Hand,invisible hand,the-invisible-hand,,,0,2014-11-19,,NY Theatre Workshop,,1,0,0,2026-05-21 01:56:48,2026-05-21 02:21:58
1684,The Underclassman,underclassman,the-underclassman,,,0,2014-11-19,,Duke on 42nd Street,,1,0,0,2026-05-21 01:56:48,2026-05-21 02:22:14
1685,A Delicate Balance,delicate balance,a-delicate-balance,,,0,2014-11-20,,John Golden Theatre,,1,0,0,2026-05-21 01:56:48,2026-05-21 02:21:52
1161,Rollo's Wild Oat,rollos wild oat,rock-'n'-roll,,,0,2014-11-20,,Metropolitan Playhouse,,1,0,0,2026-05-21 01:56:38,2026-05-21 02:30:34
1699,Rollo's Wild Oat,rollos wild oat,rollos-wild-oat,,,0,2014-11-20,,Metropolitan Playhouse,,1,0,0,2026-05-21 01:56:48,2026-05-21 02:22:04
1713,Pocatello,pocatello,pocatello,,,0,2014-11-21,,Playwrights Horizons,,1,0,0,2026-05-21 01:56:48,2026-05-21 02:21:56
1704,War,war,war,,,0,2014-11-21,,Yale Repertory Theatre,,1,0,0,2026-05-21 01:56:48,2026-05-21 02:22:01
1690,A Particle of Dread,particle of dread,a-particle-of-dread,,,0,2014-11-23,,Signature Theatre,,1,0,0,2026-05-21 01:56:48,2026-05-21 02:22:06
1693,"Me, My Mouth & I",me my mouth i,me-my-mouth-i,,,0,2014-11-23,,Cherry Lane Theatre,,1,0,0,2026-05-21 01:56:48,2026-05-21 02:21:50
1701,A Christmas Memory,christmas memory,a-christmas-memory,,,0,2014-11-25,,DR2 Theatre,,1,0,0,2026-05-21 01:56:48,2026-05-21 02:22:02
1696,Swamp Juice,swamp juice,swamp-juice,,,0,2014-11-28,,Barrow Street Theatre,,1,0,0,2026-05-21 01:56:48,2026-05-21 02:21:56
1702,On the Other Side of the River,on the other side of the river,on-the-other-side-of-the-river,,,0,2014-11-29,,HERE Arts Center,,1,0,0,2026-05-21 01:56:48,2026-05-21 02:22:01
1714,Horse Girls,horse girls,horse-girls,,,0,2014-12-03,,Cell Theatre,,1,0,0,2026-05-21 01:56:48,2026-05-21 02:21:55
1706,Send for the Million Men,send for the million men,send-for-the-million-men,,,0,2014-12-03,,HERE Arts Center,,1,0,0,2026-05-21 01:56:48,2026-05-21 02:22:01
1717,Disenchanted!,disenchanted,disenchanted,,,0,2014-12-04,,37 Arts Theatre,,1,0,0,2026-05-21 01:56:48,2026-05-21 02:21:51
1700,The Illusionists,illusionists,the-illusionists,,,0,2014-12-04,,Marquis Theatre,,1,0,0,2026-05-21 01:56:48,2026-05-21 02:21:45
1705,Cirque Zíva,cirque zva,cirque-ziva,,,0,2014-12-05,,New Victory Theater,,1,0,0,2026-05-21 01:56:48,2026-05-21 02:22:01
1708,Dr. Seuss’ How the Grinch Stole Christmas! The Musical,dr seuss how the grinch stole christmas the musical,dr-seuss-how-the-grinch-stole-christmas-the-musical-2,,,0,2014-12-05,,Madison Square Garden,,1,0,0,2026-05-21 01:56:48,2026-05-21 02:21:58
1710,Every Brilliant Thing,every brilliant thing,every-brilliant-thing,,,0,2014-12-05,,Barrow Street Theatre,,1,0,1,2026-05-21 01:56:48,2026-05-21 02:21:57
1707,The Asphalt Christmas,asphalt christmas,the-asphalt-christmas,,,0,2014-12-05,,Theatre Row Complex,,1,0,0,2026-05-21 01:56:48,2026-05-21 02:21:59
1711,War Lesbian,war lesbian,war-lesbian,,,0,2014-12-05,,Dixon Place,,1,0,0,2026-05-21 01:56:48,2026-05-21 02:21:57
1703,The Elephant Man,elephant man,the-elephant-man-2,,,0,2014-12-07,,Booth Theatre,,1,0,0,2026-05-21 01:56:48,2026-05-21 02:21:32
1720,Dying for It,dying for it,dying-for-it,,,0,2014-12-11,,Atlantic Theater,,1,0,0,2026-05-21 01:56:48,2026-05-21 02:21:46
1712,Nella Tempesta,nella tempesta,nella-tempesta,,,0,2014-12-11,,La MaMa E.T.C.,,1,0,0,2026-05-21 01:56:48,2026-05-21 02:21:57
1715,Cafe Society Swing,cafe society swing,cafe-society-swing,,,0,2014-12-16,,59E59 Theaters,,1,0,0,2026-05-21 01:56:48,2026-05-21 02:21:51
1716,My Son the Waiter: A Jewish Tragedy,my son the waiter a jewish tragedy,my-son-the-waiter-a-jewish-tragedy,,,0,2014-12-28,,The Triad Theater,,1,0,0,2026-05-21 01:56:48,2026-05-21 02:21:52
1718,The Temptations & The Four Tops,temptations the four tops,the-temptations-the-four-tops,,,0,2014-12-29,,Palace Theatre,,1,0,0,2026-05-21 01:56:48,2026-05-21 02:21:48
1719,Winners and Losers,winners and losers,winners-and-losers,,,0,2015-01-04,,Soho Repertory,,1,0,0,2026-05-21 01:56:48,2026-05-21 02:21:47
1721,Sorry Robot,sorry robot,sorry-robot,,,0,2015-01-06,,New Ohio Theatre,,1,0,0,2026-05-21 01:56:48,2026-05-21 02:21:45
1725,Ancient Lives,ancient lives,ancient-lives,,,0,2015-01-07,,The Kitchen,,1,0,0,2026-05-21 01:56:48,2026-05-21 02:21:43
1736,I’m Gonna Pray for You So Hard,im gonna pray for you so hard,im-gonna-pray-for-you-so-hard,,,0,2015-01-07,,Atlantic Theater,,1,0,0,2026-05-21 01:56:48,2026-05-21 02:21:38
1723,The Blind Date Project,blind date project,the-blind-date-project,,,0,2015-01-07,,Parkside Lounge,,1,0,0,2026-05-21 01:56:48,2026-05-21 02:21:44
1734,Ham: A Musical Memoir,ham a musical memoir,ham-a-musical-memoir,,,0,2015-01-08,,Ars Nova,,1,0,0,2026-05-21 01:56:48,2026-05-21 02:21:40
1724,Kansas City Choir Boy,kansas city choir boy,kansas-city-choir-boy,,,0,2015-01-08,,HERE Arts Center,,1,0,0,2026-05-21 01:56:48,2026-05-21 02:21:43
1730,YOUARENOWHERE,youarenowhere,youarenowhere,,,0,2015-01-08,,The Invisible Dog Art Center,,1,0,0,2026-05-21 01:56:48,2026-05-21 02:21:39
1722,Ike at Night,ike at night,ike-at-night,,,0,2015-01-09,,The Public Theater,,1,0,0,2026-05-21 01:56:48,2026-05-21 02:21:45
1733,A Beautiful Day in November on the Banks of the Greatest of the Great Lakes,beautiful day in november on the banks of the greatest of the great lakes,a-beautiful-day-in-november-on-the-banks-of-the-greatest-of-the-great-lakes,,,0,2015-01-12,,New York City Center,,1,0,0,2026-05-21 01:56:48,2026-05-21 02:21:40
1726,The Cardinals,cardinals,the-cardinals,,,0,2015-01-12,,The Public Theater,,1,0,0,2026-05-21 01:56:48,2026-05-21 02:21:43
1729,A 24-Decade History of Popular Music: 1900 – 1950s,24decade history of popular music 1900 1950s,a-24-decade-history-of-popular-music-1900-1950s,,,0,2015-01-13,,New York Live Arts,,1,0,0,2026-05-21 01:56:48,2026-05-21 02:21:42
1728,Brickman Brando Bubble Boom,brickman brando bubble boom,brickman-brando-bubble-boom,,,0,2015-01-13,,The Public Theater,,1,0,0,2026-05-21 01:56:48,2026-05-21 02:21:43
1727,Constellations,constellations,constellations,,,0,2015-01-13,,Samuel J. Friedman Theatre,,1,0,1,2026-05-21 01:56:48,2026-05-21 02:21:31
1735,The Woodsman,woodsman,the-woodsman,,,0,2015-01-13,,59E59 Theaters,,1,0,0,2026-05-21 01:56:48,2026-05-21 02:21:40
1737,Another Medea,another medea,another-medea,,,0,2015-01-14,,The Wild Project,,1,0,0,2026-05-21 01:56:48,2026-05-21 02:21:39
1731,Audio Abramovic,audio abramovic,audio-abramovic,,,0,2015-01-14,,The Public Theater,,1,0,0,2026-05-21 01:56:48,2026-05-21 02:21:40
1746,Da,da,da,,,0,2015-01-14,,Irish Repertory Theatre,,1,0,0,2026-05-21 01:56:48,2026-05-21 02:21:24
1742,Winners,winners,winners,,,0,2015-01-14,,Ensemble Studio Theater,,1,0,0,2026-05-21 01:56:48,2026-05-21 02:21:37
1732,Honeymoon in Vegas,honeymoon in vegas,honeymoon-in-vegas,,,0,2015-01-15,,Nederlander Theatre,,1,0,0,2026-05-21 01:56:48,2026-05-21 02:20:59
1738,Mrs. Mayfield’s Fifth-Grade Class of ’93 20-Year Reunion,mrs mayfields fifthgrade class of 93 20year reunion,mrs-mayfields-fifth-grade-class-of-93-20-year-reunion,,,0,2015-01-15,,Various Locations,,1,0,0,2026-05-21 01:56:48,2026-05-21 02:21:38
1751,Shesh Yak,shesh yak,shesh-yak,,,0,2015-01-15,,Rattlestick Theatre,,1,0,0,2026-05-21 01:56:48,2026-05-21 02:21:34
1739,Wyoming,wyoming,wyoming,,,0,2015-01-15,,Theatre for the New City,,1,0,0,2026-05-21 01:56:48,2026-05-21 02:21:38
1743,Everybody Gets Cake!,everybody gets cake,everybody-gets-cake,,,0,2015-01-16,,59E59 Theaters,,1,0,0,2026-05-21 01:56:48,2026-05-21 02:21:35
1741,Film Chinois,film chinois,film-chinois,,,0,2015-01-17,,Beckett Theatre,,1,0,0,2026-05-21 01:56:48,2026-05-21 02:21:38
1748,The Road to Damascus,road to damascus,the-road-to-damascus,,,0,2015-01-17,,59E59 Theaters,,1,0,0,2026-05-21 01:56:48,2026-05-21 02:21:34
1745,Let the Right One In,let the right one in,let-the-right-one-in-2,,,0,2015-01-20,,St. Ann's Warehouse,,1,0,0,2026-05-21 01:56:48,2026-05-21 02:21:33
1740,Into the Woods,into the woods,into-the-woods-2,,,0,2015-01-22,,Laura Pels Theatre,,1,0,0,2026-05-21 01:56:48,2026-05-21 02:21:14
1752,The Human Symphony,human symphony,the-human-symphony,,,0,2015-01-22,,New Ohio Theatre,,1,0,0,2026-05-21 01:56:48,2026-05-21 02:21:33
1753,Titus Andronicus,titus andronicus,titus-andronicus,,,0,2015-01-22,,HERE Arts Center,,1,0,0,2026-05-21 01:56:48,2026-05-21 02:21:34
1744,Lionboy,lionboy,lionboy,,,0,2015-01-23,,New Victory Theater,,1,0,0,2026-05-21 01:56:48,2026-05-21 02:21:35
1749,The Golden Toad,golden toad,the-golden-toad,,,0,2015-01-23,,La MaMa E.T.C.,,1,0,0,2026-05-21 01:56:48,2026-05-21 02:21:36
1747,Nevermore,nevermore,nevermore-2,,,0,2015-01-25,,New World Stages,,1,0,0,2026-05-21 01:56:48,2026-05-21 02:21:13
1755,City of,city of,city-of,,,0,2015-01-27,,Peter Jay Sharp,,1,0,0,2026-05-21 01:56:48,2026-05-21 02:21:30
1756,Texas in Paris,texas in paris,texas-in-paris,,,0,2015-01-27,,York Theatre Company,,1,0,0,2026-05-21 01:56:48,2026-05-21 02:21:31
1750,A Month in the Country,month in the country,a-month-in-the-country,,,0,2015-01-29,,Classic Stage Comp.,,1,0,0,2026-05-21 01:56:48,2026-05-21 02:21:33
1776,Brooklynite,brooklynite,brooklynite-review,,,0,2015-01-30,,Vineyard Theatre,,1,0,0,2026-05-21 01:56:48,2026-05-21 02:21:16
1758,Pretty Filthy,pretty filthy,pretty-filthy,,,0,2015-01-31,,Abrons Arts Center Henry Street Settlement,,1,0,0,2026-05-21 01:56:48,2026-05-21 02:21:30
1795,Fashions for Men,fashions for men,fashions-for-men-review,,,0,2015-02-03,,Mint Theatre,,1,0,0,2026-05-21 01:56:48,2026-05-21 02:21:10
1507,The Lion,lion,the-lion,,,0,2015-02-03,,Lynn Redgrave Theatre,,1,0,0,2026-05-21 01:56:46,2026-05-21 02:21:12
1773,The World of Extreme Happiness,world of extreme happiness,the-world-of-extreme-happiness-review,,,0,2015-02-03,,New York City Center,,1,0,0,2026-05-21 01:56:48,2026-05-21 02:21:22
1754,"Lady, Be Good!",lady be good,lady-be-good,,,0,2015-02-04,,New York City Center,,1,0,0,2026-05-21 01:56:48,2026-05-21 02:21:31
1757,The Listeners,listeners,the-listeners,,,0,2015-02-04,,The Brick,,1,0,0,2026-05-21 01:56:48,2026-05-21 02:21:28
1770,Big Love,big love,big-love,,,0,2015-02-05,,Signature Theatre,,1,0,0,2026-05-21 01:56:48,2026-05-21 02:21:22
1764,The Iceman Cometh,iceman cometh,the-iceman-cometh,,,0,2015-02-05,,BAM Harvey Theater,,1,0,0,2026-05-21 01:56:48,2026-05-21 02:21:26
1771,The Insurgents,insurgents,the-insurgents,,,0,2015-02-05,,Bank Street Theatre,,1,0,0,2026-05-21 01:56:48,2026-05-21 02:21:23
1772,Churchill,churchill,churchill-review,,,0,2015-02-06,,New World Stages,,1,0,0,2026-05-21 01:56:48,2026-05-21 02:20:12
1783,John & Jen,john jen,john-jen-review,,,0,2015-02-10,,37 Arts Theatre,,1,0,0,2026-05-21 01:56:48,2026-05-21 02:21:20
1781,Rocket to the Moon,rocket to the moon,rocket-to-the-moon-review,,,0,2015-02-10,,Theatre at St. Clement's,,1,0,0,2026-05-21 01:56:48,2026-05-21 02:21:21
1769,The Winter’s Tale,winters tale,the-winters-tale-2,,,0,2015-02-10,,The Pearl Theater,,1,0,0,2026-05-21 01:56:48,2026-05-21 02:21:25
1767,The Groundling,groundling,the-groundling,,,0,2015-02-11,,Axis Theatre,,1,0,0,2026-05-21 01:56:48,2026-05-21 02:21:26
1778,Five Times in One Night,five times in one night,five-times-in-one-night-review,,,0,2015-02-12,,Ensemble Studio Theater,,1,0,0,2026-05-21 01:56:48,2026-05-21 02:21:15
1761,Horseplay,horseplay,horseplay,,,0,2015-02-13,,La MaMa E.T.C.,,1,0,0,2026-05-21 01:56:48,2026-05-21 02:21:29
1779,An Octoroon,octoroon,an-octoroon-review,,,0,2015-02-14,,Polonsky Shakespeare Center,,1,0,0,2026-05-21 01:56:48,2026-05-21 02:21:13
1763,Rap Guide to Religion,rap guide to religion,rap-guide-to-religion,,,0,2015-02-16,,Soho Playhouse,,1,0,0,2026-05-21 01:56:48,2026-05-21 02:21:26
1787,Abundance,abundance,abundance-review,,,0,2015-02-17,,Beckett Theatre,,1,0,0,2026-05-21 01:56:48,2026-05-21 02:21:19
1777,Bright Half Life,bright half life,bright-half-life-review,,,0,2015-02-17,,New York City Center - Stage II,,1,0,0,2026-05-21 01:56:48,2026-05-21 02:21:22
1759,Hamilton,hamilton,hamilton,,,0,2015-02-17,,Public Theater,,1,0,1,2026-05-21 01:56:48,2026-05-21 02:21:28
1762,Little Children Dream of God,little children dream of god,little-children-dream-of-god,,,0,2015-02-17,,Roundabout Underground,,1,0,0,2026-05-21 01:56:48,2026-05-21 02:21:27
1760,Verité,verit,verite,,,0,2015-02-18,,Claire Tow Theater,,1,0,0,2026-05-21 01:56:48,2026-05-21 02:21:30
1765,Western Society,western society,western-society,,,0,2015-02-18,,Skirball Center for the Performing Arts @ NYU,,1,0,0,2026-05-21 01:56:48,2026-05-21 02:21:26
1766,All Our Happy Days Are Stupid,all our happy days are stupid,all-our-happy-days-are-stupid,,,0,2015-02-19,,The Kitchen,,1,0,0,2026-05-21 01:56:48,2026-05-21 02:21:25
1790,Reverberation,reverberation,reverberation-review,,,0,2015-02-19,,Hartford Stage,,1,0,0,2026-05-21 01:56:48,2026-05-21 02:21:17
1788,The Nomad,nomad,the-nomad-review,,,0,2015-02-19,,The Flea Theater,,1,0,0,2026-05-21 01:56:48,2026-05-21 02:21:18
1807,Placebo,placebo,placebo-review,,,0,2015-02-20,,Playwrights Horizons,,1,0,0,2026-05-21 01:56:48,2026-05-21 02:21:07
1797,The Man of the Hour,man of the hour,the-man-of-the-hour-review,,,0,2015-02-20,,Metropolitan Playhouse,,1,0,0,2026-05-21 01:56:48,2026-05-21 02:21:11
1768,The Absolute Brightness of Leonard Pelkey,absolute brightness of leonard pelkey,the-absolute-brightness-of-leonard-pelkey,,,0,2015-02-22,,Dixon Place,,1,0,0,2026-05-21 01:56:48,2026-05-21 02:21:17
1775,Lives of the Saints,lives of the saints,lives-of-the-saints-review,,,0,2015-02-24,,Duke on 42nd Street,,1,0,0,2026-05-21 01:56:48,2026-05-21 02:21:22
1785,The Man in the Woman’s Shoes,man in the womans shoes,the-man-in-the-womans-shoes-review,,,0,2015-02-24,,Irish Arts Center,,1,0,0,2026-05-21 01:56:48,2026-05-21 02:21:19
1774,The Nether,nether,the-nether-review,,,0,2015-02-24,,Lucille Lortel Theatre,,1,0,0,2026-05-21 01:56:48,2026-05-21 02:21:13
1784,Comfort Dogs,comfort dogs,comfort-dogs-review,,,0,2015-02-25,,JACK,,1,0,0,2026-05-21 01:56:48,2026-05-21 02:21:19
2007,Pericles,pericles,pericles-review,,,0,2015-02-25,,Oregon Shakespeare Festival,,1,0,0,2026-05-21 01:56:50,2026-05-21 02:19:43
1804,Posterity,posterity,posterity-review,,,0,2015-02-25,,Atlantic Theater,,1,0,0,2026-05-21 01:56:48,2026-05-21 02:21:08
1799,A Happy End,happy end,a-happy-end-review,,,0,2015-02-27,,June Havoc Theatre,,1,0,0,2026-05-21 01:56:48,2026-05-21 02:21:09
1782,Hitting Bedrock,hitting bedrock,hitting-bedrock-review,,,0,2015-02-27,,La MaMa E.T.C.,,1,0,0,2026-05-21 01:56:48,2026-05-21 02:21:20
1798,Josephine and I,josephine and i,josephine-and-i-review,,,0,2015-02-27,,Public Theater,,1,0,0,2026-05-21 01:56:48,2026-05-21 02:21:11
1780,The Light Princess,light princess,the-light-princess-review,,,0,2015-02-27,,New Victory Theater,,1,0,0,2026-05-21 01:56:48,2026-05-21 02:21:21
1800,Long Story Short,long story short,long-story-short-review-2,,,0,2015-02-28,,59E59 Theaters,,1,0,0,2026-05-21 01:56:48,2026-05-21 02:21:09
1796,"Woyzeck, FJF",woyzeck fjf,woyzeck-fjf-review,,,0,2015-02-28,,New Ohio Theatre,,1,0,0,2026-05-21 01:56:48,2026-05-21 02:21:10
1786,The Mystery of Love and Sex,mystery of love and sex,the-mystery-of-love-and-sex-review,,,0,2015-03-02,,Mitzi E. Newhouse,,1,0,0,2026-05-21 01:56:48,2026-05-21 02:21:15
1814,The Feast,feast,the-feast-review,,,0,2015-03-04,,The Flea Theater,,1,0,0,2026-05-21 01:56:48,2026-05-21 02:21:03
1810,The Hunchback of Notre Dame,hunchback of notre dame,hunchback-of-notre-dame-review,,,0,2015-03-04,,Paper Mill Playhouse,,1,0,0,2026-05-21 01:56:48,2026-05-21 02:21:05
1793,Bambif*cker/Kaffeehaus,bambifckerkaffeehaus,bambifckerkaffeehaus-review,,,0,2015-03-05,,The Brick,,1,0,0,2026-05-21 01:56:48,2026-05-21 02:21:11
1802,C.O.A.L (Confessions of a Liar),coal confessions of a liar,c-o-a-l-confessions-of-a-liar-review,,,0,2015-03-05,,59E59 Theaters,,1,0,0,2026-05-21 01:56:48,2026-05-21 02:21:09
1789,Fish in the Dark,fish in the dark,fish-in-the-dark-review,,,0,2015-03-05,,Cort Theatre,,1,0,1,2026-05-21 01:56:48,2026-05-21 02:20:08
1801,Brothers From the Bottom,brothers from the bottom,brothers-from-the-bottom-review,,,0,2015-03-06,,The Brooklyn Music School Playhouse,,1,0,0,2026-05-21 01:56:48,2026-05-21 02:21:08
1811,Hierba Mala Nunca Muere,hierba mala nunca muere,hierba-mala-nunca-muere-review,,,0,2015-03-06,,Repertorio Español,,1,0,0,2026-05-21 01:56:48,2026-05-21 02:21:05
1791,Hunter Gatherers,hunter gatherers,hunter-gatherers-review,,,0,2015-03-07,,The Duo Multicultural Arts Center,,1,0,0,2026-05-21 01:56:48,2026-05-21 02:21:12
1817,Lonesome Traveler,lonesome traveler,lonesome-traveler-review,,,0,2015-03-07,,59E59 Theaters,,1,0,0,2026-05-21 01:56:48,2026-05-21 02:21:03
1792,The Audience,audience,the-audience-review,,,0,2015-03-08,,Gerald Schoenfeld,,1,0,1,2026-05-21 01:56:48,2026-05-21 02:20:41
1794,The Liquid Plain,liquid plain,the-liquid-plain-review,,,0,2015-03-08,,Signature Theatre,,1,0,0,2026-05-21 01:56:48,2026-05-21 02:21:11
1806,Running Away From The One With The Knife,running away from the one with the knife,running-away-from-the-one-with-the-knife-review,,,0,2015-03-10,,The Chocolate Factory,,1,0,0,2026-05-21 01:56:48,2026-05-21 02:21:06
1815,Small Mouth Sounds,small mouth sounds,small-mouth-sounds-review,,,0,2015-03-10,,Ars Nova,,1,0,0,2026-05-21 01:56:48,2026-05-21 02:21:01
1822,Living Here,living here,living-here-review,,,0,2015-03-11,,Various Locations,,1,0,0,2026-05-21 01:56:48,2026-05-21 02:21:00
1808,The Evening,evening,the-evening-review,,,0,2015-03-12,,The Kitchen,,1,0,0,2026-05-21 01:56:48,2026-05-21 02:21:06
1809,Pinocchio,pinocchio,pinocchio-review,,,0,2015-03-13,,New Victory Theater,,1,0,0,2026-05-21 01:56:48,2026-05-21 02:21:06
1820,Twelfth Night (or what you will),twelfth night or what you will,twelfth-night-or-what-you-will-review,,,0,2015-03-13,,Dorothy Strelsin Theatre,,1,0,0,2026-05-21 01:56:48,2026-05-21 02:21:02
1805,Remote New York,remote new york,remote-new-york-review,,,0,2015-03-14,,Green-Wood Cemetery,,1,0,0,2026-05-21 01:56:48,2026-05-21 02:21:08
1803,On the Twentieth Century,on the twentieth century,on-the-twentieth-century-review,,,0,2015-03-15,,American Airlines,,1,0,1,2026-05-21 01:56:48,2026-05-21 02:20:40
1812,Paint Your Wagon,paint your wagon,paint-your-wagon-review,,,0,2015-03-18,,New York City Center,,1,0,0,2026-05-21 01:56:48,2026-05-21 02:21:05
1813,The Heidi Chronicles,heidi chronicles,the-heidi-chronicles-review,,,0,2015-03-19,,Music Box Theatre,,1,0,1,2026-05-21 01:56:48,2026-05-21 02:20:50
1824,The Undeniable Sound of Right Now,undeniable sound of right now,the-undeniable-sound-of-right-now-review,,,0,2015-03-19,,Rattlestick Theatre,,1,0,0,2026-05-21 01:56:48,2026-05-21 02:20:59
1839,Iowa,iowa,iowa-review,,,0,2015-03-20,,Playwrights Horizons,,1,0,0,2026-05-21 01:56:48,2026-05-21 02:20:38
1819,Camp Kappawanna,camp kappawanna,camp-kappawanna-review,,,0,2015-03-21,,Linda Gross Theater,,1,0,0,2026-05-21 01:56:48,2026-05-21 02:21:01
1821,Washeteria,washeteria,washeteria-review,,,0,2015-03-21,,Soho Repertory,,1,0,0,2026-05-21 01:56:48,2026-05-21 02:21:02
1816,The Tallest Tree in the Forest,tallest tree in the forest,the-tallest-tree-in-the-forest-review,,,0,2015-03-22,,BAM Harvey Theater,,1,0,0,2026-05-21 01:56:48,2026-05-21 02:21:05
1831,Buzzer,buzzer,buzzer-review,,,0,2015-03-24,,The Public Theater,,1,0,0,2026-05-21 01:56:48,2026-05-21 02:20:56
1829,"Cry, Trojans!",cry trojans,cry-trojans-review,,,0,2015-03-24,,St. Ann's Warehouse,,1,0,0,2026-05-21 01:56:48,2026-05-21 02:20:57
1825,Soldier X,soldier x,soldier-x-review,,,0,2015-03-24,,HERE Arts Center,,1,0,0,2026-05-21 01:56:48,2026-05-21 02:20:59
1826,Music Hall,music hall,music-hall-review,,,0,2015-03-25,,59E59 Theaters,,1,0,0,2026-05-21 01:56:48,2026-05-21 02:20:58
1818,New York Spring Spectacular,new york spring spectacular,new-york-spring-spectacular-review,,,0,2015-03-26,,Radio City Music Hall,,1,0,0,2026-05-21 01:56:48,2026-05-21 02:21:02
1837,Catch Me!,catch me,catch-me-review,,,0,2015-03-28,,New Victory Theater,,1,0,0,2026-05-21 01:56:48,2026-05-21 02:20:57
1835,Ludic Proxy,ludic proxy,ludic-proxy-review,,,0,2015-04-01,,Walkerspace,,1,0,0,2026-05-21 01:56:48,2026-05-21 02:20:56
1850,Revenge of the Popinjay,revenge of the popinjay,revenge-of-the-popinjay-review,,,0,2015-04-01,,Dixon Place,,1,0,0,2026-05-21 01:56:48,2026-05-21 02:20:54
1827,Daily Life Everlasting,daily life everlasting,daily-life-everlasting-review,,,0,2015-04-02,,La MaMa E.T.C.,,1,0,0,2026-05-21 01:56:48,2026-05-21 02:20:58
1823,Skylight,skylight,skylight-review,,,0,2015-04-02,,John Golden Theatre,,1,0,1,2026-05-21 01:56:48,2026-05-21 02:20:59
1846,Se Llama Cristina,se llama cristina,se-llama-cristina-review,,,0,2015-04-03,,Intar Theatre,,1,0,0,2026-05-21 01:56:48,2026-05-21 02:20:54
1840,Underland,underland,underland-review,,,0,2015-04-03,,59E59 Theaters,,1,0,0,2026-05-21 01:56:48,2026-05-21 02:20:55
1836,Ghosts,ghosts,ghosts-review,,,0,2015-04-05,,BAM Harvey Theater,,1,0,0,2026-05-21 01:56:48,2026-05-21 02:20:57
1862,Grounded,grounded,grounded-review,,,0,2015-04-07,,The Public Theater,,1,0,0,2026-05-21 01:56:48,2026-05-21 02:20:49
1828,Hand to God,hand to god,hand-to-god-review,,,0,2015-04-07,,Booth Theatre,,1,0,0,2026-05-21 01:56:48,2026-05-21 02:19:36
1830,Gigi,gigi,gigi-review,,,0,2015-04-08,,Neil Simon Theatre,,1,0,1,2026-05-21 01:56:48,2026-05-21 02:20:08
1833,Clinton the Musical,clinton the musical,clinton-the-musical-review,,,0,2015-04-09,,New World Stages,,1,0,0,2026-05-21 01:56:48,2026-05-21 02:20:11
1847,Genuine Plastic Reliquaries,genuine plastic reliquaries,genuine-plastic-reliquaries-review,,,0,2015-04-09,,Various Locations,,1,0,0,2026-05-21 01:56:48,2026-05-21 02:20:54
1832,Wolf Hall Parts One & Two,wolf hall parts one two,wolf-hall-review,,,0,2015-04-09,,Winter Garden Theatre,,1,0,0,2026-05-21 01:56:48,2026-05-21 02:20:41
1842,Salvage,salvage,salvage-review,,,0,2015-04-10,,The Loisaida Center,,1,0,0,2026-05-21 01:56:48,2026-05-21 02:20:54
1856,The Unexpected Guest,unexpected guest,the-unexpected-guest-review,,,0,2015-04-11,,Clurman Theatre,,1,0,0,2026-05-21 01:56:48,2026-05-21 02:20:51
1867,Your Blues Ain't Sweet Like Mine,your blues aint sweet like mine,your-blues-aint-sweet-like-mine-review,,,0,2015-04-11,,"Two River Theater, 21 Bridge Avenue, Red Bank, NJ 07701",,1,0,0,2026-05-21 01:56:48,2026-05-21 02:20:45
1834,An American in Paris,american in paris,an-american-in-paris-review,,,0,2015-04-12,,Palace Theatre,,1,0,1,2026-05-21 01:56:48,2026-05-21 02:17:58
1838,39 Steps,39 steps,39-steps-review,,,0,2015-04-13,,Union Square Theatre,,1,0,0,2026-05-21 01:56:48,2026-05-21 02:19:09
1841,It Shoulda Been You,it shoulda been you,it-shoulda-been-you-review,,,0,2015-04-14,,Brooks Atkinson,,1,0,1,2026-05-21 01:56:48,2026-05-21 02:20:08
1848,The Tailor of Inverness,tailor of inverness,the-tailor-of-inverness-review,,,0,2015-04-14,,59E59 Theaters,,1,0,0,2026-05-21 01:56:48,2026-05-21 02:20:53
1864,Tis Pity She’s a Whore,tis pity shes a whore,tis-pity-shes-a-whore-review,,,0,2015-04-14,,The Duke On 42nd Street,,1,0,0,2026-05-21 01:56:48,2026-05-21 02:20:48
1852,Emily Climbs (Machine Méchant),emily climbs machine mchant,emily-climbs-machine-mechant-review,,,0,2015-04-15,,The Brick,,1,0,0,2026-05-21 01:56:48,2026-05-21 02:20:50
1843,Finding Neverland,finding neverland,finding-neverland-review,,,0,2015-04-15,,Lunt-Fontanne Theatre,,1,0,1,2026-05-21 01:56:48,2026-05-21 02:17:57
1844,Hamlet,hamlet,hamlet-review-2,,,0,2015-04-15,,Classic Stage Comp.,,1,0,0,2026-05-21 01:56:48,2026-05-21 02:20:54
1860,The Belle of Belfast,belle of belfast,the-belle-of-belfast-review,,,0,2015-04-15,,Irish Repertory Theatre,,1,0,0,2026-05-21 01:56:48,2026-05-21 02:20:50
1854,8 Stops,8 stops,8-stops-review,,,0,2015-04-16,,Cherry Lane Theatre,,1,0,0,2026-05-21 01:56:48,2026-05-21 02:20:52
1863,Nirbhaya,nirbhaya,nirbhaya-review,,,0,2015-04-16,,Culture Project,,1,0,0,2026-05-21 01:56:48,2026-05-21 02:20:51
1851,Séquence 8,squence 8,sequence-8-review,,,0,2015-04-16,,New York City Center,,1,0,0,2026-05-21 01:56:48,2026-05-21 02:20:52
1845,The King and I,king and i,the-king-and-i-review,,,0,2015-04-16,,Vivian Beaumont,,1,0,1,2026-05-21 01:56:48,2026-05-21 02:17:55
1866,Ziegfeld’s Midnight Frolic,ziegfelds midnight frolic,ziegfelds-midnight-frolic-review,,,0,2015-04-18,,Liberty Theater,,1,0,0,2026-05-21 01:56:48,2026-05-21 02:20:49
1849,Fun Home,fun home,fun-home-review,,,0,2015-04-19,,Circle in the Square,,1,0,0,2026-05-21 01:56:48,2026-05-21 02:17:56
1853,Living on Love,living on love,living-on-love-review,,,0,2015-04-20,,Longacre Theatre,,1,0,1,2026-05-21 01:56:48,2026-05-21 02:20:07
1855,Doctor Zhivago,doctor zhivago,doctor-zhivago-review,,,0,2015-04-21,,Broadway Theatre,,1,0,1,2026-05-21 01:56:48,2026-05-21 02:20:09
1874,ToasT,toast,toast-review,,,0,2015-04-21,,The Public Theater,,1,0,0,2026-05-21 01:56:48,2026-05-21 02:20:46
1872,Forever,forever,forever-review,,,0,2015-04-22,,NY Theatre Workshop,,1,0,0,2026-05-21 01:56:48,2026-05-21 02:20:46
1857,Something Rotten!,something rotten,something-rotten-review,,,0,2015-04-22,,St James Theatre,,1,0,1,2026-05-21 01:56:48,2026-05-21 02:16:56
1858,Airline Highway,airline highway,airline-highway-review,,,0,2015-04-23,,Samuel J. Friedman Theatre,,1,0,1,2026-05-21 01:56:48,2026-05-21 02:20:43
1859,The Visit,visit,the-visit-review,,,0,2015-04-23,,Lyceum Theatre,,1,0,1,2026-05-21 01:56:48,2026-05-21 02:20:06
1871,Red Flamboyant,red flamboyant,red-flamboyant-review,,,0,2015-04-24,,Anderson Hall,,1,0,0,2026-05-21 01:56:48,2026-05-21 02:20:47
1869,Six Rounds of Vengeance,six rounds of vengeance,six-rounds-of-vengeance-review,,,0,2015-04-24,,New Ohio Theatre,,1,0,0,2026-05-21 01:56:48,2026-05-21 02:20:48
1868,Two Gentlemen of Verona,two gentlemen of verona,two-gentlemen-of-verona-review,,,0,2015-04-24,,Polonsky Shakespeare Center,,1,0,0,2026-05-21 01:56:48,2026-05-21 02:20:37
1861,That Bachelorette Show,that bachelorette show,that-bachelorette-show-review,,,0,2015-04-25,,42 West,,1,0,0,2026-05-21 01:56:48,2026-05-21 02:18:57
1865,Trash Cuisine,trash cuisine,trash-cuisine-review,,,0,2015-04-25,,La MaMa E.T.C.,,1,0,0,2026-05-21 01:56:48,2026-05-21 02:20:48
1875,Let Us Now Praise Susan Sontag,let us now praise susan sontag,let-us-now-praise-susan-sontag-review,,,0,2015-04-28,,Abrons Arts Center Henry Street Settlement,,1,0,0,2026-05-21 01:56:48,2026-05-21 02:20:44
1870,Beyond Sacred: Voices of Muslim Identity,beyond sacred voices of muslim identity,beyond-sacred-voices-of-muslim-identity-review,,,0,2015-04-29,,LaGuardia Performing Arts Center,,1,0,0,2026-05-21 01:56:48,2026-05-21 02:20:47
1873,The Floatones,floatones,the-floatones-review,,,0,2015-05-01,,La MaMa E.T.C.,,1,0,0,2026-05-21 01:56:48,2026-05-21 02:20:46
1881,A Queen for a Day,queen for a day,a-queen-for-a-day-review,,,0,2015-05-03,,Theatre at St. Clement's,,1,0,0,2026-05-21 01:56:48,2026-05-21 02:20:41
1883,The Duchamp Syndrome,duchamp syndrome,the-duchamp-syndrome-review,,,0,2015-05-03,,The Flea Theater,,1,0,0,2026-05-21 01:56:48,2026-05-21 02:20:39
1876,Dinner With the Boys,dinner with the boys,dinner-with-the-boys-review,,,0,2015-05-04,,Acorn Theatre,,1,0,0,2026-05-21 01:56:48,2026-05-21 02:20:43
1878,Cool Hand Luke,cool hand luke,cool-hand-luke-review,,,0,2015-05-05,,59E59 Theaters,,1,0,0,2026-05-21 01:56:48,2026-05-21 02:20:44
1884,Don Juan,don juan,don-juan-review,,,0,2015-05-05,,The Pearl Theater,,1,0,0,2026-05-21 01:56:48,2026-05-21 02:20:39
1877,Zorba!,zorba,zorba-review,,,0,2015-05-06,,New York City Center,,1,0,0,2026-05-21 01:56:48,2026-05-21 02:20:44
1890,In Vestments,in vestments,in-vestments-review,,,0,2015-05-07,,West Park Presbyterian Church,,1,0,0,2026-05-21 01:56:48,2026-05-21 02:20:35
1879,Major Barbara,major barbara,major-barbara-review,,,0,2015-05-07,,"First Unitarian Church, McKinney Chapel",,1,0,0,2026-05-21 01:56:48,2026-05-21 02:20:42
1900,Nice Girl,nice girl,nice-girl-review,,,0,2015-05-07,,Bank Street Theatre,,1,0,0,2026-05-21 01:56:49,2026-05-21 02:20:30
1886,One Hand Clapping,one hand clapping,one-hand-clapping-review,,,0,2015-05-08,,59E59 Theaters,,1,0,0,2026-05-21 01:56:48,2026-05-21 02:20:35
1880,The Painted Rocks at Revolver Creek,painted rocks at revolver creek,the-painted-rocks-at-revolver-creek-review,,,0,2015-05-11,,Signature Theatre,,1,0,0,2026-05-21 01:56:48,2026-05-21 02:20:37
1898,The Last Two People on Earth,last two people on earth,the-last-two-people-on-earth-review,,,0,2015-05-12,,American Repertory Theater,,1,0,0,2026-05-21 01:56:49,2026-05-21 02:20:32
1888,35th Marathon of One-Act Plays: Series A,35th marathon of oneact plays series a,35th-marathon-of-one-act-plays-review,,,0,2015-05-13,,Ensemble Studio Theater,,1,0,0,2026-05-21 01:56:48,2026-05-21 02:20:27
1882,Heartbreak,heartbreak,heartbreak-review,,,0,2015-05-13,,Bushwick Starr,,1,0,0,2026-05-21 01:56:48,2026-05-21 02:20:40
1895,The Sound and the Fury,sound and the fury,the-sound-and-the-fury-review,,,0,2015-05-14,,The Public Theater,,1,0,0,2026-05-21 01:56:48,2026-05-21 02:20:32
1891,Tuesday’s at Tesco’s,tuesdays at tescos,tuesdays-at-tescos-review,,,0,2015-05-14,,59E59 Theaters,,1,0,0,2026-05-21 01:56:48,2026-05-21 02:20:34
1887,The Flatiron Hex,flatiron hex,the-flatiron-hex,,,0,2015-05-16,,Dixon Place,,1,0,0,2026-05-21 01:56:48,2026-05-21 02:20:37
1893,Macbeth,macbeth,macbeth-mobile-unit-review,,,0,2015-05-17,,Various Locations,,1,0,0,2026-05-21 01:56:48,2026-05-21 02:20:34
1885,What I Did Last Summer,what i did last summer,what-i-did-last-summer-review,,,0,2015-05-17,,Signature Theatre,,1,0,0,2026-05-21 01:56:48,2026-05-21 02:20:39
1897,I’m Not the Stranger You Think I Am,im not the stranger you think i am,im-not-the-stranger-you-think-i-am-review,,,0,2015-05-18,,Various Locations,,1,0,0,2026-05-21 01:56:49,2026-05-21 02:20:33
1902,Cagney,cagney,cagney-review,,,0,2015-05-19,,York Theatre Company,,1,0,0,2026-05-21 01:56:49,2026-05-21 02:20:29
1905,For the Last Time,for the last time,for-the-last-time-review,,,0,2015-05-19,,Clurman Theatre,,1,0,0,2026-05-21 01:56:49,2026-05-21 02:20:27
1889,The Flick,flick,the-flick-review,,,0,2015-05-19,,Barrow Street Theatre,,1,0,0,2026-05-21 01:56:48,2026-05-21 02:20:36
1892,The Way We Get By,way we get by,the-way-we-get-by-review,,,0,2015-05-19,,Second Stage Theatre,,1,0,0,2026-05-21 01:56:48,2026-05-21 02:20:32
1899,D Deb Debbie Deborah,d deb debbie deborah,d-deb-debbie-deborah-review,,,0,2015-05-20,,The Wild Project,,1,0,0,2026-05-21 01:56:49,2026-05-21 02:20:29
1923,Guards at the Taj,guards at the taj,guards-at-the-taj-review,,,0,2015-05-20,,Atlantic Theater Co. Linda Gross Theater,,1,0,0,2026-05-21 01:56:49,2026-05-21 02:20:20
1894,Permission,permission,permission,,,0,2015-05-20,,Lucille Lortel Theatre,,1,0,0,2026-05-21 01:56:48,2026-05-21 02:20:34
1921,"Afghanistan, Zimbabwe, America, Kuwait",afghanistan zimbabwe america kuwait,afghanistan-zimbabwe-america-kuwait-review,,,0,2015-05-21,,Rattlestick Theatre,,1,0,0,2026-05-21 01:56:49,2026-05-21 02:20:20
1906,Ever After,ever after,ever-after-review,,,0,2015-05-21,,Paper Mill Playhouse,,1,0,0,2026-05-21 01:56:49,2026-05-21 02:20:28
1896,The Other Thing,other thing,the-other-thing-review,,,0,2015-05-21,,McGinn,,1,0,0,2026-05-21 01:56:49,2026-05-21 02:20:33
1907,The Vaudevillians: Bringing Up Baby,vaudevillians bringing up baby,the-vaudevillians-bringing-up-baby-review,,,0,2015-05-21,,Laurie Beechman,,1,0,0,2026-05-21 01:56:49,2026-05-21 02:20:25
1924,The Qualms,qualms,the-qualms-review,,,0,2015-05-22,,Playwrights Horizons,,1,0,0,2026-05-21 01:56:49,2026-05-21 02:20:19
1904,The Upper Room,upper room,the-upper-room-review,,,0,2015-05-22,,New Ohio Theatre,,1,0,0,2026-05-21 01:56:49,2026-05-21 02:20:30
1909,Composition…Master-Pieces…Identity,compositionmasterpiecesidentity,composition-masterpieces-identity-review,,,0,2015-05-27,,Connelly Theater,,1,0,0,2026-05-21 01:56:49,2026-05-21 02:20:26
1928,Ghost Stories,ghost stories,ghost-stories-review,,,0,2015-05-27,,Atlantic Stage Two,,1,0,0,2026-05-21 01:56:49,2026-05-21 02:20:18
1925,The Old Masters,old masters,the-old-masters,,,0,2015-05-27,,The Flea Theater,,1,0,0,2026-05-21 01:56:49,2026-05-21 02:20:18
1920,10 out of 12,10 out of 12,10-out-of-12-review,,,0,2015-05-28,,Soho Repertory,,1,0,0,2026-05-21 01:56:49,2026-05-21 02:20:21
1911,35th Marathon of One-Act Plays: Series B,35th marathon of oneact plays series b,35th-marathon-of-one-act-plays-series-b-review,,,0,2015-05-28,,Ensemble Studio Theater,,1,0,0,2026-05-21 01:56:49,2026-05-21 02:20:27
1901,An Act of God,act of god,an-act-of-god-review,,,0,2015-05-28,,Studio 54,,1,0,1,2026-05-21 01:56:49,2026-05-21 02:20:30
1938,Most Dangerous Man in America (W. E. B. Du Bois),most dangerous man in america w e b du bois,most-dangerous-man-in-america-w-e-b-du-bois,,,0,2015-05-28,,New Federal Theatre,,1,0,0,2026-05-21 01:56:49,2026-05-21 02:20:16
1915,The Twentieth-Century Way,twentiethcentury way,the-twentieth-century-way-review,,,0,2015-05-28,,Rattlestick Theatre,,1,0,0,2026-05-21 01:56:49,2026-05-21 02:20:23
1903,A Human Being Died That Night,human being died that night,a-human-being-died-that-night-review,,,0,2015-05-29,,BAM Fishman Space,,1,0,0,2026-05-21 01:56:49,2026-05-21 02:20:30
1914,Injunction Granted,injunction granted,injunction-granted-review,,,0,2015-05-29,,Metropolitan Playhouse,,1,0,0,2026-05-21 01:56:49,2026-05-21 02:20:23
1918,Be More Chill,be more chill,be-more-chill-review,,,0,2015-05-30,,"Two River Theater, 21 Bridge Avenue, Red Bank, NJ 07701",,1,0,1,2026-05-21 01:56:49,2026-05-21 02:20:23
1908,The Spoils,spoils,the-spoils-review,,,0,2015-06-02,,Alice Griffin Jewel Box Theatre,,1,0,0,2026-05-21 01:56:49,2026-05-21 02:20:27
1910,Heisenberg 2015 Off Broadway,heisenberg 2015 off broadway,heisenberg-review,,,0,2015-06-03,,MTC,,1,0,0,2026-05-21 01:56:49,2026-05-21 02:17:41
1912,Notes of a Native Song,notes of a native song,notes-of-a-native-song-review,,,0,2015-06-03,,Harlem Stage,,1,0,0,2026-05-21 01:56:49,2026-05-21 02:20:26
1916,Card and Gift,card and gift,card-and-gift,,,0,2015-06-04,,The Wild Project,,1,0,0,2026-05-21 01:56:49,2026-05-21 02:20:23
1913,J. Edgar Klezmer: Songs from My Grandmother's FBI Files,j edgar klezmer songs from my grandmothers fbi files,j-edgar-klezmer-songs-from-my-grandmothers-fbi-files-review,,,0,2015-06-04,,HERE Arts Center,,1,0,0,2026-05-21 01:56:49,2026-05-21 02:20:23
1932,A Midsummer Night’s Dream,midsummer nights dream,a-midsummer-nights-dream-review,,,0,2015-06-05,,47th Street Theatre,,1,0,0,2026-05-21 01:56:49,2026-05-21 02:20:18
1917,"Smile at Us, Oh Lord",smile at us oh lord,smile-at-us-oh-lord-review,,,0,2015-06-05,,Various Locations,,1,0,0,2026-05-21 01:56:49,2026-05-21 02:20:23
1919,Cuddles,cuddles,cuddles-review,,,0,2015-06-09,,59E59 Theaters,,1,0,0,2026-05-21 01:56:49,2026-05-21 02:20:20
1922,High Heels in Low Places,high heels in low places,high-heels-in-low-places-review,,,0,2015-06-09,,Irish Arts Center,,1,0,0,2026-05-21 01:56:49,2026-05-21 02:20:20
1933,My Perfect Mind,my perfect mind,my-perfect-mind-review,,,0,2015-06-10,,59E59 Theaters,,1,0,0,2026-05-21 01:56:49,2026-05-21 02:20:17
1930,The Pavilion,pavilion,the-pavilion-review,,,0,2015-06-10,,The Barrow Group,,1,0,0,2026-05-21 01:56:49,2026-05-21 02:20:17
1939,Debutaunt,debutaunt,debutaunt-review,,,0,2015-06-11,,Atelier Roquette,,1,0,0,2026-05-21 01:56:49,2026-05-21 02:20:15
1926,This Is Mary Brown,this is mary brown,this-is-mary-brown-review,,,0,2015-06-11,,La MaMa E.T.C.,,1,0,0,2026-05-21 01:56:49,2026-05-21 02:20:17
1943,Wild Women of Planet Wongo,wild women of planet wongo,wild-women-of-planet-wongo,,,0,2015-06-11,,Brooklyn Fireproof,,1,0,0,2026-05-21 01:56:49,2026-05-21 02:20:13
1934,35th Marathon of One-Act Plays: Series C,35th marathon of oneact plays series c,35th-marathon-of-one-act-plays-series-c-review,,,0,2015-06-13,,Ensemble Studio Theater,,1,0,0,2026-05-21 01:56:49,2026-05-21 02:20:15
1941,At the Table,at the table,at-the-table-review,,,0,2015-06-13,,HERE Arts Center,,1,0,0,2026-05-21 01:56:49,2026-05-21 02:20:14
1937,Ada/Ava,adaava,ada-ava-review,,,0,2015-06-15,,3LD Art & Technology Center,,1,0,0,2026-05-21 01:56:49,2026-05-21 02:20:13
1927,Preludes,preludes,preludes-review,,,0,2015-06-15,,Claire Tow Theater,,1,0,0,2026-05-21 01:56:49,2026-05-21 02:20:02
1929,The Tempest,tempest,the-tempest-review,,,0,2015-06-16,,Delacorte Theatre,,1,0,0,2026-05-21 01:56:49,2026-05-21 02:20:18
1931,Gloria,gloria,gloria-review,,,0,2015-06-17,,Vineyard Theatre,,1,0,0,2026-05-21 01:56:49,2026-05-21 02:20:10
1936,Doctor Faustus,doctor faustus,doctor-faustus-review,,,0,2015-06-18,,Classic Stage Comp.,,1,0,0,2026-05-21 01:56:49,2026-05-21 02:20:15
1935,Significant Other,significant other,significant-other-review-2,,,0,2015-06-18,,Laura Pels Theatre,,1,0,1,2026-05-21 01:56:49,2026-05-21 02:16:55
1940,Hand Foot Fizzle Face,hand foot fizzle face,hand-foot-fizzle-face-review,,,0,2015-06-19,,JACK,,1,0,0,2026-05-21 01:56:49,2026-05-21 02:20:16
1942,Men on Boats,men on boats,men-on-boats,,,0,2015-06-19,,The Wild Project,,1,0,0,2026-05-21 01:56:49,2026-05-21 02:20:13
1947,Happy Days,happy days,happy-days-review,,,0,2015-06-20,,The Flea Theater,,1,0,0,2026-05-21 01:56:49,2026-05-21 02:20:10
1945,SeaWife,seawife,seawife-review,,,0,2015-06-23,,South Street Seaport Museum,,1,0,0,2026-05-21 01:56:49,2026-05-21 02:20:12
1944,A New Brain,new brain,a-new-brain-review,,,0,2015-06-24,,New York City Center,,1,0,0,2026-05-21 01:56:49,2026-05-21 02:20:13
1951,Oklahoma!,oklahoma,oklahoma-2,,,0,2015-06-25,,Fisher Center for the Performing Arts,,1,0,0,2026-05-21 01:56:49,2026-05-21 02:20:10
1946,Shows for Days,shows for days,shows-for-days-review,,,0,2015-06-29,,Mitzi E. Newhouse,,1,0,0,2026-05-21 01:56:49,2026-05-21 02:19:23
1948,Of Good Stock,of good stock,of-good-stock-review,,,0,2015-06-30,,New York City Center,,1,0,0,2026-05-21 01:56:49,2026-05-21 02:19:55
1953,Off the Main Road,off the main road,off-the-main-road,,,0,2015-06-30,,Williamstown Theatre Festival,,1,0,0,2026-05-21 01:56:49,2026-05-21 02:20:06
1955,The Weir,weir,the-weir-review,,,0,2015-06-30,,DR2 Theatre,,1,0,0,2026-05-21 01:56:49,2026-05-21 02:20:04
1950,Legacy,legacy,legacy,,,0,2015-07-01,,Williamstown Theatre Festival,,1,0,0,2026-05-21 01:56:49,2026-05-21 02:20:10
1949,Little Shop of Horrors,little shop of horrors,little-shop-of-horrors-review,,,0,2015-07-01,,New York City Center,,1,0,0,2026-05-21 01:56:49,2026-05-21 02:20:11
1989,The Comedy of Errors,comedy of errors,the-comedy-of-errors-review,,,0,2015-07-02,,Shakespeare & Company,,1,0,0,2026-05-21 01:56:49,2026-05-21 02:19:50
1952,The Tempest,tempest,the-tempest-review-2,,,0,2015-07-03,,Richard Rodgers Amphitheater,,1,0,0,2026-05-21 01:56:49,2026-05-21 02:20:08
1956,Sayonara,sayonara,sayonara,,,0,2015-07-05,,Theatre Row Complex,,1,0,0,2026-05-21 01:56:49,2026-05-21 02:20:06
1969,Awake and Sing!,awake and sing,awake-and-sing-review,,,0,2015-07-06,,The Public Theater,,1,0,0,2026-05-21 01:56:49,2026-05-21 02:19:59
1959,DruidShakespeare: The History Plays,druidshakespeare the history plays,druidshakespeare-the-history-plays-review,,,0,2015-07-07,,Gerald W. Lynch,,1,0,0,2026-05-21 01:56:49,2026-05-21 02:20:05
1965,Judith & Vinegar Tom,judith vinegar tom,judith-vinegar-tom-review,,,0,2015-07-07,,Atlantic Stage Two,,1,0,0,2026-05-21 01:56:49,2026-05-21 02:20:01
1962,Scenes From an Execution,scenes from an execution,scenes-from-an-execution-review,,,0,2015-07-07,,The 16th Street Theatre,,1,0,0,2026-05-21 01:56:49,2026-05-21 02:20:01
1954,Losing Tom Pecinka,losing tom pecinka,losing-tom-pecinka,,,0,2015-07-08,,New Ohio Theatre,,1,0,0,2026-05-21 01:56:49,2026-05-21 02:20:06
1958,Skippyjon Jones Snow What,skippyjon jones snow what,skippyjon-jones-snow-what-review,,,0,2015-07-08,,TheaterWorks,,1,0,0,2026-05-21 01:56:49,2026-05-21 02:20:04
1960,As You Like It,as you like it,as-you-like-it-review,,,0,2015-07-09,,The Clemente,,1,0,0,2026-05-21 01:56:49,2026-05-21 02:20:03
1974,Colin Quinn The New York Story,colin quinn the new york story,colin-quinn-the-new-york-story-review,,,0,2015-07-09,,Cherry Lane Theatre,,1,0,0,2026-05-21 01:56:49,2026-05-21 02:19:56
1986,Dear Evan Hansen,dear evan hansen,dear-evan-hansen-review-3,,,0,2015-07-10,,Arena Stage,,1,0,1,2026-05-21 01:56:49,2026-05-21 02:17:20
1961,Pound,pound,pound-review,,,0,2015-07-10,,Dixon Place,,1,0,0,2026-05-21 01:56:49,2026-05-21 02:20:02
1972,Threesome,threesome,threesome-review,,,0,2015-07-11,,59E59 Theaters,,1,0,0,2026-05-21 01:56:49,2026-05-21 02:19:59
1957,Penn & Teller,penn teller,penn-teller-review,,,0,2015-07-12,,Marquis Theatre,,1,0,1,2026-05-21 01:56:49,2026-05-21 02:20:04
1978,Three Days to See,three days to see,three-days-to-see-review,,,0,2015-07-12,,Theatre 79,,1,0,0,2026-05-21 01:56:49,2026-05-21 02:19:52
1971,Antigona,antigona,antigona-review,,,0,2015-07-13,,West Park Presbyterian Church,,1,0,0,2026-05-21 01:56:49,2026-05-21 02:19:59
1979,King Liz,king liz,king-liz-review,,,0,2015-07-13,,McGinn,,1,0,0,2026-05-21 01:56:49,2026-05-21 02:19:51
1967,Ruthless,ruthless,ruthless-review,,,0,2015-07-13,,St. Luke's Theatre,,1,0,0,2026-05-21 01:56:49,2026-05-21 02:17:50
1970,Kinship,kinship,kinship-review,,,0,2015-07-15,,Williamstown Theatre Festival,,1,0,0,2026-05-21 01:56:49,2026-05-21 02:19:58
1966,The International,international,the-international-review,,,0,2015-07-15,,Peter Jay Sharp,,1,0,0,2026-05-21 01:56:49,2026-05-21 02:20:01
1963,The Wild Party,wild party,the-wild-party-review,,,0,2015-07-15,,New York City Center,,1,0,0,2026-05-21 01:56:49,2026-05-21 02:20:02
1964,Amazing Grace,amazing grace,amazing-grace-review,,,0,2015-07-16,,Nederlander Theatre,,1,0,1,2026-05-21 01:56:49,2026-05-21 02:19:19
1968,Deep Love & Pope,deep love pope,deep-love-pope-review,,,0,2015-07-17,,Various Locations,,1,0,0,2026-05-21 01:56:49,2026-05-21 02:19:59
1982,Summer Shorts: Series A,summer shorts series a,summer-shorts-review,,,0,2015-07-17,,59E59 Theaters,,1,0,0,2026-05-21 01:56:49,2026-05-21 02:19:54
1980,Mrs. Smith’s Broadway Cat-Tacular!,mrs smiths broadway cattacular,mrs-smiths-broadway-cat-tacular-review,,,0,2015-07-20,,47th Street Theatre,,1,0,0,2026-05-21 01:56:49,2026-05-21 02:19:40
1997,John,john,john-review,,,0,2015-07-22,,Signature Theatre,,1,0,0,2026-05-21 01:56:50,2026-05-21 02:19:47
1975,Karaoke Bacchae,karaoke bacchae,karaoke-bacchae-review,,,0,2015-07-22,,New Ohio Theatre,,1,0,0,2026-05-21 01:56:49,2026-05-21 02:19:56
1983,Paradise Blue,paradise blue,paradise-blue-review,,,0,2015-07-22,,Williamstown Theatre Festival,,1,0,0,2026-05-21 01:56:49,2026-05-21 02:19:53
1973,Ubu Roi,ubu roi,ubu-roi-review,,,0,2015-07-22,,Gerald W. Lynch,,1,0,0,2026-05-21 01:56:49,2026-05-21 02:19:57
1996,Cymbeline,cymbeline,cymbeline-review,,,0,2015-07-23,,Delacorte Theatre,,1,0,0,2026-05-21 01:56:50,2026-05-21 02:19:47
1976,Kafka on the Shore,kafka on the shore,kafka-on-the-shore-review,,,0,2015-07-23,,David H. Koch Theater,,1,0,0,2026-05-21 01:56:49,2026-05-21 02:19:56
1977,Butcher Holler Here We Come,butcher holler here we come,butcher-holler-here-we-come,,,0,2015-07-24,,The Tank,,1,0,0,2026-05-21 01:56:49,2026-05-21 02:19:56
1987,Freight,freight,freight-review,,,0,2015-07-25,,HERE Arts Center,,1,0,0,2026-05-21 01:56:49,2026-05-21 02:19:53
1985,Summer Shorts: Series B,summer shorts series b,summer-shorts-series-b-review,,,0,2015-07-25,,59E59 Theaters,,1,0,0,2026-05-21 01:56:49,2026-05-21 02:19:52
1988,The Dreamer Examines His Pillow,dreamer examines his pillow,the-dreamer-examines-his-pillow-review,,,0,2015-07-25,,The Flea Theater,,1,0,0,2026-05-21 01:56:49,2026-05-21 02:19:49
1981,Miss Julie,miss julie,miss-julie-review,,,0,2015-07-27,,New York City Center,,1,0,0,2026-05-21 01:56:49,2026-05-21 02:19:56
1984,Ramona,ramona,ramona-review,,,0,2015-07-27,,Clark Studio Theater,,1,0,0,2026-05-21 01:56:49,2026-05-21 02:19:53
1998,Up Here,up here,up-here-review,,,0,2015-07-28,,La Jolla Playhouse,,1,0,0,2026-05-21 01:56:50,2026-05-21 02:19:48
2001,Sweat,sweat,sweat-review,,,0,2015-07-29,,Oregon Shakespeare Festival,,1,0,1,2026-05-21 01:56:50,2026-05-21 02:19:45
2000,Mother of the Maid,mother of the maid,mother-of-the-maid,,,0,2015-07-30,,Shakespeare & Company,,1,0,0,2026-05-21 01:56:50,2026-05-21 02:19:46
1992,Pimm’s Mission,pimms mission,pimms-mission-review,,,0,2015-07-30,,59E59 Theaters,,1,0,0,2026-05-21 01:56:50,2026-05-21 02:19:50
1994,Unknown Soldier,unknown soldier,unknown-soldier-review,,,0,2015-07-30,,Williamstown Theatre Festival,,1,0,0,2026-05-21 01:56:50,2026-05-21 02:19:49
1993,Delirium’s Daughters,deliriums daughters,deliriums-daughters-review,,,0,2015-08-02,,Clurman Theatre,,1,0,0,2026-05-21 01:56:50,2026-05-21 02:19:49
2005,Grey Gardens,grey gardens,grey-gardens-review,,,0,2015-08-04,,Baystreet Theater,,1,0,0,2026-05-21 01:56:50,2026-05-21 02:19:44
2004,Informed Consent,informed consent,informed-consent-review,,,0,2015-08-04,,Duke on 42nd Street,,1,0,0,2026-05-21 01:56:50,2026-05-21 02:19:44
1995,A Moon for the Misbegotten,moon for the misbegotten,a-moon-for-the-misbegotten-review,,,0,2015-08-05,,Williamstown Theatre Festival,,1,0,0,2026-05-21 01:56:50,2026-05-21 02:19:47
1990,Holden,holden,holden-review,,,0,2015-08-05,,New Ohio Theatre,,1,0,0,2026-05-21 01:56:49,2026-05-21 02:19:50
1991,Hamilton,hamilton,hamilton-review,,,0,2015-08-06,,Richard Rodgers,,1,0,0,2026-05-21 01:56:49,2026-05-21 02:14:12
1999,Steve: A Docu-Musical,steve a documusical,steve-a-docu-musical-review,,,0,2015-08-06,,Fourth Street Theatre,,1,0,0,2026-05-21 01:56:50,2026-05-21 02:19:47
2002,Unity (1918),unity 1918,unity-1918-review,,,0,2015-08-06,,Gene Frankel Theatre,,1,0,0,2026-05-21 01:56:50,2026-05-21 02:19:45
2011,FringeNYC,fringenyc,fringenyc-2015-review,,,0,2015-08-14,,Various Locations,,1,0,0,2026-05-21 01:56:50,2026-05-21 02:19:41
2015,A Delicate Ship,delicate ship,a-delicate-ship-review,,,0,2015-08-18,,Peter Jay Sharp,,1,0,0,2026-05-21 01:56:50,2026-05-21 02:19:41
2006,Mercury Fur,mercury fur,mercury-fur-review,,,0,2015-08-19,,Romulus Linney Courtyard Theatre at The Pershing Square Signature Center,,1,0,0,2026-05-21 01:56:50,2026-05-21 02:19:44
2012,Sense of an Ending,sense of an ending,sense-of-an-ending-review,,,0,2015-08-20,,59E59 Theaters,,1,0,0,2026-05-21 01:56:50,2026-05-21 02:19:43
2008,Drop Dead Perfect,drop dead perfect,drop-dead-perfect-review,,,0,2015-08-23,,Theatre at St. Clement's,,1,0,0,2026-05-21 01:56:50,2026-05-21 02:19:43
2009,Love & Money,love money,love-and-money-review,,,0,2015-08-24,,Signature Theatre,,1,0,0,2026-05-21 01:56:50,2026-05-21 02:19:41
2010,Hamlet,hamlet,hamlet-barbican-review,,,0,2015-08-25,,Barbican Centre,,1,0,0,2026-05-21 01:56:50,2026-05-21 02:19:41
2017,Our Last Game,our last game,our-last-game-review,,,0,2015-08-25,,Nord Anglia International School,,1,0,0,2026-05-21 01:56:50,2026-05-21 02:19:40
2014,Fireface,fireface,fireface-review,,,0,2015-08-26,,The Brick,,1,0,0,2026-05-21 01:56:50,2026-05-21 02:19:43
2016,Magic Trick,magic trick,magic-trick-review,,,0,2015-08-27,,Studio Theatre at Theatre Row,,1,0,0,2026-05-21 01:56:50,2026-05-21 02:19:40
2013,Whorl Inside a Loop,whorl inside a loop,whorl-inside-a-loop-review,,,0,2015-08-27,,Second Stage Theatre,,1,0,0,2026-05-21 01:56:50,2026-05-21 02:19:35
2025,Hamlet in Bed,hamlet in bed,hamlet-in-bed-review,,,0,2015-08-28,,Rattlestick Theatre,,1,0,0,2026-05-21 01:56:50,2026-05-21 02:19:33
2026,The Christians,christians,the-christians-review,,,0,2015-08-28,,Playwrights Horizons,,1,0,0,2026-05-21 01:56:50,2026-05-21 02:19:33
2023,Judy,judy,judy-review,,,0,2015-09-01,,New Ohio Theatre,,1,0,0,2026-05-21 01:56:50,2026-05-21 02:19:35
2022,Desire,desire,desire-review,,,0,2015-09-02,,59E59 Theaters,,1,0,0,2026-05-21 01:56:50,2026-05-21 02:19:34
2018,They Are Gone But Here Must I Remain,they are gone but here must i remain,they-are-gone-but-here-must-i-remain-review,,,0,2015-09-03,,JACK,,1,0,0,2026-05-21 01:56:50,2026-05-21 02:19:38
2019,The Odyssey,odyssey,the-odyssey-review,,,0,2015-09-04,,Delacorte Theatre,,1,0,0,2026-05-21 01:56:50,2026-05-21 02:19:39
2024,Photograph 51,photograph 51,photograph-51-review,,,0,2015-09-05,,The Noël Coward Theatre,,1,0,0,2026-05-21 01:56:50,2026-05-21 02:19:36
2021,Isolde,isolde,isolde-review,,,0,2015-09-06,,Polonsky Shakespeare Center,,1,0,0,2026-05-21 01:56:50,2026-05-21 02:19:35
2041,Women’s Voices Theater Festival,womens voices theater festival,womens-voices-theater-festival-review,,,0,2015-09-08,,Various Locations,,1,0,0,2026-05-21 01:56:50,2026-05-21 02:19:24
2020,The Legend of Georgia McBride,legend of georgia mcbride,the-legend-of-georgia-mcbride,,,0,2015-09-09,,Lucille Lortel Theatre,,1,0,0,2026-05-21 01:56:50,2026-05-21 02:19:39
2027,Iphigenia in Aulis,iphigenia in aulis,iphigenia-in-aulis-review,,,0,2015-09-10,,Classic Stage Comp.,,1,0,0,2026-05-21 01:56:50,2026-05-21 02:19:32
2039,Cloud Nine,cloud nine,cloud-nine-review,,,0,2015-09-16,,Atlantic Theater,,1,0,0,2026-05-21 01:56:50,2026-05-21 02:19:24
2030,Baby Doll,baby doll,baby-doll-review,,,0,2015-09-18,,McCarter Theater Center,,1,0,0,2026-05-21 01:56:50,2026-05-21 02:19:33
2028,A Midsummer Night’s Dream,midsummer nights dream,a-midsummer-nights-dream-pearl-theater-review,,,0,2015-09-20,,The Pearl Theater,,1,0,0,2026-05-21 01:56:50,2026-05-21 02:19:33
2029,Fulfillment,fulfillment,fulfillment-review,,,0,2015-09-21,,The Flea Theater,,1,0,0,2026-05-21 01:56:50,2026-05-21 02:19:32
2037,The Quare Land,quare land,the-quare-land-review,,,0,2015-09-22,,Irish Repertory Theatre,,1,0,0,2026-05-21 01:56:50,2026-05-21 02:19:23
2032,Antigone,antigone,antigone-review,,,0,2015-09-24,,BAM Harvey Theater,,1,0,0,2026-05-21 01:56:50,2026-05-21 02:19:25
2034,Reread Another,reread another,reread-another-review,,,0,2015-09-25,,The Brick,,1,0,0,2026-05-21 01:56:50,2026-05-21 02:19:25
2033,Elements of Oz,elements of oz,elements-of-oz-review,,,0,2015-09-26,,Alexander Kasser Theater,,1,0,0,2026-05-21 01:56:50,2026-05-21 02:19:24
2031,Spring Awakening,spring awakening,spring-awakening-review,,,0,2015-09-27,,Brooks Atkinson,,1,0,0,2026-05-21 01:56:50,2026-05-21 02:19:32
2038,Daddy Long Legs,daddy long legs,daddy-long-legs-review,,,0,2015-09-28,,Davenport Theatre,,1,0,0,2026-05-21 01:56:50,2026-05-21 02:17:55
2035,"Fondly, Collette Richland",fondly collette richland,fondly-collette-richland-review,,,0,2015-09-28,,NY Theatre Workshop,,1,0,0,2026-05-21 01:56:50,2026-05-21 02:19:25
2048,Eclipsed,eclipsed,eclipsed-review,,,0,2015-09-29,,The Public Theater,,1,0,1,2026-05-21 01:56:50,2026-05-21 02:19:20
2075,Ride the Cyclone,ride the cyclone,ride-the-cyclone-review,,,0,2015-09-29,,Chicago Shakespeare Theater,,1,0,0,2026-05-21 01:56:50,2026-05-21 02:19:09
2036,Tabac Rouge,tabac rouge,tabac-rouge-review,,,0,2015-09-30,,BAM Howard Gilman Opera House,,1,0,0,2026-05-21 01:56:50,2026-05-21 02:19:25
2042,Sisters’ Follies,sisters follies,sisters-follies-review,,,0,2015-10-01,,Abrons Arts Center Henry Street Settlement,,1,0,0,2026-05-21 01:56:50,2026-05-21 02:19:22
2068,Who’s Your Baghdaddy?,whos your baghdaddy,whos-your-baghdaddy-review,,,0,2015-10-01,,Actors Temple Theater at Congregation Ezrath Israel,,1,0,0,2026-05-21 01:56:50,2026-05-21 02:19:12
2053,Futurity,futurity,futurity-review,,,0,2015-10-06,,Ars Nova,,1,0,0,2026-05-21 01:56:50,2026-05-21 02:19:16
2040,Old Times,old times,old-times-review,,,0,2015-10-06,,American Airlines,,1,0,1,2026-05-21 01:56:50,2026-05-21 02:19:21
2044,Barbecue,barbecue,barbecue,,,0,2015-10-08,,The Public Theater,,1,0,0,2026-05-21 01:56:50,2026-05-21 02:19:21
2043,Fool for Love,fool for love,fool-for-love-review,,,0,2015-10-08,,Samuel J. Friedman Theatre,,1,0,1,2026-05-21 01:56:50,2026-05-21 02:19:21
2060,Unseamly,unseamly,unseamly-review,,,0,2015-10-08,,Urban Stages,,1,0,0,2026-05-21 01:56:50,2026-05-21 02:19:18
2045,Clever Little Lies,clever little lies,clever-little-lies-review,,,0,2015-10-12,,Westside Theatre,,1,0,0,2026-05-21 01:56:50,2026-05-21 02:18:59
2046,Ugly Lies the Bone,ugly lies the bone,ugly-lies-the-bone-review,,,0,2015-10-13,,Roundabout Underground,,1,0,0,2026-05-21 01:56:50,2026-05-21 02:19:11
2047,The Gin Game,gin game,the-gin-game-review,,,0,2015-10-14,,John Golden Theatre,,1,0,1,2026-05-21 01:56:50,2026-05-21 02:19:20
2049,Travels With My Aunt,travels with my aunt,travels-with-my-aunt-review,,,0,2015-10-15,,Clurman Theatre,,1,0,0,2026-05-21 01:56:50,2026-05-21 02:19:20
2072,Hir,hir,hir-review,,,0,2015-10-16,,Playwrights Horizons,,1,0,0,2026-05-21 01:56:50,2026-05-21 02:19:02
2061,Houseworld,houseworld,houseworld-review,,,0,2015-10-18,,"San Damiano Mission, 85 North 15th Street, Brooklyn, NY 11222",,1,0,0,2026-05-21 01:56:50,2026-05-21 02:19:15
2050,Underneath,underneath,underneath-review,,,0,2015-10-18,,Irish Arts Center,,1,0,0,2026-05-21 01:56:50,2026-05-21 02:19:19
2051,Kill Floor,kill floor,kill-floor-review,,,0,2015-10-19,,Claire Tow Theater,,1,0,0,2026-05-21 01:56:50,2026-05-21 02:19:18
2052,Ripcord,ripcord,ripcord-review,,,0,2015-10-20,,MTC,,1,0,0,2026-05-21 01:56:50,2026-05-21 02:19:17
2056,Empanada Loca,empanada loca,empanada-loca-review,,,0,2015-10-21,,Bank Street Theatre,,1,0,0,2026-05-21 01:56:50,2026-05-21 02:19:15
2054,First Daughter Suite,first daughter suite,first-daughter-suite-review,,,0,2015-10-21,,The Public Theater,,1,0,0,2026-05-21 01:56:50,2026-05-21 02:19:11
2057,texts&beheadings/ElizabethR,textsbeheadingselizabethr,textsbeheadingselizabethr-review,,,0,2015-10-21,,BAM Fishman Space,,1,0,0,2026-05-21 01:56:50,2026-05-21 02:19:17
2055,Dames at Sea,dames at sea,dames-at-sea-review,,,0,2015-10-22,,Helen Hayes Theatre,,1,0,1,2026-05-21 01:56:50,2026-05-21 02:17:58
2067,Rear Window,rear window,rear-window-review,,,0,2015-10-22,,Hartford Stage,,1,0,0,2026-05-21 01:56:50,2026-05-21 02:19:12
2058,The Humans,humans,the-humans-review,,,0,2015-10-25,,Laura Pels Theatre,,1,0,1,2026-05-21 01:56:50,2026-05-21 02:19:14
2059,Before Your Very Eyes,before your very eyes,before-your-very-eyes-review,,,0,2015-10-26,,The Public Theater,,1,0,0,2026-05-21 01:56:50,2026-05-21 02:19:17
2065,Dear Elizabeth,dear elizabeth,dear-elizabeth-review,,,0,2015-10-26,,McGinn,,1,0,0,2026-05-21 01:56:50,2026-05-21 02:19:14
2062,Sylvia,sylvia,sylvia-review,,,0,2015-10-27,,Cort Theatre,,1,0,1,2026-05-21 01:56:50,2026-05-21 02:18:58
2063,Songbird,songbird,songbird-review,,,0,2015-10-28,,59E59 Theaters,,1,0,0,2026-05-21 01:56:50,2026-05-21 02:19:12
2064,Thérèse Raquin,thrse raquin,therese-raquin-review,,,0,2015-10-29,,Studio 54,,1,0,1,2026-05-21 01:56:50,2026-05-21 02:19:14
2081,Good for Otto,good for otto,good-for-otto-review,,,0,2015-11-01,,The Gift Theatre,,1,0,0,2026-05-21 01:56:50,2026-05-21 02:19:06
2066,King Charles III,king charles iii,king-charles-iii-review,,,0,2015-11-01,,Music Box Theatre,,1,0,1,2026-05-21 01:56:50,2026-05-21 02:19:13
2070,The Comedy of Errors,comedy of errors,the-comedy-of-errors-mobile-shakespeare-review,,,0,2015-11-01,,Various Locations,,1,0,0,2026-05-21 01:56:50,2026-05-21 02:19:10
2084,Steve,steve,steve-review,,,0,2015-11-03,,Romulus Linney Courtyard Theatre at The Pershing Square Signature Center,,1,0,0,2026-05-21 01:56:50,2026-05-21 02:18:58
2069,On Your Feet!,on your feet,on-your-feet-review,,,0,2015-11-05,,Marquis Theatre,,1,0,0,2026-05-21 01:56:50,2026-05-21 02:16:30
2076,Henry IV,henry iv,henry-iv-donmar-review,,,0,2015-11-06,,St. Ann's Warehouse,,1,0,0,2026-05-21 01:56:50,2026-05-21 02:19:08
2071,Allegiance,allegiance,allegiance-review,,,0,2015-11-08,,Longacre Theatre,,1,0,1,2026-05-21 01:56:50,2026-05-21 02:18:46
2074,Dada Woof Papa Hot,dada woof papa hot,dada-woof-papa-hot-review,,,0,2015-11-09,,Mitzi E. Newhouse,,1,0,0,2026-05-21 01:56:50,2026-05-21 02:19:09
2073,Lost Girls,lost girls,lost-girls-review,,,0,2015-11-09,,Lucille Lortel Theatre,,1,0,0,2026-05-21 01:56:50,2026-05-21 02:19:09
2087,Neighborhood 3: Requisition of Doom,neighborhood 3 requisition of doom,neighborhood-3-requisition-of-doom-review,,,0,2015-11-09,,The Flea Theater,,1,0,0,2026-05-21 01:56:50,2026-05-21 02:19:03
2083,Pike St.,pike st,pike-st-review,,,0,2015-11-10,,Abrons Arts Center Henry Street Settlement,,1,0,0,2026-05-21 01:56:50,2026-05-21 02:19:04
2085,A Confederacy of Dunces,confederacy of dunces,a-confederacy-of-dunces-review,,,0,2015-11-11,,Huntington Theatre Company,,1,0,0,2026-05-21 01:56:50,2026-05-21 02:19:03
2077,Savannah Bay,savannah bay,savannah-bay-review,,,0,2015-11-11,,BAM Fishman Space,,1,0,0,2026-05-21 01:56:50,2026-05-21 02:19:07
2307,Shear Madness,shear madness,shear-madness-reviews,,,0,2015-11-11,,Davenport Theatre,,1,0,0,2026-05-21 01:56:52,2026-05-21 02:16:34
2078,A View From the Bridge,view from the bridge,a-view-from-the-bridge-review,,,0,2015-11-12,,Lyceum Theatre,,1,0,0,2026-05-21 01:56:50,2026-05-21 02:19:07
2080,Incident at Vichy,incident at vichy,incident-at-vichy-review,,,0,2015-11-15,,Signature Theatre,,1,0,0,2026-05-21 01:56:50,2026-05-21 02:19:06
2079,Misery,misery,misery-review,,,0,2015-11-15,,Broadhurst Theatre,,1,0,1,2026-05-21 01:56:50,2026-05-21 02:19:07
2082,Abyss,abyss,abyss-review,,,0,2015-11-16,,THEATERLAB,,1,0,0,2026-05-21 01:56:50,2026-05-21 02:19:04
2086,The Illusionists,illusionists,the-illusionists-review,,,0,2015-11-19,,Neil Simon Theatre,,1,0,0,2026-05-21 01:56:50,2026-05-21 02:19:05
2133,Funny Girl,funny girl,funny-girl-review,,,0,2015-11-20,,Menier Chocolate Factory,,1,0,1,2026-05-21 01:56:50,2026-05-21 02:18:44
2088,Important Hats of the Twentieth Century,important hats of the twentieth century,important-hats-of-the-twentieth-century-review,,,0,2015-11-23,,MTC,,1,0,0,2026-05-21 01:56:50,2026-05-21 02:19:05
2089,New York Animals,new york animals,new-york-animals-review,,,0,2015-11-29,,New Ohio Theatre,,1,0,0,2026-05-21 01:56:50,2026-05-21 02:19:02
2091,Shadowland Live,shadowland live,shadowland-live-review,,,0,2015-11-30,,La MaMa E.T.C.,,1,0,0,2026-05-21 01:56:50,2026-05-21 02:19:02
2098,Take Care,take care,take-care-review,,,0,2015-12-01,,The Flea Theater,,1,0,0,2026-05-21 01:56:50,2026-05-21 02:18:56
2103,Diner,diner,diner-the-musical-review,,,0,2015-12-02,,Delaware Theatre Company,,1,0,0,2026-05-21 01:56:50,2026-05-21 02:18:56
2090,Invisible Thread,invisible thread,invisible-thread-review,,,0,2015-12-02,,Second Stage Theatre,,1,0,0,2026-05-21 01:56:50,2026-05-21 02:19:02
2093,Steel Hammer,steel hammer,steel-hammer-review,,,0,2015-12-02,,BAM Harvey Theater,,1,0,0,2026-05-21 01:56:50,2026-05-21 02:19:01
2092,China Doll,china doll,china-doll-review,,,0,2015-12-04,,Gerald Schoenfeld,,1,0,1,2026-05-21 01:56:50,2026-05-21 02:19:00
2094,School of Rock,school of rock,school-of-rock-review,,,0,2015-12-06,,Winter Garden Theatre,,1,0,1,2026-05-21 01:56:50,2026-05-21 02:15:19
2095,Lazarus,lazarus,lazarus-review,,,0,2015-12-07,,NY Theatre Workshop,,1,0,0,2026-05-21 01:56:50,2026-05-21 02:19:01
2097,Oh Hello!,oh hello,oh-hello-review,,,0,2015-12-10,,Cherry Lane Theatre,,1,0,1,2026-05-21 01:56:50,2026-05-21 02:19:00
2096,The Color Purple,color purple,the-color-purple-review,,,0,2015-12-10,,Bernard B. Jacobs,,1,0,0,2026-05-21 01:56:50,2026-05-21 02:17:05
2099,Once Upon a Mattress,once upon a mattress,once-upon-a-mattress-review,,,0,2015-12-13,,Abrons Arts Center Henry Street Settlement,,1,0,1,2026-05-21 01:56:50,2026-05-21 02:18:59
2101,Marjorie Prime,marjorie prime,marjorie-prime-review,,,0,2015-12-14,,Playwrights Horizons,,1,0,1,2026-05-21 01:56:50,2026-05-21 02:18:52
2100,MotherStruck!,motherstruck,motherstruck-review,,,0,2015-12-14,,Culture Project,,1,0,0,2026-05-21 01:56:50,2026-05-21 02:18:58
2102,These Paper Bullets!,these paper bullets,these-paper-bullets-review,,,0,2015-12-15,,Atlantic Theater,,1,0,0,2026-05-21 01:56:50,2026-05-21 02:18:58
2104,Fiddler on the Roof,fiddler on the roof,fiddler-on-the-roof-review,,,0,2015-12-20,,Broadway Theatre,,1,0,0,2026-05-21 01:56:50,2026-05-21 02:17:38
2109,The Changeling,changeling,the-changeling-review,,,0,2015-12-26,,Lucille Lortel Theatre,,1,0,0,2026-05-21 01:56:50,2026-05-21 02:18:55
2106,Germinal,germinal,germinal-review,,,0,2016-01-06,,The Public Theater,,1,0,0,2026-05-21 01:56:50,2026-05-21 02:18:54
2110,The Holler Sessions,holler sessions,the-holler-sessions-review,,,0,2016-01-06,,Paradise Factory Theatre,,1,0,0,2026-05-21 01:56:50,2026-05-21 02:18:55
2112,Employee of the Year,employee of the year,employee-of-the-year-review,,,0,2016-01-07,,The Public Theater,,1,0,0,2026-05-21 01:56:50,2026-05-21 02:18:52
2107,Go Forth,go forth,go-forth-review,,,0,2016-01-07,,"Westbeth Artists Community, Underground",,1,0,0,2026-05-21 01:56:50,2026-05-21 02:18:54
2108,MDLSX,mdlsx,mdlsx-review,,,0,2016-01-07,,La MaMa E.T.C.,,1,0,0,2026-05-21 01:56:50,2026-05-21 02:18:54
2120,Mother Courage and Her Children,mother courage and her children,mother-courage-and-her-children-review,,,0,2016-01-07,,Classic Stage Comp.,,1,0,0,2026-05-21 01:56:50,2026-05-21 02:18:49
2111,The Art of Luv (Part 1),art of luv part 1,the-art-of-luv-part-1-review,,,0,2016-01-08,,The Public Theater,,1,0,0,2026-05-21 01:56:50,2026-05-21 02:18:54
2113,Now I'm Fine,now im fine,now-im-fine-review,,,0,2016-01-12,,The Public Theater,,1,0,0,2026-05-21 01:56:50,2026-05-21 02:18:51
2124,A Ride on the Irish Cream,ride on the irish cream,a-ride-on-the-irish-cream-review,,,0,2016-01-13,,Abrons Arts Center Henry Street Settlement,,1,0,0,2026-05-21 01:56:50,2026-05-21 02:18:48
2114,Confirmation,confirmation,confirmation-review,,,0,2016-01-13,,The Invisible Dog Art Center,,1,0,0,2026-05-21 01:56:50,2026-05-21 02:18:51
2119,Escuela,escuela,escuela-review,,,0,2016-01-13,,The Public Theater,,1,0,0,2026-05-21 01:56:50,2026-05-21 02:18:50
2117,Key Change,key change,key-change-review,,,0,2016-01-13,,Fourth Street Theatre,,1,0,0,2026-05-21 01:56:50,2026-05-21 02:18:52
2118,Longyarn,longyarn,longyarn-review,,,0,2016-01-13,,Bushwick Starr,,1,0,0,2026-05-21 01:56:50,2026-05-21 02:18:48
2115,Yesterday Tomorrow,yesterday tomorrow,yesterday-tomorrow-review,,,0,2016-01-13,,"La MaMa Ellen Stewart Theater 66 East 4th Street, New York, NY 10003",,1,0,0,2026-05-21 01:56:50,2026-05-21 02:18:51
2116,Noises Off,noises off,noises-off-review,,,0,2016-01-14,,American Airlines,,1,0,0,2026-05-21 01:56:50,2026-05-21 02:18:45
2125,I and You,i and you,i-and-you,,,0,2016-01-15,,59E59 Theaters,,1,0,0,2026-05-21 01:56:50,2026-05-21 02:18:47
2123,The Glory of the World,glory of the world,the-glory-of-the-world-review,,,0,2016-01-16,,BAM Harvey Theater,,1,0,0,2026-05-21 01:56:50,2026-05-21 02:18:48
2121,Skeleton Crew,skeleton crew,skeleton-crew-review,,,0,2016-01-19,,Atlantic Stage Two,,1,0,1,2026-05-21 01:56:50,2026-05-21 02:18:49
2122,Our Mother’s Brief Affair,our mothers brief affair,our-mothers-brief-affair-review,,,0,2016-01-20,,Samuel J. Friedman Theatre,,1,0,1,2026-05-21 01:56:50,2026-05-21 02:18:49
2126,Tonight/Jungle,tonightjungle,tonightjungle,,,0,2016-01-21,,HERE Arts Center,,1,0,0,2026-05-21 01:56:50,2026-05-21 02:18:46
2127,The Grand Paradise,grand paradise,the-grand-paradise,,,0,2016-01-30,,The Grand Paradise,,1,0,0,2026-05-21 01:56:50,2026-05-21 02:18:29
2141,A Bronx Tale,bronx tale,a-bronx-tale-the-musical-review,,,0,2016-02-04,,Paper Mill Playhouse,,1,0,0,2026-05-21 01:56:50,2026-05-21 02:17:21
2129,Broadway & the Bard,broadway the bard,broadway-the-bard-review,,,0,2016-02-04,,Theatre Row Complex,,1,0,0,2026-05-21 01:56:50,2026-05-21 02:18:47
2128,Sense & Sensibility,sense sensibility,sense-sensibility-review,,,0,2016-02-04,,The Gym at Judson,,1,0,0,2026-05-21 01:56:50,2026-05-21 02:18:43
2134,2666,2666,2666-review,,,0,2016-02-06,,Goodman Theatre,,1,0,0,2026-05-21 01:56:50,2026-05-21 02:18:43
2130,Prodigal Son,prodigal son,prodigal-son-review,,,0,2016-02-09,,MTC,,1,0,0,2026-05-21 01:56:50,2026-05-21 02:18:45
2131,Cabin in the Sky,cabin in the sky,cabin-in-the-sky-review,,,0,2016-02-10,,New York City Center,,1,0,0,2026-05-21 01:56:50,2026-05-21 02:18:46
2132,Smart People,smart people,smart-people-review,,,0,2016-02-11,,Second Stage Theatre,,1,0,0,2026-05-21 01:56:50,2026-05-21 02:18:44
2150,Familiar,familiar,familiar-review,,,0,2016-02-12,,Playwrights Horizons,,1,0,0,2026-05-21 01:56:50,2026-05-21 02:18:38
2145,The Encounter,encounter,the-encounter-review,,,0,2016-02-12,,Barbican Centre,,1,0,1,2026-05-21 01:56:50,2026-05-21 02:18:41
2137,Nice Fish,nice fish,nice-fish-review,,,0,2016-02-14,,St. Ann's Warehouse,,1,0,0,2026-05-21 01:56:50,2026-05-21 02:18:42
2146,The Wildness,wildness,the-wildness-review,,,0,2016-02-16,,Ars Nova,,1,0,0,2026-05-21 01:56:50,2026-05-21 02:18:36
2135,Buried Child,buried child,buried-child-review,,,0,2016-02-17,,Alice Griffin Jewel Box Theatre,,1,0,0,2026-05-21 01:56:50,2026-05-21 02:18:43
2149,Red Speedo,red speedo,red-speedo-review,,,0,2016-02-17,,NY Theatre Workshop,,1,0,0,2026-05-21 01:56:50,2026-05-21 02:18:41
2136,The Humans,humans,the-humans-broadway-review,,,0,2016-02-18,,Schoenfeld Theatre,,1,0,0,2026-05-21 01:56:50,2026-05-21 02:17:04
2138,Her Requiem,her requiem,her-requiem-review,,,0,2016-02-22,,Claire Tow Theater,,1,0,0,2026-05-21 01:56:50,2026-05-21 02:18:41
2139,Smokefall,smokefall,smokefall-review,,,0,2016-02-22,,Lucille Lortel Theatre,,1,0,0,2026-05-21 01:56:50,2026-05-21 02:18:43
2140,Dot,dot,dot-review,,,0,2016-02-23,,Vineyard Theatre,,1,0,0,2026-05-21 01:56:50,2026-05-21 02:18:42
2142,Hughie,hughie,hughie-review,,,0,2016-02-25,,Booth Theatre,,1,0,1,2026-05-21 01:56:50,2026-05-21 02:18:40
2144,I’ll Never Love Again,ill never love again,ill-never-love-again-review,,,0,2016-02-25,,Bushwick Starr,,1,0,0,2026-05-21 01:56:50,2026-05-21 02:18:38
2143,Pericles,pericles,pericles-tfna-review,,,0,2016-02-25,,Polonsky Shakespeare Center,,1,0,0,2026-05-21 01:56:50,2026-05-21 02:18:35
2147,But I Cd Only Whisper,but i cd only whisper,but-i-cd-only-whisper,,,0,2016-02-29,,The Flea Theater,,1,0,0,2026-05-21 01:56:50,2026-05-21 02:18:40
2148,Rimbaud in New York,rimbaud in new york,rimbaud-in-new-york-review,,,0,2016-03-01,,BAM Fisher,,1,0,0,2026-05-21 01:56:50,2026-05-21 02:18:41
2152,Hungry,hungry,hungry-review,,,0,2016-03-04,,The Public Theater,,1,0,0,2026-05-21 01:56:50,2026-05-21 02:18:38
2151,West Side Story,west side story,west-side-story-review,,,0,2016-03-04,,Knockdown Center,,1,0,0,2026-05-21 01:56:50,2026-05-21 02:18:38
2153,Eclipsed,eclipsed,eclipsed-broadway-review,,,0,2016-03-06,,John Golden Theatre,,1,0,0,2026-05-21 01:56:50,2026-05-21 02:18:36
2154,The Royale,royale,the-royale-review,,,0,2016-03-07,,Mitzi E. Newhouse,,1,0,0,2026-05-21 01:56:50,2026-05-21 02:18:35
2156,White Rabbit Red Rabbit,white rabbit red rabbit,white-rabbit-red-rabbit-review,,,0,2016-03-07,,Westside Theatre,,1,0,0,2026-05-21 01:56:50,2026-05-21 02:17:04
2155,Disaster!,disaster,disaster-review,,,0,2016-03-08,,Nederlander Theatre,,1,0,0,2026-05-21 01:56:50,2026-05-21 02:18:38
2159,Brodsky/Baryshnikov,brodskybaryshnikov,brodsky-baryshnikov-review,,,0,2016-03-09,,"Baryshnikov Arts Center, Howard Gilman Performance Space",,1,0,0,2026-05-21 01:56:50,2026-05-21 02:18:33
2157,Blackbird,blackbird,blackbird-review,,,0,2016-03-10,,Belasco Theatre,,1,0,1,2026-05-21 01:56:50,2026-05-21 02:18:34
2158,Boy,boy,boy-review,,,0,2016-03-10,,Clurman Theatre,,1,0,0,2026-05-21 01:56:50,2026-05-21 02:18:36
2160,Southern Comfort,southern comfort,southern-comfort-review,,,0,2016-03-13,,The Public Theater,,1,0,0,2026-05-21 01:56:50,2026-05-21 02:18:35
2161,The Robber Bridegroom,robber bridegroom,the-robber-bridegroom-review,,,0,2016-03-13,,Laura Pels Theatre,,1,0,0,2026-05-21 01:56:50,2026-05-21 02:18:34
2162,Hold On to Me Darling,hold on to me darling,hold-on-to-me-darling-review,,,0,2016-03-14,,Atlantic Theater,,1,0,0,2026-05-21 01:56:50,2026-05-21 02:18:31
2175,Stupid Fu**ing Bird,stupid fuing bird,stupid-bird-review,,,0,2016-03-15,,The Pearl Theater,,1,0,0,2026-05-21 01:56:50,2026-05-21 02:18:29
2163,Ironbound,ironbound,ironbound-review,,,0,2016-03-16,,Rattlestick Theatre,,1,0,0,2026-05-21 01:56:50,2026-05-21 02:18:26
2172,The Hundred We Are,hundred we are,the-hundred-we-are-review,,,0,2016-03-16,,Cell Theatre,,1,0,0,2026-05-21 01:56:50,2026-05-21 02:18:31
2164,The Way West,way west,the-way-west-review,,,0,2016-03-16,,Bank Street Theatre,,1,0,0,2026-05-21 01:56:50,2026-05-21 02:18:32
2166,Krapp’s Last Tape,krapps last tape,krapps-last-tape-review,,,0,2016-03-17,,Alexander Kasser Theater,,1,0,0,2026-05-21 01:56:50,2026-05-21 02:18:31
2165,She Loves Me,she loves me,she-loves-me-review,,,0,2016-03-17,,Studio 54,,1,0,1,2026-05-21 01:56:50,2026-05-21 02:18:26
2167,The Effect,effect,the-effect-review,,,0,2016-03-20,,Barrow Street Theatre,,1,0,0,2026-05-21 01:56:50,2026-05-21 02:18:23
2168,Wolf in the River,wolf in the river,wolf-in-the-river-review,,,0,2016-03-21,,The Flea Theater,,1,0,0,2026-05-21 01:56:50,2026-05-21 02:18:30
2169,Dry Powder,dry powder,dry-powder-review,,,0,2016-03-22,,The Public Theater,,1,0,0,2026-05-21 01:56:50,2026-05-21 02:18:23
2170,Really,really,really-review,,,0,2016-03-23,,Abrons Arts Center Henry Street Settlement,,1,0,0,2026-05-21 01:56:50,2026-05-21 02:18:31
2173,The Seagull and Other Birds,seagull and other birds,the-seagull-and-other-birds-rerview,,,0,2016-03-23,,Abrons Arts Center Henry Street Settlement,,1,0,0,2026-05-21 01:56:50,2026-05-21 02:18:32
2171,Bright Star,bright star,bright-star-broadway-review,,,0,2016-03-24,,Cort Theatre,,1,0,0,2026-05-21 01:56:50,2026-05-21 02:17:57
2178,King and Country,king and country,king-and-country-review,,,0,2016-03-24,,BAM Harvey Theater,,1,0,0,2026-05-21 01:56:50,2026-05-21 02:18:27
2174,Head of Passes,head of passes,head-of-passes-review,,,0,2016-03-28,,The Public Theater,,1,0,0,2026-05-21 01:56:50,2026-05-21 02:18:25
2176,1776,1776,1776-review,,,0,2016-03-30,,New York City Center,,1,0,1,2026-05-21 01:56:50,2026-05-21 02:18:29
2183,Mary Page Marlowe,mary page marlowe,mary-page-marlowe-review,,,0,2016-03-31,,Steppenwolf Theatre,,1,0,0,2026-05-21 01:56:50,2026-05-21 02:18:24
2177,The Crucible,crucible,the-crucible-review,,,0,2016-03-31,,Walter Kerr Theater,,1,0,0,2026-05-21 01:56:50,2026-05-21 02:18:28
2185,Hillary and Clinton,hillary and clinton,hillary-and-clinton-review,,,0,2016-04-01,,West End Theatre,,1,0,1,2026-05-21 01:56:50,2026-05-21 02:15:12
2184,Carlyle,carlyle,carlyle-review,,,0,2016-04-02,,Goodman Theatre,,1,0,0,2026-05-21 01:56:50,2026-05-21 02:18:23
2179,Antlia Pneumatica,antlia pneumatica,antlia-pneumatica-review,,,0,2016-04-04,,Playwrights Horizons,,1,0,0,2026-05-21 01:56:50,2026-05-21 02:18:28
2180,Exit Strategy,exit strategy,exit-strategy-review,,,0,2016-04-12,,Cherry Lane Theatre,,1,0,0,2026-05-21 01:56:50,2026-05-21 02:18:27
2181,Nathan the Wise,nathan the wise,nathan-the-wise-review,,,0,2016-04-13,,Classic Stage Comp.,,1,0,0,2026-05-21 01:56:50,2026-05-21 02:18:25
2182,The Father,father,the-father-review,,,0,2016-04-14,,Samuel J. Friedman Theatre,,1,0,1,2026-05-21 01:56:50,2026-05-21 02:18:25
2186,Revolt. She Said. Revolt Again.,revolt she said revolt again,revolt-she-said-revolt-again-review,,,0,2016-04-19,,Soho Repertory,,1,0,0,2026-05-21 01:56:50,2026-05-21 02:18:20
2188,Empathy School & Love Story,empathy school love story,empathy-school-love-story-review,,,0,2016-04-20,,Abrons Arts Center Henry Street Settlement,,1,0,0,2026-05-21 01:56:50,2026-05-21 02:18:21
2187,American Psycho,american psycho,american-psycho-review,,,0,2016-04-21,,Schoenfeld Theatre,,1,0,1,2026-05-21 01:56:50,2026-05-21 02:17:57
2189,Waitress,waitress,waitress-review,,,0,2016-04-24,,Brooks Atkinson,,1,0,1,2026-05-21 01:56:50,2026-05-21 02:14:57
2190,Fully Committed,fully committed,fully-committed-review,,,0,2016-04-25,,Lyceum Theatre,,1,0,1,2026-05-21 01:56:50,2026-05-21 02:18:22
2191,Tuck Everlasting,tuck everlasting,tuck-everlasting-review,,,0,2016-04-26,,Broadhurst Theatre,,1,0,1,2026-05-21 01:56:50,2026-05-21 02:17:55
2192,Long Day's Journey Into Night,long days journey into night,long-days-journey-into-night-review,,,0,2016-04-27,,American Airlines,,1,0,0,2026-05-21 01:56:50,2026-05-21 02:18:23
2193,Shuffle Along,shuffle along,shuffle-along-review,,,0,2016-04-28,,Music Box Theatre,,1,0,0,2026-05-21 01:56:50,2026-05-21 02:17:55
2195,A Streetcar Named Desire,streetcar named desire,a-streetcar-named-desire-review,,,0,2016-05-01,,St. Ann's Warehouse,,1,0,0,2026-05-21 01:56:50,2026-05-21 02:18:20
2194,Dear Evan Hansen,dear evan hansen,dear-evan-hansen-review-2,,,0,2016-05-01,,Second Stage Theatre,,1,0,0,2026-05-21 01:56:50,2026-05-21 02:18:21
2196,Toast,toast,toast-review-2,,,0,2016-05-01,,59E59 Theaters,,1,0,0,2026-05-21 01:56:50,2026-05-21 02:18:20
2205,Cherchez La Femme,cherchez la femme,cherchez-la-femme,,,0,2016-05-23,,"La MaMa Ellen Stewart Theater 66 East 4th Street, New York, NY 10003",,1,0,0,2026-05-21 01:56:50,2026-05-21 02:18:18
2197,Hadestown,hadestown,review,,,0,2016-05-23,,NY Theatre Workshop,,1,0,1,2026-05-21 01:56:50,2026-05-21 02:18:20
2199,Incognito,incognito,review-2,,,0,2016-05-24,,MTC - Stage 1,,1,0,0,2026-05-21 01:56:50,2026-05-21 02:18:15
2203,A Doll's House & The Father,dolls house the father,review-6,,,0,2016-05-25,,Polonsky Shakespeare Center,,1,0,0,2026-05-21 01:56:50,2026-05-21 02:18:18
2198,Paramour,paramour,paramour-review,,,0,2016-05-25,,Lyric Theatre,,1,0,0,2026-05-21 01:56:50,2026-05-21 02:16:47
2202,Peer Gynt,peer gynt,review-5,,,0,2016-05-25,,Classic Stage Comp.,,1,0,0,2026-05-21 01:56:50,2026-05-21 02:18:14
2201,The Total Bent,total bent,review-3,,,0,2016-05-25,,The Public Theater,,1,0,0,2026-05-21 01:56:50,2026-05-21 02:18:15
2200,The Total Bent2,total bent2,review-4,,,0,2016-05-25,,The Public Theater,,1,0,0,2026-05-21 01:56:50,2026-05-21 02:18:18
2204,Friend Art,friend art,review-7,,,0,2016-05-26,,Second Stage Theatre,,1,0,0,2026-05-21 01:56:50,2026-05-21 02:18:16
2206,Every Angel Is Brutal,every angel is brutal,review-8,,,0,2016-05-27,,The Wild Project,,1,0,0,2026-05-21 01:56:50,2026-05-21 02:18:17
2210,Radiant Vermin,radiant vermin,radiant-vermin-review,,,0,2016-06-02,,59E59 Theaters,,1,0,0,2026-05-21 01:56:50,2026-05-21 02:18:14
2207,An Act of God (2016),act of god 2016,an-act-of-god-broadway-review,,,0,2016-06-06,,Booth Theatre,,1,0,0,2026-05-21 01:56:50,2026-05-21 02:18:18
2208,War,war,review-9,,,0,2016-06-06,,Lincoln Center Theater,,1,0,0,2026-05-21 01:56:50,2026-05-21 02:18:17
2209,A Funny Thing Happened on the Way to the Gynecologic Oncology Unit,funny thing happened on the way to the gynecologic oncology unit,a-funny-thing-happened-on-the-way-to-the-gynecologic-oncology-unit-review,,,0,2016-06-07,,Lucille Lortel Theatre,,1,0,0,2026-05-21 01:56:50,2026-05-21 02:18:14
2212,The Purple Lights of Joppa Illinois,purple lights of joppa illinois,the-purple-lights-of-joppa-illinois-review,,,0,2016-06-07,,Atlantic Stage Two,,1,0,0,2026-05-21 01:56:50,2026-05-21 02:18:13
2211,Indian Summer,indian summer,indian-summer-review,,,0,2016-06-08,,Playwrights Horizons,,1,0,0,2026-05-21 01:56:50,2026-05-21 02:18:12
2213,Shining City,shining city,shining-city-2-review,,,0,2016-06-09,,Irish Repertory Theatre,,1,0,0,2026-05-21 01:56:50,2026-05-21 02:18:13
2215,The Taming of the Shrew,taming of the shrew,the-taming-of-the-shrew-2,,,0,2016-06-13,,Delacorte Theatre,,1,0,0,2026-05-21 01:56:50,2026-05-21 02:18:10
2217,Our Ladies of Perpetual Succour,our ladies of perpetual succour,our-ladies-of-perpetual-succor-review,,,0,2016-06-14,,Yale Repertory Theatre,,1,0,0,2026-05-21 01:56:50,2026-05-21 02:18:10
2218,The Tomb of King Tot,tomb of king tot,the-tomb-of-king-tot-review,,,0,2016-06-14,,The Wild Project,,1,0,0,2026-05-21 01:56:50,2026-05-21 02:18:09
2219,Out of the Mouths of Babes,out of the mouths of babes,out-of-the-mouths-of-babes-review,,,0,2016-06-19,,Cherry Lane Theatre,,1,0,0,2026-05-21 01:56:50,2026-05-21 02:18:08
2220,The Healing,healing,the-healing-review,,,0,2016-06-22,,Clurman Theatre,,1,0,0,2026-05-21 01:56:50,2026-05-21 02:18:08
2221,The Paper Hat Game,paper hat game,the-paper-hat-game,,,0,2016-06-22,,3LD Art & Technology Center,,1,0,0,2026-05-21 01:56:50,2026-05-21 02:18:06
2222,New York Spectacular,new york spectacular,new-york-spectacular-review,,,0,2016-06-23,,Radio City Music Hall,,1,0,0,2026-05-21 01:56:50,2026-05-21 02:18:07
2223,Tumacho,tumacho,tumacho-review,,,0,2016-06-27,,The Wild Project,,1,0,0,2026-05-21 01:56:50,2026-05-21 02:18:07
2227,The Rose Tattoo,rose tattoo,the-rose-tattoo,,,0,2016-06-28,,Williamstown Theatre Festival,,1,0,1,2026-05-21 01:56:50,2026-05-21 02:18:03
2224,Runaways,runaways,runaways,,,0,2016-07-06,,New York City Center,,1,0,0,2026-05-21 01:56:50,2026-05-21 02:18:06
2225,Demolishing Everything with Amazing Speed,demolishing everything with amazing speed,demolishing-everything-with-amazing-speed,,,0,2016-07-07,,Fisher Center for the Performing Arts,,1,0,0,2026-05-21 01:56:50,2026-05-21 02:18:05
2226,Oslo,oslo,oslo,,,0,2016-07-11,,Mitzi E. Newhouse,,1,0,1,2026-05-21 01:56:50,2026-05-21 02:18:05
2233,Motown: The Musical,motown the musical,motown-the-musical-review,,,0,2016-07-12,,Nederlander Theatre,,1,0,0,2026-05-21 01:56:50,2026-05-21 02:18:01
2228,Okina and Hagoromo,okina and hagoromo,okina-and-hagoromo,,,0,2016-07-13,,Jazz at Lincoln Center-Rose Hall,,1,0,0,2026-05-21 01:56:50,2026-05-21 02:18:03
2231,Small Mouth Sounds,small mouth sounds,small-mouth-sounds-review-2,,,0,2016-07-13,,Romulus Linney Courtyard Theatre at The Pershing Square Signature Center,,1,0,0,2026-05-21 01:56:50,2026-05-21 02:18:01
2235,The Pirates of Penzance,pirates of penzance,the-pirates-of-penzance,,,0,2016-07-15,,Barrington Stage Company,,1,0,0,2026-05-21 01:56:50,2026-05-21 02:17:59
2240,Engagements,engagements,engagements,,,0,2016-07-18,,McGinn,,1,0,0,2026-05-21 01:56:50,2026-05-21 02:17:53
2230,Privacy,privacy,privacy-review,,,0,2016-07-18,,Joseph Papp Public Theater,,1,0,0,2026-05-21 01:56:50,2026-05-21 02:18:02
2229,War Paint,war paint,war-paint-review,,,0,2016-07-18,,Goodman Theatre,,1,0,1,2026-05-21 01:56:50,2026-05-21 02:18:03
2232,Takarazuka Chicago,takarazuka chicago,takarazuka-chicago,,,0,2016-07-20,,David H. Koch Theater,,1,0,0,2026-05-21 01:56:50,2026-05-21 02:18:02
2234,The Merchant of Venice,merchant of venice,the-merchant-of-venice-2-review,,,0,2016-07-20,,Lincoln Center Theater,,1,0,0,2026-05-21 01:56:50,2026-05-21 02:18:00
2236,Golem,golem,golem,,,0,2016-07-26,,Gerald W. Lynch,,1,0,0,2026-05-21 01:56:50,2026-05-21 02:17:59
2237,"Kurt Vonnegut’s God Bless You, Mr. Rosewater",kurt vonneguts god bless you mr rosewater,kurt-vonneguts-god-bless-you-mr-rosewater,,,0,2016-07-27,,New York City Center,,1,0,0,2026-05-21 01:56:50,2026-05-21 02:18:00
2238,Cats,cats,cats-review,,,0,2016-07-31,,Neil Simon Theatre,,1,0,1,2026-05-21 01:56:50,2026-05-21 02:16:29
2239,Men on Boats,men on boats,men-on-boats-2,,,0,2016-08-01,,Playwrights Horizons,,1,0,0,2026-05-21 01:56:50,2026-05-21 02:17:53
2244,An American Daughter,american daughter,review-12,,,0,2016-08-03,,Williamstown Theatre Festival,,1,0,0,2026-05-21 01:56:50,2026-05-21 02:17:49
2243,And No More Shall We Part,and no more shall we part,review-11,,,0,2016-08-10,,Williamstown Theatre Festival,,1,0,0,2026-05-21 01:56:50,2026-05-21 02:17:50
2242,Groundhog Day,groundhog day,review-10,,,0,2016-08-16,,The Old Vic,,1,0,1,2026-05-21 01:56:50,2026-05-21 02:17:51
2245,Broadway Bounty Hunter,broadway bounty hunter,broadway-bounty-hunter-2-review,,,0,2016-08-19,,Barrington Stage Company,,1,0,0,2026-05-21 01:56:50,2026-05-21 02:17:50
2246,The Layover,layover,the-layover-review,,,0,2016-08-25,,Second Stage Theatre,,1,0,0,2026-05-21 01:56:50,2026-05-21 02:17:50
2247,Twelfth Night (2016),twelfth night 2016,twelfth-night-2016-review,,,0,2016-09-02,,Delacorte Theatre,,1,0,0,2026-05-21 01:56:50,2026-05-21 02:17:48
2248,Spamilton: An American Parody,spamilton an american parody,spamilton-review,,,0,2016-09-08,,The Triad Theater,,1,0,0,2026-05-21 01:56:50,2026-05-21 02:17:48
2249,Fiorello! (2016),fiorello 2016,fiorello-2016-review,,,0,2016-09-09,,Classic Stage Comp.,,1,0,0,2026-05-21 01:56:50,2026-05-21 02:17:49
2255,The Birds,birds,review-15,,,0,2016-09-09,,59E59 Theaters,,1,0,0,2026-05-21 01:56:50,2026-05-21 02:17:45
2250,Bears in Space,bears in space,bears-in-space-review,,,0,2016-09-11,,59E59 Theaters,,1,0,0,2026-05-21 01:56:50,2026-05-21 02:17:48
2251,The Wolves,wolves,the-wolves-review,,,0,2016-09-11,,Duke on 42nd Street,,1,0,0,2026-05-21 01:56:50,2026-05-21 02:17:47
2252,Aubergine,aubergine,aubergine-2-review,,,0,2016-09-12,,Playwrights Horizons,,1,0,0,2026-05-21 01:56:50,2026-05-21 02:17:47
2257,Black to the Future,black to the future,black-to-the-future-review,,,0,2016-09-12,,Marquis Theatre,,1,0,1,2026-05-21 01:56:50,2026-05-21 02:17:45
2253,Marie and Rosetta,marie and rosetta,review-13,,,0,2016-09-12,,Atlantic Theater Co. Linda Gross Theater,,1,0,0,2026-05-21 01:56:50,2026-05-21 02:17:38
2254,Phaedra(s),phaedras,review-14,,,0,2016-09-13,,BAM Harvey Theater,,1,0,0,2026-05-21 01:56:50,2026-05-21 02:17:45
2260,Underground Railroad Game,underground railroad game,review-19,,,0,2016-09-13,,Ars Nova,,1,0,0,2026-05-21 01:56:50,2026-05-21 02:17:44
2258,Bathing in Moonlight,bathing in moonlight,review-17,,,0,2016-09-16,,McCarter Theater Center,,1,0,0,2026-05-21 01:56:50,2026-05-21 02:17:45
2256,What Did You Expect?,what did you expect,review-16,,,0,2016-09-16,,The Public Theater,,1,0,0,2026-05-21 01:56:50,2026-05-21 02:17:46
2259,The Undertaking,undertaking,review-18,,,0,2016-09-21,,BAM Fisher,,1,0,0,2026-05-21 01:56:50,2026-05-21 02:17:43
2261,Nat Turner in Jerusalem,nat turner in jerusalem,review-20,,,0,2016-09-26,,NY Theatre Workshop,,1,0,0,2026-05-21 01:56:50,2026-05-21 02:17:43
2264,All the Ways to Say I Love You,all the ways to say i love you,review-21,,,0,2016-09-28,,Lucille Lortel Theatre,,1,0,0,2026-05-21 01:56:50,2026-05-21 02:17:38
2263,Battlefield,battlefield,battlefield-review,,,0,2016-09-28,,BAM Harvey Theater,,1,0,0,2026-05-21 01:56:50,2026-05-21 02:17:43
2262,The Encounter,encounter,the-encounter-review-2,,,0,2016-09-29,,John Golden Theatre,,1,0,0,2026-05-21 01:56:50,2026-05-21 02:17:36
2265,Kurios,kurios,kurios,,,0,2016-09-30,,Randall's Island Park,,1,0,0,2026-05-21 01:56:50,2026-05-21 02:17:41
2268,Fit For A Queen,fit for a queen,review-22,,,0,2016-10-04,,3LD Art & Technology Center,,1,0,0,2026-05-21 01:56:50,2026-05-21 02:17:40
2273,Chris Gethard: Career Suicide,chris gethard career suicide,chris-gethard-career-suicide,,,0,2016-10-05,,Lynn Redgrave Theatre,,1,0,0,2026-05-21 01:56:50,2026-05-21 02:17:38
2266,The Roads to Home,roads to home,the-roads-to-home-review,,,0,2016-10-05,,Cherry Lane Theatre,,1,0,0,2026-05-21 01:56:50,2026-05-21 02:17:42
2267,Holiday Inn,holiday inn,holiday-inn-review-review,,,0,2016-10-06,,Studio 54,,1,0,0,2026-05-21 01:56:50,2026-05-21 02:17:06
2270,Miles for Mary,miles for mary,miles-for-mary-review,,,0,2016-10-08,,Bushwick Starr,,1,0,0,2026-05-21 01:56:50,2026-05-21 02:17:42
2271,The Dudleys!,dudleys,the-dudleys-review,,,0,2016-10-08,,HERE Arts Center,,1,0,0,2026-05-21 01:56:50,2026-05-21 02:17:40
2269,"Oh, Hello",oh hello,oh-hello-review-2,,,0,2016-10-10,,Lyceum Theatre,,1,0,0,2026-05-21 01:56:50,2026-05-21 02:17:39
2287,Two Class Acts: A Festival Celebrating A.R. Gurney,two class acts a festival celebrating ar gurney,review-28,,,0,2016-10-10,,37 Arts Theatre,,1,0,0,2026-05-21 01:56:50,2026-05-21 02:17:32
2284,Duat,duat,review-27,,,0,2016-10-11,,Soho Repertory,,1,0,0,2026-05-21 01:56:50,2026-05-21 02:17:32
2272,Heisenberg,heisenberg,heisenberg-review-2,,,0,2016-10-13,,Samuel J. Friedman Theatre,,1,0,1,2026-05-21 01:56:50,2026-05-21 02:17:06
2278,Letter to a Man,letter to a man,review-24,,,0,2016-10-15,,BAM Harvey Theater,,1,0,0,2026-05-21 01:56:50,2026-05-21 02:17:34
2274,The Cherry Orchard,cherry orchard,the-cherry-orchard-review,,,0,2016-10-16,,American Airlines,,1,0,1,2026-05-21 01:56:50,2026-05-21 02:17:07
2296,Coriolanus,coriolanus,review-31,,,0,2016-10-18,,Barrow Street Theatre,,1,0,0,2026-05-21 01:56:52,2026-05-21 02:17:29
2275,Sell/Buy/Date,sellbuydate,review-23,,,0,2016-10-18,,New York City Center - Stage II,,1,0,0,2026-05-21 01:56:50,2026-05-21 02:17:35
2276,"Love, Love, Love",love love love,love-love-love-review,,,0,2016-10-19,,Laura Pels Theatre at the Harold and Miriam Steinberg Center for Theatre,,1,0,0,2026-05-21 01:56:50,2026-05-21 02:17:36
2277,The Front Page,front page,the-front-page-review,,,0,2016-10-20,,Broadhurst Theatre,,1,0,1,2026-05-21 01:56:50,2026-05-21 02:17:05
2241,Frankie Valli and the Four Seasons on Broadway!,frankie valli and the four seasons on broadway,frankie-valli-and-the-four-seasons-on-broadway,,,0,2016-10-21,,Lunt-Fontanne Theatre,,1,0,1,2026-05-21 01:56:50,2026-05-21 02:17:53
2279,Plenty,plenty,review-25,,,0,2016-10-23,,Joseph Papp Public Theater,,1,0,0,2026-05-21 01:56:50,2026-05-21 02:17:36
2280,A Life,life,a-life-review,,,0,2016-10-24,,Playwrights Horizons,,1,0,0,2026-05-21 01:56:50,2026-05-21 02:17:34
2282,Sunday in the Park With George (New York City Center),sunday in the park with george new york city center,sunday-in-the-park-with-george-new-york-city-center-review,,,0,2016-10-24,,New York City Center,,1,0,0,2026-05-21 01:56:50,2026-05-21 02:17:35
2281,The Harvest,harvest,the-harvest-review,,,0,2016-10-24,,Claire Tow Theater,,1,0,0,2026-05-21 01:56:50,2026-05-21 02:17:34
2283,Vietgone,vietgone,review-26,,,0,2016-10-25,,MTC,,1,0,0,2026-05-21 01:56:50,2026-05-21 02:17:32
2289,Attorney Street,attorney street,review-29,,,0,2016-10-26,,Axis Theatre,,1,0,0,2026-05-21 01:56:50,2026-05-21 02:17:30
2285,Wilderness,wilderness,wilderness-review,,,0,2016-10-26,,Abrons Arts Center Henry Street Settlement,,1,0,0,2026-05-21 01:56:50,2026-05-21 02:17:33
2286,Falsettos,falsettos,falsettos-review,,,0,2016-10-27,,Walter Kerr Theater,,1,0,1,2026-05-21 01:56:50,2026-05-21 02:17:32
2288,Les Liaisons Dangereuses,les liaisons dangereuses,les-liaisons-dangereuses-review,,,0,2016-10-30,,Booth Theatre,,1,0,0,2026-05-21 01:56:50,2026-05-21 02:17:31
2290,Kingdom Come,kingdom come,kingdom-come-review,,,0,2016-11-02,,Black Box Theatre at The Harold and Miriam Steinberg Center for Theatre,,1,0,0,2026-05-21 01:56:50,2026-05-21 02:17:30
2293,Kristin Chenoweth: My Love Letter to Broadway,kristin chenoweth my love letter to broadway,kristin-chenoweth-my-love-letter-to-broadway-review,,,0,2016-11-02,,Lunt-Fontanne Theatre,,1,0,0,2026-05-21 01:56:52,2026-05-21 02:17:26
2291,Notes From The Field,notes from the field,notes-from-the-field-review,,,0,2016-11-02,,Second Stage Theatre,,1,0,0,2026-05-21 01:56:50,2026-05-21 02:17:30
2294,Kings of War,kings of war,review-30,,,0,2016-11-03,,BAM Howard Gilman Opera House,,1,0,0,2026-05-21 01:56:52,2026-05-21 02:17:29
2292,Sweat (Public Theater),sweat public theater,sweat-public-theater-review,,,0,2016-11-03,,The Public Theater,,1,0,0,2026-05-21 01:56:50,2026-05-21 02:17:28
2297,Finian's Rainbow (Irish Rep),finians rainbow irish rep,finians-rainbow-irish-rep-review,,,0,2016-11-06,,Irish Repertory Theatre,,1,0,0,2026-05-21 01:56:52,2026-05-21 02:17:26
2295,"Homos, Or Everyone in America",homos or everyone in america,homos-or-everyone-in-america-review,,,0,2016-11-06,,Bank Street Theatre,,1,0,0,2026-05-21 01:56:52,2026-05-21 02:17:28
2298,Master Harold...and the Boys (Signature Theatre),master haroldand the boys signature theatre,master-harold-and-the-boys-signature-theatre-reviews,,,0,2016-11-07,,The Pershing Square Signature Center,,1,0,0,2026-05-21 01:56:52,2026-05-21 02:17:26
2299,The Gabriels Play Three: Women of a Certain Age,gabriels play three women of a certain age,the-gabriels-play-three-women-of-a-certain-age-review,,,0,2016-11-08,,The Public Theater,,1,0,0,2026-05-21 01:56:52,2026-05-21 02:17:25
2301,Mouse: The Persistence of an Unlikely Thought,mouse the persistence of an unlikely thought,review-32,,,0,2016-11-09,,St. Ann's Warehouse,,1,0,0,2026-05-21 01:56:52,2026-05-21 02:17:25
2323,The Band's Visit,bands visit,review-38,,,0,2016-11-11,,Linda Gross Theater,,1,0,1,2026-05-21 01:56:52,2026-05-21 02:17:18
2318,Rancho Viejo,rancho viejo,review-36,,,0,2016-11-13,,Playwrights Horizons,,1,0,0,2026-05-21 01:56:52,2026-05-21 02:17:19
2300,The Death of the Last Black Man in the Whole Entire World,death of the last black man in the whole entire world,the-death-of-the-last-black-man-in-the-whole-entire-world-review,,,0,2016-11-13,,Alice Griffin Jewel Box Theatre,,1,0,0,2026-05-21 01:56:52,2026-05-21 02:17:27
2302,"Natasha, Pierre & the Great Comet of 1812",natasha pierre the great comet of 1812,natasha-pierre-and-the-great-comet-of-1812-review,,,0,2016-11-14,,Imperial Theatre,,1,0,0,2026-05-21 01:56:52,2026-05-21 02:16:15
2304,Othello: The Remix,othello the remix,othello-the-remix-review,,,0,2016-11-16,,Westside Theatre,,1,0,0,2026-05-21 01:56:52,2026-05-21 02:15:38
2305,Terms of Endearment,terms of endearment,terms-of-endearment-review,,,0,2016-11-16,,59E59 Theaters,,1,0,0,2026-05-21 01:56:52,2026-05-21 02:17:23
2303,The Servant of Two Masters,servant of two masters,the-servant-of-two-masters-review,,,0,2016-11-16,,Polonsky Shakespeare Center,,1,0,0,2026-05-21 01:56:52,2026-05-21 02:17:24
2306,Dead Poets Society,dead poets society,review-33,,,0,2016-11-17,,Classic Stage Comp.,,1,0,0,2026-05-21 01:56:52,2026-05-21 02:17:23
2308,Memory Rings,memory rings,memory-rings-review,,,0,2016-11-17,,BAM Harvey Theater,,1,0,0,2026-05-21 01:56:52,2026-05-21 02:17:23
2403,Dreamgirls (London),dreamgirls london,dreamgirls-london-review,,,0,2016-11-19,,"Savoy Theatre, Savoy Court, The Strand, London WC2R 0ET, UK",,1,0,0,2026-05-21 01:56:52,2026-05-21 02:16:46
2324,"The Dead, 1904",dead 1904,review-39,,,0,2016-11-19,,Irish Repertory Theatre,,1,0,0,2026-05-21 01:56:52,2026-05-21 02:17:16
2309,Sweet Charity (2016),sweet charity 2016,sweet-charity-2016-review,,,0,2016-11-20,,Romulus Linney Courtyard Theatre at The Pershing Square Signature Center,,1,0,0,2026-05-21 01:56:52,2026-05-21 02:17:23
2310,This Day Forward,this day forward,this-day-forward-review,,,0,2016-11-21,,Vineyard Theatre,,1,0,0,2026-05-21 01:56:52,2026-05-21 02:17:23
2311,Alton Brown Live: Eat Your Science,alton brown live eat your science,alton-brown-live-eat-your-science-review,,,0,2016-11-22,,Ethel Barrymore,,1,0,1,2026-05-21 01:56:52,2026-05-21 02:17:21
2312,The Illusionists: Turn of the Century,illusionists turn of the century,the-illusionists-turn-of-the-century-2,,,0,2016-11-25,,Palace Theatre,,1,0,0,2026-05-21 01:56:52,2026-05-21 02:17:21
2313,Ride The Cyclone (MCC),ride the cyclone mcc,ride-the-cyclone-mcc-review,,,0,2016-11-30,,Lucille Lortel Theatre,,1,0,0,2026-05-21 01:56:52,2026-05-21 02:17:22
2314,A Bronx Tale: The Musical,bronx tale the musical,review-34,,,0,2016-12-01,,Longacre Theatre,,1,0,0,2026-05-21 01:56:52,2026-05-21 02:17:20
2322,Elements of Oz,elements of oz,review-37,,,0,2016-12-01,,3LD Art & Technology Center,,1,0,0,2026-05-21 01:56:52,2026-05-21 02:17:17
2316,Penny Arcade: Longing Lasts Longer,penny arcade longing lasts longer,penny-arcade-longing-lasts-longer-review,,,0,2016-12-01,,St. Ann's Warehouse,,1,0,0,2026-05-21 01:56:52,2026-05-21 02:17:19
2326,Street Children,street children,street-children-review,,,0,2016-12-02,,New Ohio Theatre,,1,0,0,2026-05-21 01:56:52,2026-05-21 02:17:16
2315,Dear Evan Hansen,dear evan hansen,dear-evan-hansen-review,,,0,2016-12-04,,Music Box Theatre,,1,0,0,2026-05-21 01:56:52,2026-05-21 02:14:42
2329,The Bodyguard,bodyguard,the-bodyguard-review,,,0,2016-12-04,,Paper Mill Playhouse,,1,0,0,2026-05-21 01:56:52,2026-05-21 02:17:14
2317,The Babylon Line,babylon line,the-babylon-line-review,,,0,2016-12-05,,Mitzi E. Newhouse,,1,0,0,2026-05-21 01:56:52,2026-05-21 02:17:18
2319,The Winter's Tale (2016),winters tale 2016,the-winters-tale-2016-review,,,0,2016-12-06,,BAM Harvey Theater,,1,0,0,2026-05-21 01:56:52,2026-05-21 02:17:18
2321,Can I Get a Witness?,can i get a witness,review-35,,,0,2016-12-07,,Harlem Stage,,1,0,0,2026-05-21 01:56:52,2026-05-21 02:17:16
2320,Tiny Beautfiul Things,tiny beautfiul things,tiny-beautfiul-things,,,0,2016-12-07,,The Public Theater,,1,0,0,2026-05-21 01:56:52,2026-05-21 02:17:19
2325,In Transit,in transit,in-transit-review,,,0,2016-12-11,,Circle in the Square,,1,0,0,2026-05-21 01:56:52,2026-05-21 02:16:49
2327,Othello (NYTW),othello nytw,othello-nytw-review,,,0,2016-12-12,,NY Theatre Workshop,,1,0,0,2026-05-21 01:56:52,2026-05-21 02:17:17
2328,The Strange Undoing of Prudencia Hart,strange undoing of prudencia hart,the-strange-undoing-of-prudencia-hart-reviews,,,0,2016-12-13,,The McKittrick Hotel,,1,0,0,2026-05-21 01:56:52,2026-05-21 02:17:13
2330,Life Is For Living: Conversations with Coward,life is for living conversations with coward,life-is-for-living-conversations-with-coward-reviews,,,0,2016-12-18,,59E59 Theaters,,1,0,0,2026-05-21 01:56:52,2026-05-21 02:17:15
2331,Bright Colors and Bold Patterns,bright colors and bold patterns,bright-colors-and-bold-patterns-reviews,,,0,2016-12-19,,Barrow Street Theatre,,1,0,0,2026-05-21 01:56:52,2026-05-21 02:17:14
2332,God of Vengeance,god of vengeance,god-of-vengeance-reviews,,,0,2016-12-22,,La MaMa E.T.C.,,1,0,0,2026-05-21 01:56:52,2026-05-21 02:17:13
2333,Hundred Days,hundred days,hundred-days-review,,,0,2017-01-04,,The Public Theater,,1,0,0,2026-05-21 01:56:52,2026-05-21 02:17:12
2338,Lula del Ray,lula del ray,lula-del-ray-review,,,0,2017-01-04,,The Public Theater,,1,0,0,2026-05-21 01:56:52,2026-05-21 02:17:12
2334,The Fever,fever,the-fever-review,,,0,2017-01-04,,The Public Theater,,1,0,0,2026-05-21 01:56:52,2026-05-21 02:17:13
2340,Lucky Penny,lucky penny,lucky-penny-review,,,0,2017-01-05,,Stella Adler Studio of Acting,,1,0,0,2026-05-21 01:56:52,2026-05-21 02:14:52
2339,Blueprint Specials,blueprint specials,blueprint-specials-review,,,0,2017-01-06,,"Intrepid Sea, Air & Space Museum",,1,0,0,2026-05-21 01:56:52,2026-05-21 02:14:53
2336,Gardens Speak,gardens speak,gardens-speak-review,,,0,2017-01-06,,NYU Tisch School of the Arts Abe Burrows Theatre,,1,0,0,2026-05-21 01:56:52,2026-05-21 02:17:12
2337,The Bitter Game,bitter game,the-bitter-game-review,,,0,2017-01-06,,The Public Theater,,1,0,0,2026-05-21 01:56:52,2026-05-21 02:17:11
2335,The Present,present,the-present-review,,,0,2017-01-08,,Barrymore Theatre,,1,0,1,2026-05-21 01:56:52,2026-05-21 02:17:11
2343,Made in China,made in china,made-in-china-review,,,0,2017-01-10,,59E59 Theaters,,1,0,0,2026-05-21 01:56:52,2026-05-21 02:17:10
2341,Latin Standards,latin standards,latin-standards-review,,,0,2017-01-11,,The Public Theater,,1,0,0,2026-05-21 01:56:52,2026-05-21 02:14:52
2347,Tell Hector I Miss Him,tell hector i miss him,tell-hector-i-miss-him-review,,,0,2017-01-11,,Atlantic Stage Two,,1,0,0,2026-05-21 01:56:52,2026-05-21 02:17:08
2344,The Beauty Queen of Leenane,beauty queen of leenane,the-beauty-queen-of-leenane-review,,,0,2017-01-11,,BAM Harvey Theater,,1,0,0,2026-05-21 01:56:52,2026-05-21 02:17:08
2342,Time of Women,time of women,time-of-women-review,,,0,2017-01-12,,NYU Tisch School of the Arts Shop Theatre,,1,0,0,2026-05-21 01:56:52,2026-05-21 02:17:10
2345,"The Tempest (St. Ann's Warehouse, 2017)",tempest st anns warehouse 2017,the-tempest-st-anns-warehouse-2017-review,,,0,2017-01-13,,St. Ann's Warehouse,,1,0,0,2026-05-21 01:56:52,2026-05-21 02:17:10
2346,Jitney,jitney,jitney-review,,,0,2017-01-19,,Samuel J. Friedman Theatre,,1,0,1,2026-05-21 01:56:52,2026-05-21 02:16:48
2349,The Liar,liar,the-liar-review,,,0,2017-01-26,,Classic Stage Comp.,,1,0,0,2026-05-21 01:56:52,2026-05-21 02:17:08
2348,David's Friend,davids friend,davids-friend-review,,,0,2017-01-27,,La MaMa E.T.C.,,1,0,0,2026-05-21 01:56:52,2026-05-21 02:17:08
2351,Georgie: My Adventures with George Rose,georgie my adventures with george rose,georgie-my-adventures-with-george-rose,,,0,2017-02-01,,Davenport Theatre,,1,0,0,2026-05-21 01:56:52,2026-05-21 02:17:03
2350,Yen,yen,yen-review,,,0,2017-02-02,,Lucille Lortel Theatre,,1,0,0,2026-05-21 01:56:52,2026-05-21 02:17:06
2353,The Town Hall Affair,town hall affair,the-town-hall-affair-review,,,0,2017-02-04,,The Performing Garage,,1,0,0,2026-05-21 01:56:52,2026-05-21 02:17:02
2355,Good Samaritans,good samaritans,good-samaritans-review,,,0,2017-02-08,,Abrons Arts Center Henry Street Settlement,,1,0,0,2026-05-21 01:56:52,2026-05-21 02:17:01
2352,Sunset Boulevard,sunset boulevard,sunset-boulevard-review,,,0,2017-02-09,,Palace Theatre,,1,0,1,2026-05-21 01:56:52,2026-05-21 02:17:03
2354,Life According to Saki,life according to saki,life-according-to-saki-review,,,0,2017-02-13,,4th Street Theatre,,1,0,0,2026-05-21 01:56:52,2026-05-21 02:17:02
2358,Escaped Alone,escaped alone,escaped-alone-review,,,0,2017-02-15,,BAM Harvey Theater,,1,0,0,2026-05-21 01:56:52,2026-05-21 02:16:59
2356,Man from Nebraska,man from nebraska,man-from-nebraska-review,,,0,2017-02-15,,Second Stage Theatre,,1,0,0,2026-05-21 01:56:52,2026-05-21 02:17:01
2357,Evening at the Talk House,evening at the talk house,evening-at-the-talk-house-review,,,0,2017-02-16,,Romulus Linney Courtyard Theatre at The Pershing Square Signature Center,,1,0,0,2026-05-21 01:56:52,2026-05-21 02:17:00
2359,On the Exhale,on the exhale,on-the-exhale-review,,,0,2017-02-19,,Black Box Theatre at The Harold and Miriam Steinberg Center for Theatre,,1,0,0,2026-05-21 01:56:52,2026-05-21 02:16:59
2360,Everybody,everybody,everybody-review,,,0,2017-02-21,,The Pershing Square Signature Center,,1,0,0,2026-05-21 01:56:52,2026-05-21 02:16:58
2362,Kid Victory,kid victory,kid-victory-review,,,0,2017-02-22,,Vineyard Theatre,,1,0,0,2026-05-21 01:56:52,2026-05-21 02:16:58
2361,Sunday In the Park with George (2017),sunday in the park with george 2017,sunday-in-the-park-with-george-2017-review,,,0,2017-02-23,,Hudson Theatre,,1,0,0,2026-05-21 01:56:52,2026-05-21 02:16:58
2366,"Wakey, Wakey",wakey wakey,wakey-wakey-review,,,0,2017-02-27,,Alice Griffin Jewel Box Theatre,,1,0,0,2026-05-21 01:56:52,2026-05-21 02:16:56
2368,Linda,linda,linda-review,,,0,2017-02-28,,MTC - Stage I,,1,0,0,2026-05-21 01:56:52,2026-05-21 02:16:55
2367,The Skin of Our Teeth (2017),skin of our teeth 2017,the-skin-of-our-teeth-2017-review,,,0,2017-02-28,,Polonsky Shakespeare Center,,1,0,0,2026-05-21 01:56:52,2026-05-21 02:16:56
2369,Sweeney Todd (2017),sweeney todd 2017,sweeney-todd-2017-review,,,0,2017-03-01,,Barrow Street Theatre,,1,0,0,2026-05-21 01:56:52,2026-05-21 02:16:56
2370,Significant Other,significant other,significant-other-review,,,0,2017-03-02,,Booth Theatre,,1,0,0,2026-05-21 01:56:52,2026-05-21 02:16:31
2371,The Glass Menagerie (2017),glass menagerie 2017,the-glass-menagerie-2017-review,,,0,2017-03-09,,Belasco Theatre,,1,0,0,2026-05-21 01:56:52,2026-05-21 02:16:31
2372,Come From Away,come from away,come-from-away-review,,,0,2017-03-12,,Gerald Schoenfeld,,1,0,1,2026-05-21 01:56:52,2026-05-21 02:14:15
2378,The Terrifying,terrifying,the-terrifying-review,,,0,2017-03-12,,Abrons Arts Center Henry Street Settlement,,1,0,0,2026-05-21 01:56:52,2026-05-21 02:16:51
2374,The Light Years,light years,the-light-years-review,,,0,2017-03-13,,Playwrights Horizons,,1,0,0,2026-05-21 01:56:52,2026-05-21 02:16:54
2373,The Moors,moors,the-moors-review,,,0,2017-03-13,,Duke on 42nd Street,,1,0,0,2026-05-21 01:56:52,2026-05-21 02:16:53
2375,"Sundown, Yellow Moon",sundown yellow moon,sundown-yellow-moon-review,,,0,2017-03-14,,McGinn,,1,0,0,2026-05-21 01:56:52,2026-05-21 02:16:52
2376,Joan of Arc: Into the Fire,joan of arc into the fire,joan-of-arc-into-the-fire-review,,,0,2017-03-15,,The Public Theater,,1,0,0,2026-05-21 01:56:52,2026-05-21 02:16:53
2377,Arthur Miller's The Price,arthur millers the price,arthur-millers-the-price-review,,,0,2017-03-16,,American Airlines,,1,0,1,2026-05-21 01:56:52,2026-05-21 02:16:53
2379,How to Transcend a Happy Marriage,how to transcend a happy marriage,how-to-transcend-a-happy-marriage-review,,,0,2017-03-20,,Mitzi E. Newhouse,,1,0,0,2026-05-21 01:56:52,2026-05-21 02:16:53
2381,The New Yorkers,new yorkers,the-new-yorkers-review,,,0,2017-03-22,,New York City Center,,1,0,0,2026-05-21 01:56:52,2026-05-21 02:16:50
2380,Miss Saigon,miss saigon,miss-saigon-review,,,0,2017-03-23,,Broadway Theatre,,1,0,1,2026-05-21 01:56:52,2026-05-21 02:16:51
2382,Sweat (2017),sweat 2017,sweat-2017-review,,,0,2017-03-26,,Studio 54,,1,0,0,2026-05-21 01:56:52,2026-05-21 02:16:30
2383,Latin History for Morons,latin history for morons,latin-history-for-morons-review,,,0,2017-03-27,,The Public Theater,,1,0,1,2026-05-21 01:56:52,2026-05-21 02:16:49
2385,The Hairy Ape,hairy ape,the-hairy-ape-review,,,0,2017-03-30,,Park Avenue Armory,,1,0,0,2026-05-21 01:56:52,2026-05-21 02:16:49
2384,The Play That Goes Wrong,play that goes wrong,the-play-that-goes-wrong-review,,,0,2017-04-02,,Lyceum Theatre,,1,0,1,2026-05-21 01:56:52,2026-05-21 02:15:17
2386,Amélie,amlie,amelie-review,,,0,2017-04-03,,Walter Kerr Theater,,1,0,1,2026-05-21 01:56:52,2026-05-21 02:16:31
2387,Present Laughter,present laughter,present-laughter-review,,,0,2017-04-05,,St. James Theatre,,1,0,0,2026-05-21 01:56:52,2026-05-21 02:16:50
2388,War Paint,war paint,war-paint-broadway-review,,,0,2017-04-06,,Nederlander Theatre,,1,0,0,2026-05-21 01:56:52,2026-05-21 02:16:04
2389,Oslo,oslo,oslo-review,,,0,2017-04-13,,Vivian Beaumont,,1,0,0,2026-05-21 01:56:52,2026-05-21 02:16:14
2390,Samara,samara,samara,,,0,2017-04-16,,Soho Repertory,,1,0,0,2026-05-21 01:56:52,2026-05-21 02:16:50
2391,Groundhog Day,groundhog day,groundhog-day-review,,,0,2017-04-17,,August Wilson Theatre,,1,0,0,2026-05-21 01:56:52,2026-05-21 02:16:16
2392,Indecent,indecent,indecent-review,,,0,2017-04-18,,Cort Theatre,,1,0,1,2026-05-21 01:56:52,2026-05-21 02:16:16
2393,The Little Foxes,little foxes,the-little-foxes-review,,,0,2017-04-19,,Samuel J. Friedman Theatre,,1,0,0,2026-05-21 01:56:52,2026-05-21 02:16:14
2394,"Hello, Dolly!",hello dolly,hello-dolly-review,,,0,2017-04-20,,Shubert Theatre,,1,0,1,2026-05-21 01:56:52,2026-05-21 02:15:27
2395,Charlie and the Chocolate Factory,charlie and the chocolate factory,charlie-and-the-chocolate-factory-review,,,0,2017-04-23,,Lunt-Fontanne Theatre,,1,0,0,2026-05-21 01:56:52,2026-05-21 02:15:40
2397,The Antipodes,antipodes,the-antipodes-review,,,0,2017-04-23,,Romulus Linney Courtyard Theatre at The Pershing Square Signature Center,,1,0,0,2026-05-21 01:56:52,2026-05-21 02:16:47
2396,Anastasia,anastasia,anastasia-review,,,0,2017-04-24,,Broadhurst Theatre,,1,0,1,2026-05-21 01:56:52,2026-05-21 02:15:16
2405,Fossils,fossils,fossils-review,,,0,2017-04-25,,59E59 Theaters,,1,0,0,2026-05-21 01:56:52,2026-05-21 02:16:45
2399,Hamlet. A Version,hamlet a version,hamlet-a-version-review,,,0,2017-04-25,,Theatre at St. Clement's,,1,0,0,2026-05-21 01:56:52,2026-05-21 02:16:46
2398,Six Degrees of Separation,six degrees of separation,six-degrees-of-separation-review,,,0,2017-04-25,,Barrymore Theatre,,1,0,1,2026-05-21 01:56:52,2026-05-21 02:16:46
2400,Bandstand,bandstand,bandstand-review,,,0,2017-04-26,,Bernard B. Jacobs,,1,0,1,2026-05-21 01:56:52,2026-05-21 02:16:18
2401,"A Doll's House, Part 2",dolls house part 2,a-dolls-house-part-2-review,,,0,2017-04-27,,John Golden Theatre,,1,0,1,2026-05-21 01:56:52,2026-05-21 02:16:16
2404,The Dreyfus Affair,dreyfus affair,the-dreyfus-affair-review,,,0,2017-04-27,,BAM Fisher,,1,0,0,2026-05-21 01:56:52,2026-05-21 02:16:45
2402,Twelfth Night (Public Theater Mobile Unit),twelfth night public theater mobile unit,twelfth-night-public-theater-mobile-unit,,,0,2017-04-27,,The Public Theater,,1,0,0,2026-05-21 01:56:52,2026-05-21 02:16:47
2410,Arlington,arlington,arlington,,,0,2017-05-03,,St. Ann's Warehouse,,1,0,0,2026-05-21 01:56:52,2026-05-21 02:16:43
2406,Happy Days (2017),happy days 2017,happy-days-review-2,,,0,2017-05-04,,Polonsky Shakespeare Center,,1,0,0,2026-05-21 01:56:52,2026-05-21 02:16:45
2407,Pacific Overtures (CSC),pacific overtures csc,pacific-overtures-csc-review,,,0,2017-05-04,,Classic Stage Comp.,,1,0,0,2026-05-21 01:56:52,2026-05-21 02:16:44
2411,Seven Spots on the Sun,seven spots on the sun,seven-spots-on-the-sun-review,,,0,2017-05-04,,Rattlestick Theatre,,1,0,0,2026-05-21 01:56:52,2026-05-21 02:16:41
2416,Iphigenia in Splott,iphigenia in splott,iphigenia-in-splott-review,,,0,2017-05-09,,59E59 Theaters,,1,0,0,2026-05-21 01:56:52,2026-05-21 02:16:41
2409,The Golden Apple,golden apple,the-golden-apple-review,,,0,2017-05-10,,New York City Center - Stage II,,1,0,0,2026-05-21 01:56:52,2026-05-21 02:16:44
2422,Heartbreak House-Hartford,heartbreak househartford,heartbreak-house-hartford-review,,,0,2017-05-11,,Hartford Stage,,1,0,0,2026-05-21 01:56:52,2026-05-21 02:16:38
2412,The Marriage of Alice B. Toklas by Gertrude Stein,marriage of alice b toklas by gertrude stein,the-marriage-of-alice-b-toklas-by-gertrude-stein-review,,,0,2017-05-14,,HERE Arts Center,,1,0,0,2026-05-21 01:56:52,2026-05-21 02:16:42
2421,The Boy Who Danced On Air,boy who danced on air,the-boy-who-danced-on-air-review,,,0,2017-05-15,,Abingdon Theatre Arts Complex,,1,0,0,2026-05-21 01:56:52,2026-05-21 02:16:39
2415,Venus,venus,venus-review,,,0,2017-05-15,,Signature Theatre,,1,0,0,2026-05-21 01:56:52,2026-05-21 02:16:43
2414,Derren Brown: Secret,derren brown secret,derren-brown-secret-review,,,0,2017-05-16,,Linda Gross Theater,,1,0,1,2026-05-21 01:56:52,2026-05-21 02:16:42
2413,Sojourners & Her Portmanteau,sojourners her portmanteau,sojourners-her-portmanteau-review,,,0,2017-05-16,,NY Theatre Workshop,,1,0,0,2026-05-21 01:56:52,2026-05-21 02:16:41
2420,Building The Wall,building the wall,building-the-wall-review,,,0,2017-05-21,,New World Stages,,1,0,0,2026-05-21 01:56:52,2026-05-21 02:16:40
2418,Hamlet (Waterwell),hamlet waterwell,hamlet-waterwell-review,,,0,2017-05-21,,The Sheen Center,,1,0,0,2026-05-21 01:56:52,2026-05-21 02:16:40
2417,The Whirligig,whirligig,the-whirligig-review,,,0,2017-05-21,,Alice Griffin Jewel Box Theatre,,1,0,0,2026-05-21 01:56:52,2026-05-21 02:16:39
2419,Can You Forgive Her?,can you forgive her,can-you-forgive-her-review,,,0,2017-05-23,,Vineyard Theatre,,1,0,0,2026-05-21 01:56:52,2026-05-21 02:16:39
2430,Julius Caesar- The Public,julius caesar the public,julius-caesar-the-public-review,,,0,2017-05-23,,Delacorte Theatre,,1,0,0,2026-05-21 01:56:52,2026-05-21 02:16:34
2423,The Government Inspector- Red Bull Theater,government inspector red bull theater,the-government-inspector-red-bull-theater-review,,,0,2017-06-01,,Duke on 42nd Street,,1,0,1,2026-05-21 01:56:52,2026-05-21 02:16:36
2431,Kill Move Paradise,kill move paradise,kill-move-paradise-review,,,0,2017-06-03,,National Black Theatre,,1,0,0,2026-05-21 01:56:52,2026-05-21 02:16:34
2428,Master,master,master-review,,,0,2017-06-05,,The Irondale Center,,1,0,0,2026-05-21 01:56:52,2026-05-21 02:16:36
2429,Of Government,of government,of-government-review,,,0,2017-06-05,,The Wild Project,,1,0,0,2026-05-21 01:56:52,2026-05-21 02:16:34
2426,Raw Bacon From Poland,raw bacon from poland,raw-bacon-from-poland-review,,,0,2017-06-05,,Abrons Arts Center Henry Street Settlement,,1,0,0,2026-05-21 01:56:52,2026-05-21 02:16:36
2424,The End of Longing,end of longing,the-end-of-longing-review,,,0,2017-06-05,,Lucille Lortel Theatre,,1,0,0,2026-05-21 01:56:52,2026-05-21 02:16:37
2425,Animal-Atlantic Theater Company,animalatlantic theater company,animal-atlantic-theater-company-review,,,0,2017-06-06,,Atlantic Stage Two,,1,0,0,2026-05-21 01:56:52,2026-05-21 02:16:36
2427,Cost of Living,cost of living,cost-of-living-review,,,0,2017-06-07,,MTC - Stage 1,,1,0,1,2026-05-21 01:56:52,2026-05-21 02:16:37
2436,The Traveling Lady- Cherry Lane,traveling lady cherry lane,the-traveling-lady-cherry-lane-review,,,0,2017-06-07,,Cherry Lane Theatre,,1,0,0,2026-05-21 01:56:52,2026-05-21 02:16:32
2432,Bella: An American Tall Tale,bella an american tall tale,bella-an-american-tall-tale-review,,,0,2017-06-12,,Playwrights Horizons,,1,0,0,2026-05-21 01:56:52,2026-05-21 02:16:34
2433,Ghost Light,ghost light,ghost-light-review,,,0,2017-06-19,,Claire Tow Theater,,1,0,0,2026-05-21 01:56:52,2026-05-21 02:16:34
2434,Fulfillment Center,fulfillment center,fulfillment-center-review,,,0,2017-06-20,,MTC,,1,0,0,2026-05-21 01:56:52,2026-05-21 02:16:33
2435,1984,1984,1984-review,,,0,2017-06-22,,Hudson Theatre,,1,0,1,2026-05-21 01:56:52,2026-05-21 02:16:03
2437,Measure for Measure-TFANA,measure for measuretfana,measure-for-measure-tfana-review,,,0,2017-06-25,,Polonsky Shakespeare Center,,1,0,0,2026-05-21 01:56:52,2026-05-21 02:16:28
2438,"Napoli, Brooklyn",napoli brooklyn,napoli-brooklyn-review,,,0,2017-06-27,,Laura Pels Theatre,,1,0,0,2026-05-21 01:56:52,2026-05-21 02:16:28
2439,Marvin's Room,marvins room,marvins-room-review,,,0,2017-06-29,,American Airlines,,1,0,1,2026-05-21 01:56:52,2026-05-21 02:16:27
2440,Kim's Convenience,kims convenience,kims-convenience-review,,,0,2017-07-01,,Signature Theatre,,1,0,0,2026-05-21 01:56:52,2026-05-21 02:16:29
2445,Spoon River,spoon river,spoon-river-review,,,0,2017-07-07,,Signature Theatre,,1,0,0,2026-05-21 01:56:52,2026-05-21 02:16:25
2442,Opening Skinner's Box,opening skinners box,opening-skinners-box-review,,,0,2017-07-10,,Gerald W. Lynch,,1,0,0,2026-05-21 01:56:52,2026-05-21 02:16:26
2441,Pipeline,pipeline,pipeline-review,,,0,2017-07-10,,Mitzi E. Newhouse,,1,0,0,2026-05-21 01:56:52,2026-05-21 02:16:28
2450,A Midsummer's Night Dream-The Public Theater,midsummers night dreamthe public theater,a-midsummers-night-dream-the-public-theater-review,,,0,2017-07-11,,Delacorte Theatre,,1,0,0,2026-05-21 01:56:52,2026-05-21 02:16:22
2451,A Parallelogram,parallelogram,a-parallelogram-review,,,0,2017-07-11,,Second Stage Theatre,,1,0,0,2026-05-21 01:56:52,2026-05-21 02:16:23
2443,Assassins-City Center,assassinscity center,assassins-city-center-review,,,0,2017-07-12,,New York City Center,,1,0,0,2026-05-21 01:56:52,2026-05-21 02:16:27
2444,Hamlet-Public,hamletpublic,hamlet-public-review,,,0,2017-07-13,,The Public Theater,,1,0,0,2026-05-21 01:56:52,2026-05-21 02:16:25
2446,While I Was Waiting,while i was waiting,while-i-was-waiting-review,,,0,2017-07-19,,Gerald W. Lynch,,1,0,0,2026-05-21 01:56:52,2026-05-21 02:16:24
2447,Cat on a Hot Tin Roof (London 2017),cat on a hot tin roof london 2017,cat-on-a-hot-tin-roof-london-2017-review,,,0,2017-07-24,,The Young Vic,,1,0,0,2026-05-21 01:56:52,2026-05-21 02:16:25
2449,Bubbly Black Girl Sheds Her Chameleon Skin,bubbly black girl sheds her chameleon skin,bubbly-black-girl-sheds-her-chameleon-skin-review,,,0,2017-07-26,,New York City Center,,1,0,0,2026-05-21 01:56:52,2026-05-21 02:16:24
2448,Girl From the North Country (London),girl from the north country london,girl-from-the-north-country-review,,,0,2017-07-26,,The Young Vic,,1,0,0,2026-05-21 01:56:52,2026-05-21 02:16:25
2452,Really Rosie,really rosie,really-rosie-review,,,0,2017-08-02,,New York City Center,,1,0,0,2026-05-21 01:56:52,2026-05-21 02:16:22
2453,The Terms of My Surrender,terms of my surrender,the-terms-of-my-surrender-review,,,0,2017-08-10,,Belasco Theatre,,1,0,1,2026-05-21 01:56:52,2026-05-21 02:16:04
2461,Frozen,frozen,frozen-2,,,0,2017-08-17,,Denver Center for the Performing Arts,,1,0,0,2026-05-21 01:56:52,2026-05-21 02:16:19
2454,Van Gogh's Ear,van goghs ear,van-goghs-ear-review,,,0,2017-08-17,,The Pershing Square Signature Center,,1,0,0,2026-05-21 01:56:52,2026-05-21 02:16:22
2455,Prince of Broadway,prince of broadway,prince-of-broadway-review,,,0,2017-08-24,,Samuel J. Friedman Theatre,,1,0,1,2026-05-21 01:56:52,2026-05-21 02:16:06
2456,Inanimate,inanimate,inanimate-review,,,0,2017-08-30,,The Flea Theater,,1,0,0,2026-05-21 01:56:52,2026-05-21 02:16:22
2457,"The Rape of the Sabine Women, by Grace B. Matthias",rape of the sabine women by grace b matthias,the-rape-of-the-sabine-women-by-grace-b-matthias-review,,,0,2017-09-10,,Duke on 42nd Street,,1,0,0,2026-05-21 01:56:52,2026-05-21 02:16:21
2458,_______ A,a,_______-a-review,,,0,2017-09-11,,Signature Theatre,,1,0,1,2026-05-21 01:56:52,2026-05-21 02:16:20
2459,On the Shore of the Wide World,on the shore of the wide world,on-the-shore-of-the-wide-world-review,,,0,2017-09-12,,Atlantic Theater Co. Linda Gross Theater,,1,0,0,2026-05-21 01:56:52,2026-05-21 02:16:20
2460,For Peter Pan on her 70th Birthday,for peter pan on her 70th birthday,for-peter-pan-on-her-70th-birthday-review,,,0,2017-09-13,,Playwrights Horizons,,1,0,0,2026-05-21 01:56:52,2026-05-21 02:16:19
2462,In the Blood,in the blood,in-the-blood-review,,,0,2017-09-17,,Signature Theatre,,1,0,0,2026-05-21 01:56:52,2026-05-21 02:16:18
2463,Charm,charm,charm-review,,,0,2017-09-18,,Lucille Lortel Theatre,,1,0,0,2026-05-21 01:56:52,2026-05-21 02:16:18
2465,The Merchant Of Venice,merchant of venice,the-merchant-of-venice-2-review-2,,,0,2017-09-19,,Alexander Kasser Theater,,1,0,0,2026-05-21 01:56:52,2026-05-21 02:16:15
2464,KPOP,kpop,kpop-review,,,0,2017-09-22,,Ars Nova,,1,0,1,2026-05-21 01:56:52,2026-05-21 02:16:18
2466,Mary Jane,mary jane,mary-jane-review,,,0,2017-09-25,,NY Theatre Workshop,,1,0,1,2026-05-21 01:56:52,2026-05-21 02:16:15
2468,The Treasurer,treasurer,the-treasurer-review,,,0,2017-09-26,,Playwrights Horizons,,1,0,0,2026-05-21 01:56:52,2026-05-21 02:16:12
2471,Breeders,breeders,breeders-review,,,0,2017-09-27,,Access Theater,,1,0,0,2026-05-21 01:56:52,2026-05-21 02:16:12
2469,As You Like It (2017),as you like it 2017,as-you-like-it-2017-review,,,0,2017-09-28,,Classic Stage Comp.,,1,0,0,2026-05-21 01:56:52,2026-05-21 02:16:12
2470,Discord,discord,discord-review,,,0,2017-10-01,,Cherry Lane Theatre,,1,0,0,2026-05-21 01:56:52,2026-05-21 02:16:11
2472,Too Heavy For Your Pocket,too heavy for your pocket,too-heavy-for-your-pocket-review,,,0,2017-10-05,,Black Box Theatre at The Harold and Miriam Steinberg Center for Theatre,,1,0,0,2026-05-21 01:56:52,2026-05-21 02:16:12
2473,Time and the Conways,time and the conways,time-and-the-conways-review,,,0,2017-10-08,,American Airlines,,1,0,1,2026-05-21 01:56:52,2026-05-21 02:16:03
2474,Measure For Measure,measure for measure,measure-for-measure-2-review,,,0,2017-10-10,,Public Theater,,1,0,0,2026-05-21 01:56:52,2026-05-21 02:16:11
2475,Richard III,richard iii,richard-iii-review,,,0,2017-10-11,,BAM Harvey Theater,,1,0,0,2026-05-21 01:56:52,2026-05-21 02:16:09
2476,Springsteen on Broadway,springsteen on broadway,springsteen-on-broadway-review,,,0,2017-10-12,,Walter Kerr Theater,,1,0,1,2026-05-21 01:56:52,2026-05-21 02:15:20
2477,Animal Wisdom,animal wisdom,animal-wisdom-review,,,0,2017-10-14,,Bushwick Starr,,1,0,0,2026-05-21 01:56:52,2026-05-21 02:16:09
2485,Knives in Hens,knives in hens,knives-in-hens-review,,,0,2017-10-19,,59E59 Theaters,,1,0,0,2026-05-21 01:56:52,2026-05-21 02:16:06
2483,"People, Places & Things",people places things,people-places-things-review,,,0,2017-10-19,,St. Ann's Warehouse,,1,0,0,2026-05-21 01:56:52,2026-05-21 02:16:07
2478,Torch Song,torch song,torch-song-review,,,0,2017-10-19,,Second Stage Theatre,,1,0,1,2026-05-21 01:56:52,2026-05-21 02:16:09
2479,After the Blast,after the blast,after-the-blast-review,,,0,2017-10-23,,Claire Tow Theater,,1,0,0,2026-05-21 01:56:52,2026-05-21 02:16:09
2480,"Jesus Hopped the ""A"" Train",jesus hopped the a train,jesus-hopped-the-a-train-review,,,0,2017-10-23,,Signature Theatre,,1,0,0,2026-05-21 01:56:52,2026-05-21 02:16:09
2482,Portuguese Kid,portuguese kid,portuguese-kid-review,,,0,2017-10-24,,MTC - Stage I,,1,0,0,2026-05-21 01:56:52,2026-05-21 02:16:07
2481,The Last Match,last match,the-last-match-review,,,0,2017-10-24,,Laura Pels Theatre at the Harold and Miriam Steinberg Center for Theatre,,1,0,0,2026-05-21 01:56:52,2026-05-21 02:16:09
2487,The B-Side,bside,the-b-side-review,,,0,2017-10-25,,The Performing Garage,,1,0,0,2026-05-21 01:56:52,2026-05-21 02:16:07
2484,M. Butterfly,m butterfly,m-butterfly-review,,,0,2017-10-26,,Cort Theatre,,1,0,1,2026-05-21 01:56:52,2026-05-21 02:15:38
2488,Marcel + The Art of Laughter,marcel the art of laughter,marcel-the-art-of-laughter-review,,,0,2017-10-27,,Polonsky Shakespeare Center,,1,0,0,2026-05-21 01:56:52,2026-05-21 02:16:04
2486,Illyria,illyria,illyria-review,,,0,2017-10-30,,Public Theater,,1,0,0,2026-05-21 01:56:52,2026-05-21 02:16:06
2489,Junk,junk,junk-review,,,0,2017-11-02,,Vivian Beaumont,,1,0,1,2026-05-21 01:56:52,2026-05-21 02:16:03
2490,Uncommon Sense,uncommon sense,uncommon-sense-review,,,0,2017-11-02,,The Sheen Center,,1,0,0,2026-05-21 01:56:52,2026-05-21 02:16:01
2491,The Band's Visit,bands visit,the-bands-visit-review,,,0,2017-11-09,,Ethel Barrymore,,1,0,0,2026-05-21 01:56:52,2026-05-21 02:15:14
2492,Network,network,network-review,,,0,2017-11-13,,National Theatre,,1,0,1,2026-05-21 01:56:52,2026-05-21 02:16:01
2493,Actually,actually,actually-review,,,0,2017-11-14,,MTC,,1,0,0,2026-05-21 01:56:52,2026-05-21 02:16:02
2507,Hundred Days,hundred days,hundred-days-review-2,,,0,2017-11-15,,NY Theatre Workshop,,1,0,0,2026-05-21 01:56:52,2026-05-21 02:15:56
2494,Latin History For Morons,latin history for morons,latin-history-for-morons-review-2,,,0,2017-11-15,,Studio 54,,1,0,0,2026-05-21 01:56:52,2026-05-21 02:16:01
2496,The Mad Ones,mad ones,the-mad-ones-review,,,0,2017-11-16,,59E59 Theaters,,1,0,0,2026-05-21 01:56:52,2026-05-21 02:16:01
2495,School Girls,school girls,school-girls-review,,,0,2017-11-19,,Lucille Lortel Theatre,,1,0,0,2026-05-21 01:56:52,2026-05-21 02:14:52
2497,Home For the Holidays,home for the holidays,home-for-the-holidays-reviews,,,0,2017-11-21,,August Wilson Theatre,,1,0,1,2026-05-21 01:56:52,2026-05-21 02:16:00
2498,The Fountainhead,fountainhead,the-fountainhead-review,,,0,2017-11-28,,BAM Harvey Theater,,1,0,0,2026-05-21 01:56:52,2026-05-21 02:15:59
2512,Today Is My Birthday,today is my birthday,today-is-my-birthday-review,,,0,2017-11-28,,New Ohio Theatre,,1,0,0,2026-05-21 01:56:52,2026-05-21 02:15:55
2506,Who's Holiday,whos holiday,whos-holiday-review,,,0,2017-11-28,,Westside Theatre,,1,0,0,2026-05-21 01:56:52,2026-05-21 02:15:58
2500,Haruki Murakami's Sleep,haruki murakamis sleep,haruki-murakamis-sleep-review,,,0,2017-11-29,,BAM Fisher,,1,0,0,2026-05-21 01:56:52,2026-05-21 02:15:58
2499,Meteor Shower,meteor shower,meteor-shower,,,0,2017-11-29,,Booth Theatre,,1,0,1,2026-05-21 01:56:52,2026-05-21 02:15:59
2502,Pirates of Penzance,pirates of penzance,pirates-of-penzance-review,,,0,2017-11-29,,Skirball Center for the Performing Arts @ NYU,,1,0,0,2026-05-21 01:56:52,2026-05-21 02:15:58
2501,The Parisian Woman,parisian woman,parisian-woman,,,0,2017-11-30,,Hudson Theatre,,1,0,1,2026-05-21 01:56:52,2026-05-21 02:15:40
2504,Downtown Race Riot,downtown race riot,downtown-race-riot-review,,,0,2017-12-03,,Romulus Linney Courtyard Theatre at The Pershing Square Signature Center,,1,0,0,2026-05-21 01:56:52,2026-05-21 02:15:59
2503,Once On This Island,once on this island,once-on-this-island,,,0,2017-12-03,,Circle in the Square,,1,0,1,2026-05-21 01:56:52,2026-05-21 02:15:19
2505,SpongeBob SquarePants,spongebob squarepants,spongebob-squarepants,,,0,2017-12-04,,Palace Theatre,,1,0,1,2026-05-21 01:56:52,2026-05-21 02:15:28
2510,A Room in India,room in india,a-room-in-india-review,,,0,2017-12-05,,Park Avenue Armory,,1,0,0,2026-05-21 01:56:52,2026-05-21 02:15:56
2508,Counting Sheep,counting sheep,counting-sheep-review,,,0,2017-12-05,,3LD Art & Technology Center,,1,0,0,2026-05-21 01:56:52,2026-05-21 02:15:55
2509,Describe The Night,describe the night,describe-the-night-review,,,0,2017-12-05,,Atlantic Theater Co. Linda Gross Theater,,1,0,0,2026-05-21 01:56:52,2026-05-21 02:15:55
2517,The Twilight Zone,twilight zone,the-twilight-zone-review,,,0,2017-12-05,,Almeida Theatre,,1,0,0,2026-05-21 01:56:52,2026-05-21 02:15:53
2513,Glass Guignol,glass guignol,glass-guignol-review,,,0,2017-12-06,,Mabou Mines,,1,0,0,2026-05-21 01:56:52,2026-05-21 02:15:54
2511,Home,home,home-review-2,,,0,2017-12-06,,BAM Harvey Theater,,1,0,0,2026-05-21 01:56:52,2026-05-21 02:15:56
2514,Jack and the Beanstalk,jack and the beanstalk,jack-and-the-beanstalk-review,,,0,2017-12-06,,Abrons Arts Center Henry Street Settlement,,1,0,0,2026-05-21 01:56:52,2026-05-21 02:15:53
2516,Cruel Intentions,cruel intentions,cruel-intentions-review,,,0,2017-12-11,,Le Poisson Rouge,,1,0,0,2026-05-21 01:56:52,2026-05-21 02:15:54
2515,The Children,children,the-children-2,,,0,2017-12-12,,Samuel J. Friedman Theatre,,1,0,1,2026-05-21 01:56:52,2026-05-21 02:15:40
2518,Farinelli and the King,farinelli and the king,farinelli-and-the-king,,,0,2017-12-17,,Belasco Theatre,,1,0,1,2026-05-21 01:56:52,2026-05-21 02:15:52
2519,John Lithgow: Stories By Heart,john lithgow stories by heart,john-lithgow-stories-by-heart,,,0,2018-01-11,,American Airlines,,1,0,1,2026-05-21 01:56:52,2026-05-21 02:15:52
2522,He Brought Her Heart Back In A Box,he brought her heart back in a box,he-brought-her-heart-back-in-a-box,,,0,2018-01-18,,Polonsky Shakespeare Center,,1,0,0,2026-05-21 01:56:52,2026-05-21 02:15:50
2520,Balls,balls,balls-review,,,0,2018-01-25,,59E59 Theaters,,1,0,0,2026-05-21 01:56:52,2026-05-21 02:15:52
2521,Cardinal,cardinal,review-40,,,0,2018-01-30,,Tony Kiser Theatre,,1,0,0,2026-05-21 01:56:52,2026-05-21 02:15:50
2523,Fire and Air,fire and air,fire-and-air-review,,,0,2018-02-01,,Classic Stage Comp.,,1,0,0,2026-05-21 01:56:52,2026-05-21 02:15:50
2524,Hangmen,hangmen,hangmen-reviews,,,0,2018-02-05,,Atlantic Theater,,1,0,1,2026-05-21 01:56:52,2026-05-21 02:15:48
2525,In the Body of the World,in the body of the world,review-41,,,0,2018-02-06,,City Center Mainstage,,1,0,0,2026-05-21 01:56:52,2026-05-21 02:15:49
2526,"Hey, Look Me Over!",hey look me over,review-42,,,0,2018-02-07,,New York City Center - Stage II,,1,0,0,2026-05-21 01:56:52,2026-05-21 02:15:50
2527,The Amateurs,amateurs,the-amateurs,,,0,2018-02-27,,Vineyard Theatre,,1,0,0,2026-05-21 01:56:52,2026-05-21 02:15:50
2528,The Low Road,low road,the-low-road,,,0,2018-03-07,,Joseph Papp Public Theater,,1,0,0,2026-05-21 01:56:52,2026-05-21 02:15:48
2544,Escape to Margaritaville,escape to margaritaville,escape-to-margaritaville,,,0,2018-03-15,,Marquis Theatre,,1,0,1,2026-05-21 01:56:52,2026-05-21 02:15:28
2550,Frozen,frozen,frozen-3,,,0,2018-03-22,,St. James Theatre,,1,0,0,2026-05-21 01:56:52,2026-05-21 02:14:41
2529,Angels in America,angels in america,angels-in-america-2,,,0,2018-03-25,,Neil Simon Theatre,,1,0,0,2026-05-21 01:56:52,2026-05-21 02:15:41
2530,Lobby Hero,lobby hero,lobby-hero,,,0,2018-03-26,,Helen Hayes Theatre,,1,0,1,2026-05-21 01:56:52,2026-05-21 02:15:43
2531,Rocktopia,rocktopia,rocktopia,,,0,2018-03-27,,Broadway Theatre,,1,0,1,2026-05-21 01:56:52,2026-05-21 02:15:43
2536,The Sting,sting,the-sting,,,0,2018-03-29,,Paper Mill Playhouse,,1,0,0,2026-05-21 01:56:52,2026-05-21 02:15:45
2532,Three Tall Women,three tall women,three-tall-women,,,0,2018-03-29,,John Golden Theatre,,1,0,1,2026-05-21 01:56:52,2026-05-21 02:15:40
2534,Bobbie Clearly,bobbie clearly,bobbie-clearly,,,0,2018-04-03,,Roundabout Underground,,1,0,0,2026-05-21 01:56:52,2026-05-21 02:15:46
2533,Feeding the Dragon,feeding the dragon,feeding-the-dragon,,,0,2018-04-03,,Cherry Lane Theatre,,1,0,0,2026-05-21 01:56:52,2026-05-21 02:15:47
2535,"Aloha, Aloha, or When I Was Queen",aloha aloha or when i was queen,aloha-aloha-or-when-i-was-a-queen,,,0,2018-04-04,,Abrons Arts Center Henry Street Settlement,,1,0,0,2026-05-21 01:56:52,2026-05-21 02:15:46
2539,Mean Girls,mean girls,mean-girls,,,0,2018-04-08,,August Wilson Theatre,,1,0,1,2026-05-21 01:56:52,2026-05-21 02:14:40
2537,This Flat Earth,this flat earth,this-flat-earth,,,0,2018-04-09,,Playwrights Horizons,,1,0,0,2026-05-21 01:56:52,2026-05-21 02:15:46
2538,Miss You Like Hell,miss you like hell,miss-you-like-hell,,,0,2018-04-10,,Joseph Papp Public Theater,,1,0,0,2026-05-21 01:56:52,2026-05-21 02:15:46
2545,Children of a Lesser God,children of a lesser god,children-of-a-lesser-god,,,0,2018-04-11,,Studio 54,,1,0,1,2026-05-21 01:56:52,2026-05-21 02:15:25
2548,Carousel,carousel,carousel,,,0,2018-04-12,,Imperial Theatre,,1,0,1,2026-05-21 01:56:52,2026-05-21 02:15:27
2540,Mlima's Tale,mlimas tale,mlimas-tale,,,0,2018-04-15,,Joseph Papp Public Theater,,1,0,0,2026-05-21 01:56:52,2026-05-21 02:15:45
2543,Tina: The Tina Turner Musical,tina the tina turner musical,tina-the-tina-turner-musical,,,0,2018-04-17,,Aldwych Theatre,,1,0,0,2026-05-21 01:56:52,2026-05-21 02:15:43
2541,Zürich,zrich,zurich,,,0,2018-04-17,,Fourth Street Theatre,,1,0,0,2026-05-21 01:56:52,2026-05-21 02:15:44
2542,The Seafarer,seafarer,the-seafarer-2,,,0,2018-04-18,,Irish Repertory Theatre,,1,0,0,2026-05-21 01:56:52,2026-05-21 02:15:42
2547,My Fair Lady,my fair lady,my-fair-lady,,,0,2018-04-19,,Vivian Beaumont,,1,0,1,2026-05-21 01:56:52,2026-05-21 02:15:02
2546,Harry Potter and the Cursed Child,harry potter and the cursed child,harry-potter-and-the-cursed-child-parts-one-and-two,,,0,2018-04-22,,Lyric Theatre,,1,0,1,2026-05-21 01:56:52,2026-05-21 02:14:34
2556,Henry V,henry v,henry-v-2,,,0,2018-04-23,,The Public Theater,,1,0,0,2026-05-21 01:56:52,2026-05-21 02:15:37
2551,Summer: The Donna Summer Musical,summer the donna summer musical,summer-the-donna-summer-musical,,,0,2018-04-23,,Lunt-Fontanne Theatre,,1,0,0,2026-05-21 01:56:52,2026-05-21 02:15:20
2553,Transfers,transfers,transfers,,,0,2018-04-23,,Lucille Lortel Theatre,,1,0,0,2026-05-21 01:56:52,2026-05-21 02:15:36
2552,Travesties,travesties,travesties,,,0,2018-04-24,,American Airlines,,1,0,1,2026-05-21 01:56:52,2026-05-21 02:15:37
2554,Saint Joan,saint joan,saint-joan-2,,,0,2018-04-25,,Samuel J. Friedman Theatre,,1,0,1,2026-05-21 01:56:52,2026-05-21 02:15:37
2557,A Brief History of Women,brief history of women,a-brief-history-of-women,,,0,2018-04-26,,59E59 Theaters,,1,0,0,2026-05-21 01:56:52,2026-05-21 02:15:33
2555,The Iceman Cometh (2018),iceman cometh 2018,iceman-cometh,,,0,2018-04-26,,Bernard B. Jacobs,,1,0,0,2026-05-21 01:56:52,2026-05-21 02:15:36
2558,The Birds,birds,the-birds,,,0,2018-05-02,,St. Ann's Warehouse,,1,0,0,2026-05-21 01:56:52,2026-05-21 02:15:35
2559,Light Shining in Buckinghamshire,light shining in buckinghamshire,light-shining-in-buckinghamshire,,,0,2018-05-07,,NY Theatre Workshop,,1,0,0,2026-05-21 01:56:52,2026-05-21 02:15:35
2560,Dance Nation,dance nation,dance-nation,,,0,2018-05-08,,Playwrights Horizons,,1,0,0,2026-05-21 01:56:52,2026-05-21 02:15:34
2561,Long Day's Journey Into Night,long days journey into night,long-days-journey-into-night-2,,,0,2018-05-13,,Brooklyn Academy of Music - Harvey Theatre,,1,0,0,2026-05-21 01:56:52,2026-05-21 02:15:34
2562,The Boys in the Band (2018),boys in the band 2018,the-boys-in-the-band,,,0,2018-05-31,,Booth Theatre,,1,0,1,2026-05-21 01:56:52,2026-05-21 02:15:33
2563,Straight White Men (2018),straight white men 2018,straight-white-men-2,,,0,2018-07-23,,Helen Hayes Theatre,,1,0,0,2026-05-21 01:56:52,2026-05-21 02:15:32
2564,Head Over Heels,head over heels,head-over-heels,,,0,2018-07-26,,Hudson Theatre,,1,0,1,2026-05-21 01:56:52,2026-05-21 02:15:20
2565,Moulin Rouge!,moulin rouge,moulin-rouge,,,0,2018-08-05,,Colonial Theatre,,1,0,1,2026-05-21 01:56:52,2026-05-21 02:15:31
2568,Gettin' The Band Back Together,gettin the band back together,review-44,,,0,2018-08-13,,Belasco Theatre,,1,0,0,2026-05-21 01:56:52,2026-05-21 02:15:27
2576,Bernhardt / Hamlet,bernhardt hamlet,bernhardthamlet-review,,,0,2018-09-25,,American Airlines,,1,0,1,2026-05-21 01:56:52,2026-05-21 02:15:24
2577,The Nap,nap,the-nap,,,0,2018-09-27,,Samuel J. Friedman Theatre,,1,0,1,2026-05-21 01:56:52,2026-05-21 02:15:23
2574,The Lifespan of a Fact,lifespan of a fact,the-lifespan-of-a-fact-review,,,0,2018-10-18,,Studio 54,,1,0,1,2026-05-21 01:56:52,2026-05-21 02:15:26
2408,The Ferryman,ferryman,the-ferryman-review,,,0,2018-10-21,,Bernard B. Jacobs,,1,0,1,2026-05-21 01:56:52,2026-05-21 02:16:44
2573,The Ferryman,ferryman,the-ferryman-review-2,,,0,2018-10-21,,Bernard B. Jacobs,,1,0,0,2026-05-21 01:56:52,2026-05-21 02:15:04
2575,The Waverly Gallery,waverly gallery,the-waverly-gallery-review,,,0,2018-10-25,,John Golden Theatre,,1,0,1,2026-05-21 01:56:52,2026-05-21 02:15:22
2578,Torch Song,torch song,torch-song-review-2,,,0,2018-11-01,,Helen Hayes Theatre,,1,0,0,2026-05-21 01:56:52,2026-05-21 02:15:19
2579,American Son,american son,american-son-review1,,,0,2018-11-04,,Booth Theatre,,1,0,1,2026-05-21 01:56:52,2026-05-21 02:15:21
2580,King Kong,king kong,king-kong-review,,,0,2018-11-08,,Broadway Theatre,,1,0,1,2026-05-21 01:56:52,2026-05-21 02:15:06
2581,Mike Birbiglia's The New One,mike birbiglias the new one,mike-birbiglias-the-new-one-reviews,,,0,2018-11-11,,Cort Theatre,,1,0,0,2026-05-21 01:56:52,2026-05-21 02:15:23
2582,Thom Pain ( Based on nothing ),thom pain based on nothing,thom-pain-based-on-nothing-reviews,,,0,2018-11-11,,Signature Theatre,,1,0,0,2026-05-21 01:56:52,2026-05-21 02:15:23
2583,Wild Goose Dreams,wild goose dreams,wild-goose-dreams-review,,,0,2018-11-14,,The Public Theater,,1,0,0,2026-05-21 01:56:52,2026-05-21 02:15:22
2584,The Prom,prom,the-prom-review,,,0,2018-11-15,,Longacre Theatre,,1,0,1,2026-05-21 01:56:52,2026-05-21 02:15:06
2585,The Hard Problem,hard problem,the-hard-problem-review,,,0,2018-11-19,,Lincoln Center Theater,,1,0,0,2026-05-21 01:56:52,2026-05-21 02:15:22
2586,The Illusionists – Magic Of The Holidays,illusionists magic of the holidays,the-illusionists-magic-of-the-holidays,,,0,2018-11-23,,Marquis Theatre,,1,0,1,2026-05-21 01:56:52,2026-05-21 02:15:20
2587,The Cher Show,cher show,the-cher-show-review,,,0,2018-12-03,,Neil Simon Theatre,,1,0,1,2026-05-21 01:56:52,2026-05-21 02:15:06
2588,Network,network,network-reviews,,,0,2018-12-06,,Belasco Theatre,,1,0,0,2026-05-21 01:56:52,2026-05-21 02:15:18
2589,Ruben & Clay's First Annual Christmas Carol Family Fun Pageant Spectacular Reunion Show,ruben clays first annual christmas carol family fun pageant spectacular reunion show,ruben-clays-first-annual-christmas-carol-family-fun-pageant-spectacular-reunion-show-reviews,,,0,2018-12-11,,Imperial Theatre,,1,0,0,2026-05-21 01:56:52,2026-05-21 02:15:20
2590,To Kill a Mockingbird,to kill a mockingbird,to-kill-a-mockingbird-reviews,,,0,2018-12-13,,Shubert Theatre,,1,0,1,2026-05-21 01:56:52,2026-05-21 02:14:39
2591,Choir Boy,choir boy,choir-boy-reviews-2,,,0,2019-01-08,,Samuel J. Friedman Theatre,,1,0,0,2026-05-21 01:56:52,2026-05-21 02:15:15
2592,True West,true west,true-west-review,,,0,2019-01-24,,American Airlines,,1,0,1,2026-05-21 01:56:52,2026-05-21 02:15:15
2593,Be More Chill,be more chill,be-more-chill-review-2,,,0,2019-03-10,,Lyceum Theatre,,1,0,0,2026-05-21 01:56:52,2026-05-21 02:15:07
2594,"Kiss Me, Kate",kiss me kate,kiss-me-kate-review,,,0,2019-03-14,,Studio 54,,1,0,1,2026-05-21 01:56:52,2026-05-21 02:15:04
2595,Ain't Too Proud - The Life and Times of The Temptations,aint too proud the life and times of the temptations,aint-too-proud-the-life-and-times-of-the-temptations-review,,,0,2019-03-21,,Imperial Theatre,,1,0,1,2026-05-21 01:56:52,2026-05-21 02:14:41
2596,What the Constitution Means to Me,what the constitution means to me,what-the-constitution-means-to-me-review,,,0,2019-03-31,,Helen Hayes Theatre,,1,0,1,2026-05-21 01:56:52,2026-05-21 02:15:15
2597,King Lear,king lear,king-lear-4-review,,,0,2019-04-04,,Cort Theatre,,1,0,0,2026-05-21 01:56:52,2026-05-21 02:15:15
2598,Oklahoma!,oklahoma,oklahoma-3-review,,,0,2019-04-07,,Circle in the Square,,1,0,0,2026-05-21 01:56:52,2026-05-21 02:15:14
2599,Burn This,burn this,burn-this-review,,,0,2019-04-16,,Hudson Theatre,,1,0,0,2026-05-21 01:56:52,2026-05-21 02:15:12
2600,Hadestown,hadestown,hadestown-review,,,0,2019-04-17,,Walter Kerr Theater,,1,0,0,2026-05-21 01:56:52,2026-05-21 02:14:14
2601,Hillary and Clinton,hillary and clinton,hillary-and-clinton-review-2,,,0,2019-04-18,,John Golden Theatre,,1,0,0,2026-05-21 01:56:52,2026-05-21 02:15:12
2602,Gary: A Sequel to Titus Andronicus,gary a sequel to titus andronicus,gary-a-sequel-to-titus-andronicus-review,,,0,2019-04-21,,Booth Theatre,,1,0,1,2026-05-21 01:56:52,2026-05-21 02:15:12
2604,All My Sons,all my sons,all-my-sons-review,,,0,2019-04-22,,American Airlines,,1,0,0,2026-05-21 01:56:52,2026-05-21 02:15:10
2605,Tootsie,tootsie,tootsie-review,,,0,2019-04-23,,Marquis Theatre,,1,0,1,2026-05-21 01:56:54,2026-05-21 02:14:56
2606,Ink,ink,ink-review,,,0,2019-04-24,,Samuel J. Friedman Theatre,,1,0,1,2026-05-21 01:56:54,2026-05-21 02:15:10
2607,Beetlejuice,beetlejuice,beetlejuice-review,,,0,2019-04-25,,Winter Garden Theatre,,1,0,1,2026-05-21 01:56:54,2026-05-21 02:14:15
2603,Morrissey,morrissey,morrissey,,,0,2019-05-02,,Lunt-Fontanne Theatre,,1,0,0,2026-05-21 01:56:52,2026-05-21 02:15:13
2608,Frankie and Johnny in the Clair de Lune,frankie and johnny in the clair de lune,frankie-and-johnny-in-the-clair-de-lune-review,,,0,2019-05-30,,Broadhurst Theatre,,1,0,1,2026-05-21 01:56:54,2026-05-21 02:15:10
2609,Moulin Rouge! The Musical,moulin rouge the musical,moulin-rouge-the-musical-review,,,0,2019-07-25,,Al Hirschfeld Theatre,,1,0,1,2026-05-21 01:56:54,2026-05-21 02:14:14
2610,Sea Wall / A Life,sea wall a life,sea-wall-a-life-review,,,0,2019-08-08,,Hudson Theatre,,1,0,0,2026-05-21 01:56:54,2026-05-21 02:15:10
2611,Betrayal,betrayal,betrayal-review,,,0,2019-09-05,,Bernard B. Jacobs,,1,0,0,2026-05-21 01:56:54,2026-05-21 02:15:10
2612,Derren Brown: Secret,derren brown secret,derren-brown-secret-review-2,,,0,2019-09-15,,Cort Theatre,,1,0,0,2026-05-21 01:56:54,2026-05-21 02:15:10
2613,The Height of the Storm,height of the storm,the-height-of-the-storm-review,,,0,2019-09-24,,Samuel J. Friedman Theatre,,1,0,1,2026-05-21 01:56:54,2026-05-21 02:15:07
2614,The Great Society,great society,the-great-society-review,,,0,2019-10-01,,Vivian Beaumont,,1,0,0,2026-05-21 01:56:54,2026-05-21 02:15:07
2615,Freestyle Love Supreme,freestyle love supreme,freestyle-love-supreme-review,,,0,2019-10-02,,Booth Theatre,,1,0,1,2026-05-21 01:56:54,2026-05-21 02:15:02
2616,Slave Play,slave play,slave-play-review,,,0,2019-10-06,,Golden Theatre,,1,0,1,2026-05-21 01:56:54,2026-05-21 02:15:02
2617,Linda Vista,linda vista,linda-vista-review,,,0,2019-10-10,,Helen Hayes Theatre,,1,0,1,2026-05-21 01:56:54,2026-05-21 02:15:02
2618,The Rose Tattoo,rose tattoo,the-rose-tattoo-2-review,,,0,2019-10-15,,American Airlines,,1,0,0,2026-05-21 01:56:54,2026-05-21 02:15:01
2619,The Lightning Thief,lightning thief,the-lightning-thief-review,,,0,2019-10-16,,Longacre Theatre,,1,0,0,2026-05-21 01:56:54,2026-05-21 02:15:01
2621,Little Shop of Horrors,little shop of horrors,little-shop-of-horrors-2-review,,,0,2019-10-17,,Westside Theatre,,1,0,0,2026-05-21 01:56:54,2026-05-21 02:14:58
2620,The Sound Inside,sound inside,the-sound-inside-review,,,0,2019-10-17,,Studio 54,,1,0,1,2026-05-21 01:56:54,2026-05-21 02:14:59
2622,American Utopia,american utopia,american-utopia-review,,,0,2019-10-20,,Hudson Theatre,,1,0,1,2026-05-21 01:56:54,2026-05-21 02:14:56
2623,"TINA, The Tina Turner Musical",tina the tina turner musical,tina-the-tina-turner-musical-review,,,0,2019-11-07,,Lunt-Fontanne Theatre,,1,0,0,2026-05-21 01:56:54,2026-05-21 02:14:39
2624,For the Girls,for the girls,for-the-girls,,,0,2019-11-08,,Nederlander Theatre,,1,0,1,2026-05-21 01:56:54,2026-05-21 02:14:59
2626,Slava's Snowshow,slavas snowshow,slavas-snowshow-2-review,,,0,2019-11-13,,Stephen Sondheim Theatre,,1,0,0,2026-05-21 01:56:54,2026-05-21 02:14:59
2625,The Inheritance,inheritance,the-inheritance-review,,,0,2019-11-17,,Barrymore Theatre,,1,0,1,2026-05-21 01:56:54,2026-05-21 02:14:59
2627,A Christmas Carol,christmas carol,a-christmas-carol-2,,,0,2019-11-20,,Lyceum Theatre,,1,0,0,2026-05-21 01:56:54,2026-05-21 02:14:57
2628,The Illusionists — Magic of the Holidays,illusionists magic of the holidays,the-illusionists-magic-of-the-holidays-2,,,0,2019-11-29,,Neil Simon Theatre,,1,0,0,2026-05-21 01:56:54,2026-05-21 02:14:58
2629,Jagged Little Pill,jagged little pill,jagged-little-pill-review,,,0,2019-12-05,,Broadhurst Theatre,,1,0,1,2026-05-21 01:56:54,2026-05-21 02:14:42
2630,Harry Connick Jr. — A Celebration of Cole Porter,harry connick jr a celebration of cole porter,harry-connick-jr-a-celebration-of-cole-porter-review,,,0,2019-12-12,,Nederlander Theatre,,1,0,1,2026-05-21 01:56:54,2026-05-21 02:14:36
2631,Sing Street,sing street,sing-street-review,,,0,2019-12-16,,NY Theatre Workshop,,1,0,0,2026-05-21 01:56:54,2026-05-21 02:14:36
2632,My Name is Lucy Barton,my name is lucy barton,my-name-is-lucy-barton-review,,,0,2020-01-15,,Samuel J. Friedman Theatre,,1,0,1,2026-05-21 01:56:54,2026-05-21 02:14:36
2633,A Soldier's Play,soldiers play,a-soldiers-play-review,,,0,2020-01-21,,American Airlines,,1,0,1,2026-05-21 01:56:54,2026-05-21 02:14:38
2634,Grand Horizons,grand horizons,grand-horizons-review,,,0,2020-01-23,,Helen Hayes Theatre,,1,0,1,2026-05-21 01:56:54,2026-05-21 02:14:38
2635,West Side Story,west side story,west-side-story-review-2,,,0,2020-02-20,,Broadway Theatre,,1,0,0,2026-05-21 01:56:54,2026-05-21 02:14:38
2636,Girl From The North Country,girl from the north country,girl-from-the-north-country-review-2,,,0,2020-03-05,,Belasco Theatre,,1,0,1,2026-05-21 01:56:54,2026-05-21 02:14:41
2639,Pass Over,pass over,pass-over,,,0,2021-08-22,,August Wilson Theatre,,1,0,1,2026-05-21 01:56:54,2026-05-21 02:14:34
2640,Six,six,six,,,0,2021-10-03,,Brooks Atkinson,,1,0,1,2026-05-21 01:56:54,2026-05-21 02:14:17
2641,Lackawanna Blues,lackawanna blues,lackawanna-blues,,,0,2021-10-07,,Samuel J. Friedman Theatre,,1,0,1,2026-05-21 01:56:54,2026-05-21 02:14:36
2642,Chicken & Biscuits,chicken biscuits,chicken-biscuits,,,0,2021-10-10,,Circle in the Square,,1,0,0,2026-05-21 01:56:54,2026-05-21 02:14:37
2643,Is This a Room,is this a room,is-this-a-room,,,0,2021-10-11,,Lyceum Theatre,,1,0,1,2026-05-21 01:56:54,2026-05-21 02:14:35
2644,Thoughts of a Colored Man,thoughts of a colored man,thoughts-of-a-colored-man,,,0,2021-10-13,,Golden Theatre,,1,0,1,2026-05-21 01:56:54,2026-05-21 02:14:34
2645,The Lehman Trilogy,lehman trilogy,the-lehman-trilogy,,,0,2021-10-14,,Nederlander Theatre,,1,0,1,2026-05-21 01:56:54,2026-05-21 02:14:34
2646,Dana H.,dana h,dana-h,,,0,2021-10-17,,Lyceum Theatre,,1,0,0,2026-05-21 01:56:54,2026-05-21 02:14:29
2647,"Caroline, or Change",caroline or change,caroline-or-change-2,,,0,2021-10-27,,Studio 54,,1,0,0,2026-05-21 01:56:54,2026-05-21 02:14:30
2648,"Diana, The Musical",diana the musical,diana-the-musical,,,0,2021-11-17,,Longacre Theatre,,1,0,1,2026-05-21 01:56:54,2026-05-21 02:14:33
2649,Trouble in Mind,trouble in mind,trouble-in-mind,,,0,2021-11-18,,American Airlines,,1,0,1,2026-05-21 01:56:54,2026-05-21 02:14:32
2650,Clyde's,clydes,clydes,,,0,2021-11-23,,Helen Hayes Theatre,,1,0,1,2026-05-21 01:56:54,2026-05-21 02:14:30
2651,Mrs. Doubtfire,mrs doubtfire,mrs-doubtfire,,,0,2021-12-05,,Stephen Sondheim Theatre,,1,0,1,2026-05-21 01:56:54,2026-05-21 02:14:30
2652,Harry Potter and the Cursed Child,harry potter and the cursed child,harry-potter-and-the-cursed-child,,,0,2021-12-07,,Lyric Theatre,,1,0,0,2026-05-21 01:56:54,2026-05-21 02:14:18
2653,Company,company,company-2,,,0,2021-12-09,,Bernard B. Jacobs,,1,0,0,2026-05-21 01:56:54,2026-05-21 02:14:31
2654,Flying Over Sunset,flying over sunset,flying-over-sunset,,,0,2021-12-13,,Vivian Beaumont,,1,0,1,2026-05-21 01:56:54,2026-05-21 02:14:31
2655,Skeleton Crew,skeleton crew,skeleton-crew,,,0,2022-01-26,,Samuel J. Friedman Theatre,,1,0,0,2026-05-21 01:56:54,2026-05-21 02:14:28
2656,MJ the Musical,mj the musical,mj-the-musical,,,0,2022-02-01,,Neil Simon Theatre,,1,0,1,2026-05-21 01:56:54,2026-05-21 02:14:18
2657,Prayer for the French Republic,prayer for the french republic,prayer-for-the-french-republic,,,0,2022-02-01,,MTC - Stage I,,1,0,1,2026-05-21 01:56:54,2026-05-21 02:14:28
2658,The Music Man,music man,the-music-man,,,0,2022-02-10,,Winter Garden Theatre,,1,0,1,2026-05-21 01:56:54,2026-05-21 02:14:19
2659,English,english,english,,,0,2022-02-22,,Linda Gross Theater,,1,0,1,2026-05-21 01:56:54,2026-05-21 02:14:27
2660,Confederates,confederates,confederates,,,0,2022-03-27,,Alice Griffin Jewel Box Theatre,,1,0,0,2026-05-21 01:56:54,2026-05-21 02:14:28
2661,Plaza Suite,plaza suite,plaza-suite,,,0,2022-03-28,,Hudson Theatre,,1,0,1,2026-05-21 01:56:54,2026-05-21 02:14:26
2662,Paradise Square,paradise square,paradise-square,,,0,2022-04-03,,Ethel Barrymore,,1,0,1,2026-05-21 01:56:54,2026-05-21 02:14:25
2663,Take Me Out,take me out,take-me-out-2,,,0,2022-04-04,,Helen Hayes Theatre,,1,0,0,2026-05-21 01:56:54,2026-05-21 02:14:27
2664,Suffs,suffs,suffs,,,0,2022-04-06,,Public Theater,,1,0,1,2026-05-21 01:56:54,2026-05-21 02:14:27
2665,Birthday Candles,birthday candles,birthday-candles,,,0,2022-04-10,,American Airlines,,1,0,1,2026-05-21 01:56:54,2026-05-21 02:14:25
2666,The Little Prince,little prince,the-little-prince-2,,,0,2022-04-11,,Broadway Theatre,,1,0,0,2026-05-21 01:56:54,2026-05-21 02:14:25
2667,American Buffalo,american buffalo,american-buffalo,,,0,2022-04-14,,Circle in the Square,,1,0,0,2026-05-21 01:56:54,2026-05-21 02:14:24
2668,The Minutes,minutes,the-minutes,,,0,2022-04-17,,Studio 54,,1,0,1,2026-05-21 01:56:54,2026-05-21 02:14:24
2669,How I Learned to Drive,how i learned to drive,how-i-learned-to-drive-2,,,0,2022-04-19,,Samuel J. Friedman Theatre,,1,0,0,2026-05-21 01:56:54,2026-05-21 02:14:24
2670,for colored girls who have considered suicide / when the rainbow is enuf,for colored girls who have considered suicide when the rainbow is enuf,for-colored-girls-who-have-considered-suicide-when-the-rainbow-is-enuf,,,0,2022-04-20,,Booth Theatre,,1,0,1,2026-05-21 01:56:54,2026-05-21 02:14:22
2671,Hangmen,hangmen,hangmen,,,0,2022-04-21,,Golden Theatre,,1,0,0,2026-05-21 01:56:54,2026-05-21 02:14:23
2677,Macbeth,macbeth,macbeth-2,,,0,2022-04-21,,Longacre Theatre,,1,0,0,2026-05-21 01:56:54,2026-05-21 02:14:22
2672,Funny Girl,funny girl,funny-girl,,,0,2022-04-24,,August Wilson Theatre,,1,0,0,2026-05-21 01:56:54,2026-05-21 02:14:20
2673,The Skin of Our Teeth,skin of our teeth,the-skin-of-our-teeth,,,0,2022-04-25,,Vivian Beaumont,,1,0,1,2026-05-21 01:56:54,2026-05-21 02:14:24
2674,A Strange Loop,strange loop,a-strange-loop,,,0,2022-04-26,,Lyceum Theatre,,1,0,1,2026-05-21 01:56:54,2026-05-21 02:14:19
2676,Mr. Saturday Night,mr saturday night,mr-saturday-night,,,0,2022-04-27,,Nederlander Theatre,,1,0,1,2026-05-21 01:56:54,2026-05-21 02:14:21
2675,"POTUS: Or, Behind Every Great Dumbass are Seven Women Trying to Keep Him Alive",potus or behind every great dumbass are seven women trying to keep him alive,potus-or-behind-every-great-dumbass-are-seven-women-trying-to-keep-him-alive,,,0,2022-04-27,,Shubert Theatre,,1,0,0,2026-05-21 01:56:54,2026-05-21 02:14:22
2678,The Bedwetter,bedwetter,the-bedwetter,,,0,2022-06-07,,Linda Gross Theater,,1,0,0,2026-05-21 01:56:54,2026-05-21 02:14:21
2679,Into the Woods,into the woods,into-the-woods-3,,,0,2022-07-10,,St James Theatre,,1,0,0,2026-05-21 01:56:54,2026-05-21 02:14:21
2680,The Kite Runner,kite runner,the-kite-runner,,,0,2022-07-21,,Helen Hayes Theatre,,1,0,1,2026-05-21 01:56:54,2026-05-21 02:14:21
2683,This Beautiful Future,this beautiful future,this-beautiful-future,,,0,2022-09-20,,Cherry Lane Theatre,,1,0,0,2026-05-21 01:56:54,2026-05-21 02:14:10
2681,Leopoldstadt,leopoldstadt,leopoldstadt,,,0,2022-10-02,,Longacre Theatre,,1,0,1,2026-05-21 01:56:54,2026-05-21 02:14:13
2682,Cost of Living,cost of living,cost-of-living,,,0,2022-10-03,,Samuel J. Friedman Theatre,,1,0,0,2026-05-21 01:56:54,2026-05-21 02:14:12
2687,Death of a Salesman,death of a salesman,death-of-a-salesman-2,,,0,2022-10-09,,Hudson Theatre,,1,0,0,2026-05-21 01:56:54,2026-05-21 02:14:08
2688,The Piano Lesson,piano lesson,the-piano-lesson-2,,,0,2022-10-13,,Barrymore Theatre,,1,0,0,2026-05-21 01:56:54,2026-05-21 02:14:08
2689,Topdog/Underdog,topdogunderdog,topdog-underdog-2,,,0,2022-10-20,,Golden Theatre,,1,0,0,2026-05-21 01:56:54,2026-05-21 02:14:08
2690,Walking With Ghosts,walking with ghosts,walking-with-ghosts,,,0,2022-10-27,,Music Box Theatre,,1,0,0,2026-05-21 01:56:54,2026-05-21 02:14:09
2691,Almost Famous,almost famous,almost-famous,,,0,2022-11-03,,Bernard B. Jacobs,,1,0,1,2026-05-21 01:56:54,2026-05-21 02:14:07
2692,Kimberly Akimbo,kimberly akimbo,kimberly-akimbo,,,0,2022-11-10,,Booth Theatre,,1,0,1,2026-05-21 01:56:54,2026-05-21 02:14:07
2693,Mike Birbiglia: The Old Man and the Pool,mike birbiglia the old man and the pool,old-man-pool,,,0,2022-11-13,,Vivian Beaumont,,1,0,0,2026-05-21 01:56:54,2026-05-21 02:14:05
2694,& Juliet,juliet,juliet,,,0,2022-11-17,,Stephen Sondheim Theatre,,1,0,1,2026-05-21 01:56:54,2026-05-21 02:14:05
2695,A Christmas Carol,christmas carol,a-christmas-carol-live,,,0,2022-11-21,,Nederlander Theatre,,1,0,0,2026-05-21 01:56:54,2026-05-21 02:14:05
2696,KPOP,kpop,kpop,,,0,2022-11-21,,Circle in the Square,,1,0,0,2026-05-21 01:56:54,2026-05-21 02:14:05
2698,Ain't No Mo',aint no mo,aint-no-mo,,,0,2022-12-01,,Belasco Theatre,,1,0,1,2026-05-21 01:56:54,2026-05-21 02:14:04
2697,"A Beautiful Noise, The Neil Diamond Musical",beautiful noise the neil diamond musical,a-beautiful-noise,,,0,2022-12-04,,Broadhurst Theatre,,1,0,1,2026-05-21 01:56:54,2026-05-21 02:14:04
2699,Ohio State Murders,ohio state murders,ohio-state-murders,,,0,2022-12-08,,James Earl Jones Theatre,,1,0,1,2026-05-21 01:56:54,2026-05-21 02:14:03
2700,Some Like It Hot,some like it hot,some-like-it-hot,,,0,2022-12-11,,Shubert Theatre,,1,0,1,2026-05-21 01:56:56,2026-05-21 02:14:02
2701,Between Riverside and Crazy,between riverside and crazy,between-riverside-and-crazy-2,,,0,2022-12-19,,Helen Hayes Theatre,,1,0,0,2026-05-21 01:56:56,2026-05-21 02:14:02
2702,The Collaboration,collaboration,the-collaboration,,,0,2022-12-20,,Samuel J. Friedman Theatre,,1,0,1,2026-05-21 01:56:56,2026-05-21 02:14:02
2703,Pictures From Home,pictures from home,pictures-from-home,,,0,2023-02-09,,Studio 54,,1,0,1,2026-05-21 01:56:56,2026-05-21 02:14:01
2704,Parade,parade,parade-2,,,0,2023-03-16,,Bernard B. Jacobs,,1,0,0,2026-05-21 01:56:56,2026-05-21 02:14:00
2705,Bob Fosse's Dancin',bob fosses dancin,bob-fosses-dancin,,,0,2023-03-19,,Music Box Theatre,,1,0,1,2026-05-21 01:56:56,2026-05-21 02:13:59
2706,Bad Cinderella,bad cinderella,bad-cinderella,,,0,2023-03-23,,Imperial Theatre,,1,0,1,2026-05-21 01:56:56,2026-05-21 02:14:00
2707,Sweeney Todd: The Demon Barber of Fleet Street,sweeney todd the demon barber of fleet street,sweeney-todd-the-demon-barber-of-fleet-street,,,0,2023-03-26,,Lunt-Fontanne Theatre,,1,0,1,2026-05-21 01:56:56,2026-05-21 02:13:59
2708,Life of Pi,life of pi,life-of-pi,,,0,2023-03-30,,Gerald Schoenfeld,,1,0,1,2026-05-21 01:56:56,2026-05-21 02:13:58
2709,Shucked,shucked,shucked,,,0,2023-04-04,,Nederlander Theatre,,1,0,1,2026-05-21 01:56:56,2026-05-21 02:13:59
2710,Fat Ham,fat ham,fat-ham,,,0,2023-04-12,,American Airlines,,1,0,1,2026-05-21 01:56:56,2026-05-21 02:13:58
2711,Camelot,camelot,camelot,,,0,2023-04-13,,Vivian Beaumont,,1,0,0,2026-05-21 01:56:56,2026-05-21 02:13:56
2712,Peter Pan Goes Wrong,peter pan goes wrong,peter-pan-goes-wrong,,,0,2023-04-19,,Ethel Barrymore,,1,0,1,2026-05-21 01:56:56,2026-05-21 02:13:57
2713,The Thanksgiving Play,thanksgiving play,the-thanksgiving-play,,,0,2023-04-20,,Helen Hayes Theatre,,1,0,1,2026-05-21 01:56:56,2026-05-21 02:13:56
2714,Prima Facie,prima facie,prima-facie,,,0,2023-04-23,,Golden Theatre,,1,0,1,2026-05-21 01:56:56,2026-05-21 02:13:54
2715,"Good Night, Oscar",good night oscar,good-night-oscar,,,0,2023-04-24,,Belasco Theatre,,1,0,1,2026-05-21 01:56:56,2026-05-21 02:13:56
2716,"Summer, 1976",summer 1976,summer-1976,,,0,2023-04-25,,Samuel J. Friedman Theatre,,1,0,1,2026-05-21 01:56:56,2026-05-21 02:13:54
2717,"New York, New York",new york new york,new-york-new-york,,,0,2023-04-26,,St James Theatre,,1,0,1,2026-05-21 01:56:56,2026-05-21 02:13:56
2718,Grey House,grey house,grey-house,,,0,2023-05-30,,Lyceum Theatre,,1,0,1,2026-05-21 01:56:56,2026-05-21 02:13:55
2719,Once Upon a One More Time,once upon a one more time,once-upon-a-one-more-time,,,0,2023-06-22,,Marquis Theatre,,1,0,1,2026-05-21 01:56:56,2026-05-21 02:13:53
2720,Alex Edelman's Just For Us,alex edelmans just for us,alex-edelmans-just-for-us,,,0,2023-06-26,,Hudson Theatre,,1,0,0,2026-05-21 01:56:56,2026-05-21 02:13:54
2721,Here Lies Love,here lies love,here-lies-love-bway,,,0,2023-07-20,,Broadway Theatre,,1,0,0,2026-05-21 01:56:56,2026-05-21 02:13:52
2722,The Cottage,cottage,the-cottage,,,0,2023-07-24,,Helen Hayes Theatre,,1,0,1,2026-05-21 01:56:56,2026-05-21 02:13:52
2723,Back to the Future,back to the future,back-to-the-future,,,0,2023-08-03,,Winter Garden Theatre,,1,0,1,2026-05-21 01:56:56,2026-05-21 02:13:52
2724,The Shark is Broken,shark is broken,the-shark-is-broken,,,0,2023-08-10,,Golden Theatre,,1,0,1,2026-05-21 01:56:56,2026-05-21 02:13:52
2725,Purlie Victorious: A Non-Confederate Romp Through the Cotton Patch,purlie victorious a nonconfederate romp through the cotton patch,purlie-victorious,,,0,2023-09-27,,Music Box Theatre,,1,0,1,2026-05-21 01:56:56,2026-05-21 02:13:50
2728,Gutenberg! The Musical!,gutenberg the musical,gutenberg,,,0,2023-10-12,,James Earl Jones Theatre,,1,0,1,2026-05-21 01:56:56,2026-05-21 02:13:48
2729,I Need That,i need that,i-need-that,,,0,2023-11-02,,American Airlines,,1,0,1,2026-05-21 01:56:56,2026-05-21 02:13:49
2730,Harmony,harmony,harmony,,,0,2023-11-13,,Ethel Barrymore,,1,0,1,2026-05-21 01:56:56,2026-05-21 02:13:49
2731,Spamalot,spamalot,spamalot,,,0,2023-11-16,,St James Theatre,,1,0,0,2026-05-21 01:56:56,2026-05-21 02:13:47
2732,How to Dance in Ohio,how to dance in ohio,how-to-dance-in-ohio,,,0,2023-12-10,,Belasco Theatre,,1,0,1,2026-05-21 01:56:56,2026-05-21 02:13:47
2733,Appropriate,appropriate,appropriate,,,0,2023-12-18,,Helen Hayes Theatre,,1,0,0,2026-05-21 01:56:56,2026-05-21 02:13:48
2734,Prayer for the French Republic,prayer for the french republic,prayer-for-the-french-republic-broadway,,,0,2024-01-09,,Samuel J. Friedman Theatre,,1,0,0,2026-05-21 01:56:56,2026-05-21 02:13:46
2735,Days of Wine and Roses,days of wine and roses,days-of-wine-and-roses,,,0,2024-01-28,,Studio 54,,1,0,1,2026-05-21 01:56:56,2026-05-21 02:13:46
2736,Doubt: A Parable,doubt a parable,doubt-a-parable,,,0,2024-03-07,,American Airlines,,1,0,1,2026-05-21 01:56:56,2026-05-21 02:13:46
2737,The Notebook,notebook,the-notebook,,,0,2024-03-14,,Gerald Schoenfeld,,1,0,1,2026-05-21 01:56:56,2026-05-21 02:13:44
2738,An Enemy of the People,enemy of the people,an-enemy-of-the-people,,,0,2024-03-18,,Circle in the Square,,1,0,0,2026-05-21 01:56:56,2026-05-21 02:13:45
2739,Water for Elephants,water for elephants,water-for-elephants,,,0,2024-03-21,,Imperial Theatre,,1,0,1,2026-05-21 01:56:56,2026-05-21 02:13:43
2740,The Who's Tommy,whos tommy,the-whos-tommy,,,0,2024-03-28,,Nederlander Theatre,,1,0,1,2026-05-21 01:56:56,2026-05-21 02:13:43
2741,The Outsiders,outsiders,the-outsiders,,,0,2024-04-11,,Jacobs Theatre,,1,0,1,2026-05-21 01:56:56,2026-05-21 02:13:41
2742,Lempicka,lempicka,lempicka,,,0,2024-04-14,,Longacre Theatre,,1,0,1,2026-05-21 01:56:56,2026-05-21 02:13:43
2743,The Wiz,wiz,the-wiz-bway,,,0,2024-04-17,,Marquis Theatre,,1,0,1,2026-05-21 01:56:56,2026-05-21 02:13:42
2744,Suffs,suffs,suffs-bway,,,0,2024-04-18,,Music Box Theatre,,1,0,0,2026-05-21 01:56:56,2026-05-21 02:13:42
2745,Stereophonic,stereophonic,stereophonic,,,0,2024-04-19,,Golden Theatre,,1,0,1,2026-05-21 01:56:56,2026-05-21 02:13:42
2746,Hell's Kitchen,hells kitchen,hells-kitchen,,,0,2024-04-20,,Shubert Theatre,,1,0,1,2026-05-21 01:56:56,2026-05-21 02:13:41
2747,Cabaret at the Kit Kat Club,cabaret at the kit kat club,cabaret-at-the-kit-kat-club,,,0,2024-04-21,,August Wilson Theatre,,1,0,1,2026-05-21 01:56:56,2026-05-21 02:13:40
2748,Patriots,patriots,patriots,,,0,2024-04-22,,Ethel Barrymore,,1,0,1,2026-05-21 01:56:56,2026-05-21 02:13:36
2749,The Heart of Rock and Roll,heart of rock and roll,the-heart-of-rock-and-roll,,,0,2024-04-22,,James Earl Jones Theatre,,1,0,1,2026-05-21 01:56:56,2026-05-21 02:13:40
2750,Mary Jane,mary jane,mary-jane,,,0,2024-04-23,,Samuel J. Friedman Theatre,,1,0,0,2026-05-21 01:56:56,2026-05-21 02:13:40
2754,Illinoise,illinoise,illinoise,,,0,2024-04-24,,St James Theatre,,1,0,1,2026-05-21 01:56:56,2026-05-21 02:13:37
2751,Uncle Vanya,uncle vanya,uncle-vanya-bway,,,0,2024-04-24,,Vivian Beaumont,,1,0,0,2026-05-21 01:56:56,2026-05-21 02:13:40
2752,Mother Play,mother play,mother-play,,,0,2024-04-25,,Helen Hayes Theatre,,1,0,1,2026-05-21 01:56:56,2026-05-21 02:13:39
2753,The Great Gatsby,great gatsby,the-great-gatsby,,,0,2024-04-25,,Broadway Theatre,,1,0,1,2026-05-21 01:56:56,2026-05-21 02:13:39
2755,Home,home,home,,,0,2024-06-05,,American Airlines,,1,0,0,2026-05-21 01:56:56,2026-05-21 02:13:36
2756,"OH, MARY!",oh mary,oh-mary,,,0,2024-07-11,,Lyceum Theatre,,1,0,1,2026-05-21 01:56:56,2026-05-21 02:13:37
2757,JOB,job,job-the-play,,,0,2024-07-30,,Helen Hayes Theatre,,1,0,0,2026-05-21 01:56:56,2026-05-21 02:13:36
2758,Once Upon a Mattress,once upon a mattress,once-upon-a-mattress-2,,,0,2024-08-12,,Hudson Theatre,,1,0,0,2026-05-21 01:56:56,2026-05-21 02:13:33
2759,The Roommate,roommate,the-roommate,,,0,2024-09-12,,Booth Theatre,,1,0,1,2026-05-21 01:56:56,2026-05-21 02:13:37
2760,The Hills of California,hills of california,the-hills-of-california,,,0,2024-09-29,,Broadhurst Theatre,,1,0,1,2026-05-21 01:56:56,2026-05-21 02:13:34
2761,McNeal,mcneal,mcneal,,,0,2024-09-30,,Vivian Beaumont,,1,0,1,2026-05-21 01:56:56,2026-05-21 02:13:34
2762,Yellow Face,yellow face,yellow-face,,,0,2024-10-01,,American Airlines,,1,0,1,2026-05-21 01:56:56,2026-05-21 02:13:33
2763,Our Town,our town,our-town-2,,,0,2024-10-10,,Barrymore Theatre,,1,0,0,2026-05-21 01:56:56,2026-05-21 02:13:32
2764,Sunset Boulevard,sunset boulevard,sunset-boulevard,,,0,2024-10-20,,St James Theatre,,1,0,0,2026-05-21 01:56:56,2026-05-21 02:13:32
2765,Left on Tenth,left on tenth,left-on-tenth,,,0,2024-10-23,,James Earl Jones Theatre,,1,0,1,2026-05-21 01:56:56,2026-05-21 02:13:33
2766,Romeo + Juliet,romeo juliet,romeo-juliet,,,0,2024-10-24,,Circle in the Square,,1,0,0,2026-05-21 01:56:56,2026-05-21 02:13:33
2767,A Wonderful World,wonderful world,a-wonderful-world,,,0,2024-11-11,,Studio 54,,1,0,1,2026-05-21 01:56:56,2026-05-21 02:13:31
2768,Maybe Happy Ending,maybe happy ending,maybe-happy-ending,,,0,2024-11-12,,Belasco Theatre,,1,0,1,2026-05-21 01:56:56,2026-05-21 02:13:30
2769,Tammy Faye,tammy faye,tammy-faye,,,0,2024-11-14,,Palace Theatre,,1,0,1,2026-05-21 01:56:56,2026-05-21 02:13:31
2770,Elf: The Musical,elf the musical,elf-the-musical,,,0,2024-11-17,,Marquis Theatre,,1,0,0,2026-05-21 01:56:58,2026-05-21 02:13:30
2771,Swept Away,swept away,swept-away,,,0,2024-11-19,,Longacre Theatre,,1,0,1,2026-05-21 01:56:58,2026-05-21 02:13:30
2772,Death Becomes Her,death becomes her,death-becomes-her,,,0,2024-11-21,,Lunt-Fontanne Theatre,,1,0,1,2026-05-21 01:56:58,2026-05-21 02:13:30
2773,Cult of Love,cult of love,cult-of-love,,,0,2024-12-12,,Helen Hayes Theatre,,1,0,1,2026-05-21 01:56:58,2026-05-21 02:13:28
2774,Eureka Day,eureka day,eureka-day,,,0,2024-12-16,,Samuel J. Friedman Theatre,,1,0,1,2026-05-21 01:56:58,2026-05-21 02:13:28
2775,Gypsy,gypsy,gypsy-2,,,0,2024-12-19,,Majestic Theatre,,1,0,0,2026-05-21 01:56:58,2026-05-21 02:13:28
2776,All In: Comedy About Love,all in comedy about love,all-in-comedy-about-love,,,0,2024-12-22,,Hudson Theatre,,1,0,1,2026-05-21 01:56:58,2026-05-21 02:13:27
2777,English,english,english-2,,,0,2025-01-23,,American Airlines,,1,0,0,2026-05-21 01:56:58,2026-05-21 02:13:25
2778,Redwood,redwood,redwood,,,0,2025-02-13,,Nederlander Theatre,,1,0,1,2026-05-21 01:56:58,2026-05-21 02:13:27
2779,Purpose,purpose,purpose,,,0,2025-03-17,,Helen Hayes Theatre,,1,0,1,2026-05-21 01:56:58,2026-05-21 02:13:24
2780,Buena Vista Social Club,buena vista social club,buena-vista-social-club,,,0,2025-03-19,,Schoenfeld Theatre,,1,0,1,2026-05-21 01:56:58,2026-05-21 02:13:26
2781,Operation Mincemeat,operation mincemeat,operation-mincemeat,,,0,2025-03-20,,Golden Theatre,,1,0,0,2026-05-21 01:56:58,2026-05-21 02:13:24
2782,Othello,othello,othello-3,,,0,2025-03-23,,Barrymore Theatre,,1,0,0,2026-05-21 01:56:58,2026-05-21 02:13:23
2783,The Picture of Dorian Gray,picture of dorian gray,the-picture-of-dorian-gray,,,0,2025-03-27,,Music Box Theatre,,1,0,1,2026-05-21 01:56:58,2026-05-21 02:13:23
2784,Glengarry Glen Ross,glengarry glen ross,glengarry-glen-ross-2,,,0,2025-03-31,,Palace Theatre,,1,0,0,2026-05-21 01:56:58,2026-05-21 02:13:23
2785,"Good Night, and Good Luck",good night and good luck,good-night-and-good-luck,,,0,2025-04-03,,Winter Garden Theatre,,1,0,1,2026-05-21 01:56:58,2026-05-21 02:13:24
2787,BOOP! The Musical,boop the musical,boop-the-musical,,,0,2025-04-05,,Broadhurst Theatre,,1,0,1,2026-05-21 01:56:58,2026-05-21 02:13:20
2786,The Last Five Years,last five years,the-last-five-years-2,,,0,2025-04-06,,Hudson Theatre,,1,0,0,2026-05-21 01:56:58,2026-05-21 02:13:22
2788,Stephen Sondheim's Old Friends,stephen sondheims old friends,stephen-sondheims-old-friends,,,0,2025-04-08,,Samuel J. Friedman Theatre,,1,0,1,2026-05-21 01:56:58,2026-05-21 02:13:20
2789,SMASH,smash,smash,,,0,2025-04-10,,Imperial Theatre,,1,0,1,2026-05-21 01:56:58,2026-05-21 02:13:19
2790,John Proctor is the Villain,john proctor is the villain,john-proctor-is-the-villain,,,0,2025-04-14,,Booth Theatre,,1,0,1,2026-05-21 01:56:58,2026-05-21 02:13:21
2791,Floyd Collins,floyd collins,floyd-collins,,,0,2025-04-21,,Vivian Beaumont,,1,0,1,2026-05-21 01:56:58,2026-05-21 02:13:20
2792,Stranger Things: The First Shadow,stranger things the first shadow,stranger-things-the-first-shadow,,,0,2025-04-22,,Marquis Theatre,,1,0,1,2026-05-21 01:56:58,2026-05-21 02:13:17
2793,Pirates! The Penzance Musical,pirates the penzance musical,pirates-the-penzance-musical,,,0,2025-04-24,,American Airlines,,1,0,1,2026-05-21 01:56:58,2026-05-21 02:13:18
2794,Just in Time,just in time,just-in-time,,,0,2025-04-26,,Circle in the Square,,1,0,1,2026-05-21 01:56:58,2026-05-21 02:13:18
2795,Dead Outlaw,dead outlaw,dead-outlaw,,,0,2025-04-27,,Longacre Theatre,,1,0,1,2026-05-21 01:56:58,2026-05-21 02:13:18
2796,Real Women Have Curves,real women have curves,real-women-have-curves,,,0,2025-04-27,,James Earl Jones Theatre,,1,0,1,2026-05-21 01:56:58,2026-05-21 02:13:17
2797,Call Me Izzy,call me izzy,call-me-izzy,,,0,2025-06-12,,Studio 54,,1,0,1,2026-05-21 01:56:58,2026-05-21 02:13:15
2798,Mamma Mia!,mamma mia,mamma-mia,,,0,2025-08-14,,Winter Garden Theatre,,1,0,0,2026-05-21 01:56:58,2026-05-21 02:13:17
2799,Jeff Ross: Take a Banana for the Ride,jeff ross take a banana for the ride,jeff-ross-take-a-banana-for-the-ride,,,0,2025-08-18,,Nederlander Theatre,,1,0,0,2026-05-21 01:56:58,2026-05-21 02:13:15
2800,ART,art,art,,,0,2025-09-16,,Music Box Theatre,,1,0,1,2026-05-21 01:56:58,2026-05-21 02:13:15
2801,Waiting For Godot,waiting for godot,waiting-for-godot,,,0,2025-09-28,,Hudson Theatre,,1,0,1,2026-05-21 01:56:58,2026-05-21 02:13:15
2802,Punch,punch,punch,,,0,2025-09-29,,Samuel J. Friedman Theatre,,1,0,1,2026-05-21 01:56:58,2026-05-21 02:13:14
2803,Ragtime,ragtime,ragtime,,,0,2025-10-16,,Vivian Beaumont,,1,0,0,2026-05-21 01:56:58,2026-05-21 02:13:13
2804,Liberation,liberation,liberation,,,0,2025-10-28,,James Earl Jones Theatre,,1,0,1,2026-05-21 01:56:58,2026-05-21 02:13:10
2805,Little Bear Ridge Road,little bear ridge road,little-bear-ridge-road,,,0,2025-10-30,,Booth Theatre,,1,0,1,2026-05-21 01:56:58,2026-05-21 02:13:14
2806,The Queen of Versailles,queen of versailles,the-queen-of-versailles,,,0,2025-11-09,,St James Theatre,,1,0,1,2026-05-21 01:56:58,2026-05-21 02:13:11
2807,Oedipus,oedipus,oedipus,,,0,2025-11-13,,Studio 54,,1,0,1,2026-05-21 01:56:58,2026-05-21 02:13:12
2808,Chess,chess,chess,,,0,2025-11-16,,Imperial Theatre,,1,0,1,2026-05-21 01:56:58,2026-05-21 02:13:11
2809,Two Strangers (Carry a Cake Across New York),two strangers carry a cake across new york,two-strangers-carry-a-cake-across-new-york,,,0,2025-11-20,,Longacre Theatre,,1,0,0,2026-05-21 01:56:58,2026-05-21 02:13:11
2810,Marjorie Prime,marjorie prime,marjorie-prime,,,0,2025-12-08,,Helen Hayes Theatre,,1,0,0,2026-05-21 01:56:58,2026-05-21 02:13:11
2811,Bug,bug,bug,,,0,2026-01-08,,Samuel J. Friedman Theatre,,1,0,1,2026-05-21 01:56:58,2026-05-21 02:13:09
2812,Every Brilliant Thing,every brilliant thing,every-brilliant-thing-2,,,0,2026-03-12,,Hudson Theatre,,1,0,0,2026-05-21 01:56:58,2026-05-21 02:13:08
2813,Giant,giant,giant-2,,,0,2026-03-23,,Music Box Theatre,,1,0,0,2026-05-21 01:56:58,2026-05-21 02:13:08
2814,Dog Day Afternoon,dog day afternoon,dog-day-afternoon,,,0,2026-03-30,,August Wilson Theatre,,1,0,1,2026-05-21 01:56:58,2026-05-21 02:13:08
2815,Becky Shaw,becky shaw,becky-shaw,,,0,2026-04-06,,Helen Hayes Theatre,,1,0,1,2026-05-21 01:56:58,2026-05-21 02:13:08
2816,Cats: The Jellicle Ball,cats the jellicle ball,cats-the-jellicle-ball,,,0,2026-04-07,,Broadhurst Theatre,,1,0,1,2026-05-21 01:56:58,2026-05-21 02:13:08
2817,Death of a Salesman,death of a salesman,death-of-a-salesman-3,,,0,2026-04-09,,Winter Garden Theatre,,1,0,0,2026-05-21 01:56:58,2026-05-21 02:13:08
2818,Titaníque,titanque,titanique,,,0,2026-04-12,,St James Theatre,,1,0,1,2026-05-21 01:56:58,2026-05-21 02:13:08
2820,The Fear of 13,fear of 13,the-fear-of-13,,,0,2026-04-15,,James Earl Jones Theatre,,1,0,1,2026-05-21 01:56:58,2026-05-21 02:13:08
2821,Proof,proof,proof,,,0,2026-04-16,,Booth Theatre,,1,0,1,2026-05-21 01:56:58,2026-05-21 02:13:08
2822,Fallen Angels,fallen angels,fallen-angels,,,0,2026-04-19,,Todd Haimes Theatre,,1,0,1,2026-05-21 01:56:58,2026-05-21 02:13:08
2824,Schmigadoon!,schmigadoon,schmigadoon,,,0,2026-04-20,,Nederlander Theatre,,1,0,1,2026-05-21 01:56:58,2026-05-21 02:13:08
2825,The Balusters,balusters,the-balusters,,,0,2026-04-21,,Samuel J. Friedman Theatre,,1,0,1,2026-05-21 01:56:58,2026-05-21 02:13:08
2827,Beaches,beaches,beaches,,,0,2026-04-22,,Majestic Theatre,,1,0,0,2026-05-21 01:56:58,2026-05-21 02:13:08
2829,The Rocky Horror Show,rocky horror show,the-rocky-horror-show,,,0,2026-04-23,,Studio 54,,1,0,1,2026-05-21 01:56:58,2026-05-21 02:13:08
2830,Joe Turner’s Come and Gone,joe turners come and gone,joe-turners-come-and-gone,,,0,2026-04-25,,Barrymore Theatre,,1,0,0,2026-05-21 01:56:58,2026-05-21 02:13:08
2831,The Lost Boys,lost boys,the-lost-boys,,,0,2026-04-26,,Palace Theatre,,1,0,1,2026-05-21 01:56:58,2026-05-21 02:13:08
